age,gender_Female,gender_Male,smoking_history_current,smoking_history_former,smoking_history_never,bmi,waist_circumference,diabetes,hypertension,high_cholesterol,heart_disease,ap_hi,ap_lo,total_cholesterol,hdl_cholesterol,hba1c_level,egfr,albumin_creatinine_ratio,weight,height,bmi_autodeclarado,target
47.0,1,0,0,0,1,26.6,87.6,0.0,0.0,0.0,0.0,151.8,86.2,179.0,54.0,5.5,117.3,6.07,52.3,140.4,26.5,0
23.0,1,0,0,0,1,27.5,85.6,0.0,0.0,0.0,0.0,98.2,68.1,192.0,30.0,5.2,126.2,6.12,65.7,156.7,26.8,0
29.0,1,0,0,0,1,43.7,123.5,0.0,0.0,0.0,0.0,100.7,71.6,150.0,39.0,4.7,127.9,44.64,91.6,149.0,41.3,0
38.0,1,0,0,0,1,28.8,89.8,0.0,0.0,0.0,0.0,111.4,66.2,166.0,41.0,4.7,124.5,1.13,65.4,154.2,27.5,0
43.0,1,0,0,0,1,31.1,94.4,0.0,0.0,0.0,0.0,112.2,76.3,203.0,85.0,5.2,95.9,4.27,71.2,158.5,28.4,0
22.0,1,0,0,0,1,39.3,110.8,0.0,0.0,0.0,0.0,112.1,74.0,209.0,45.0,4.3,116.0,4.56,88.8,153.7,37.6,0
36.0,1,0,0,0,1,29.4,93.7,0.0,0.0,0.0,0.0,116.0,72.7,189.0,31.0,5.1,136.6,3.91,75.7,163.0,28.5,0
21.0,1,0,0,0,1,32.6,111.2,0.0,0.0,0.0,0.0,121.4,79.8,181.0,98.0,5.2,74.2,8.91,87.1,166.9,31.3,0
62.0,1,0,0,0,1,20.8,88.1,0.0,0.0,0.0,0.0,108.2,52.7,169.0,68.0,5.4,79.4,8.32,57.8,165.2,21.2,0
43.0,1,0,0,0,1,20.5,75.8,0.0,0.0,0.0,0.0,103.4,69.8,218.0,53.0,4.7,126.3,12.37,51.2,156.7,20.9,0
49.0,1,0,0,0,1,37.6,107.8,0.0,0.0,0.0,0.0,128.5,78.0,165.0,45.0,6.8,133.3,35.99,88.0,156.4,36.0,0
35.0,1,0,0,0,1,41.3,112.6,0.0,0.0,0.0,0.0,101.3,73.8,177.0,49.0,5.2,114.5,9.12,89.5,157.6,36.1,0
35.0,1,0,0,0,1,29.3,90.9,0.0,0.0,0.0,0.0,117.5,75.3,223.0,72.0,5.7,103.0,6.75,65.8,148.6,29.8,0
49.0,1,0,0,0,1,57.0,157.2,0.0,0.0,0.0,0.0,126.2,81.7,106.0,54.0,5.2,120.4,8.95,124.9,150.8,54.9,0
27.0,1,0,0,0,1,26.8,68.2,0.0,0.0,0.0,0.0,130.8,81.2,194.0,46.0,5.1,76.1,11.18,81.7,172.7,27.4,0
74.0,1,0,0,0,1,28.1,88.7,0.0,0.0,0.0,0.0,138.8,80.0,182.0,44.0,5.5,102.4,10.86,65.4,153.8,27.6,0
32.0,1,0,0,0,1,22.2,82.3,0.0,0.0,0.0,0.0,129.7,82.7,164.0,51.0,5.8,113.1,6.86,66.3,167.0,23.8,0
20.0,1,0,0,0,1,41.4,121.9,0.0,0.0,0.0,0.0,99.7,74.7,171.0,38.0,5.2,129.7,52.9,87.9,157.1,35.6,0
31.0,1,0,0,0,1,26.2,85.6,0.0,0.0,0.0,0.0,93.4,58.5,181.0,77.0,5.6,57.8,11.71,61.4,155.4,25.4,0
24.0,1,0,0,0,1,28.1,88.4,0.0,0.0,0.0,0.0,110.1,73.9,194.0,46.0,5.3,115.4,11.11,71.3,157.7,28.7,0
67.0,1,0,0,0,1,28.3,78.9,0.0,0.0,0.0,0.0,157.8,78.4,226.0,85.0,5.7,51.1,5.72,60.7,150.4,26.8,0
33.0,1,0,0,0,1,46.7,135.2,0.0,0.0,0.0,0.0,105.8,74.2,242.0,88.0,5.8,94.2,7.44,116.4,162.4,44.1,0
32.0,1,0,0,0,1,24.4,87.0,0.0,0.0,0.0,0.0,131.7,79.8,223.0,39.0,4.9,118.2,11.65,102.3,191.4,27.9,0
44.0,1,0,0,0,1,23.5,89.5,0.0,0.0,0.0,0.0,109.9,69.5,210.0,42.0,5.4,89.6,6.61,59.2,158.2,23.7,0
51.0,1,0,0,0,1,33.4,104.2,0.0,0.0,0.0,0.0,161.9,92.4,172.0,41.0,5.3,91.1,26.56,114.7,183.2,34.2,0
68.0,1,0,0,0,1,48.4,129.9,0.0,0.0,0.0,0.0,125.5,75.5,171.0,78.0,5.6,92.9,336.71,129.0,165.0,47.4,0
66.0,1,0,0,0,1,24.7,76.6,0.0,0.0,0.0,0.0,108.3,61.3,229.0,43.0,5.9,84.2,11.86,52.2,159.0,20.6,0
18.0,1,0,0,0,1,23.1,79.4,0.0,0.0,0.0,0.0,117.6,63.6,136.0,49.0,4.9,135.3,13.37,61.7,165.5,22.5,0
39.0,1,0,0,0,1,28.2,87.6,0.0,0.0,0.0,0.0,101.3,69.2,165.0,35.0,5.5,105.3,10.28,64.7,152.8,27.7,0
21.0,1,0,0,0,1,24.0,80.9,0.0,0.0,0.0,0.0,105.3,67.7,167.0,39.0,5.4,112.8,9.09,54.7,156.8,22.3,0
48.0,1,0,0,0,1,24.3,84.1,0.0,0.0,0.0,0.0,129.2,80.5,179.0,89.0,5.7,77.4,8.71,55.0,151.8,23.9,0
53.0,1,0,0,0,1,25.7,86.9,0.0,0.0,0.0,0.0,122.0,81.1,237.0,81.0,5.4,71.8,41.24,66.3,166.3,24.0,0
33.0,1,0,0,0,1,43.7,88.1,0.0,0.0,0.0,0.0,111.5,65.9,211.0,50.0,5.1,112.2,8.46,110.2,164.5,40.7,0
21.0,1,0,0,0,1,31.6,97.3,0.0,0.0,0.0,0.0,131.1,87.2,169.0,39.0,4.5,94.8,9.51,64.5,153.1,27.5,0
30.0,1,0,0,0,1,36.5,111.5,0.0,0.0,0.0,0.0,97.9,64.9,212.0,36.0,6.1,104.6,10.86,119.4,174.2,39.4,0
52.0,1,0,0,0,1,28.2,97.3,0.0,0.0,0.0,0.0,107.0,68.5,140.0,91.0,5.7,66.4,12.36,73.1,165.4,26.7,0
51.0,1,0,0,0,1,38.4,116.8,0.0,0.0,0.0,0.0,125.3,77.8,224.0,63.0,5.0,73.9,3.46,103.4,168.4,36.5,0
30.0,1,0,0,0,1,37.7,109.6,0.0,0.0,0.0,0.0,113.3,66.7,133.0,47.0,5.6,120.4,12.99,88.5,156.3,36.2,0
33.0,1,0,0,0,1,25.6,83.9,0.0,0.0,0.0,0.0,131.7,82.3,194.0,48.0,5.2,111.7,5.62,51.1,156.4,20.9,0
38.0,1,0,0,0,1,26.6,86.0,0.0,0.0,0.0,0.0,100.0,68.2,175.0,46.0,5.1,135.2,15.27,54.2,153.6,23.0,0
33.0,1,0,0,0,1,25.3,82.2,0.0,0.0,0.0,0.0,135.2,80.7,137.0,64.0,5.1,85.9,10.77,61.4,156.9,24.9,0
72.0,1,0,0,0,1,25.3,83.5,0.0,0.0,0.0,0.0,107.3,43.5,180.0,51.0,5.9,61.8,3.22,54.9,162.6,20.8,0
31.0,1,0,0,0,1,33.9,103.1,0.0,0.0,0.0,0.0,129.4,61.6,156.0,72.0,4.7,125.9,8.46,89.8,166.6,32.3,0
52.0,1,0,0,0,1,35.6,104.3,0.0,0.0,0.0,0.0,122.8,81.1,181.0,49.0,5.8,104.7,9.18,85.2,157.9,34.2,0
24.0,1,0,0,0,1,30.4,94.4,0.0,0.0,0.0,0.0,106.1,57.4,209.0,48.0,5.4,123.5,12.75,72.0,158.0,28.8,0
22.0,1,0,0,0,1,32.2,91.3,0.0,0.0,0.0,0.0,111.3,71.2,252.0,79.0,6.0,110.0,8.32,67.2,154.2,28.3,0
52.0,1,0,0,0,1,27.6,96.6,0.0,0.0,0.0,0.0,127.0,66.6,222.0,44.0,5.6,106.5,5.62,69.1,167.1,24.7,0
33.0,1,0,0,0,1,29.9,98.8,0.0,0.0,0.0,0.0,107.4,77.4,191.0,37.0,5.4,113.9,8.36,66.2,156.8,26.9,0
35.0,1,0,0,0,1,42.6,124.6,0.0,0.0,0.0,0.0,113.0,76.4,236.0,50.0,5.4,106.1,5.31,101.9,160.5,39.6,0
31.0,1,0,0,0,1,37.3,108.0,0.0,0.0,0.0,0.0,105.1,64.6,148.0,43.0,4.6,120.1,5.78,83.0,150.5,36.6,0
46.0,1,0,0,0,1,23.9,72.8,0.0,0.0,0.0,0.0,127.8,87.7,180.0,41.0,5.7,121.7,8.75,55.5,157.0,22.5,0
20.0,1,0,0,0,1,43.0,121.0,0.0,0.0,0.0,0.0,103.3,70.9,214.0,38.0,5.1,122.9,12.41,114.0,165.1,41.8,0
34.0,1,0,0,0,1,29.1,100.1,0.0,0.0,0.0,0.0,147.6,80.8,269.0,98.0,5.2,85.2,11.0,83.4,172.7,28.0,0
32.0,1,0,0,0,1,36.5,111.6,0.0,0.0,0.0,0.0,108.4,67.1,226.0,112.0,5.3,111.8,9.01,102.1,169.2,35.7,0
68.0,1,0,0,0,1,28.0,83.1,0.0,0.0,0.0,0.0,173.1,97.5,143.0,48.0,5.9,76.8,9.54,75.5,168.6,26.6,0
43.0,1,0,0,0,1,22.6,85.1,0.0,0.0,0.0,0.0,138.8,81.9,182.0,49.0,6.1,95.1,10.74,57.6,158.6,22.9,0
47.0,1,0,0,0,1,29.0,91.8,0.0,0.0,0.0,0.0,133.2,70.2,140.0,75.0,4.9,80.2,5.18,77.7,165.2,28.5,0
37.0,1,0,0,0,1,27.3,82.7,0.0,0.0,0.0,0.0,124.2,74.9,173.0,46.0,5.3,92.8,6.31,64.3,153.8,27.2,0
53.0,1,0,0,0,1,33.2,109.4,0.0,0.0,0.0,0.0,105.8,70.8,201.0,43.0,6.0,92.9,31.39,84.0,157.1,34.1,0
22.0,1,0,0,0,1,26.6,84.0,0.0,0.0,0.0,0.0,111.5,65.8,175.0,45.0,5.1,106.7,30.59,50.5,159.4,19.9,0
67.0,1,0,0,0,1,25.3,87.8,0.0,0.0,0.0,0.0,117.6,71.5,192.0,52.0,5.1,80.2,28.81,57.3,154.1,24.1,0
69.0,1,0,0,0,1,23.7,79.4,0.0,0.0,0.0,0.0,106.9,78.7,199.0,74.0,4.9,107.6,14.85,53.1,153.5,22.5,0
71.0,1,0,0,0,1,27.5,97.8,0.0,0.0,0.0,0.0,118.6,75.9,235.0,62.0,6.4,95.5,2.23,67.7,157.4,27.3,0
58.0,1,0,0,0,1,26.7,87.3,0.0,0.0,0.0,0.0,127.5,79.0,214.0,43.0,5.6,56.4,11.92,63.6,154.7,26.6,0
38.0,1,0,0,0,1,34.2,93.6,0.0,0.0,0.0,0.0,124.5,75.7,165.0,73.0,5.5,126.2,7.87,65.4,150.6,28.8,0
61.0,1,0,0,0,1,37.0,102.5,0.0,0.0,0.0,0.0,108.8,67.0,181.0,43.0,5.5,97.3,11.11,73.1,151.5,31.9,0
28.0,1,0,0,0,1,22.9,74.0,0.0,0.0,0.0,0.0,113.6,58.5,203.0,55.0,4.4,131.5,8.77,52.5,149.5,23.5,0
40.0,1,0,0,0,1,26.8,87.9,0.0,0.0,0.0,0.0,109.5,69.0,180.0,43.0,6.2,69.2,5.43,54.7,158.2,21.9,0
47.0,1,0,0,0,1,40.8,117.4,0.0,0.0,0.0,0.0,117.2,73.2,167.0,43.0,5.3,105.2,8.3,85.9,150.1,38.1,0
38.0,1,0,0,0,1,42.5,127.1,0.0,0.0,0.0,0.0,97.6,55.9,190.0,60.0,5.6,125.3,11.95,84.5,152.9,36.2,0
44.0,1,0,0,0,1,45.7,131.6,0.0,0.0,0.0,0.0,109.7,67.9,238.0,40.0,5.2,116.5,12.82,94.2,148.3,42.8,0
28.0,1,0,0,0,1,21.8,69.8,0.0,0.0,0.0,0.0,110.9,70.7,239.0,81.0,4.7,126.7,10.7,51.1,153.5,21.7,0
41.0,1,0,0,0,1,21.0,72.3,0.0,0.0,0.0,0.0,116.7,74.2,165.0,63.0,5.3,73.8,11.37,53.2,162.4,20.2,0
73.0,1,0,0,0,1,26.1,94.7,0.0,0.0,0.0,0.0,96.9,42.3,188.0,64.0,5.3,66.9,26.53,58.5,152.9,25.0,0
36.0,1,0,0,0,1,37.0,105.6,0.0,0.0,0.0,0.0,108.1,65.8,87.0,45.0,4.8,127.0,5.72,75.7,154.4,31.8,0
41.0,1,0,0,0,1,24.6,84.0,0.0,0.0,0.0,0.0,103.4,68.9,154.0,42.0,5.1,118.1,6.17,61.1,159.8,23.9,0
64.0,1,0,0,0,1,49.3,138.5,0.0,0.0,0.0,0.0,131.6,81.1,188.0,77.0,6.1,82.0,7.64,117.7,160.2,45.9,0
34.0,1,0,0,0,1,28.4,93.7,0.0,0.0,0.0,0.0,99.9,67.5,117.0,33.0,4.8,128.8,7.45,78.0,170.5,26.8,0
35.0,1,0,0,0,1,26.9,98.1,0.0,0.0,0.0,0.0,116.6,76.6,163.0,44.0,4.7,81.8,11.49,61.1,151.6,26.6,0
23.0,1,0,0,0,1,31.0,95.2,0.0,0.0,0.0,0.0,109.5,74.7,224.0,48.0,4.9,118.5,10.21,94.9,174.6,31.1,0
62.0,1,0,0,0,1,25.2,74.5,0.0,0.0,0.0,0.0,110.9,72.8,106.0,37.0,5.4,105.2,8.12,54.3,147.7,24.9,0
28.0,1,0,0,0,1,34.5,97.7,0.0,0.0,0.0,0.0,130.8,71.3,183.0,56.0,5.4,90.7,10.37,85.4,161.7,32.7,0
36.0,1,0,0,0,1,23.5,78.1,0.0,0.0,0.0,0.0,122.6,54.3,206.0,46.0,5.5,104.0,8.75,64.4,164.8,23.7,0
23.0,1,0,0,0,1,22.3,71.3,0.0,0.0,0.0,0.0,110.7,69.8,167.0,57.0,4.9,74.0,6.67,55.0,156.9,22.3,0
50.0,1,0,0,0,1,37.0,107.3,0.0,0.0,0.0,0.0,115.1,78.7,178.0,45.0,9.9,94.9,9.82,74.8,150.8,32.9,0
63.0,1,0,0,0,1,21.3,85.6,0.0,0.0,0.0,0.0,102.4,70.5,149.0,125.0,5.4,81.1,6.97,40.1,140.1,20.4,0
22.0,1,0,0,0,1,32.7,96.6,0.0,0.0,0.0,0.0,97.0,70.8,182.0,47.0,4.9,115.2,5.93,81.2,158.4,32.4,0
49.0,1,0,0,0,1,30.8,105.7,0.0,0.0,0.0,0.0,107.7,67.3,212.0,62.0,5.5,122.1,13.17,79.4,163.0,29.9,0
51.0,1,0,0,0,1,24.6,75.6,0.0,0.0,0.0,0.0,131.3,75.9,149.0,49.0,5.3,71.3,4.04,54.5,150.1,24.2,0
68.0,1,0,0,0,1,39.7,125.5,0.0,0.0,0.0,0.0,111.1,63.5,180.0,70.0,5.6,59.0,5.74,96.9,162.6,36.6,0
34.0,1,0,0,0,1,24.2,80.3,0.0,0.0,0.0,0.0,128.8,78.6,169.0,42.0,5.7,118.9,10.53,62.9,162.0,24.0,0
47.0,1,0,0,0,1,27.6,96.9,0.0,0.0,0.0,0.0,91.5,67.8,182.0,53.0,6.1,100.3,12.26,82.8,174.2,27.3,0
34.0,1,0,0,0,1,35.5,109.6,0.0,0.0,0.0,0.0,121.9,70.9,185.0,49.0,5.0,118.0,3.67,87.7,159.3,34.6,0
24.0,1,0,0,0,1,35.0,103.9,0.0,0.0,0.0,0.0,119.6,65.2,191.0,44.0,4.5,126.6,8.25,84.3,156.2,34.5,0
41.0,1,0,0,0,1,39.7,106.2,0.0,0.0,0.0,0.0,102.0,71.3,196.0,42.0,5.9,121.2,6.13,100.4,158.1,40.2,0
33.0,1,0,0,0,1,26.5,71.8,0.0,0.0,0.0,0.0,118.3,84.3,175.0,81.0,4.7,120.5,35.59,63.1,156.8,25.7,0
67.0,1,0,0,0,1,29.9,104.5,0.0,0.0,0.0,0.0,109.2,72.3,178.0,53.0,5.5,85.5,9.66,66.0,152.5,28.4,0
71.0,1,0,0,0,1,32.7,94.8,0.0,0.0,0.0,0.0,103.8,75.0,197.0,75.0,5.4,121.2,9.04,101.4,175.9,32.8,0
36.0,1,0,0,0,1,27.2,84.1,0.0,0.0,0.0,0.0,112.9,69.3,181.0,64.0,5.4,126.0,6.73,78.0,173.2,26.0,0
61.0,1,0,0,0,1,21.5,85.4,0.0,0.0,0.0,0.0,107.3,69.1,220.0,105.0,5.5,69.2,9.38,67.9,181.2,20.7,0
27.0,1,0,0,0,1,24.3,76.8,0.0,0.0,0.0,0.0,109.2,66.4,128.0,43.0,4.8,88.8,10.99,49.9,151.4,21.7,0
44.0,1,0,0,0,1,32.2,91.4,0.0,0.0,0.0,0.0,129.0,68.3,231.0,79.0,4.7,89.8,22.0,85.0,164.9,31.3,0
41.0,1,0,0,0,1,47.6,132.0,0.0,0.0,0.0,0.0,108.1,69.1,115.0,38.0,6.2,72.4,7.16,103.1,151.6,44.8,0
22.0,1,0,0,0,1,29.8,96.9,0.0,0.0,0.0,0.0,103.5,74.9,132.0,54.0,5.7,117.1,18.07,79.4,164.8,29.2,0
20.0,1,0,0,0,1,22.7,85.5,0.0,0.0,0.0,0.0,131.2,69.2,188.0,54.0,4.9,129.5,14.22,63.5,164.8,23.4,0
27.0,1,0,0,0,1,40.7,110.6,0.0,0.0,0.0,0.0,106.0,67.2,124.0,44.0,5.3,98.0,0.33,105.7,168.6,37.2,0
32.0,1,0,0,0,1,23.9,88.0,0.0,0.0,0.0,0.0,114.4,63.3,115.0,98.0,6.0,120.8,6.73,49.7,146.3,23.2,0
74.0,1,0,0,0,1,22.3,77.4,0.0,0.0,0.0,0.0,105.8,65.1,259.0,102.0,5.1,94.6,12.82,49.2,157.7,19.8,0
40.0,1,0,0,0,1,43.2,123.0,0.0,0.0,0.0,0.0,119.7,77.1,155.0,67.0,5.2,115.7,8.81,106.4,157.8,42.7,0
30.0,1,0,0,0,1,48.2,132.0,0.0,0.0,0.0,0.0,112.2,63.0,102.0,50.0,5.4,124.1,6.42,99.3,148.9,44.8,0
29.0,1,0,0,0,1,26.9,84.6,0.0,0.0,0.0,0.0,123.7,78.3,195.0,95.0,5.4,103.4,13.94,70.0,162.2,26.6,0
46.0,1,0,0,0,1,29.2,101.0,0.0,0.0,0.0,0.0,112.2,70.7,184.0,43.0,5.1,55.5,8.43,79.2,168.7,27.8,0
46.0,1,0,0,0,1,23.9,83.8,0.0,0.0,0.0,0.0,109.7,70.2,160.0,48.0,5.9,76.6,21.4,44.1,157.1,17.9,0
34.0,1,0,0,0,1,34.2,107.3,0.0,0.0,0.0,0.0,113.5,71.3,151.0,38.0,5.2,131.8,47.06,91.1,167.2,32.6,0
66.0,1,0,0,0,1,31.9,95.5,0.0,0.0,0.0,0.0,104.0,68.2,253.0,55.0,5.3,97.9,7.06,76.4,158.2,30.5,0
30.0,1,0,0,0,1,33.1,101.8,0.0,0.0,0.0,0.0,105.2,71.0,188.0,58.0,4.7,129.9,6.7,88.4,166.6,31.8,0
25.0,1,0,0,0,1,23.3,88.7,0.0,0.0,0.0,0.0,107.9,72.2,140.0,56.0,6.0,112.9,4.39,65.2,168.5,23.0,0
32.0,1,0,0,0,1,24.9,91.6,0.0,0.0,0.0,0.0,132.3,83.5,198.0,89.0,5.2,66.8,14.41,59.0,166.2,21.4,0
36.0,1,0,0,0,1,26.1,74.7,0.0,0.0,0.0,0.0,112.1,72.0,145.0,40.0,5.5,83.6,5.53,77.0,171.0,26.3,0
28.0,1,0,0,0,1,27.1,83.6,0.0,0.0,0.0,0.0,105.0,64.8,178.0,36.0,4.9,129.5,31.56,59.0,157.6,23.8,0
24.0,1,0,0,0,1,28.3,89.6,0.0,0.0,0.0,0.0,110.9,80.2,159.0,53.0,6.7,99.2,35.5,69.6,159.6,27.3,0
36.0,1,0,0,0,1,26.7,82.4,0.0,0.0,0.0,0.0,122.4,82.8,207.0,44.0,5.6,69.4,10.04,64.5,159.3,25.4,0
52.0,1,0,0,0,1,40.6,125.0,0.0,0.0,0.0,0.0,120.6,76.5,205.0,34.0,5.4,88.8,3.16,100.7,160.1,39.3,0
45.0,1,0,0,0,1,49.2,140.9,0.0,0.0,0.0,0.0,124.2,57.8,178.0,66.0,6.5,78.4,2.99,130.8,167.8,46.5,0
45.0,1,0,0,0,1,35.2,112.5,0.0,0.0,0.0,0.0,112.1,74.6,178.0,45.0,6.5,94.5,9.86,72.6,143.6,35.2,0
49.0,1,0,0,0,1,28.5,92.5,0.0,0.0,0.0,0.0,126.1,80.0,179.0,49.0,5.3,100.4,1.67,64.1,158.8,25.4,0
51.0,1,0,0,0,1,25.9,56.4,0.0,0.0,0.0,0.0,111.4,71.4,204.0,55.0,5.4,69.3,45.43,65.7,162.4,24.9,0
38.0,1,0,0,0,1,32.9,109.4,0.0,0.0,0.0,0.0,127.8,79.6,177.0,83.0,6.0,68.0,161.91,77.6,160.2,30.2,0
70.0,1,0,0,0,1,41.3,116.5,0.0,0.0,0.0,0.0,131.3,92.6,172.0,41.0,5.9,65.8,26.87,95.6,159.3,37.7,0
30.0,1,0,0,0,1,27.3,83.2,0.0,0.0,0.0,0.0,109.7,69.2,164.0,43.0,4.9,134.5,4.68,72.9,167.5,26.0,0
53.0,1,0,0,0,1,26.4,72.4,0.0,0.0,0.0,0.0,129.1,81.4,207.0,84.0,6.1,106.9,8.31,58.7,152.0,25.4,0
22.0,1,0,0,0,1,24.3,92.2,0.0,0.0,0.0,0.0,105.7,78.8,200.0,41.0,5.0,114.9,8.89,71.7,171.4,24.4,0
36.0,1,0,0,0,1,35.6,87.6,0.0,0.0,0.0,0.0,131.4,92.1,166.0,42.0,5.1,125.0,16.13,79.0,154.4,33.1,0
55.0,1,0,0,0,1,25.0,86.2,0.0,0.0,0.0,0.0,112.6,56.2,190.0,59.0,4.9,114.5,8.45,78.8,166.9,28.3,0
36.0,1,0,0,0,1,28.2,89.7,0.0,0.0,0.0,0.0,119.7,74.1,210.0,37.0,4.9,96.6,33.98,60.3,158.5,24.0,0
23.0,1,0,0,0,1,24.1,82.3,0.0,0.0,0.0,0.0,112.6,74.0,205.0,85.0,5.4,75.0,15.64,65.6,167.1,23.5,0
41.0,1,0,0,0,1,26.9,88.4,0.0,0.0,0.0,0.0,109.3,70.9,230.0,76.0,5.3,76.4,11.79,61.0,154.7,25.5,0
44.0,1,0,0,0,1,27.1,84.1,0.0,0.0,0.0,0.0,121.8,80.6,185.0,39.0,5.6,125.5,10.88,78.8,176.5,25.3,0
35.0,1,0,0,0,1,25.3,84.8,0.0,0.0,0.0,0.0,118.5,77.2,247.0,82.0,5.2,100.0,12.38,56.5,156.0,23.2,0
34.0,1,0,0,0,1,38.8,101.2,0.0,0.0,0.0,0.0,113.4,71.5,179.0,42.0,5.5,89.6,2.5,88.1,156.9,35.8,0
38.0,1,0,0,0,1,46.6,125.1,0.0,0.0,0.0,0.0,117.8,79.4,231.0,45.0,6.0,104.5,28.88,104.9,152.6,45.0,0
36.0,1,0,0,0,1,29.5,66.5,0.0,0.0,0.0,0.0,94.8,66.9,247.0,60.0,6.6,98.6,27.27,54.3,154.9,22.6,0
35.0,1,0,0,0,1,24.2,82.0,0.0,0.0,0.0,0.0,93.9,72.3,214.0,47.0,5.5,93.8,3.86,60.9,157.7,24.5,0
36.0,1,0,0,0,1,29.9,68.7,0.0,0.0,0.0,0.0,105.0,69.1,135.0,51.0,4.6,118.4,34.05,62.6,153.2,26.7,0
22.0,1,0,0,0,1,47.9,131.6,0.0,0.0,0.0,0.0,115.7,73.2,162.0,34.0,5.0,120.4,2.75,125.3,165.3,45.8,0
32.0,1,0,0,0,1,25.4,87.5,0.0,0.0,0.0,0.0,102.9,75.7,173.0,53.0,5.3,111.9,10.09,82.3,179.6,25.5,0
32.0,1,0,0,0,1,37.7,112.8,0.0,0.0,0.0,0.0,81.3,61.3,197.0,49.0,5.8,104.1,6.26,91.4,159.0,36.2,0
59.0,1,0,0,0,1,24.1,82.5,0.0,0.0,0.0,0.0,111.8,67.0,174.0,47.0,5.2,69.7,9.67,64.5,165.3,23.6,0
23.0,1,0,0,0,1,28.4,82.3,0.0,0.0,0.0,0.0,109.8,69.9,171.0,43.0,4.9,115.4,4.89,100.6,188.6,28.3,0
78.0,1,0,0,0,1,27.2,90.8,0.0,0.0,0.0,0.0,100.5,66.8,124.0,67.0,6.1,69.6,11.54,86.2,180.3,26.5,0
20.0,1,0,0,0,1,34.9,107.1,0.0,0.0,0.0,0.0,111.0,74.4,118.0,40.0,5.4,122.8,12.06,103.0,173.8,34.1,0
43.0,1,0,0,0,1,48.1,126.7,0.0,0.0,0.0,0.0,113.2,74.9,201.0,47.0,6.0,103.8,4.82,115.3,159.3,45.4,0
63.0,1,0,0,0,1,22.6,76.8,0.0,0.0,0.0,0.0,110.2,64.5,164.0,72.0,6.1,71.6,1.96,60.9,164.8,22.4,0
63.0,1,0,0,0,1,33.2,105.7,0.0,0.0,0.0,0.0,127.6,76.6,212.0,90.0,5.1,75.1,4.12,76.0,159.4,29.9,0
44.0,1,0,0,0,1,46.7,139.8,0.0,0.0,0.0,0.0,95.2,67.2,175.0,77.0,5.4,135.1,14.58,140.6,177.3,44.7,0
39.0,1,0,0,0,1,35.3,105.4,0.0,0.0,0.0,0.0,102.6,67.2,159.0,40.0,5.8,87.9,5.33,74.7,155.6,30.9,0
33.0,1,0,0,0,1,26.1,84.9,0.0,0.0,0.0,0.0,125.9,88.4,236.0,45.0,5.9,102.6,11.08,53.3,158.3,21.3,0
60.0,1,0,0,0,1,34.9,109.4,0.0,0.0,0.0,0.0,112.5,60.5,167.0,42.0,5.0,82.5,49.9,99.8,173.1,33.3,0
37.0,1,0,0,0,1,22.9,80.9,0.0,0.0,0.0,0.0,113.1,77.9,179.0,55.0,5.4,112.9,7.0,63.0,165.0,23.1,0
30.0,1,0,0,0,1,33.8,98.5,0.0,0.0,0.0,0.0,118.5,83.2,173.0,33.0,5.8,125.6,28.71,82.7,158.8,32.8,0
20.0,1,0,0,0,1,56.1,150.5,0.0,0.0,0.0,0.0,108.6,77.5,151.0,46.0,5.7,120.5,11.74,135.6,157.6,54.6,0
38.0,1,0,0,0,1,28.9,100.6,0.0,0.0,0.0,0.0,136.9,86.4,255.0,49.0,5.8,77.4,5.8,88.1,173.5,29.3,0
66.0,1,0,0,0,1,22.9,79.6,0.0,0.0,0.0,0.0,122.9,74.7,131.0,45.0,5.5,123.9,7.36,54.7,159.1,21.6,0
20.0,1,0,0,0,1,22.3,74.9,0.0,0.0,0.0,0.0,102.5,72.3,157.0,46.0,5.2,104.0,6.88,62.0,165.1,22.7,0
46.0,1,0,0,0,1,25.3,81.7,0.0,0.0,0.0,0.0,106.3,63.1,170.0,71.0,5.2,75.6,24.49,77.2,174.4,25.4,0
34.0,1,0,0,0,1,35.0,105.2,0.0,0.0,0.0,0.0,131.2,77.9,176.0,39.0,5.4,114.8,2.28,85.2,158.7,33.8,0
21.0,1,0,0,0,1,37.9,112.3,0.0,0.0,0.0,0.0,113.7,67.2,130.0,41.0,5.3,125.0,3.62,99.7,167.6,35.5,0
49.0,1,0,0,0,1,29.3,101.1,0.0,0.0,0.0,0.0,114.6,65.1,180.0,47.0,5.2,111.1,8.73,102.5,185.7,29.7,0
33.0,1,0,0,0,1,27.5,89.2,0.0,0.0,0.0,0.0,104.3,76.4,178.0,31.0,5.7,129.2,34.46,68.1,157.6,27.4,0
36.0,1,0,0,0,1,27.2,84.1,0.0,0.0,0.0,0.0,123.9,79.7,205.0,47.0,5.4,90.9,10.92,69.0,158.6,27.4,0
33.0,1,0,0,0,1,25.2,87.1,0.0,0.0,0.0,0.0,96.8,66.4,164.0,28.0,5.1,105.7,41.63,63.5,157.9,25.5,0
42.0,1,0,0,0,1,25.1,89.7,0.0,0.0,0.0,0.0,134.2,78.2,196.0,40.0,5.7,78.7,2.37,53.9,149.6,24.1,0
73.0,1,0,0,0,1,26.8,86.0,0.0,0.0,0.0,0.0,101.3,62.0,169.0,72.0,4.8,66.3,6.75,65.0,159.8,25.4,0
20.0,1,0,0,0,1,25.2,85.0,0.0,0.0,0.0,0.0,125.7,81.6,171.0,69.0,5.3,88.1,11.58,59.5,155.7,24.5,0
71.0,1,0,0,0,1,26.7,84.1,0.0,0.0,0.0,0.0,156.1,90.7,209.0,53.0,5.4,72.5,13.2,68.6,165.8,25.0,0
46.0,1,0,0,0,1,26.4,84.1,0.0,0.0,0.0,0.0,115.2,72.5,214.0,70.0,5.5,133.2,9.46,63.3,158.4,25.2,0
56.0,1,0,0,0,1,35.4,106.0,0.0,0.0,0.0,0.0,110.8,77.1,237.0,58.0,5.1,123.8,6.15,89.0,159.6,34.9,0
68.0,1,0,0,0,1,32.2,115.0,0.0,0.0,0.0,0.0,124.8,78.0,215.0,38.0,6.0,87.1,8.83,109.3,186.8,31.3,0
31.0,1,0,0,0,1,28.9,72.8,0.0,0.0,0.0,0.0,124.4,79.5,178.0,41.0,4.9,115.1,23.15,73.5,158.2,29.4,0
20.0,1,0,0,0,1,28.0,93.5,0.0,0.0,0.0,0.0,134.6,82.8,191.0,65.0,5.1,100.0,6.79,62.2,153.1,26.5,0
67.0,1,0,0,0,1,30.3,99.2,0.0,0.0,0.0,0.0,105.7,56.7,156.0,48.0,5.3,76.2,6.1,72.7,158.6,28.9,0
35.0,1,0,0,0,1,21.9,76.1,0.0,0.0,0.0,0.0,114.6,71.7,189.0,72.0,5.3,94.3,8.88,49.9,155.4,20.7,0
22.0,1,0,0,0,1,24.9,79.4,0.0,0.0,0.0,0.0,105.2,64.2,171.0,50.0,5.0,128.2,5.06,63.9,157.6,25.7,0
21.0,1,0,0,0,1,24.0,82.1,0.0,0.0,0.0,0.0,107.9,77.8,223.0,59.0,6.6,134.7,10.4,60.8,159.0,24.0,0
37.0,1,0,0,0,1,23.2,62.9,0.0,0.0,0.0,0.0,109.3,68.3,149.0,43.0,5.2,119.7,7.01,45.7,159.3,18.0,0
20.0,1,0,0,0,1,26.2,80.6,0.0,0.0,0.0,0.0,103.5,68.4,165.0,61.0,5.1,133.6,50.12,62.5,158.3,24.9,0
33.0,1,0,0,0,1,26.0,88.1,0.0,0.0,0.0,0.0,116.1,80.0,206.0,77.0,5.5,113.0,7.46,69.7,167.7,24.8,0
42.0,1,0,0,0,1,36.2,101.8,0.0,0.0,0.0,0.0,107.6,68.5,218.0,48.0,5.7,62.2,8.57,89.6,158.3,35.8,0
35.0,1,0,0,0,1,25.8,85.5,0.0,0.0,0.0,0.0,127.3,60.8,161.0,47.0,5.4,111.0,6.56,65.7,158.2,26.2,0
31.0,1,0,0,0,1,40.8,117.2,0.0,0.0,0.0,0.0,124.4,75.6,203.0,43.0,5.0,104.1,10.49,96.0,154.1,40.4,0
66.0,1,0,0,0,1,23.9,92.1,0.0,0.0,0.0,0.0,111.8,75.5,225.0,55.0,5.7,105.3,9.1,50.7,158.5,20.2,0
71.0,1,0,0,0,1,28.3,83.1,0.0,0.0,0.0,0.0,114.7,73.7,249.0,89.0,5.3,94.6,16.73,73.1,162.2,27.8,0
31.0,1,0,0,0,1,34.0,109.0,0.0,0.0,0.0,0.0,112.6,67.8,194.0,40.0,5.2,114.0,7.26,87.2,157.4,35.2,0
36.0,1,0,0,0,1,27.0,81.8,0.0,0.0,0.0,0.0,108.8,73.2,164.0,41.0,4.2,126.2,18.04,58.7,148.6,26.6,0
21.0,1,0,0,0,1,27.0,97.4,0.0,0.0,0.0,0.0,120.8,69.5,202.0,58.0,5.1,133.7,5.07,73.3,181.0,22.4,0
66.0,1,0,0,0,1,22.9,78.0,0.0,0.0,0.0,0.0,119.8,80.0,204.0,45.0,5.7,69.2,50.06,35.7,144.5,17.1,0
57.0,1,0,0,0,1,28.8,91.3,0.0,0.0,0.0,0.0,122.8,73.4,162.0,44.0,5.5,113.6,6.55,76.7,164.8,28.2,0
39.0,1,0,0,0,1,26.3,86.6,0.0,0.0,0.0,0.0,122.5,77.9,172.0,36.0,4.6,133.0,3.16,68.1,165.3,24.9,0
28.0,1,0,0,0,1,24.2,82.3,0.0,0.0,0.0,0.0,124.4,75.2,148.0,54.0,5.5,79.0,32.54,77.9,181.1,23.8,0
43.0,1,0,0,0,1,28.5,87.7,0.0,0.0,0.0,0.0,110.7,83.1,178.0,41.0,5.3,101.7,12.39,90.7,182.1,27.3,0
62.0,1,0,0,0,1,47.2,134.6,0.0,0.0,0.0,0.0,116.5,72.0,111.0,54.0,5.5,94.2,2.59,123.0,166.2,44.5,0
52.0,1,0,0,0,1,48.8,133.5,0.0,0.0,0.0,0.0,113.7,73.2,176.0,47.0,5.8,123.4,31.66,116.6,152.1,50.4,0
35.0,1,0,0,0,1,25.1,80.5,0.0,0.0,0.0,0.0,103.3,66.3,162.0,41.0,5.2,118.2,1.24,75.8,171.5,25.8,0
37.0,1,0,0,0,1,19.4,66.5,0.0,0.0,0.0,0.0,108.3,81.4,166.0,70.0,5.1,107.8,14.01,55.3,171.2,18.9,0
32.0,1,0,0,0,1,33.4,102.3,0.0,0.0,0.0,0.0,106.6,76.0,138.0,130.0,5.6,103.7,9.43,79.8,159.0,31.6,0
55.0,1,0,0,0,1,21.8,78.5,0.0,0.0,0.0,0.0,114.0,76.7,168.0,78.0,4.9,103.1,10.84,50.0,155.8,20.6,0
40.0,1,0,0,0,1,40.2,114.3,0.0,0.0,0.0,0.0,127.1,73.9,182.0,66.0,5.6,76.0,9.4,99.2,162.5,37.6,0
53.0,1,0,0,0,1,26.4,85.9,0.0,0.0,0.0,0.0,104.2,71.1,159.0,55.0,5.3,102.4,6.04,57.5,164.6,21.2,0
60.0,1,0,0,0,1,41.1,119.0,0.0,0.0,0.0,0.0,124.3,74.7,222.0,54.0,5.4,86.6,9.54,80.7,155.1,33.5,0
67.0,1,0,0,0,1,28.3,91.8,0.0,0.0,0.0,0.0,131.2,82.1,217.0,43.0,6.6,70.7,6.81,86.3,175.5,28.0,0
66.0,1,0,0,0,1,35.6,99.7,0.0,0.0,0.0,0.0,122.4,76.6,211.0,81.0,5.6,81.0,5.89,89.6,160.4,34.8,0
52.0,1,0,0,0,1,42.9,122.6,0.0,0.0,0.0,0.0,124.9,77.2,199.0,48.0,5.7,111.6,5.55,103.8,159.5,40.8,0
34.0,1,0,0,0,1,23.2,79.4,0.0,0.0,0.0,0.0,109.4,68.5,181.0,45.0,4.7,127.2,8.4,63.4,171.5,21.5,0
73.0,1,0,0,0,1,24.3,90.4,0.0,0.0,0.0,0.0,124.8,75.1,220.0,45.0,5.4,71.1,4.85,69.6,171.4,23.7,0
20.0,1,0,0,0,1,42.8,118.5,0.0,0.0,0.0,0.0,101.8,76.5,213.0,40.0,5.4,115.1,10.11,99.6,162.8,37.6,0
34.0,1,0,0,0,1,34.7,97.9,0.0,0.0,0.0,0.0,103.5,70.5,228.0,34.0,5.0,100.4,10.36,65.8,148.9,29.7,0
59.0,1,0,0,0,1,41.5,123.2,0.0,0.0,0.0,0.0,110.4,76.1,120.0,41.0,4.9,111.2,7.3,94.3,153.5,40.0,0
30.0,1,0,0,0,1,30.1,97.8,0.0,0.0,0.0,0.0,109.5,76.6,258.0,36.0,5.6,81.0,7.8,68.0,158.2,27.2,0
29.0,1,0,0,0,1,21.1,74.7,0.0,0.0,0.0,0.0,120.9,69.2,218.0,59.0,5.4,131.4,10.51,50.2,156.8,20.4,0
28.0,1,0,0,0,1,42.8,126.8,0.0,0.0,0.0,0.0,111.9,71.1,177.0,44.0,4.8,102.8,10.32,118.5,168.3,41.9,0
42.0,1,0,0,0,1,27.1,92.8,0.0,0.0,0.0,0.0,117.1,72.2,223.0,44.0,5.3,133.2,12.83,60.6,157.5,24.4,0
29.0,1,0,0,0,1,33.0,105.2,0.0,0.0,0.0,0.0,105.4,77.3,229.0,30.0,5.3,102.2,9.47,96.5,171.6,32.8,0
70.0,1,0,0,0,1,20.4,78.4,0.0,0.0,0.0,0.0,117.5,68.8,214.0,130.0,6.1,70.8,15.27,40.6,168.2,14.4,0
41.0,1,0,0,0,1,24.1,74.8,0.0,0.0,0.0,0.0,114.7,71.1,197.0,115.0,6.4,64.8,10.0,57.0,157.7,22.9,0
29.0,1,0,0,0,1,40.1,122.4,0.0,0.0,0.0,0.0,107.8,67.7,212.0,45.0,5.9,94.4,8.89,106.2,167.1,38.0,0
40.0,1,0,0,0,1,34.1,99.7,0.0,0.0,0.0,0.0,114.8,72.9,170.0,44.0,4.7,86.4,12.44,68.6,146.9,31.8,0
63.0,1,0,0,0,1,48.6,133.2,0.0,0.0,0.0,0.0,114.3,81.9,168.0,85.0,5.0,83.5,44.69,94.5,155.0,39.3,0
53.0,1,0,0,0,1,40.3,117.7,0.0,0.0,0.0,0.0,135.7,59.0,225.0,35.0,6.6,104.1,3.59,109.9,165.2,40.3,0
35.0,1,0,0,0,1,45.7,134.1,0.0,0.0,0.0,0.0,118.1,78.4,234.0,62.0,5.8,114.9,6.27,104.2,157.8,41.8,0
38.0,1,0,0,0,1,28.6,97.6,0.0,0.0,0.0,0.0,124.8,70.8,202.0,41.0,5.2,92.2,3.8,68.8,160.2,26.8,0
29.0,1,0,0,0,1,27.5,91.2,0.0,0.0,0.0,0.0,106.7,76.8,193.0,83.0,5.1,97.4,2.14,80.7,167.4,28.8,0
72.0,1,0,0,0,1,35.0,111.8,0.0,0.0,0.0,0.0,113.6,74.0,179.0,125.0,6.1,68.0,6.76,91.8,167.3,32.8,0
31.0,1,0,0,0,1,32.3,113.8,0.0,0.0,0.0,0.0,123.7,70.3,183.0,40.0,6.1,121.6,10.48,93.2,172.2,31.4,0
30.0,1,0,0,0,1,29.9,94.3,0.0,0.0,0.0,0.0,128.9,76.2,118.0,30.0,5.7,131.5,7.61,64.8,155.2,26.9,0
35.0,1,0,0,0,1,28.3,86.8,0.0,0.0,0.0,0.0,111.6,76.9,165.0,56.0,5.3,83.5,11.12,55.1,143.2,26.9,0
43.0,1,0,0,0,1,25.8,85.8,0.0,0.0,0.0,0.0,135.6,83.4,244.0,53.0,5.0,96.7,4.4,73.5,168.3,25.9,0
33.0,1,0,0,0,1,20.6,69.2,0.0,0.0,0.0,0.0,110.1,67.5,183.0,39.0,5.1,128.4,1.53,49.8,159.0,19.7,0
36.0,1,0,0,0,1,23.4,85.6,0.0,0.0,0.0,0.0,114.5,55.7,176.0,62.0,5.5,62.6,29.68,63.8,167.2,22.8,0
20.0,1,0,0,0,1,27.7,85.7,0.0,0.0,0.0,0.0,146.6,87.5,205.0,35.0,5.4,119.2,8.63,74.6,162.0,28.4,0
35.0,1,0,0,0,1,29.3,90.2,0.0,0.0,0.0,0.0,122.3,72.1,223.0,69.0,4.6,104.8,6.85,83.2,170.0,28.8,0
57.0,1,0,0,0,1,19.5,69.5,0.0,0.0,0.0,0.0,128.4,74.7,253.0,63.0,5.0,74.9,4.1,46.7,156.2,19.1,0
64.0,1,0,0,0,1,41.9,126.6,0.0,0.0,0.0,0.0,118.4,68.0,176.0,50.0,5.9,90.1,5.96,83.6,158.4,33.3,0
32.0,1,0,0,0,1,41.7,122.5,0.0,0.0,0.0,0.0,128.7,80.7,177.0,50.0,5.3,124.6,7.79,101.3,157.9,40.6,0
53.0,1,0,0,0,1,22.8,81.0,0.0,0.0,0.0,0.0,106.0,83.4,166.0,35.0,5.4,77.7,3.62,58.9,165.3,21.5,0
32.0,1,0,0,0,1,43.2,126.5,0.0,0.0,0.0,0.0,105.6,71.4,205.0,44.0,5.3,115.3,3.78,93.3,150.6,41.1,0
30.0,1,0,0,0,1,39.5,128.7,0.0,0.0,0.0,0.0,96.2,71.1,186.0,64.0,4.9,71.9,11.58,83.4,150.6,36.8,0
60.0,1,0,0,0,1,27.5,88.3,0.0,0.0,0.0,0.0,131.9,76.3,211.0,109.0,5.5,98.8,9.01,47.3,142.0,23.4,0
27.0,1,0,0,0,1,22.3,80.3,0.0,0.0,0.0,0.0,120.8,77.0,186.0,51.0,5.1,132.8,10.65,55.7,164.4,20.6,0
38.0,1,0,0,0,1,27.0,85.1,0.0,0.0,0.0,0.0,131.4,71.9,156.0,61.0,5.3,75.4,12.86,65.4,158.1,26.2,0
24.0,1,0,0,0,1,44.3,114.4,0.0,0.0,0.0,0.0,99.0,59.2,173.0,40.0,5.2,113.1,12.68,104.0,157.8,41.8,0
57.0,1,0,0,0,1,23.7,75.1,0.0,0.0,0.0,0.0,120.3,73.8,215.0,56.0,5.4,60.2,6.45,57.7,158.8,22.9,0
66.0,1,0,0,0,1,23.2,81.3,0.0,0.0,0.0,0.0,129.7,73.9,196.0,61.0,5.6,63.6,1.08,66.9,167.5,23.9,0
47.0,1,0,0,0,1,35.6,104.8,0.0,0.0,0.0,0.0,134.9,70.1,153.0,41.0,6.7,103.6,10.07,81.3,158.5,32.4,0
46.0,1,0,0,0,1,32.3,100.1,0.0,0.0,0.0,0.0,112.4,74.4,181.0,77.0,4.7,81.2,5.66,67.5,157.5,27.2,0
34.0,1,0,0,0,1,21.2,71.8,0.0,0.0,0.0,0.0,113.1,80.4,144.0,90.0,6.2,126.6,6.77,44.0,148.4,20.0,0
31.0,1,0,0,0,1,29.8,100.0,0.0,0.0,0.0,0.0,122.7,77.0,202.0,72.0,5.9,81.5,0.3,96.6,183.8,28.6,0
38.0,1,0,0,0,1,19.1,70.8,0.0,0.0,0.0,0.0,148.7,76.5,197.0,89.0,5.6,64.8,22.15,45.7,156.2,18.7,0
34.0,1,0,0,0,1,22.2,78.9,0.0,0.0,0.0,0.0,101.1,71.5,153.0,34.0,5.0,123.9,9.77,59.2,159.5,23.3,0
55.0,1,0,0,0,1,37.1,111.0,0.0,0.0,0.0,0.0,119.6,81.8,178.0,63.0,5.5,102.4,12.49,86.2,158.7,34.2,0
35.0,1,0,0,0,1,26.6,90.5,0.0,0.0,0.0,0.0,104.3,68.5,204.0,76.0,5.2,113.9,12.4,67.1,162.8,25.3,0
34.0,1,0,0,0,1,26.6,92.5,0.0,0.0,0.0,0.0,109.9,73.0,147.0,46.0,8.5,99.7,12.09,60.4,152.5,26.0,0
62.0,1,0,0,0,1,34.7,104.9,0.0,0.0,0.0,0.0,109.8,60.8,179.0,53.0,4.6,128.5,2.85,100.7,174.0,33.3,0
23.0,1,0,0,0,1,21.5,76.0,0.0,0.0,0.0,0.0,106.3,63.6,183.0,95.0,5.9,109.8,13.56,47.4,158.2,19.0,0
33.0,1,0,0,0,1,44.9,115.5,0.0,0.0,0.0,0.0,96.0,74.7,181.0,88.0,5.5,63.0,8.45,101.3,158.1,40.5,0
20.0,1,0,0,0,1,21.5,82.8,0.0,0.0,0.0,0.0,136.3,78.2,175.0,41.0,4.7,111.1,0.64,66.1,176.9,21.1,0
34.0,1,0,0,0,1,42.8,125.2,0.0,0.0,0.0,0.0,108.1,78.8,176.0,40.0,5.7,127.7,10.49,74.8,141.0,37.6,0
67.0,1,0,0,0,1,22.7,78.1,0.0,0.0,0.0,0.0,112.8,66.4,240.0,86.0,5.9,65.8,10.18,54.2,152.2,23.4,0
37.0,1,0,0,0,1,26.4,81.7,0.0,0.0,0.0,0.0,105.6,68.6,205.0,53.0,5.8,97.2,6.82,67.2,158.8,26.6,0
78.0,1,0,0,0,1,22.7,83.5,0.0,0.0,0.0,0.0,134.5,72.9,223.0,47.0,5.7,85.8,8.69,55.9,157.3,22.6,0
32.0,1,0,0,0,1,26.4,69.8,0.0,0.0,0.0,0.0,102.5,81.7,165.0,43.0,5.5,123.1,11.43,62.0,157.7,24.9,0
30.0,1,0,0,0,1,39.6,114.0,0.0,0.0,0.0,0.0,136.7,89.2,184.0,43.0,6.1,105.9,12.98,96.8,158.2,38.7,0
18.0,1,0,0,0,1,50.1,143.8,0.0,0.0,0.0,0.0,106.0,81.5,253.0,49.0,5.1,106.3,8.32,162.5,183.9,48.0,0
21.0,1,0,0,0,1,30.1,90.8,0.0,0.0,0.0,0.0,124.8,75.1,185.0,70.0,5.3,72.9,14.82,69.2,155.4,28.6,0
48.0,1,0,0,0,1,37.3,116.7,0.0,0.0,0.0,0.0,128.5,64.1,182.0,68.0,5.3,99.5,5.96,86.9,158.5,34.6,0
61.0,1,0,0,0,1,40.9,116.2,0.0,0.0,0.0,0.0,127.0,77.2,135.0,64.0,4.9,77.7,8.02,108.3,170.6,37.2,0
32.0,1,0,0,0,1,50.5,138.4,0.0,0.0,0.0,0.0,140.0,80.0,122.0,51.0,5.5,120.1,12.79,128.4,162.4,48.7,0
66.0,1,0,0,0,1,24.2,92.9,0.0,0.0,0.0,0.0,130.5,82.3,231.0,62.0,5.6,91.3,11.87,69.5,168.2,24.6,0
74.0,1,0,0,0,1,22.2,85.8,0.0,0.0,0.0,0.0,103.1,80.5,193.0,38.0,5.1,74.3,2.97,52.1,157.3,21.1,0
31.0,1,0,0,0,1,26.0,83.6,0.0,0.0,0.0,0.0,136.9,65.0,196.0,44.0,5.4,97.9,7.84,68.1,164.8,25.1,0
37.0,1,0,0,0,1,27.0,90.6,0.0,0.0,0.0,0.0,109.3,76.2,166.0,44.0,5.5,103.6,7.46,65.4,157.5,26.4,0
19.0,1,0,0,0,1,26.8,91.2,0.0,0.0,0.0,0.0,121.7,78.5,178.0,87.0,4.7,107.4,10.2,72.9,166.5,26.3,0
37.0,1,0,0,0,1,39.0,119.7,0.0,0.0,0.0,0.0,124.3,84.8,252.0,55.0,5.7,62.4,14.01,91.3,158.3,36.4,0
31.0,1,0,0,0,1,34.6,108.4,0.0,0.0,0.0,0.0,106.5,70.8,193.0,61.0,5.2,75.1,4.39,80.6,157.9,32.3,0
21.0,1,0,0,0,1,37.2,110.3,0.0,0.0,0.0,0.0,125.1,74.3,124.0,31.0,5.2,118.9,11.18,87.8,154.7,36.7,0
32.0,1,0,0,0,1,29.0,92.8,0.0,0.0,0.0,0.0,132.3,74.5,183.0,41.0,5.9,107.0,7.29,69.6,157.9,27.9,0
35.0,1,0,0,0,1,35.9,113.0,0.0,0.0,0.0,0.0,106.7,70.2,209.0,48.0,5.5,98.7,36.92,74.5,150.8,32.8,0
62.0,1,0,0,0,1,26.1,93.3,0.0,0.0,0.0,0.0,106.3,77.0,173.0,64.0,4.9,86.5,25.09,68.0,165.4,24.9,0
18.0,1,0,0,0,1,41.5,123.9,0.0,0.0,0.0,0.0,108.4,80.5,180.0,70.0,5.2,123.7,14.07,109.6,165.3,40.1,0
29.0,1,0,0,0,1,26.6,78.2,0.0,0.0,0.0,0.0,102.3,63.1,170.0,81.0,5.7,99.4,3.36,88.9,172.6,29.8,0
57.0,1,0,0,0,1,28.7,101.3,0.0,0.0,0.0,0.0,107.5,74.7,208.0,63.0,5.6,83.4,15.5,75.5,166.3,27.3,0
28.0,1,0,0,0,1,49.4,135.1,0.0,0.0,0.0,0.0,95.9,66.8,158.0,40.0,4.8,134.2,10.3,118.6,159.2,46.8,0
34.0,1,0,0,0,1,28.3,94.6,0.0,0.0,0.0,0.0,110.3,75.0,200.0,48.0,5.3,124.7,5.0,76.4,165.0,28.0,0
50.0,1,0,0,0,1,27.5,85.3,0.0,0.0,0.0,0.0,105.3,67.6,213.0,58.0,6.1,73.9,6.45,60.1,158.0,24.1,0
32.0,1,0,0,0,1,30.6,92.5,0.0,0.0,0.0,0.0,105.2,68.8,171.0,36.0,4.6,103.8,9.6,71.9,160.9,27.8,0
67.0,1,0,0,0,1,27.3,103.3,0.0,0.0,0.0,0.0,109.9,72.7,240.0,70.0,6.3,64.3,5.79,61.3,165.1,22.5,0
21.0,1,0,0,0,1,25.7,70.7,0.0,0.0,0.0,0.0,105.7,71.4,232.0,54.0,5.5,118.1,10.27,69.0,167.1,24.7,0
51.0,1,0,0,0,1,22.8,78.6,0.0,0.0,0.0,0.0,114.1,71.0,209.0,63.0,4.4,82.3,7.98,65.6,172.2,22.1,0
32.0,1,0,0,0,1,34.8,106.1,0.0,0.0,0.0,0.0,129.1,83.2,166.0,56.0,4.6,133.5,5.58,98.7,167.6,35.1,0
40.0,1,0,0,0,1,30.3,93.1,0.0,0.0,0.0,0.0,140.0,80.0,184.0,68.0,4.7,124.5,13.82,74.0,158.6,29.4,0
20.0,1,0,0,0,1,26.7,86.6,0.0,0.0,0.0,0.0,126.2,86.2,188.0,68.0,4.8,131.0,7.45,63.6,157.7,25.6,0
35.0,1,0,0,0,1,41.3,115.7,0.0,0.0,0.0,0.0,126.7,78.9,181.0,38.0,5.3,129.1,7.39,97.0,157.2,39.2,0
32.0,1,0,0,0,1,40.4,121.2,0.0,0.0,0.0,0.0,113.1,74.6,228.0,49.0,5.1,118.2,41.51,112.2,169.1,39.2,0
51.0,1,0,0,0,1,26.6,85.3,0.0,0.0,0.0,0.0,123.1,66.9,160.0,37.0,6.3,112.8,11.21,60.0,150.9,26.3,0
35.0,1,0,0,0,1,24.8,93.7,0.0,0.0,0.0,0.0,104.0,73.8,205.0,42.0,5.2,113.5,9.33,54.7,157.6,22.0,0
42.0,1,0,0,0,1,37.9,119.6,0.0,0.0,0.0,0.0,110.7,74.1,177.0,56.0,5.4,58.5,41.54,92.4,159.8,36.2,0
22.0,1,0,0,0,1,25.3,89.9,0.0,0.0,0.0,0.0,113.2,69.2,174.0,60.0,5.4,83.2,7.18,67.2,168.0,23.8,0
57.0,1,0,0,0,1,37.3,119.7,0.0,0.0,0.0,0.0,88.3,65.8,220.0,40.0,5.1,113.1,5.9,100.4,165.4,36.7,0
55.0,1,0,0,0,1,38.5,107.1,0.0,0.0,0.0,0.0,106.0,71.8,156.0,64.0,4.9,105.0,6.87,105.0,168.2,37.1,0
62.0,1,0,0,0,1,30.2,96.8,0.0,0.0,0.0,0.0,117.8,72.9,155.0,56.0,5.7,113.0,11.93,66.6,148.7,30.1,0
61.0,1,0,0,0,1,46.4,95.4,0.0,0.0,0.0,0.0,107.2,76.6,173.0,61.0,6.2,93.7,4.45,84.0,138.7,43.7,0
20.0,1,0,0,0,1,30.3,96.6,0.0,0.0,0.0,0.0,94.7,69.1,178.0,48.0,5.2,138.8,8.62,90.7,174.6,29.8,0
66.0,1,0,0,0,1,40.6,115.8,0.0,0.0,0.0,0.0,104.2,69.6,205.0,79.0,5.8,65.3,3.74,96.8,156.1,39.7,0
36.0,1,0,0,0,1,28.0,88.9,0.0,0.0,0.0,0.0,111.8,75.6,158.0,46.0,5.2,108.4,6.56,76.2,168.1,27.0,0
58.0,1,0,0,0,1,42.9,113.0,0.0,0.0,0.0,0.0,129.9,81.3,200.0,37.0,6.2,110.0,10.11,90.7,157.9,36.4,0
37.0,1,0,0,0,1,52.5,137.4,0.0,0.0,0.0,0.0,128.0,83.4,190.0,38.0,4.8,109.3,1.97,99.7,148.5,45.2,0
34.0,1,0,0,0,1,39.7,114.2,0.0,0.0,0.0,0.0,113.6,73.0,180.0,79.0,5.8,129.0,6.79,106.4,168.5,37.5,0
34.0,1,0,0,0,1,28.8,98.1,0.0,0.0,0.0,0.0,117.0,76.5,174.0,61.0,4.9,125.8,7.98,92.6,183.7,27.4,0
38.0,1,0,0,0,1,34.9,96.2,0.0,0.0,0.0,0.0,110.4,74.7,249.0,49.0,5.9,106.1,10.92,106.0,176.5,34.0,0
48.0,1,0,0,0,1,38.7,123.0,0.0,0.0,0.0,0.0,122.1,84.7,165.0,51.0,6.0,108.9,2.44,93.7,158.9,37.1,0
32.0,1,0,0,0,1,26.1,86.7,0.0,0.0,0.0,0.0,118.6,65.6,196.0,41.0,5.2,90.0,5.93,67.0,159.0,26.5,0
27.0,1,0,0,0,1,32.5,90.1,0.0,0.0,0.0,0.0,114.5,72.3,197.0,46.0,6.5,80.1,11.28,79.0,159.1,31.2,0
65.0,1,0,0,0,1,23.6,87.4,0.0,0.0,0.0,0.0,128.9,76.4,176.0,63.0,5.2,101.8,7.0,72.6,176.2,23.4,0
63.0,1,0,0,0,1,24.6,91.0,0.0,0.0,0.0,0.0,111.0,76.2,183.0,51.0,5.2,138.8,11.72,57.0,162.7,21.5,0
33.0,1,0,0,0,1,54.7,144.2,0.0,0.0,0.0,0.0,106.4,71.1,161.0,43.0,4.7,112.1,28.39,97.2,140.1,49.5,0
66.0,1,0,0,0,1,27.6,73.2,0.0,0.0,0.0,0.0,126.3,80.1,213.0,78.0,5.4,71.9,6.9,59.7,151.5,26.0,0
31.0,1,0,0,0,1,27.3,87.6,0.0,0.0,0.0,0.0,117.2,80.6,153.0,57.0,4.4,121.5,10.89,60.9,151.5,26.5,0
46.0,1,0,0,0,1,41.7,127.4,0.0,0.0,0.0,0.0,114.6,78.4,124.0,38.0,6.5,121.0,8.7,128.1,176.6,41.1,0
49.0,1,0,0,0,1,35.0,101.9,0.0,0.0,0.0,0.0,114.7,70.4,160.0,54.0,6.2,95.0,7.39,84.7,159.8,33.2,0
30.0,1,0,0,0,1,26.6,77.4,0.0,0.0,0.0,0.0,113.1,71.4,95.0,40.0,4.7,137.2,9.26,86.3,169.9,29.9,0
32.0,1,0,0,0,1,29.9,104.0,0.0,0.0,0.0,0.0,114.9,70.8,179.0,57.0,4.6,106.7,12.4,77.1,158.9,30.5,0
46.0,1,0,0,0,1,26.0,77.2,0.0,0.0,0.0,0.0,137.0,82.1,209.0,56.0,5.5,65.3,6.12,47.6,156.6,19.4,0
62.0,1,0,0,0,1,22.5,82.1,0.0,0.0,0.0,0.0,124.7,70.5,250.0,57.0,6.1,77.0,9.56,46.1,144.3,22.1,0
31.0,1,0,0,0,1,24.0,85.1,0.0,0.0,0.0,0.0,123.7,74.2,126.0,29.0,5.9,109.0,14.56,57.5,152.3,24.8,0
32.0,1,0,0,0,1,26.7,83.6,0.0,0.0,0.0,0.0,125.0,77.1,155.0,69.0,4.5,135.6,7.59,72.4,168.6,25.5,0
64.0,1,0,0,0,1,25.4,77.1,0.0,0.0,0.0,0.0,112.2,70.4,211.0,62.0,4.9,71.5,7.25,52.6,147.0,24.3,0
42.0,1,0,0,0,1,19.7,59.9,0.0,0.0,0.0,0.0,127.5,78.2,168.0,68.0,5.7,103.2,38.95,48.9,161.8,18.7,0
41.0,1,0,0,0,1,26.5,82.8,0.0,0.0,0.0,0.0,112.7,77.0,211.0,61.0,4.9,118.7,13.92,65.3,158.0,26.1,0
25.0,1,0,0,0,1,32.6,99.5,0.0,0.0,0.0,0.0,106.1,71.9,187.0,42.0,4.8,131.1,6.52,77.4,157.6,31.2,0
76.0,1,0,0,0,1,26.1,70.9,0.0,0.0,0.0,0.0,113.7,73.9,164.0,43.0,6.1,62.9,10.39,64.5,157.8,25.9,0
37.0,1,0,0,0,1,28.3,91.4,0.0,0.0,0.0,0.0,107.0,67.4,161.0,56.0,5.0,113.6,12.48,59.0,151.6,25.7,0
33.0,1,0,0,0,1,47.9,141.3,0.0,0.0,0.0,0.0,111.7,61.6,132.0,84.0,5.8,123.1,6.68,122.5,168.2,43.3,0
63.0,1,0,0,0,1,41.1,119.8,0.0,0.0,0.0,0.0,110.2,79.0,163.0,81.0,5.6,79.6,7.17,107.7,167.6,38.3,0
23.0,1,0,0,0,1,30.2,91.9,0.0,0.0,0.0,0.0,110.0,63.1,133.0,53.0,4.3,114.4,3.02,72.0,158.0,28.9,0
47.0,1,0,0,0,1,26.6,94.4,0.0,0.0,0.0,0.0,110.1,71.4,166.0,68.0,5.0,82.4,7.28,72.3,169.0,25.3,0
38.0,1,0,0,0,1,24.2,90.7,0.0,0.0,0.0,0.0,131.7,77.8,228.0,44.0,5.8,76.4,6.86,68.5,170.4,23.6,0
59.0,1,0,0,0,1,39.0,108.3,0.0,0.0,0.0,0.0,115.0,80.4,236.0,36.0,6.0,105.5,6.29,98.0,158.9,38.8,0
32.0,1,0,0,0,1,30.2,91.4,0.0,0.0,0.0,0.0,127.2,79.7,246.0,43.0,4.9,69.3,9.06,71.7,157.2,29.0,0
31.0,1,0,0,0,1,39.9,114.4,0.0,0.0,0.0,0.0,114.1,74.7,158.0,67.0,5.9,114.0,10.14,86.2,150.9,37.8,0
30.0,1,0,0,0,1,25.6,78.0,0.0,0.0,0.0,0.0,110.4,64.1,200.0,53.0,4.7,110.5,7.51,62.8,159.1,24.8,0
30.0,1,0,0,0,1,36.4,112.6,0.0,0.0,0.0,0.0,122.2,84.4,164.0,36.0,5.7,118.0,3.79,86.4,154.5,36.2,0
21.0,1,0,0,0,1,22.5,77.7,0.0,0.0,0.0,0.0,110.2,65.1,199.0,47.0,5.3,122.0,7.73,57.6,164.8,21.2,0
20.0,1,0,0,0,1,24.8,82.4,0.0,0.0,0.0,0.0,125.0,77.1,179.0,67.0,4.6,124.4,50.91,62.4,158.8,24.8,0
41.0,1,0,0,0,1,36.5,103.4,0.0,0.0,0.0,0.0,123.7,79.5,214.0,82.0,5.8,40.3,31.62,76.9,157.7,30.9,0
35.0,1,0,0,0,1,35.5,112.7,0.0,0.0,0.0,0.0,113.2,67.9,170.0,40.0,5.4,73.7,0.3,94.7,168.1,33.5,0
32.0,1,0,0,0,1,38.4,112.4,0.0,0.0,0.0,0.0,110.3,68.4,213.0,62.0,5.3,102.8,11.3,91.9,158.6,36.6,0
27.0,1,0,0,0,1,32.1,100.2,0.0,0.0,0.0,0.0,93.8,75.9,152.0,29.0,5.4,132.0,8.21,103.2,180.5,31.7,0
37.0,1,0,0,0,1,25.8,74.9,0.0,0.0,0.0,0.0,104.4,70.4,186.0,61.0,5.4,59.8,3.61,58.7,153.6,24.9,0
38.0,1,0,0,0,1,26.1,97.2,0.0,0.0,0.0,0.0,91.5,62.1,170.0,56.0,5.2,109.4,3.2,67.6,160.7,26.2,0
27.0,1,0,0,0,1,28.7,102.7,0.0,0.0,0.0,0.0,103.6,67.4,213.0,56.0,5.2,84.2,8.56,80.8,172.8,27.1,0
39.0,1,0,0,0,1,42.9,114.8,0.0,0.0,0.0,0.0,129.4,79.7,127.0,38.0,5.6,77.8,7.58,100.5,154.5,42.1,0
23.0,1,0,0,0,1,25.0,91.4,0.0,0.0,0.0,0.0,109.2,72.2,142.0,37.0,4.9,121.6,7.97,94.2,183.5,28.0,0
47.0,1,0,0,0,1,28.9,104.4,0.0,0.0,0.0,0.0,109.8,57.2,199.0,54.0,5.8,88.7,10.12,61.5,153.1,26.2,0
30.0,1,0,0,0,1,52.4,143.2,0.0,0.0,0.0,0.0,127.1,69.1,197.0,60.0,5.7,100.5,8.51,140.0,169.7,48.6,0
42.0,1,0,0,0,1,51.9,138.7,0.0,0.0,0.0,0.0,124.3,79.7,174.0,45.0,6.0,101.5,6.72,137.5,168.2,48.6,0
34.0,1,0,0,0,1,36.7,109.1,0.0,0.0,0.0,0.0,129.7,63.3,196.0,41.0,5.8,89.3,5.88,84.4,154.1,35.5,0
62.0,1,0,0,0,1,40.1,123.6,0.0,0.0,0.0,0.0,109.7,76.5,237.0,48.0,5.5,109.3,9.25,118.9,179.3,37.0,0
49.0,1,0,0,0,1,22.1,78.7,0.0,0.0,0.0,0.0,125.9,80.3,234.0,69.0,5.4,108.3,7.85,52.0,156.7,21.2,0
30.0,1,0,0,0,1,38.3,114.7,0.0,0.0,0.0,0.0,121.8,82.1,190.0,47.0,5.1,117.3,11.12,104.9,166.0,38.1,0
45.0,1,0,0,0,1,23.3,81.5,0.0,0.0,0.0,0.0,124.9,81.0,218.0,46.0,4.9,120.0,8.22,52.1,159.1,20.6,0
41.0,1,0,0,0,1,36.8,120.3,0.0,0.0,0.0,0.0,114.5,78.6,192.0,41.0,5.3,78.1,3.96,113.5,178.5,35.6,0
73.0,1,0,0,0,1,29.1,103.2,0.0,0.0,0.0,0.0,112.4,67.1,218.0,75.0,5.3,65.0,12.11,76.9,166.6,27.7,0
57.0,1,0,0,0,1,26.0,91.4,0.0,0.0,0.0,0.0,115.8,83.5,235.0,51.0,5.7,94.2,12.0,62.8,156.0,25.8,0
31.0,1,0,0,0,1,22.7,76.3,0.0,0.0,0.0,0.0,128.9,64.7,178.0,49.0,4.7,105.9,7.56,45.5,143.6,22.0,0
35.0,1,0,0,0,1,28.8,99.1,0.0,0.0,0.0,0.0,126.0,81.5,179.0,99.0,6.2,104.2,8.69,63.8,158.2,25.5,0
45.0,1,0,0,0,1,33.6,110.8,0.0,0.0,0.0,0.0,111.1,77.3,217.0,44.0,5.6,126.4,6.39,79.9,153.1,34.1,0
65.0,1,0,0,0,1,28.9,92.8,0.0,0.0,0.0,0.0,128.0,80.8,205.0,49.0,5.8,129.8,15.98,72.3,162.5,27.4,0
26.0,1,0,0,0,1,39.2,113.6,0.0,0.0,0.0,0.0,107.6,77.1,163.0,51.0,5.1,125.8,6.56,100.4,166.3,36.3,0
60.0,1,0,0,0,1,22.7,78.5,0.0,0.0,0.0,0.0,111.6,74.3,177.0,69.0,5.3,74.3,34.38,69.2,173.7,22.9,0
50.0,1,0,0,0,1,40.3,123.8,0.0,0.0,0.0,0.0,111.7,77.1,196.0,40.0,5.5,129.0,10.27,90.2,153.2,38.4,0
27.0,1,0,0,0,1,31.7,96.7,0.0,0.0,0.0,0.0,97.8,69.6,186.0,89.0,4.4,128.3,9.7,76.3,158.1,30.5,0
49.0,1,0,0,0,1,35.5,107.7,0.0,0.0,0.0,0.0,97.0,72.1,188.0,47.0,5.4,74.0,7.64,78.5,152.7,33.7,0
69.0,1,0,0,0,1,34.7,100.6,0.0,0.0,0.0,0.0,105.6,59.7,201.0,46.0,5.5,89.3,8.4,96.3,169.6,33.5,0
30.0,1,0,0,0,1,33.1,99.3,0.0,0.0,0.0,0.0,99.8,72.5,161.0,44.0,5.4,115.8,14.51,70.3,158.0,28.1,0
41.0,1,0,0,0,1,40.1,115.6,0.0,0.0,0.0,0.0,102.6,74.8,226.0,61.0,5.4,116.1,8.46,83.6,158.0,33.5,0
42.0,1,0,0,0,1,26.1,85.5,0.0,0.0,0.0,0.0,130.2,79.2,201.0,57.0,5.7,108.8,7.05,62.9,158.5,25.0,0
30.0,1,0,0,0,1,39.7,118.8,0.0,0.0,0.0,0.0,141.5,98.1,211.0,45.0,6.4,112.9,3.5,78.9,150.2,35.0,0
71.0,1,0,0,0,1,30.5,87.9,0.0,0.0,0.0,0.0,111.7,61.2,207.0,71.0,6.0,94.5,11.23,82.2,164.8,30.3,0
47.0,1,0,0,0,1,24.2,80.9,0.0,0.0,0.0,0.0,102.8,69.7,196.0,57.0,5.1,104.0,21.08,59.8,158.9,23.7,0
19.0,1,0,0,0,1,27.8,85.7,0.0,0.0,0.0,0.0,104.8,68.5,189.0,47.0,5.7,119.2,1.91,56.4,138.4,29.5,0
35.0,1,0,0,0,1,37.8,100.0,0.0,0.0,0.0,0.0,112.1,70.2,171.0,71.0,5.6,115.5,34.99,88.8,157.6,35.7,0
68.0,1,0,0,0,1,25.3,76.4,0.0,0.0,0.0,0.0,127.0,81.8,215.0,78.0,6.3,74.8,1.32,69.3,164.5,25.6,0
22.0,1,0,0,0,1,31.8,92.7,0.0,0.0,0.0,0.0,105.2,77.3,184.0,70.0,4.1,119.8,4.85,75.6,160.2,29.4,0
34.0,1,0,0,0,1,41.2,110.4,0.0,0.0,0.0,0.0,105.9,71.9,168.0,51.0,5.6,128.3,10.31,96.2,157.2,38.9,0
33.0,1,0,0,0,1,39.4,120.1,0.0,0.0,0.0,0.0,140.2,86.6,218.0,40.0,10.1,100.0,9.17,99.0,165.1,36.3,0
68.0,1,0,0,0,1,23.2,83.9,0.0,0.0,0.0,0.0,121.4,67.9,133.0,64.0,5.4,85.4,8.1,39.1,157.4,15.8,0
37.0,1,0,0,0,1,40.0,123.6,0.0,0.0,0.0,0.0,130.6,69.9,212.0,49.0,5.4,83.3,9.66,135.6,188.3,38.3,0
50.0,1,0,0,0,1,28.6,96.6,0.0,0.0,0.0,0.0,123.9,80.6,236.0,66.0,5.5,93.3,5.78,93.8,182.3,28.2,0
32.0,1,0,0,0,1,39.7,107.5,0.0,0.0,0.0,0.0,105.3,78.4,181.0,42.0,5.2,117.4,38.83,100.4,156.7,40.9,0
30.0,1,0,0,0,1,36.1,118.3,0.0,0.0,0.0,0.0,139.5,83.4,258.0,36.0,5.9,65.7,3.15,79.9,153.2,34.0,0
19.0,1,0,0,0,1,35.3,102.4,0.0,0.0,0.0,0.0,112.6,77.4,169.0,39.0,4.7,128.2,3.64,84.0,159.2,33.2,0
33.0,1,0,0,0,1,27.6,97.1,0.0,0.0,0.0,0.0,113.4,61.5,234.0,50.0,5.2,49.3,12.56,58.5,148.3,26.6,0
22.0,1,0,0,0,1,27.0,87.1,0.0,0.0,0.0,0.0,106.0,66.6,195.0,42.0,5.7,79.0,10.45,76.1,171.3,25.9,0
78.0,1,0,0,0,1,24.5,89.3,0.0,0.0,0.0,0.0,132.5,84.7,257.0,83.0,5.6,71.0,29.47,70.9,173.7,23.5,0
31.0,1,0,0,0,1,47.5,130.5,0.0,0.0,0.0,0.0,105.5,68.4,115.0,38.0,5.3,123.5,1.33,146.3,181.1,44.6,0
36.0,1,0,0,0,1,45.2,120.6,0.0,0.0,0.0,0.0,104.0,69.6,151.0,55.0,10.0,117.8,25.47,110.2,157.8,44.3,0
36.0,1,0,0,0,1,27.7,88.4,0.0,0.0,0.0,0.0,135.2,83.9,159.0,39.0,5.7,136.3,27.31,65.6,158.7,26.0,0
30.0,1,0,0,0,1,38.5,113.4,0.0,0.0,0.0,0.0,112.3,73.8,188.0,53.0,5.7,137.2,8.17,88.6,158.8,35.1,0
63.0,1,0,0,0,1,51.4,142.8,0.0,0.0,0.0,0.0,119.7,75.0,155.0,39.0,9.5,86.4,6.77,106.3,158.7,42.2,0
21.0,1,0,0,0,1,25.2,95.5,0.0,0.0,0.0,0.0,114.0,81.9,156.0,57.0,5.0,88.5,11.27,61.7,157.7,24.8,0
47.0,1,0,0,0,1,37.6,109.6,0.0,0.0,0.0,0.0,117.5,74.6,160.0,30.0,5.6,122.0,27.28,91.1,167.9,32.3,0
67.0,1,0,0,0,1,40.8,126.5,0.0,0.0,0.0,0.0,118.1,70.9,171.0,72.0,5.6,95.7,7.6,99.6,171.0,34.1,0
50.0,1,0,0,0,1,54.9,147.8,0.0,0.0,0.0,0.0,97.1,70.4,194.0,39.0,4.7,103.5,9.26,133.8,171.8,45.3,0
28.0,1,0,0,0,1,24.3,79.8,0.0,0.0,0.0,0.0,97.5,74.8,177.0,40.0,5.6,90.5,8.7,58.3,154.1,24.6,0
34.0,1,0,0,0,1,41.8,124.8,0.0,0.0,0.0,0.0,119.1,74.8,161.0,47.0,5.2,108.5,6.7,111.1,167.1,39.8,0
19.0,1,0,0,0,1,31.5,98.5,0.0,0.0,0.0,0.0,100.9,73.0,228.0,67.0,5.0,132.0,5.72,76.0,160.3,29.6,0
47.0,1,0,0,0,1,39.5,115.3,0.0,0.0,0.0,0.0,122.0,80.1,190.0,49.0,6.3,106.7,42.88,106.7,167.9,37.8,0
31.0,1,0,0,0,1,24.8,84.0,0.0,0.0,0.0,0.0,94.9,73.1,213.0,64.0,5.2,134.8,7.65,59.7,157.3,24.1,0
31.0,1,0,0,0,1,51.7,147.8,0.0,0.0,0.0,0.0,109.3,74.7,245.0,38.0,5.4,110.0,36.67,117.4,153.1,50.1,0
66.0,1,0,0,0,1,24.5,88.6,0.0,0.0,0.0,0.0,131.4,80.9,162.0,52.0,6.4,108.4,5.44,67.7,167.0,24.3,0
21.0,1,0,0,0,1,39.7,112.7,0.0,0.0,0.0,0.0,103.9,69.0,176.0,36.0,5.7,121.8,3.03,102.4,173.6,34.0,0
47.0,1,0,0,0,1,42.8,121.7,0.0,0.0,0.0,0.0,107.4,57.2,105.0,33.0,5.8,108.1,8.88,123.7,174.3,40.7,0
26.0,1,0,0,0,1,58.5,153.3,0.0,0.0,0.0,0.0,120.3,66.0,169.0,43.0,5.5,134.2,42.6,129.4,153.2,55.1,0
64.0,1,0,0,0,1,27.2,94.6,0.0,0.0,0.0,0.0,120.5,85.6,133.0,32.0,5.7,69.7,8.82,69.0,173.7,22.9,0
40.0,1,0,0,0,1,27.0,65.1,0.0,0.0,0.0,0.0,110.7,78.6,143.0,40.0,5.3,78.5,6.39,61.0,147.6,28.0,0
44.0,1,0,0,0,1,28.1,92.1,0.0,0.0,0.0,0.0,132.4,79.4,190.0,91.0,5.7,125.9,9.09,63.9,152.4,27.5,0
32.0,1,0,0,0,1,31.8,104.4,0.0,0.0,0.0,0.0,109.4,74.6,248.0,46.0,6.3,108.8,2.43,72.3,162.1,27.5,0
62.0,1,0,0,0,1,24.1,88.6,0.0,0.0,0.0,0.0,114.5,78.2,176.0,73.0,5.3,89.5,28.79,72.8,180.1,22.5,0
38.0,1,0,0,0,1,50.6,135.4,0.0,0.0,0.0,0.0,115.3,67.1,188.0,43.0,5.1,118.2,11.47,109.5,155.6,45.2,0
44.0,1,0,0,0,1,23.8,90.4,0.0,0.0,0.0,0.0,111.8,85.3,210.0,41.0,5.0,93.3,6.52,53.7,166.7,19.3,0
57.0,1,0,0,0,1,46.6,134.9,0.0,0.0,0.0,0.0,132.6,94.4,190.0,43.0,5.5,107.2,41.31,112.7,154.0,47.5,0
62.0,1,0,0,0,1,29.4,100.8,0.0,0.0,0.0,0.0,140.8,61.9,156.0,73.0,5.6,39.0,9.53,81.1,168.0,28.7,0
71.0,1,0,0,0,1,26.8,88.4,0.0,0.0,0.0,0.0,101.5,68.9,193.0,42.0,5.7,71.8,4.32,63.7,154.2,26.8,0
64.0,1,0,0,0,1,25.1,77.9,0.0,0.0,0.0,0.0,136.3,65.2,186.0,44.0,5.7,103.3,12.97,64.5,169.1,22.5,0
19.0,1,0,0,0,1,35.7,101.5,0.0,0.0,0.0,0.0,135.8,84.3,198.0,46.0,4.9,64.7,20.56,84.3,158.8,33.4,0
21.0,1,0,0,0,1,42.5,93.7,0.0,0.0,0.0,0.0,103.0,50.4,193.0,47.0,5.0,133.3,8.42,103.6,164.6,38.2,0
53.0,1,0,0,0,1,28.6,93.2,0.0,0.0,0.0,0.0,106.6,61.7,216.0,55.0,5.8,93.1,28.05,76.7,164.7,28.3,0
41.0,1,0,0,0,1,33.5,87.2,0.0,0.0,0.0,0.0,102.9,73.7,169.0,43.0,5.3,128.7,53.94,83.3,162.0,31.8,0
40.0,1,0,0,0,1,58.5,156.6,0.0,0.0,0.0,0.0,121.3,77.5,175.0,45.0,5.3,115.4,30.65,139.9,158.7,55.6,0
38.0,1,0,0,0,1,33.9,94.5,0.0,0.0,0.0,0.0,110.0,71.0,170.0,57.0,5.6,95.2,0.68,79.5,153.9,33.6,0
35.0,1,0,0,0,1,24.0,81.5,0.0,0.0,0.0,0.0,134.7,86.1,213.0,72.0,5.5,98.3,8.35,49.9,162.4,18.9,0
18.0,1,0,0,0,1,47.8,132.0,0.0,0.0,0.0,0.0,109.0,66.6,140.0,40.0,5.3,130.6,5.78,96.1,149.9,42.8,0
29.0,1,0,0,0,1,44.8,133.8,0.0,0.0,0.0,0.0,111.0,72.0,190.0,48.0,5.6,59.8,13.38,117.7,159.5,46.3,0
34.0,1,0,0,0,1,27.9,88.3,0.0,0.0,0.0,0.0,124.3,77.3,207.0,79.0,4.6,97.9,0.73,69.8,162.6,26.4,0
39.0,1,0,0,0,1,27.9,100.0,0.0,0.0,0.0,0.0,102.2,61.9,108.0,45.0,5.1,75.9,9.05,78.3,173.7,25.9,0
58.0,1,0,0,0,1,32.5,109.8,0.0,0.0,0.0,0.0,120.5,76.2,184.0,44.0,5.4,66.6,9.26,79.1,167.4,28.2,0
50.0,1,0,0,0,1,23.4,88.0,0.0,0.0,0.0,0.0,115.6,59.3,198.0,56.0,5.6,68.4,9.57,61.8,160.5,24.0,0
22.0,1,0,0,0,1,29.4,88.8,0.0,0.0,0.0,0.0,100.7,77.3,198.0,57.0,5.3,124.5,8.44,57.5,156.0,23.6,0
33.0,1,0,0,0,1,27.0,89.8,0.0,0.0,0.0,0.0,105.3,58.1,235.0,38.0,5.5,118.6,5.69,70.1,160.3,27.3,0
27.0,1,0,0,0,1,27.7,94.4,0.0,0.0,0.0,0.0,118.4,76.4,179.0,44.0,5.7,102.0,7.97,71.6,165.6,26.1,0
44.0,1,0,0,0,1,22.3,89.6,0.0,0.0,0.0,0.0,120.0,76.4,193.0,48.0,5.6,98.4,12.04,61.6,166.6,22.2,0
29.0,1,0,0,0,1,23.7,78.7,0.0,0.0,0.0,0.0,129.0,75.3,162.0,45.0,5.3,122.6,5.08,56.5,157.4,22.8,0
38.0,1,0,0,0,1,23.2,83.5,0.0,0.0,0.0,0.0,130.3,79.0,210.0,52.0,6.1,81.3,10.07,66.2,174.4,21.8,0
27.0,1,0,0,0,1,30.3,94.8,0.0,0.0,0.0,0.0,116.2,76.4,179.0,40.0,5.1,105.8,8.93,70.1,154.6,29.3,0
39.0,1,0,0,0,1,37.7,113.7,0.0,0.0,0.0,0.0,111.9,73.1,207.0,33.0,5.4,115.5,9.19,79.4,153.7,33.6,0
38.0,1,0,0,0,1,51.4,137.9,0.0,0.0,0.0,0.0,102.9,67.3,178.0,46.0,8.7,110.5,7.96,124.9,160.4,48.5,0
52.0,1,0,0,0,1,45.3,111.9,0.0,0.0,0.0,0.0,141.3,87.0,202.0,96.0,5.3,48.8,12.47,98.1,150.4,43.4,0
69.0,1,0,0,0,1,27.5,88.9,0.0,0.0,0.0,0.0,88.1,56.5,194.0,60.0,5.1,83.3,5.8,67.1,160.2,26.1,0
62.0,1,0,0,0,1,38.3,113.6,0.0,0.0,0.0,0.0,107.2,67.8,171.0,51.0,5.1,77.3,5.61,83.9,151.2,36.7,0
20.0,1,0,0,0,1,60.8,158.8,0.0,0.0,0.0,0.0,112.3,70.8,154.0,35.0,5.2,106.1,35.49,161.4,169.7,56.0,0
68.0,1,0,0,0,1,21.4,84.0,0.0,0.0,0.0,0.0,104.8,83.1,200.0,62.0,5.0,87.1,4.75,46.9,150.8,20.6,0
49.0,1,0,0,0,1,29.5,101.6,0.0,0.0,0.0,0.0,130.8,75.1,160.0,64.0,5.1,90.8,10.08,79.7,168.5,28.1,0
51.0,1,0,0,0,1,22.8,76.2,0.0,0.0,0.0,0.0,102.2,71.3,172.0,55.0,5.3,78.1,10.12,52.5,153.9,22.1,0
19.0,1,0,0,0,1,26.0,68.7,0.0,0.0,0.0,0.0,98.7,69.1,189.0,39.0,5.6,76.4,10.81,66.1,159.7,25.9,0
35.0,1,0,0,0,1,30.8,98.8,0.0,0.0,0.0,0.0,124.2,76.9,176.0,50.0,5.5,63.5,8.0,95.8,180.2,29.5,0
33.0,1,0,0,0,1,40.5,115.4,0.0,0.0,0.0,0.0,108.9,71.9,193.0,40.0,5.1,137.0,13.42,121.0,178.4,38.0,0
54.0,1,0,0,0,1,23.6,89.5,0.0,0.0,0.0,0.0,133.7,82.9,150.0,44.0,5.7,92.3,7.44,52.6,149.2,23.6,0
42.0,1,0,0,0,1,37.8,98.6,0.0,0.0,0.0,0.0,104.5,69.3,184.0,38.0,5.6,99.7,3.54,87.5,157.0,35.5,0
55.0,1,0,0,0,1,22.8,78.7,0.0,0.0,0.0,0.0,114.1,75.7,172.0,104.0,6.7,66.2,11.91,52.6,156.2,21.6,0
36.0,1,0,0,0,1,25.9,79.7,0.0,0.0,0.0,0.0,116.1,75.8,181.0,46.0,5.2,122.2,11.37,67.6,157.4,27.3,0
51.0,1,0,0,0,1,39.5,109.2,0.0,0.0,0.0,0.0,105.2,73.9,179.0,40.0,5.4,131.6,6.32,90.1,158.1,36.0,0
28.0,1,0,0,0,1,24.9,89.3,0.0,0.0,0.0,0.0,131.9,90.4,185.0,41.0,5.0,135.5,8.72,77.4,180.7,23.7,0
18.0,1,0,0,0,1,59.1,155.7,0.0,0.0,0.0,0.0,111.3,70.6,160.0,38.0,5.1,134.3,30.68,151.9,171.1,51.9,0
31.0,1,0,0,0,1,27.5,81.7,0.0,0.0,0.0,0.0,122.8,70.7,218.0,60.0,4.8,126.6,6.16,81.7,176.2,26.3,0
50.0,1,0,0,0,1,32.9,100.8,0.0,0.0,0.0,0.0,138.0,58.5,180.0,87.0,5.2,80.1,5.32,73.9,150.0,32.8,0
33.0,1,0,0,0,1,23.5,80.5,0.0,0.0,0.0,0.0,97.2,62.9,112.0,42.0,4.8,130.2,5.15,71.9,175.1,23.5,0
61.0,1,0,0,0,1,27.6,93.2,0.0,0.0,0.0,0.0,99.5,60.3,116.0,89.0,5.3,127.9,7.79,68.1,158.1,27.2,0
50.0,1,0,0,0,1,50.3,141.4,0.0,0.0,0.0,0.0,138.6,84.7,208.0,73.0,5.4,97.6,9.04,124.4,162.6,47.1,0
35.0,1,0,0,0,1,28.1,89.4,0.0,0.0,0.0,0.0,104.9,78.0,191.0,72.0,4.8,116.7,12.84,71.4,162.0,27.2,0
49.0,1,0,0,0,1,26.0,92.5,0.0,0.0,0.0,0.0,103.4,66.3,215.0,60.0,6.1,99.0,4.57,66.8,159.3,26.3,0
38.0,1,0,0,0,1,41.7,115.4,0.0,0.0,0.0,0.0,114.5,75.7,217.0,39.0,5.6,121.3,8.44,106.4,168.1,37.6,0
23.0,1,0,0,0,1,49.0,128.6,0.0,0.0,0.0,0.0,110.3,59.7,124.0,50.0,5.7,121.5,38.25,99.8,158.7,39.6,0
54.0,1,0,0,0,1,37.1,113.4,0.0,0.0,0.0,0.0,105.7,61.9,190.0,95.0,5.8,98.4,13.15,73.9,157.4,29.8,0
21.0,1,0,0,0,1,24.2,82.1,0.0,0.0,0.0,0.0,124.7,86.4,194.0,32.0,5.4,101.1,4.26,56.6,151.4,24.7,0
31.0,1,0,0,0,1,23.6,85.4,0.0,0.0,0.0,0.0,108.5,70.3,131.0,42.0,5.3,118.5,5.14,59.8,155.2,24.8,0
59.0,1,0,0,0,1,56.7,160.1,0.0,0.0,0.0,0.0,135.6,82.2,186.0,59.0,4.3,107.4,6.35,160.8,172.8,53.8,0
35.0,1,0,0,0,1,29.5,96.8,0.0,0.0,0.0,0.0,165.6,92.1,167.0,48.0,5.5,95.1,37.71,90.3,178.9,28.2,0
33.0,1,0,0,0,1,19.7,73.6,0.0,0.0,0.0,0.0,108.6,82.3,170.0,43.0,5.1,128.3,8.42,45.4,151.4,19.8,0
25.0,1,0,0,0,1,38.1,106.5,0.0,0.0,0.0,0.0,102.3,69.8,176.0,36.0,4.7,140.4,9.61,108.0,171.5,36.7,0
34.0,1,0,0,0,1,24.1,80.3,0.0,0.0,0.0,0.0,101.4,57.2,143.0,75.0,4.9,138.6,12.16,55.5,152.2,24.0,0
19.0,1,0,0,0,1,26.7,84.2,0.0,0.0,0.0,0.0,120.0,81.1,162.0,73.0,5.9,97.4,2.57,62.0,154.0,26.2,0
55.0,1,0,0,0,1,27.5,94.3,0.0,0.0,0.0,0.0,109.4,69.2,142.0,90.0,5.4,70.4,3.53,80.8,175.0,26.4,0
36.0,1,0,0,0,1,28.5,89.2,0.0,0.0,0.0,0.0,112.7,66.0,193.0,57.0,5.8,105.7,9.52,79.5,171.0,27.2,0
51.0,1,0,0,0,1,29.4,89.5,0.0,0.0,0.0,0.0,106.5,71.4,182.0,50.0,5.4,112.3,7.03,72.6,156.4,29.7,0
41.0,1,0,0,0,1,24.7,75.5,0.0,0.0,0.0,0.0,122.3,75.8,164.0,59.0,5.3,72.1,12.74,57.2,156.8,23.3,0
20.0,1,0,0,0,1,48.5,120.2,0.0,0.0,0.0,0.0,127.5,89.5,177.0,40.0,5.5,103.8,14.96,113.2,158.2,45.3,0
30.0,1,0,0,0,1,21.6,74.0,0.0,0.0,0.0,0.0,115.3,72.5,261.0,75.0,5.8,95.0,5.85,50.9,166.8,18.3,0
62.0,1,0,0,0,1,25.5,91.2,0.0,0.0,0.0,0.0,125.5,89.8,240.0,81.0,5.5,96.3,38.8,66.5,162.1,25.3,0
34.0,1,0,0,0,1,55.6,155.6,0.0,0.0,0.0,0.0,108.9,65.1,187.0,46.0,5.0,95.6,2.56,179.6,184.8,52.6,0
48.0,1,0,0,0,1,36.2,107.5,0.0,0.0,0.0,0.0,104.3,69.6,199.0,93.0,5.8,66.7,8.07,66.6,151.9,28.9,0
38.0,1,0,0,0,1,26.3,78.7,0.0,0.0,0.0,0.0,113.3,72.8,132.0,44.0,5.0,114.1,8.18,62.1,155.6,25.6,0
18.0,1,0,0,0,1,23.1,77.4,0.0,0.0,0.0,0.0,107.1,69.9,138.0,40.0,4.9,131.4,5.01,52.3,158.1,20.9,0
35.0,1,0,0,0,1,28.9,96.6,0.0,0.0,0.0,0.0,123.4,79.1,210.0,47.0,5.3,56.9,5.69,66.5,154.7,27.8,0
21.0,1,0,0,0,1,28.7,96.0,0.0,0.0,0.0,0.0,114.5,76.6,148.0,94.0,5.5,122.6,9.93,72.5,158.2,29.0,0
33.0,1,0,0,0,1,29.4,92.5,0.0,0.0,0.0,0.0,96.4,65.4,171.0,52.0,5.2,112.7,13.25,57.9,140.5,29.3,0
29.0,1,0,0,0,1,23.2,79.4,0.0,0.0,0.0,0.0,97.2,62.9,128.0,38.0,5.1,118.8,7.09,56.8,156.9,23.1,0
32.0,1,0,0,0,1,24.8,84.9,0.0,0.0,0.0,0.0,117.6,76.5,243.0,48.0,5.3,65.2,6.2,62.0,158.8,24.6,0
38.0,1,0,0,0,1,24.1,88.5,0.0,0.0,0.0,0.0,99.0,69.8,202.0,78.0,5.5,109.0,3.75,48.4,158.7,19.2,0
41.0,1,0,0,0,1,30.3,101.9,0.0,0.0,0.0,0.0,133.1,79.5,175.0,70.0,5.2,98.7,6.69,75.7,164.7,27.9,0
31.0,1,0,0,0,1,21.1,81.1,0.0,0.0,0.0,0.0,101.1,66.1,178.0,57.0,5.3,107.2,11.9,49.1,151.9,21.3,0
47.0,1,0,0,0,1,28.1,84.9,0.0,0.0,0.0,0.0,106.0,66.0,178.0,50.0,6.2,113.2,7.02,62.0,159.5,24.4,0
73.0,1,0,0,0,1,46.0,126.9,0.0,0.0,0.0,0.0,129.0,68.9,196.0,82.0,5.3,67.5,13.17,104.1,156.3,42.6,0
34.0,1,0,0,0,1,27.1,89.4,0.0,0.0,0.0,0.0,93.4,58.2,131.0,54.0,4.9,90.4,7.29,65.1,159.0,25.7,0
23.0,1,0,0,0,1,19.3,69.2,0.0,0.0,0.0,0.0,112.5,68.0,185.0,45.0,4.8,129.3,11.25,48.0,169.9,16.6,0
33.0,1,0,0,0,1,21.0,83.2,0.0,0.0,0.0,0.0,111.5,75.1,203.0,79.0,5.1,96.5,7.15,58.3,168.4,20.6,0
34.0,1,0,0,0,1,21.1,74.9,0.0,0.0,0.0,0.0,114.3,52.8,174.0,47.0,5.3,130.6,11.13,52.5,159.0,20.8,0
49.0,1,0,0,0,1,40.6,119.4,0.0,0.0,0.0,0.0,132.6,76.6,181.0,46.0,5.6,68.2,9.87,86.8,151.6,37.8,0
76.0,1,0,0,0,1,21.4,83.0,0.0,0.0,0.0,0.0,117.2,76.5,180.0,52.0,6.1,64.2,8.35,53.8,165.1,19.7,0
22.0,1,0,0,0,1,23.6,79.7,0.0,0.0,0.0,0.0,102.0,73.6,170.0,33.0,4.8,126.3,26.27,65.5,167.2,23.4,0
35.0,1,0,0,0,1,33.8,103.4,0.0,0.0,0.0,0.0,131.9,78.4,231.0,71.0,4.9,105.5,10.76,71.8,149.4,32.2,0
32.0,1,0,0,0,1,27.4,87.2,0.0,0.0,0.0,0.0,113.3,76.5,179.0,52.0,5.6,118.1,10.13,67.0,158.6,26.6,0
67.0,1,0,0,0,1,29.2,90.3,0.0,0.0,0.0,0.0,96.9,64.2,184.0,40.0,5.4,72.6,27.6,77.7,165.0,28.5,0
34.0,1,0,0,0,1,36.8,111.3,0.0,0.0,0.0,0.0,96.6,60.5,175.0,38.0,5.6,111.7,7.34,97.1,167.2,34.7,0
39.0,1,0,0,0,1,35.2,103.1,0.0,0.0,0.0,0.0,108.6,71.4,181.0,43.0,5.1,101.0,10.59,82.7,157.6,33.3,0
24.0,1,0,0,0,1,29.2,90.6,0.0,0.0,0.0,0.0,113.3,71.0,178.0,41.0,4.9,118.2,6.76,76.0,171.6,25.8,0
50.0,1,0,0,0,1,47.7,133.7,0.0,0.0,0.0,0.0,113.1,75.2,185.0,32.0,4.7,114.8,7.05,135.8,173.7,45.0,0
56.0,1,0,0,0,1,35.4,98.7,0.0,0.0,0.0,0.0,112.4,86.9,172.0,47.0,5.2,118.4,9.79,81.8,157.0,33.2,0
32.0,1,0,0,0,1,28.5,98.2,0.0,0.0,0.0,0.0,133.6,82.6,179.0,44.0,5.2,73.4,8.44,69.8,160.0,27.3,0
21.0,1,0,0,0,1,26.0,86.2,0.0,0.0,0.0,0.0,109.0,70.4,130.0,56.0,5.8,113.5,9.21,58.5,159.0,23.1,0
33.0,1,0,0,0,1,24.1,86.1,0.0,0.0,0.0,0.0,104.1,73.6,232.0,67.0,5.4,100.4,9.51,79.6,187.2,22.7,0
34.0,1,0,0,0,1,24.1,80.3,0.0,0.0,0.0,0.0,141.5,85.0,157.0,44.0,5.2,129.2,4.42,69.2,172.0,23.4,0
23.0,1,0,0,0,1,44.1,139.1,0.0,0.0,0.0,0.0,107.5,70.8,195.0,43.0,5.1,114.4,6.33,104.7,158.5,41.7,0
23.0,1,0,0,0,1,24.0,80.6,0.0,0.0,0.0,0.0,105.4,62.5,181.0,43.0,5.1,75.0,9.71,55.7,164.9,20.5,0
42.0,1,0,0,0,1,25.1,85.2,0.0,0.0,0.0,0.0,123.1,74.0,199.0,55.0,4.8,106.4,8.16,51.4,147.5,23.6,0
35.0,1,0,0,0,1,22.1,76.5,0.0,0.0,0.0,0.0,97.0,71.6,200.0,84.0,4.5,94.4,3.27,55.6,155.1,23.1,0
38.0,1,0,0,0,1,25.5,82.2,0.0,0.0,0.0,0.0,124.8,81.6,184.0,58.0,5.4,101.6,14.95,53.4,148.2,24.3,0
38.0,1,0,0,0,1,29.2,94.7,0.0,0.0,0.0,0.0,109.1,71.8,200.0,34.0,5.4,92.0,8.94,84.9,174.1,28.0,0
49.0,1,0,0,0,1,34.2,80.9,0.0,0.0,0.0,0.0,97.1,66.5,215.0,34.0,5.2,129.2,26.5,88.5,164.9,32.6,0
56.0,1,0,0,0,1,25.3,82.8,0.0,0.0,0.0,0.0,122.9,70.7,171.0,70.0,5.3,68.8,40.67,56.3,151.8,24.5,0
42.0,1,0,0,0,1,28.0,80.8,0.0,0.0,0.0,0.0,114.2,72.3,186.0,59.0,5.4,101.0,5.46,59.5,162.4,22.6,0
18.0,1,0,0,0,1,22.2,70.2,0.0,0.0,0.0,0.0,125.8,80.4,169.0,38.0,4.7,118.3,4.0,55.1,171.8,18.7,0
24.0,1,0,0,0,1,26.7,79.1,0.0,0.0,0.0,0.0,116.2,61.8,212.0,39.0,5.2,127.6,13.69,59.9,157.3,24.2,0
43.0,1,0,0,0,1,27.2,96.1,0.0,0.0,0.0,0.0,131.7,80.4,169.0,58.0,7.1,77.9,12.0,68.0,168.2,24.0,0
56.0,1,0,0,0,1,34.8,116.2,0.0,0.0,0.0,0.0,116.5,81.6,208.0,60.0,5.6,102.9,9.37,81.9,154.9,34.1,0
33.0,1,0,0,0,1,27.5,83.4,0.0,0.0,0.0,0.0,113.4,74.3,221.0,39.0,5.2,64.2,1.05,59.5,151.1,26.1,0
51.0,1,0,0,0,1,38.1,109.1,0.0,0.0,0.0,0.0,129.4,79.3,212.0,67.0,5.8,73.7,6.98,90.4,158.4,36.0,0
20.0,1,0,0,0,1,27.3,88.1,0.0,0.0,0.0,0.0,107.5,57.0,169.0,48.0,4.9,141.2,4.61,80.6,174.8,26.4,0
56.0,1,0,0,0,1,25.7,79.3,0.0,0.0,0.0,0.0,123.8,90.2,211.0,35.0,5.9,98.1,6.22,67.1,165.0,24.6,0
56.0,1,0,0,0,1,33.9,113.0,0.0,0.0,0.0,0.0,109.5,74.4,201.0,47.0,5.9,96.9,9.67,98.9,169.0,34.6,0
31.0,1,0,0,0,1,30.9,92.7,0.0,0.0,0.0,0.0,102.3,60.1,214.0,43.0,4.9,92.5,5.05,85.0,172.2,28.7,0
36.0,1,0,0,0,1,37.9,109.1,0.0,0.0,0.0,0.0,107.7,70.7,196.0,70.0,5.8,115.2,8.58,86.2,154.7,36.0,0
28.0,1,0,0,0,1,50.6,142.1,0.0,0.0,0.0,0.0,109.4,71.5,165.0,41.0,5.0,138.8,2.98,126.1,168.3,44.5,0
45.0,1,0,0,0,1,37.7,121.4,0.0,0.0,0.0,0.0,104.2,72.0,148.0,36.0,6.4,101.9,9.92,93.5,162.6,35.4,0
55.0,1,0,0,0,1,32.5,96.8,0.0,0.0,0.0,0.0,116.5,64.7,218.0,69.0,6.6,98.9,3.27,79.4,158.6,31.5,0
32.0,1,0,0,0,1,27.1,88.9,0.0,0.0,0.0,0.0,105.3,72.8,173.0,37.0,5.0,93.6,9.49,61.2,168.8,21.5,0
31.0,1,0,0,0,1,30.1,97.8,0.0,0.0,0.0,0.0,133.1,80.8,200.0,41.0,5.4,127.3,10.67,86.1,173.4,28.6,0
58.0,1,0,0,0,1,27.2,85.8,0.0,0.0,0.0,0.0,114.7,74.7,182.0,60.0,4.8,121.7,3.07,64.0,154.8,26.7,0
73.0,1,0,0,0,1,26.7,92.3,0.0,0.0,0.0,0.0,116.3,66.9,174.0,43.0,6.3,82.5,100.28,84.7,179.4,26.3,0
20.0,1,0,0,0,1,41.4,120.3,0.0,0.0,0.0,0.0,102.3,58.1,169.0,40.0,5.1,120.0,3.16,133.0,179.3,41.4,0
61.0,1,0,0,0,1,28.8,95.0,0.0,0.0,0.0,0.0,131.6,78.9,119.0,68.0,5.1,84.8,7.09,89.9,180.6,27.6,0
64.0,1,0,0,0,1,47.5,134.2,0.0,0.0,0.0,0.0,132.3,81.7,206.0,72.0,5.5,84.5,11.76,104.0,152.3,44.8,0
34.0,1,0,0,0,1,22.5,75.7,0.0,0.0,0.0,0.0,114.1,78.0,170.0,39.0,4.8,116.1,11.19,54.5,153.6,23.1,0
31.0,1,0,0,0,1,39.4,119.7,0.0,0.0,0.0,0.0,109.7,73.6,187.0,61.0,4.3,130.3,0.38,94.8,159.5,37.3,0
49.0,1,0,0,0,1,24.8,79.2,0.0,0.0,0.0,0.0,132.9,86.9,191.0,90.0,6.0,83.1,41.45,73.0,172.2,24.6,0
34.0,1,0,0,0,1,23.3,80.8,0.0,0.0,0.0,0.0,111.6,59.8,183.0,49.0,5.1,122.6,7.6,56.1,158.4,22.4,0
22.0,1,0,0,0,1,27.6,91.0,0.0,0.0,0.0,0.0,108.8,51.1,165.0,46.0,4.7,78.6,19.52,68.3,172.1,23.1,0
30.0,1,0,0,0,1,39.1,119.3,0.0,0.0,0.0,0.0,116.8,86.3,188.0,46.0,4.9,100.2,10.74,105.5,164.9,38.8,0
51.0,1,0,0,0,1,30.1,102.6,0.0,0.0,0.0,0.0,128.5,68.8,196.0,75.0,5.8,103.7,46.52,66.8,152.1,28.9,0
27.0,1,0,0,0,1,29.9,93.8,0.0,0.0,0.0,0.0,110.0,64.4,183.0,43.0,4.6,119.8,48.13,86.8,173.9,28.7,0
19.0,1,0,0,0,1,26.2,88.8,0.0,0.0,0.0,0.0,112.8,80.4,172.0,53.0,5.2,136.3,9.76,74.7,173.2,24.9,0
37.0,1,0,0,0,1,23.4,78.3,0.0,0.0,0.0,0.0,123.9,77.0,172.0,50.0,4.9,105.0,11.61,56.3,156.2,23.1,0
24.0,1,0,0,0,1,36.6,104.9,0.0,0.0,0.0,0.0,126.7,71.6,155.0,63.0,5.2,96.7,9.86,76.2,149.1,34.3,0
28.0,1,0,0,0,1,25.2,81.1,0.0,0.0,0.0,0.0,123.7,78.2,172.0,73.0,5.6,77.9,6.58,55.3,156.8,22.5,0
33.0,1,0,0,0,1,28.0,96.9,0.0,0.0,0.0,0.0,109.3,68.4,177.0,38.0,5.2,126.3,9.05,67.2,154.6,28.1,0
21.0,1,0,0,0,1,21.7,80.4,0.0,0.0,0.0,0.0,127.4,78.7,212.0,62.0,5.4,88.6,7.76,51.9,154.1,21.8,0
44.0,1,0,0,0,1,29.0,91.2,0.0,0.0,0.0,0.0,128.4,73.0,194.0,41.0,5.2,118.0,49.24,78.8,170.1,27.2,0
34.0,1,0,0,0,1,35.0,100.2,0.0,0.0,0.0,0.0,104.2,71.3,194.0,39.0,5.7,110.6,11.46,86.3,158.2,34.5,0
42.0,1,0,0,0,1,24.1,78.6,0.0,0.0,0.0,0.0,104.8,67.8,164.0,41.0,5.8,107.2,6.5,60.5,158.1,24.2,0
48.0,1,0,0,0,1,26.0,92.5,0.0,0.0,0.0,0.0,125.4,76.7,202.0,69.0,5.5,67.0,4.86,64.9,154.7,27.1,0
47.0,1,0,0,0,1,34.9,95.3,0.0,0.0,0.0,0.0,122.0,75.1,140.0,36.0,5.7,122.8,8.04,96.0,167.8,34.1,0
58.0,1,0,0,0,1,24.0,78.8,0.0,0.0,0.0,0.0,117.6,78.4,188.0,107.0,5.8,73.1,8.54,61.9,171.7,21.0,0
29.0,1,0,0,0,1,29.5,96.0,0.0,0.0,0.0,0.0,155.3,96.4,150.0,36.0,5.1,118.4,11.57,55.2,142.0,27.4,0
66.0,1,0,0,0,1,24.5,83.4,0.0,0.0,0.0,0.0,123.6,65.9,160.0,56.0,6.6,74.5,7.54,51.7,149.3,23.2,0
67.0,1,0,0,0,1,27.8,91.2,0.0,0.0,0.0,0.0,126.5,79.8,131.0,54.0,5.6,98.1,7.08,68.1,153.4,29.0,0
45.0,1,0,0,0,1,23.0,82.7,0.0,0.0,0.0,0.0,137.1,85.4,259.0,42.0,4.8,120.8,9.75,53.3,153.9,22.5,0
62.0,1,0,0,0,1,39.4,112.2,0.0,0.0,0.0,0.0,103.8,67.3,143.0,67.0,5.7,101.1,5.05,104.2,164.6,38.4,0
41.0,1,0,0,0,1,24.3,86.4,0.0,0.0,0.0,0.0,109.7,68.2,123.0,95.0,5.8,114.2,6.62,59.4,157.3,24.0,0
74.0,1,0,0,0,1,27.1,99.1,0.0,0.0,0.0,0.0,106.8,72.6,111.0,50.0,5.9,72.7,6.24,73.8,168.9,25.9,0
37.0,1,0,0,0,1,33.9,108.3,0.0,0.0,0.0,0.0,126.1,76.7,142.0,44.0,5.7,93.7,12.51,90.6,167.5,32.3,0
74.0,1,0,0,0,1,21.4,84.0,0.0,0.0,0.0,0.0,129.1,73.4,161.0,76.0,5.4,92.5,12.07,60.1,169.2,21.0,0
22.0,1,0,0,0,1,26.3,88.3,0.0,0.0,0.0,0.0,110.8,66.0,164.0,51.0,5.0,99.2,5.04,70.1,165.1,25.7,0
50.0,1,0,0,0,1,30.0,96.3,0.0,0.0,0.0,0.0,116.9,63.7,214.0,45.0,6.3,67.7,10.4,81.3,168.8,28.5,0
32.0,1,0,0,0,1,41.3,115.9,0.0,0.0,0.0,0.0,102.5,77.4,190.0,31.0,6.3,126.2,6.7,123.6,179.4,38.4,0
46.0,1,0,0,0,1,23.2,75.0,0.0,0.0,0.0,0.0,129.4,78.4,123.0,33.0,5.4,81.4,7.86,58.9,167.8,20.9,0
46.0,1,0,0,0,1,25.6,91.1,0.0,0.0,0.0,0.0,99.5,77.3,199.0,77.0,5.8,99.6,5.17,56.4,152.0,24.4,0
34.0,1,0,0,0,1,51.2,147.5,0.0,0.0,0.0,0.0,133.2,82.0,195.0,45.0,5.5,126.3,7.55,122.6,153.4,52.1,0
66.0,1,0,0,0,1,43.5,130.7,0.0,0.0,0.0,0.0,135.7,86.7,174.0,73.0,6.1,61.7,9.43,108.1,166.8,38.8,0
48.0,1,0,0,0,1,35.5,116.4,0.0,0.0,0.0,0.0,124.3,70.9,165.0,33.0,5.4,121.9,6.32,96.7,165.2,35.4,0
66.0,1,0,0,0,1,39.3,116.8,0.0,0.0,0.0,0.0,132.1,56.1,165.0,76.0,5.0,130.0,7.64,96.9,157.5,39.1,0
46.0,1,0,0,0,1,21.7,77.6,0.0,0.0,0.0,0.0,100.2,98.7,187.0,43.0,5.1,102.6,1.97,70.2,185.8,20.3,0
23.0,1,0,0,0,1,26.7,83.2,0.0,0.0,0.0,0.0,103.9,69.9,164.0,50.0,4.7,130.4,10.25,84.5,180.6,25.9,0
56.0,1,0,0,0,1,23.5,90.1,0.0,0.0,0.0,0.0,137.8,90.8,202.0,40.0,5.7,119.2,7.76,55.8,165.4,20.4,0
23.0,1,0,0,0,1,50.6,131.1,0.0,0.0,0.0,0.0,118.2,68.0,178.0,112.0,5.2,95.8,8.23,133.8,166.9,48.0,0
67.0,1,0,0,0,1,40.0,128.0,0.0,0.0,0.0,0.0,132.7,64.5,178.0,49.0,5.4,57.6,8.25,132.8,187.3,37.8,0
45.0,1,0,0,0,1,59.4,151.2,0.0,0.0,0.0,0.0,129.3,71.2,201.0,47.0,5.8,117.3,33.6,139.8,159.6,54.9,0
30.0,1,0,0,0,1,32.8,93.5,0.0,0.0,0.0,0.0,94.6,68.3,210.0,80.0,6.3,83.3,47.27,57.9,151.2,25.3,0
47.0,1,0,0,0,1,26.8,90.5,0.0,0.0,0.0,0.0,95.0,69.5,115.0,51.0,5.0,125.7,1.54,61.1,153.4,26.0,0
30.0,1,0,0,0,1,37.0,103.5,0.0,0.0,0.0,0.0,109.4,71.0,166.0,108.0,5.3,115.9,34.09,86.0,156.9,34.9,0
69.0,1,0,0,0,1,24.3,82.8,0.0,0.0,0.0,0.0,153.2,92.0,178.0,89.0,6.7,111.5,5.44,55.1,153.4,23.4,0
30.0,1,0,0,0,1,43.3,114.4,0.0,0.0,0.0,0.0,109.0,73.7,112.0,38.0,15.4,113.1,4.1,96.2,158.1,38.5,0
33.0,1,0,0,0,1,38.4,109.1,0.0,0.0,0.0,0.0,102.8,65.8,121.0,50.0,5.1,110.8,7.0,92.6,156.2,38.0,0
33.0,1,0,0,0,1,36.1,104.0,0.0,0.0,0.0,0.0,104.5,68.3,164.0,44.0,6.1,121.5,12.05,90.4,166.6,32.6,0
51.0,1,0,0,0,1,37.1,115.5,0.0,0.0,0.0,0.0,105.3,66.5,211.0,65.0,4.9,97.4,4.5,80.2,149.8,35.8,0
31.0,1,0,0,0,1,25.4,91.6,0.0,0.0,0.0,0.0,107.1,65.3,182.0,42.0,5.2,99.5,9.51,70.5,164.7,26.0,0
25.0,1,0,0,0,1,24.9,88.4,0.0,0.0,0.0,0.0,141.4,88.4,197.0,52.0,4.9,100.6,11.32,62.4,158.2,24.9,0
71.0,1,0,0,0,1,33.6,89.3,0.0,0.0,0.0,0.0,120.3,70.4,212.0,47.0,5.7,93.9,13.58,61.8,139.4,31.8,0
68.0,1,0,0,0,1,35.9,114.7,0.0,0.0,0.0,0.0,132.1,82.7,207.0,88.0,5.3,87.7,6.15,109.7,180.5,33.7,0
35.0,1,0,0,0,1,31.7,93.7,0.0,0.0,0.0,0.0,99.6,71.9,107.0,53.0,5.4,94.2,11.76,63.0,159.0,24.9,0
21.0,1,0,0,0,1,22.4,78.1,0.0,0.0,0.0,0.0,123.4,86.9,131.0,70.0,4.3,113.0,10.82,48.8,145.3,23.1,0
72.0,1,0,0,0,1,29.1,89.9,0.0,0.0,0.0,0.0,146.5,87.9,197.0,65.0,6.2,66.7,31.94,64.7,158.5,25.8,0
46.0,1,0,0,0,1,49.6,135.7,0.0,0.0,0.0,0.0,104.7,73.2,167.0,48.0,5.3,123.9,12.66,115.1,156.9,46.7,0
37.0,1,0,0,0,1,31.9,93.4,0.0,0.0,0.0,0.0,109.2,75.3,198.0,42.0,4.9,83.4,12.39,83.1,162.1,31.6,0
69.0,1,0,0,0,1,24.7,103.3,0.0,0.0,0.0,0.0,140.7,78.9,211.0,64.0,5.4,90.7,453.33,56.9,156.2,23.3,0
28.0,1,0,0,0,1,23.3,79.4,0.0,0.0,0.0,0.0,128.3,76.6,174.0,67.0,5.2,90.3,6.92,67.2,174.5,22.1,0
19.0,1,0,0,0,1,26.9,90.1,0.0,0.0,0.0,0.0,109.7,69.9,157.0,63.0,5.7,86.8,6.99,87.3,179.3,27.2,0
37.0,1,0,0,0,1,44.3,126.5,0.0,0.0,0.0,0.0,104.0,70.2,154.0,53.0,6.4,96.9,2.55,96.0,159.8,37.6,0
60.0,1,0,0,0,1,55.5,146.7,0.0,0.0,0.0,0.0,126.0,63.2,198.0,49.0,6.2,101.3,6.06,121.3,152.9,51.9,0
41.0,1,0,0,0,1,29.7,100.1,0.0,0.0,0.0,0.0,99.1,68.6,213.0,56.0,4.9,71.3,4.56,82.7,168.1,29.3,0
35.0,1,0,0,0,1,26.3,79.0,0.0,0.0,0.0,0.0,106.4,71.1,157.0,77.0,5.8,108.8,4.57,57.7,152.1,24.9,0
70.0,1,0,0,0,1,32.5,104.3,0.0,0.0,0.0,0.0,114.2,69.4,211.0,80.0,5.3,63.4,9.32,86.1,167.2,30.8,0
29.0,1,0,0,0,1,40.4,122.2,0.0,0.0,0.0,0.0,103.9,71.5,189.0,47.0,5.8,97.2,7.4,89.8,152.2,38.8,0
55.0,1,0,0,0,1,23.0,79.9,0.0,0.0,0.0,0.0,123.5,78.2,180.0,38.0,6.1,52.6,5.99,52.6,153.8,22.2,0
70.0,1,0,0,0,1,28.3,91.3,0.0,0.0,0.0,0.0,125.8,68.8,216.0,75.0,5.1,64.9,6.46,70.0,160.4,27.2,0
34.0,1,0,0,0,1,35.1,99.5,0.0,0.0,0.0,0.0,108.8,78.0,215.0,35.0,5.7,128.3,6.57,81.6,154.8,34.1,0
30.0,1,0,0,0,1,42.2,115.6,0.0,0.0,0.0,0.0,104.2,76.9,174.0,54.0,5.3,127.7,37.5,105.7,167.7,37.6,0
50.0,1,0,0,0,1,48.0,132.3,0.0,0.0,0.0,0.0,126.4,84.4,182.0,65.0,5.3,66.1,10.61,117.6,159.3,46.3,0
20.0,1,0,0,0,1,33.3,107.6,0.0,0.0,0.0,0.0,99.9,76.7,181.0,36.0,5.1,131.5,6.94,72.6,157.9,29.1,0
23.0,1,0,0,0,1,26.5,88.1,0.0,0.0,0.0,0.0,104.8,56.4,189.0,45.0,5.7,96.4,36.86,60.6,159.1,23.9,0
32.0,1,0,0,0,1,22.6,79.7,0.0,0.0,0.0,0.0,109.7,59.8,185.0,38.0,5.0,117.2,4.69,42.8,154.0,18.0,0
68.0,1,0,0,0,1,23.9,74.8,0.0,0.0,0.0,0.0,126.9,65.1,240.0,68.0,5.3,100.2,2.39,65.0,170.2,22.4,0
29.0,1,0,0,0,1,40.6,118.6,0.0,0.0,0.0,0.0,121.1,75.5,130.0,44.0,4.7,126.3,14.38,123.3,185.4,35.9,0
43.0,1,0,0,0,1,23.9,82.2,0.0,0.0,0.0,0.0,123.0,71.0,174.0,62.0,6.0,109.3,5.98,54.1,154.9,22.5,0
47.0,1,0,0,0,1,38.5,102.8,0.0,0.0,0.0,0.0,107.1,70.1,151.0,67.0,6.3,108.0,6.5,83.2,153.8,35.2,0
40.0,1,0,0,0,1,23.6,83.4,0.0,0.0,0.0,0.0,107.1,67.9,165.0,45.0,5.4,125.7,27.68,78.4,178.5,24.6,0
71.0,1,0,0,0,1,31.0,102.7,0.0,0.0,0.0,0.0,115.4,56.3,197.0,47.0,5.4,45.0,12.02,77.6,162.4,29.4,0
61.0,1,0,0,0,1,26.7,87.3,0.0,0.0,0.0,0.0,127.1,79.5,207.0,60.0,5.8,114.9,8.24,54.6,157.3,22.1,0
30.0,1,0,0,0,1,28.2,89.7,0.0,0.0,0.0,0.0,107.4,63.3,159.0,49.0,5.2,103.3,8.96,67.0,149.4,30.0,0
35.0,1,0,0,0,1,28.3,90.7,0.0,0.0,0.0,0.0,140.3,86.6,230.0,44.0,4.6,94.9,4.47,66.7,158.0,26.7,0
30.0,1,0,0,0,1,27.3,85.0,0.0,0.0,0.0,0.0,114.3,78.8,221.0,51.0,5.4,104.6,6.27,60.0,159.1,23.7,0
42.0,1,0,0,0,1,21.8,79.4,0.0,0.0,0.0,0.0,121.7,67.0,200.0,47.0,5.8,74.6,50.11,69.7,183.2,20.8,0
33.0,1,0,0,0,1,23.2,80.1,0.0,0.0,0.0,0.0,110.8,75.4,187.0,64.0,5.1,103.9,11.83,57.4,159.4,22.6,0
23.0,1,0,0,0,1,45.8,121.2,0.0,0.0,0.0,0.0,100.9,75.4,225.0,45.0,5.1,107.2,2.96,87.1,153.4,37.0,0
38.0,1,0,0,0,1,28.9,90.5,0.0,0.0,0.0,0.0,115.1,66.0,225.0,49.0,5.5,102.3,3.74,87.4,171.6,29.7,0
57.0,1,0,0,0,1,25.2,61.8,0.0,0.0,0.0,0.0,114.3,76.1,199.0,50.0,6.0,63.3,27.32,51.1,156.4,20.9,0
31.0,1,0,0,0,1,44.2,118.9,0.0,0.0,0.0,0.0,129.9,80.0,186.0,43.0,5.2,101.1,5.31,124.1,172.7,41.6,0
37.0,1,0,0,0,1,41.3,120.5,0.0,0.0,0.0,0.0,123.6,82.6,115.0,43.0,4.5,110.0,13.46,117.2,171.2,40.0,0
26.0,1,0,0,0,1,41.4,116.8,0.0,0.0,0.0,0.0,118.4,75.0,141.0,49.0,5.2,107.2,38.07,109.3,166.3,39.5,0
45.0,1,0,0,0,1,36.6,104.2,0.0,0.0,0.0,0.0,111.8,76.3,221.0,37.0,5.1,127.2,10.54,101.8,168.1,36.0,0
20.0,1,0,0,0,1,35.0,108.0,0.0,0.0,0.0,0.0,116.3,85.5,160.0,38.0,5.5,127.2,6.32,107.7,177.9,34.0,0
46.0,1,0,0,0,1,27.2,83.7,0.0,0.0,0.0,0.0,103.0,69.2,196.0,63.0,5.4,135.7,8.49,69.9,164.7,25.8,0
22.0,1,0,0,0,1,34.5,103.1,0.0,0.0,0.0,0.0,101.1,70.4,223.0,54.0,4.8,106.2,13.1,77.2,152.4,33.3,0
37.0,1,0,0,0,1,35.0,103.6,0.0,0.0,0.0,0.0,128.8,77.6,201.0,81.0,5.5,89.3,7.1,85.9,157.1,34.8,0
31.0,1,0,0,0,1,57.6,140.8,0.0,0.0,0.0,0.0,131.6,82.8,232.0,46.0,5.0,117.5,11.22,148.8,168.0,52.7,0
36.0,1,0,0,0,1,29.8,85.7,0.0,0.0,0.0,0.0,144.8,85.2,270.0,69.0,5.8,67.6,4.56,76.9,162.8,29.0,0
59.0,1,0,0,0,1,23.0,87.2,0.0,0.0,0.0,0.0,113.6,76.6,169.0,79.0,5.5,74.4,7.59,52.7,153.0,22.5,0
36.0,1,0,0,0,1,23.4,78.1,0.0,0.0,0.0,0.0,105.8,71.3,155.0,77.0,4.7,130.7,5.59,67.2,169.2,23.5,0
21.0,1,0,0,0,1,28.2,83.7,0.0,0.0,0.0,0.0,104.6,62.9,152.0,32.0,5.7,121.6,30.31,64.6,158.0,25.9,0
36.0,1,0,0,0,1,25.7,91.1,0.0,0.0,0.0,0.0,109.6,73.3,210.0,40.0,5.0,107.6,10.64,64.3,159.2,25.4,0
36.0,1,0,0,0,1,22.0,75.5,0.0,0.0,0.0,0.0,128.5,70.6,162.0,73.0,5.0,91.4,9.98,53.3,158.4,21.2,0
32.0,1,0,0,0,1,35.3,107.4,0.0,0.0,0.0,0.0,134.2,77.6,176.0,36.0,5.4,91.6,7.03,80.6,150.3,35.7,0
26.0,1,0,0,0,1,35.5,98.8,0.0,0.0,0.0,0.0,104.5,64.1,173.0,46.0,5.2,115.8,4.58,96.7,168.6,34.0,0
72.0,1,0,0,0,1,43.3,113.4,0.0,0.0,0.0,0.0,125.0,70.7,230.0,59.0,5.4,77.6,10.02,96.5,152.3,41.6,0
65.0,1,0,0,0,1,37.0,111.7,0.0,0.0,0.0,0.0,126.2,80.3,236.0,73.0,6.2,91.7,13.15,83.7,159.0,33.1,0
36.0,1,0,0,0,1,26.6,83.5,0.0,0.0,0.0,0.0,125.9,86.7,177.0,42.0,5.1,102.8,10.24,66.3,164.9,24.4,0
65.0,1,0,0,0,1,25.1,82.6,0.0,0.0,0.0,0.0,126.9,78.9,197.0,72.0,5.7,91.4,12.35,46.0,151.1,20.1,0
19.0,1,0,0,0,1,41.8,119.7,0.0,0.0,0.0,0.0,124.3,80.4,208.0,30.0,5.3,135.4,7.48,110.7,167.6,39.4,0
34.0,1,0,0,0,1,19.6,73.1,0.0,0.0,0.0,0.0,104.0,50.7,169.0,68.0,5.0,68.7,9.08,48.2,158.8,19.1,0
50.0,1,0,0,0,1,22.0,77.9,0.0,0.0,0.0,0.0,154.6,90.4,227.0,88.0,5.4,122.3,13.17,33.6,139.3,17.3,0
31.0,1,0,0,0,1,32.9,106.1,0.0,0.0,0.0,0.0,138.6,91.2,210.0,51.0,4.9,82.5,14.28,82.0,167.0,29.4,0
54.0,1,0,0,0,1,32.1,97.9,0.0,0.0,0.0,0.0,133.5,78.6,195.0,50.0,5.6,97.2,5.5,78.7,157.3,31.8,0
32.0,1,0,0,0,1,41.2,120.4,0.0,0.0,0.0,0.0,105.2,69.4,181.0,43.0,4.8,71.7,6.43,102.6,160.2,40.0,0
28.0,1,0,0,0,1,36.5,113.2,0.0,0.0,0.0,0.0,123.1,87.4,153.0,52.0,5.0,102.3,6.61,68.6,152.6,29.4,0
34.0,1,0,0,0,1,51.0,135.6,0.0,0.0,0.0,0.0,113.9,75.8,116.0,57.0,5.2,113.5,6.82,131.7,165.6,48.0,0
34.0,1,0,0,0,1,24.5,75.9,0.0,0.0,0.0,0.0,99.9,61.3,155.0,32.0,5.1,119.9,6.94,66.3,154.8,27.7,0
26.0,1,0,0,0,1,37.9,108.9,0.0,0.0,0.0,0.0,117.3,75.2,229.0,51.0,5.6,113.4,6.46,87.9,156.2,36.0,0
35.0,1,0,0,0,1,21.1,79.5,0.0,0.0,0.0,0.0,118.8,72.7,217.0,56.0,5.0,86.8,53.18,54.9,167.6,19.5,0
33.0,1,0,0,0,1,28.2,91.9,0.0,0.0,0.0,0.0,96.4,67.8,168.0,35.0,5.6,108.8,13.11,69.8,159.7,27.4,0
36.0,1,0,0,0,1,43.5,121.4,0.0,0.0,0.0,0.0,91.7,65.5,213.0,65.0,5.1,126.3,42.75,93.8,158.3,37.4,0
33.0,1,0,0,0,1,36.4,109.4,0.0,0.0,0.0,0.0,132.4,81.6,215.0,55.0,5.6,92.1,8.56,99.4,165.0,36.5,0
25.0,1,0,0,0,1,30.5,93.6,0.0,0.0,0.0,0.0,127.0,87.7,187.0,56.0,5.3,75.2,12.48,60.6,157.2,24.5,0
46.0,1,0,0,0,1,45.5,129.4,0.0,0.0,0.0,0.0,105.2,70.4,166.0,48.0,5.6,124.2,11.7,105.6,158.3,42.2,0
45.0,1,0,0,0,1,36.5,106.1,0.0,0.0,0.0,0.0,104.2,66.1,185.0,51.0,6.0,107.5,4.86,77.5,160.2,30.2,0
59.0,1,0,0,0,1,30.8,97.2,0.0,0.0,0.0,0.0,111.8,74.5,135.0,41.0,5.1,75.9,11.13,76.7,156.6,31.3,0
23.0,1,0,0,0,1,29.0,98.3,0.0,0.0,0.0,0.0,113.6,44.2,160.0,54.0,5.3,68.0,41.88,72.1,165.3,26.4,0
72.0,1,0,0,0,1,19.1,56.4,0.0,0.0,0.0,0.0,121.5,59.2,177.0,94.0,5.7,65.1,40.41,51.0,165.0,18.7,0
67.0,1,0,0,0,1,24.1,87.3,0.0,0.0,0.0,0.0,111.6,72.2,257.0,59.0,5.5,97.7,6.45,57.5,156.5,23.5,0
31.0,1,0,0,0,1,54.6,144.7,0.0,0.0,0.0,0.0,134.0,79.4,173.0,32.0,4.9,122.1,14.64,117.9,154.9,49.1,0
19.0,1,0,0,0,1,23.4,81.1,0.0,0.0,0.0,0.0,128.2,83.9,197.0,32.0,5.7,123.1,4.37,67.0,167.5,23.9,0
39.0,1,0,0,0,1,54.2,147.4,0.0,0.0,0.0,0.0,105.2,67.5,150.0,36.0,5.1,113.5,5.06,129.6,159.2,51.2,0
35.0,1,0,0,0,1,35.9,105.8,0.0,0.0,0.0,0.0,113.7,78.6,162.0,67.0,5.3,98.3,5.46,82.5,158.4,32.9,0
52.0,1,0,0,0,1,21.8,74.1,0.0,0.0,0.0,0.0,141.3,81.9,137.0,43.0,5.2,65.6,13.13,65.1,176.0,21.0,0
37.0,1,0,0,0,1,26.8,96.4,0.0,0.0,0.0,0.0,117.8,76.2,180.0,41.0,5.5,63.5,9.53,69.4,158.7,27.5,0
68.0,1,0,0,0,1,38.2,112.2,0.0,0.0,0.0,0.0,91.6,65.6,225.0,43.0,5.5,116.9,7.73,79.9,159.2,31.5,0
32.0,1,0,0,0,1,32.6,106.6,0.0,0.0,0.0,0.0,124.0,81.3,213.0,73.0,5.8,108.8,12.47,86.0,167.4,30.7,0
22.0,1,0,0,0,1,27.3,93.6,0.0,0.0,0.0,0.0,114.6,74.1,122.0,42.0,5.4,121.5,6.42,62.6,155.7,25.8,0
50.0,1,0,0,0,1,33.7,108.6,0.0,0.0,0.0,0.0,123.5,83.7,190.0,60.0,6.0,108.6,9.51,92.1,168.8,32.3,0
30.0,1,0,0,0,1,34.2,104.8,0.0,0.0,0.0,0.0,108.2,64.3,178.0,77.0,5.5,124.7,11.21,90.9,167.3,32.5,0
71.0,1,0,0,0,1,45.1,137.7,0.0,0.0,0.0,0.0,118.9,81.4,129.0,46.0,5.3,84.1,10.64,116.0,171.8,39.3,0
36.0,1,0,0,0,1,27.5,90.6,0.0,0.0,0.0,0.0,108.6,73.0,225.0,62.0,4.7,65.9,9.71,74.6,168.2,26.4,0
35.0,1,0,0,0,1,47.1,130.3,0.0,0.0,0.0,0.0,107.0,75.0,144.0,48.0,4.8,128.6,9.89,109.1,157.9,43.8,0
37.0,1,0,0,0,1,27.3,83.2,0.0,0.0,0.0,0.0,108.2,80.2,235.0,46.0,5.7,79.1,12.93,67.5,162.1,25.7,0
35.0,1,0,0,0,1,50.3,133.1,0.0,0.0,0.0,0.0,105.8,68.8,186.0,47.0,5.0,125.5,8.98,115.9,165.2,42.5,0
62.0,1,0,0,0,1,40.2,115.0,0.0,0.0,0.0,0.0,124.1,74.1,169.0,38.0,6.1,95.5,12.64,91.4,156.4,37.3,0
49.0,1,0,0,0,1,23.3,79.8,0.0,0.0,0.0,0.0,139.2,70.4,188.0,72.0,5.5,87.3,10.03,55.0,152.2,23.8,0
31.0,1,0,0,0,1,37.2,105.5,0.0,0.0,0.0,0.0,104.5,58.0,156.0,33.0,5.6,123.1,15.39,78.2,157.4,31.6,0
34.0,1,0,0,0,1,35.6,102.7,0.0,0.0,0.0,0.0,134.5,87.3,161.0,88.0,5.6,122.9,12.92,81.7,157.3,33.0,0
40.0,1,0,0,0,1,26.0,85.0,0.0,0.0,0.0,0.0,125.8,83.0,185.0,49.0,4.6,127.6,4.35,68.7,165.1,25.2,0
32.0,1,0,0,0,1,26.7,94.2,0.0,0.0,0.0,0.0,133.7,76.5,181.0,82.0,5.0,80.1,12.5,81.0,172.1,27.4,0
61.0,1,0,0,0,1,20.7,72.7,0.0,0.0,0.0,0.0,114.1,74.5,222.0,46.0,9.6,105.8,11.65,47.5,159.0,18.8,0
19.0,1,0,0,0,1,42.2,114.7,0.0,0.0,0.0,0.0,106.8,70.5,156.0,38.0,4.7,129.2,5.5,115.7,169.1,40.5,0
25.0,1,0,0,0,1,26.1,77.2,0.0,0.0,0.0,0.0,102.5,70.1,206.0,45.0,5.2,114.3,4.59,89.8,182.5,27.0,0
34.0,1,0,0,0,1,28.6,90.4,0.0,0.0,0.0,0.0,108.8,72.3,170.0,77.0,5.2,87.3,6.71,69.0,159.3,27.2,0
36.0,1,0,0,0,1,28.5,89.9,0.0,0.0,0.0,0.0,104.8,78.0,194.0,43.0,4.6,127.6,47.88,81.9,167.0,29.4,0
20.0,1,0,0,0,1,28.5,88.3,0.0,0.0,0.0,0.0,109.1,69.9,190.0,35.0,5.0,120.8,32.14,75.0,164.9,27.6,0
39.0,1,0,0,0,1,34.8,94.1,0.0,0.0,0.0,0.0,105.9,69.3,208.0,54.0,6.3,63.7,45.78,89.7,167.9,31.8,0
38.0,1,0,0,0,1,33.6,102.4,0.0,0.0,0.0,0.0,110.8,71.5,187.0,52.0,5.4,80.1,5.84,81.1,154.6,33.9,0
35.0,1,0,0,0,1,26.9,89.0,0.0,0.0,0.0,0.0,116.4,76.9,207.0,46.0,5.6,116.7,3.91,66.7,168.6,23.5,0
63.0,1,0,0,0,1,26.2,86.8,0.0,0.0,0.0,0.0,110.5,81.2,203.0,47.0,5.6,106.7,6.11,67.4,162.3,25.6,0
29.0,1,0,0,0,1,54.1,165.8,0.0,0.0,0.0,0.0,101.5,67.0,177.0,67.0,5.3,93.1,6.03,149.0,172.7,50.0,0
53.0,1,0,0,0,1,41.2,126.8,0.0,0.0,0.0,0.0,118.5,83.7,135.0,26.0,5.8,114.1,5.11,89.7,157.5,36.2,0
46.0,1,0,0,0,1,22.0,73.3,0.0,0.0,0.0,0.0,108.6,63.6,184.0,36.0,5.1,133.9,10.08,40.2,150.3,17.8,0
24.0,1,0,0,0,1,23.9,77.4,0.0,0.0,0.0,0.0,112.7,71.7,214.0,48.0,5.1,111.7,10.72,61.3,167.6,21.8,0
45.0,1,0,0,0,1,23.2,83.2,0.0,0.0,0.0,0.0,123.2,62.9,179.0,39.0,5.7,118.0,14.27,57.3,152.4,24.7,0
57.0,1,0,0,0,1,40.0,123.7,0.0,0.0,0.0,0.0,130.5,67.1,202.0,72.0,5.7,67.8,5.92,95.0,162.4,36.0,0
28.0,1,0,0,0,1,25.6,90.4,0.0,0.0,0.0,0.0,130.6,79.3,223.0,50.0,6.1,73.6,8.71,60.7,155.3,25.2,0
67.0,1,0,0,0,1,40.8,116.0,0.0,0.0,0.0,0.0,126.5,70.9,193.0,50.0,6.1,68.4,5.91,73.3,141.2,36.8,0
30.0,1,0,0,0,1,26.4,81.5,0.0,0.0,0.0,0.0,139.2,81.1,166.0,48.0,5.3,120.3,6.88,67.6,160.0,26.4,0
34.0,1,0,0,0,1,52.4,147.9,0.0,0.0,0.0,0.0,148.0,89.7,175.0,44.0,6.0,127.5,12.04,130.2,157.6,52.4,0
66.0,1,0,0,0,1,31.9,104.1,0.0,0.0,0.0,0.0,101.8,61.0,209.0,74.0,6.1,55.2,5.55,102.7,185.0,30.0,0
35.0,1,0,0,0,1,37.9,111.2,0.0,0.0,0.0,0.0,109.3,63.1,194.0,47.0,5.8,104.2,6.71,108.8,162.6,41.2,0
23.0,1,0,0,0,1,31.0,102.4,0.0,0.0,0.0,0.0,122.2,68.0,161.0,48.0,5.2,79.4,12.02,81.0,166.6,29.2,0
24.0,1,0,0,0,1,26.6,89.8,0.0,0.0,0.0,0.0,103.9,69.9,115.0,58.0,5.8,109.8,11.16,67.5,159.2,26.6,0
32.0,1,0,0,0,1,23.7,69.4,0.0,0.0,0.0,0.0,101.8,67.9,128.0,61.0,5.8,89.2,10.5,58.1,157.7,23.4,0
22.0,1,0,0,0,1,29.4,78.2,0.0,0.0,0.0,0.0,123.3,79.0,205.0,61.0,4.5,74.8,7.06,62.8,149.2,28.2,0
22.0,1,0,0,0,1,39.7,107.3,0.0,0.0,0.0,0.0,110.3,74.5,177.0,53.0,4.8,72.3,3.71,130.1,181.5,39.5,0
22.0,1,0,0,0,1,27.3,89.7,0.0,0.0,0.0,0.0,130.4,86.5,153.0,33.0,5.4,123.5,10.48,66.9,151.7,29.1,0
61.0,1,0,0,0,1,27.2,88.4,0.0,0.0,0.0,0.0,106.9,80.0,135.0,60.0,5.8,104.0,6.35,51.6,155.0,21.5,0
22.0,1,0,0,0,1,31.1,92.1,0.0,0.0,0.0,0.0,110.5,63.3,192.0,44.0,5.5,70.9,10.74,67.6,149.3,30.3,0
66.0,1,0,0,0,1,31.3,102.3,0.0,0.0,0.0,0.0,127.0,82.5,228.0,39.0,5.4,67.0,7.43,91.4,174.2,30.1,0
75.0,1,0,0,0,1,22.3,62.7,0.0,0.0,0.0,0.0,126.6,73.3,217.0,90.0,5.4,81.4,9.38,59.2,164.9,21.8,0
31.0,1,0,0,0,1,29.2,88.2,0.0,0.0,0.0,0.0,122.5,76.0,211.0,35.0,4.9,105.6,6.79,83.9,168.9,29.4,0
21.0,1,0,0,0,1,21.2,76.5,0.0,0.0,0.0,0.0,106.3,70.7,139.0,102.0,5.3,76.4,11.35,55.0,164.9,20.2,0
18.0,1,0,0,0,1,24.7,80.5,0.0,0.0,0.0,0.0,102.2,76.3,165.0,37.0,4.7,106.0,7.95,63.4,156.8,25.8,0
40.0,1,0,0,0,1,26.5,81.1,0.0,0.0,0.0,0.0,114.7,77.2,173.0,42.0,5.4,101.8,11.67,57.3,151.0,25.1,0
32.0,1,0,0,0,1,21.5,75.7,0.0,0.0,0.0,0.0,104.7,74.8,216.0,40.0,5.8,121.2,28.9,55.6,157.5,22.4,0
62.0,1,0,0,0,1,26.7,93.1,0.0,0.0,0.0,0.0,105.6,72.0,204.0,56.0,5.6,90.2,24.38,68.5,162.7,25.9,0
36.0,1,0,0,0,1,40.3,116.1,0.0,0.0,0.0,0.0,110.9,70.9,154.0,56.0,5.0,130.3,11.07,102.1,166.8,36.7,0
34.0,1,0,0,0,1,33.8,103.7,0.0,0.0,0.0,0.0,126.9,80.1,210.0,45.0,5.0,97.2,12.07,89.7,166.9,32.2,0
42.0,1,0,0,0,1,44.2,117.5,0.0,0.0,0.0,0.0,110.4,75.4,180.0,39.0,4.7,120.1,11.28,97.9,156.9,39.8,0
28.0,1,0,0,0,1,30.3,91.6,0.0,0.0,0.0,0.0,122.4,76.2,187.0,40.0,4.9,120.6,4.34,73.1,170.8,25.0,0
68.0,1,0,0,0,1,28.5,93.6,0.0,0.0,0.0,0.0,122.0,53.1,208.0,93.0,5.8,69.9,7.82,65.0,154.3,27.3,0
29.0,1,0,0,0,1,25.6,91.0,0.0,0.0,0.0,0.0,104.4,74.8,231.0,49.0,5.5,102.1,8.38,60.4,157.9,24.2,0
76.0,1,0,0,0,1,27.4,87.8,0.0,0.0,0.0,0.0,130.6,81.2,218.0,75.0,5.6,49.1,35.64,69.7,163.1,26.2,0
71.0,1,0,0,0,1,28.3,87.7,0.0,0.0,0.0,0.0,106.1,70.7,229.0,83.0,5.2,97.7,8.99,71.5,162.2,27.2,0
37.0,1,0,0,0,1,25.9,90.4,0.0,0.0,0.0,0.0,109.0,73.5,230.0,36.0,5.2,115.3,7.77,62.6,157.7,25.2,0
64.0,1,0,0,0,1,36.2,119.3,0.0,0.0,0.0,0.0,109.4,61.4,267.0,85.0,4.9,102.5,11.94,96.4,167.5,34.4,0
36.0,1,0,0,0,1,37.7,113.3,0.0,0.0,0.0,0.0,126.3,80.9,177.0,38.0,5.8,98.0,5.37,93.5,159.2,36.9,0
52.0,1,0,0,0,1,20.2,69.5,0.0,0.0,0.0,0.0,164.8,92.5,210.0,82.0,5.2,83.8,11.61,43.9,149.9,19.6,0
35.0,1,0,0,0,1,31.7,105.6,0.0,0.0,0.0,0.0,104.7,62.6,191.0,69.0,5.0,81.2,7.77,59.7,155.0,24.9,0
34.0,1,0,0,0,1,30.2,90.2,0.0,0.0,0.0,0.0,111.5,72.6,113.0,44.0,5.5,98.7,8.77,71.8,157.0,29.1,0
43.0,1,0,0,0,1,32.6,86.9,0.0,0.0,0.0,0.0,107.3,74.0,176.0,93.0,5.2,59.3,3.78,67.7,158.3,27.0,0
70.0,1,0,0,0,1,25.5,79.7,0.0,0.0,0.0,0.0,109.1,72.0,152.0,50.0,6.0,60.7,11.66,62.9,157.3,25.4,0
39.0,1,0,0,0,1,39.0,107.0,0.0,0.0,0.0,0.0,124.4,79.9,196.0,72.0,5.4,90.3,28.46,99.0,164.7,36.5,0
33.0,1,0,0,0,1,21.8,68.3,0.0,0.0,0.0,0.0,130.0,81.5,186.0,52.0,5.1,110.4,5.86,44.3,156.6,18.1,0
45.0,1,0,0,0,1,54.6,132.5,0.0,0.0,0.0,0.0,146.3,88.6,167.0,46.0,6.2,65.6,7.57,110.7,162.6,41.9,0
60.0,1,0,0,0,1,44.1,126.8,0.0,0.0,0.0,0.0,127.9,75.8,208.0,40.0,5.8,90.0,7.53,110.2,168.2,39.0,0
64.0,1,0,0,0,1,37.3,99.6,0.0,0.0,0.0,0.0,112.3,64.9,192.0,43.0,5.4,115.1,10.02,67.5,136.9,36.0,0
23.0,1,0,0,0,1,22.8,80.9,0.0,0.0,0.0,0.0,121.3,77.2,164.0,41.0,5.9,101.2,6.79,63.4,167.2,22.7,0
30.0,1,0,0,0,1,29.3,89.7,0.0,0.0,0.0,0.0,103.6,71.9,208.0,64.0,5.0,122.3,37.71,75.9,162.7,28.7,0
73.0,1,0,0,0,1,34.5,102.8,0.0,0.0,0.0,0.0,111.7,74.7,249.0,122.0,5.8,56.7,7.39,73.8,150.1,32.8,0
41.0,1,0,0,0,1,40.9,115.8,0.0,0.0,0.0,0.0,117.4,80.9,188.0,45.0,5.6,116.6,6.79,91.8,158.9,36.4,0
46.0,1,0,0,0,1,27.8,95.5,0.0,0.0,0.0,0.0,125.0,77.5,221.0,49.0,5.8,100.3,9.99,61.2,157.2,24.8,0
70.0,1,0,0,0,1,23.9,84.6,0.0,0.0,0.0,0.0,104.8,51.4,209.0,65.0,5.1,77.2,7.16,61.4,164.8,22.6,0
38.0,1,0,0,0,1,22.4,86.2,0.0,0.0,0.0,0.0,107.6,67.8,205.0,90.0,5.2,109.6,8.12,62.2,172.6,20.9,0
48.0,1,0,0,0,1,26.0,86.1,0.0,0.0,0.0,0.0,109.6,74.9,193.0,40.0,4.7,92.9,9.38,60.6,151.9,26.3,0
42.0,1,0,0,0,1,21.7,80.3,0.0,0.0,0.0,0.0,130.9,84.6,231.0,80.0,4.7,84.2,34.47,61.7,167.0,22.1,0
28.0,1,0,0,0,1,41.8,118.1,0.0,0.0,0.0,0.0,107.7,74.6,209.0,73.0,5.5,129.2,12.38,101.7,157.5,41.0,0
21.0,1,0,0,0,1,25.8,88.1,0.0,0.0,0.0,0.0,110.8,74.3,181.0,70.0,5.1,111.9,7.68,68.6,165.1,25.2,0
46.0,1,0,0,0,1,29.1,86.9,0.0,0.0,0.0,0.0,107.0,66.3,226.0,37.0,5.3,101.8,3.74,63.0,153.0,26.9,0
62.0,1,0,0,0,1,36.6,114.6,0.0,0.0,0.0,0.0,108.6,73.8,186.0,106.0,6.3,80.0,6.29,88.7,159.0,35.1,0
22.0,1,0,0,0,1,24.0,68.4,0.0,0.0,0.0,0.0,97.0,69.6,173.0,45.0,5.4,119.5,39.29,39.3,144.4,18.8,0
28.0,1,0,0,0,1,22.1,79.4,0.0,0.0,0.0,0.0,127.7,80.2,190.0,59.0,5.0,124.8,3.59,55.6,161.7,21.3,0
71.0,1,0,0,0,1,25.1,83.8,0.0,0.0,0.0,0.0,97.8,67.7,167.0,80.0,5.8,92.8,11.64,54.6,152.1,23.6,0
43.0,1,0,0,0,1,20.9,70.3,0.0,0.0,0.0,0.0,121.8,71.3,179.0,52.0,5.0,81.6,2.04,58.5,167.4,20.9,0
30.0,1,0,0,0,1,45.7,134.1,0.0,0.0,0.0,0.0,112.9,76.6,200.0,34.0,5.5,77.8,8.71,117.3,158.4,46.8,0
18.0,1,0,0,0,1,27.1,87.4,0.0,0.0,0.0,0.0,108.5,72.1,180.0,53.0,4.8,109.9,9.86,70.9,156.2,29.1,0
28.0,1,0,0,0,1,32.0,104.4,0.0,0.0,0.0,0.0,125.4,81.9,119.0,42.0,5.7,131.9,12.47,82.6,162.3,31.3,0
52.0,1,0,0,0,1,20.1,68.9,0.0,0.0,0.0,0.0,95.6,71.6,131.0,48.0,6.2,112.4,9.55,48.2,159.5,18.9,0
56.0,1,0,0,0,1,20.5,73.4,0.0,0.0,0.0,0.0,104.3,70.1,173.0,82.0,4.8,88.9,11.32,37.4,149.5,16.7,0
47.0,1,0,0,0,1,22.9,67.6,0.0,0.0,0.0,0.0,106.7,66.9,178.0,61.0,5.7,68.6,24.86,53.9,154.2,22.7,0
64.0,1,0,0,0,1,26.5,94.9,0.0,0.0,0.0,0.0,109.3,63.8,192.0,50.0,5.4,93.8,14.66,64.0,157.7,25.7,0
72.0,1,0,0,0,1,26.1,87.7,0.0,0.0,0.0,0.0,93.9,62.7,169.0,52.0,5.5,72.7,29.98,58.1,151.7,25.3,0
41.0,1,0,0,0,1,24.6,89.5,0.0,0.0,0.0,0.0,130.9,83.0,174.0,41.0,4.9,114.9,11.51,64.2,159.3,25.3,0
43.0,1,0,0,0,1,29.6,92.4,0.0,0.0,0.0,0.0,97.9,66.8,187.0,40.0,5.4,124.4,7.35,72.2,169.0,25.3,0
27.0,1,0,0,0,1,26.8,86.3,0.0,0.0,0.0,0.0,116.3,77.2,177.0,39.0,5.1,104.5,9.3,71.4,159.2,28.2,0
21.0,1,0,0,0,1,29.9,90.1,0.0,0.0,0.0,0.0,106.2,69.8,112.0,44.0,4.9,118.7,42.89,79.8,173.6,26.5,0
25.0,1,0,0,0,1,26.3,77.0,0.0,0.0,0.0,0.0,108.0,74.8,206.0,38.0,5.4,102.7,6.02,77.9,168.5,27.4,0
29.0,1,0,0,0,1,26.1,79.9,0.0,0.0,0.0,0.0,102.5,67.2,188.0,52.0,6.2,130.4,9.31,59.4,149.2,26.7,0
30.0,1,0,0,0,1,38.1,110.3,0.0,0.0,0.0,0.0,96.5,57.2,163.0,53.0,4.7,133.1,39.86,89.7,154.7,37.5,0
46.0,1,0,0,0,1,21.7,77.4,0.0,0.0,0.0,0.0,125.4,85.8,194.0,65.0,5.5,74.7,2.92,57.4,164.5,21.2,0
35.0,1,0,0,0,1,34.3,96.9,0.0,0.0,0.0,0.0,113.3,72.1,161.0,31.0,6.2,97.5,45.56,65.5,152.7,28.1,0
21.0,1,0,0,0,1,25.2,84.5,0.0,0.0,0.0,0.0,105.9,61.3,137.0,44.0,5.3,100.3,10.37,57.7,164.8,21.3,0
21.0,1,0,0,0,1,30.9,95.2,0.0,0.0,0.0,0.0,112.4,77.7,178.0,57.0,4.9,132.6,9.5,69.7,167.5,24.8,0
57.0,1,0,0,0,1,25.8,90.3,0.0,0.0,0.0,0.0,138.9,78.6,171.0,81.0,5.2,89.0,6.3,63.3,158.6,25.2,0
35.0,1,0,0,0,1,39.2,118.2,0.0,0.0,0.0,0.0,100.2,68.2,128.0,48.0,5.4,124.3,44.76,99.7,164.5,36.8,0
20.0,1,0,0,0,1,23.2,74.3,0.0,0.0,0.0,0.0,121.1,75.8,172.0,49.0,5.4,107.5,5.86,59.4,161.1,22.9,0
76.0,1,0,0,0,1,28.0,97.7,0.0,0.0,0.0,0.0,106.7,69.6,206.0,45.0,6.0,79.5,23.66,63.3,156.2,26.0,0
23.0,1,0,0,0,1,23.8,84.9,0.0,0.0,0.0,0.0,106.7,71.9,204.0,39.0,5.3,109.4,6.17,45.4,139.7,23.3,0
21.0,1,0,0,0,1,28.8,86.0,0.0,0.0,0.0,0.0,105.9,66.6,182.0,74.0,5.4,107.2,18.77,67.4,154.8,28.1,0
18.0,1,0,0,0,1,49.4,135.0,0.0,0.0,0.0,0.0,115.1,80.7,172.0,32.0,5.5,126.2,34.01,116.8,158.6,46.5,0
67.0,1,0,0,0,1,29.8,94.5,0.0,0.0,0.0,0.0,118.9,67.4,135.0,37.0,5.6,66.7,51.11,71.4,158.6,28.4,0
71.0,1,0,0,0,1,27.4,94.3,0.0,0.0,0.0,0.0,109.9,54.0,196.0,78.0,5.3,100.6,1.96,61.5,153.7,26.0,0
67.0,1,0,0,0,1,55.7,149.0,0.0,0.0,0.0,0.0,130.3,77.5,226.0,59.0,6.9,99.9,12.94,129.2,159.0,51.1,0
63.0,1,0,0,0,1,23.3,88.2,0.0,0.0,0.0,0.0,105.0,68.5,173.0,66.0,6.6,79.4,26.0,58.0,160.6,22.5,0
31.0,1,0,0,0,1,28.5,89.4,0.0,0.0,0.0,0.0,108.5,69.4,198.0,56.0,5.0,93.1,28.78,79.0,167.8,28.1,0
34.0,1,0,0,0,1,26.1,89.8,0.0,0.0,0.0,0.0,105.6,72.2,167.0,43.0,4.7,126.9,13.1,52.3,157.4,21.1,0
31.0,1,0,0,0,1,28.3,93.6,0.0,0.0,0.0,0.0,109.5,66.1,176.0,43.0,4.5,86.4,5.6,59.6,158.6,23.7,0
31.0,1,0,0,0,1,22.8,78.6,0.0,0.0,0.0,0.0,130.6,78.4,219.0,51.0,5.1,128.0,13.51,56.5,160.5,21.9,0
34.0,1,0,0,0,1,38.9,108.0,0.0,0.0,0.0,0.0,95.6,64.9,174.0,52.0,5.2,123.8,11.05,91.9,150.1,40.8,0
39.0,1,0,0,0,1,23.8,72.9,0.0,0.0,0.0,0.0,107.1,69.0,167.0,42.0,4.6,118.4,8.31,56.8,157.0,23.0,0
62.0,1,0,0,0,1,27.5,78.1,0.0,0.0,0.0,0.0,125.3,63.5,157.0,32.0,5.5,107.6,53.26,62.5,157.5,25.2,0
35.0,1,0,0,0,1,23.5,88.8,0.0,0.0,0.0,0.0,128.5,78.4,232.0,85.0,5.7,95.3,4.29,61.2,162.3,23.2,0
54.0,1,0,0,0,1,37.4,109.1,0.0,0.0,0.0,0.0,125.0,81.8,207.0,49.0,4.7,100.1,8.4,106.6,172.4,35.9,0
34.0,1,0,0,0,1,27.6,87.1,0.0,0.0,0.0,0.0,96.9,72.1,129.0,56.0,4.4,126.9,14.23,77.9,167.3,27.8,0
39.0,1,0,0,0,1,58.9,156.3,0.0,0.0,0.0,0.0,120.9,76.4,191.0,46.0,5.8,100.1,5.37,137.6,158.2,55.0,0
33.0,1,0,0,0,1,37.9,111.8,0.0,0.0,0.0,0.0,95.0,81.3,148.0,59.0,8.4,95.4,33.15,76.3,152.1,33.0,0
46.0,1,0,0,0,1,29.0,86.2,0.0,0.0,0.0,0.0,135.0,78.4,239.0,43.0,5.4,119.0,8.68,77.9,166.4,28.1,0
41.0,1,0,0,0,1,21.9,77.9,0.0,0.0,0.0,0.0,103.6,70.0,211.0,45.0,5.2,105.4,8.58,66.8,171.3,22.8,0
41.0,1,0,0,0,1,21.4,64.1,0.0,0.0,0.0,0.0,107.8,46.5,168.0,63.0,5.8,113.5,3.96,49.7,152.3,21.4,0
45.0,1,0,0,0,1,30.1,104.0,0.0,0.0,0.0,0.0,111.8,71.5,213.0,46.0,6.3,52.9,10.8,59.4,144.6,28.4,0
58.0,1,0,0,0,1,33.5,96.3,0.0,0.0,0.0,0.0,108.9,73.3,112.0,40.0,5.4,86.4,11.11,82.3,166.9,29.6,0
48.0,1,0,0,0,1,30.3,100.8,0.0,0.0,0.0,0.0,111.5,71.7,183.0,95.0,5.2,101.4,6.48,77.2,162.8,29.1,0
33.0,1,0,0,0,1,27.4,96.3,0.0,0.0,0.0,0.0,108.5,71.4,116.0,41.0,4.8,75.5,11.29,46.7,141.0,23.5,0
20.0,1,0,0,0,1,25.4,83.2,0.0,0.0,0.0,0.0,117.7,81.0,199.0,87.0,5.4,105.6,13.98,60.8,157.4,24.5,0
27.0,1,0,0,0,1,29.5,99.2,0.0,0.0,0.0,0.0,107.2,70.9,176.0,68.0,5.0,114.4,29.76,68.5,158.1,27.4,0
34.0,1,0,0,0,1,45.5,135.4,0.0,0.0,0.0,0.0,128.9,98.1,194.0,46.0,6.4,48.3,10.48,128.3,169.8,44.5,0
44.0,1,0,0,0,1,32.5,87.2,0.0,0.0,0.0,0.0,109.8,77.0,209.0,34.0,5.8,114.5,7.51,68.8,145.9,32.3,0
53.0,1,0,0,0,1,31.4,106.1,0.0,0.0,0.0,0.0,120.3,78.5,125.0,41.0,5.9,54.6,12.76,59.8,140.5,30.3,0
23.0,1,0,0,0,1,23.5,76.4,0.0,0.0,0.0,0.0,122.8,79.8,190.0,37.0,5.3,116.8,9.39,67.1,168.3,23.7,0
47.0,1,0,0,0,1,31.1,84.8,0.0,0.0,0.0,0.0,113.1,79.3,184.0,40.0,5.7,108.8,9.49,66.4,148.4,30.2,0
20.0,1,0,0,0,1,32.4,99.0,0.0,0.0,0.0,0.0,96.4,68.5,114.0,42.0,5.7,132.0,39.53,84.0,164.5,31.0,0
26.0,1,0,0,0,1,30.8,95.4,0.0,0.0,0.0,0.0,130.2,85.4,240.0,47.0,5.2,113.5,10.51,74.2,164.5,27.4,0
61.0,1,0,0,0,1,26.2,86.4,0.0,0.0,0.0,0.0,116.0,64.4,167.0,82.0,5.2,86.2,10.05,55.1,157.6,22.2,0
43.0,1,0,0,0,1,39.6,113.6,0.0,0.0,0.0,0.0,165.9,91.4,159.0,47.0,5.4,50.5,31.11,93.5,160.3,36.4,0
33.0,1,0,0,0,1,48.4,121.7,0.0,0.0,0.0,0.0,106.7,70.4,172.0,42.0,6.1,106.0,10.51,108.9,151.3,47.6,0
25.0,1,0,0,0,1,33.4,97.6,0.0,0.0,0.0,0.0,107.1,77.2,189.0,42.0,5.4,102.1,4.41,60.0,149.1,27.0,0
23.0,1,0,0,0,1,24.4,82.1,0.0,0.0,0.0,0.0,104.6,78.7,175.0,46.0,5.5,61.5,12.81,61.6,162.0,23.5,0
38.0,1,0,0,0,1,29.4,99.8,0.0,0.0,0.0,0.0,107.5,73.7,194.0,51.0,5.4,97.2,8.09,83.2,168.0,29.5,0
52.0,1,0,0,0,1,50.5,140.3,0.0,0.0,0.0,0.0,137.4,80.6,129.0,48.0,5.4,108.7,41.43,116.8,156.7,47.6,0
31.0,1,0,0,0,1,55.0,149.8,0.0,0.0,0.0,0.0,115.7,82.6,140.0,43.0,5.5,102.5,3.14,125.5,159.9,49.1,0
65.0,1,0,0,0,1,34.7,94.0,0.0,0.0,0.0,0.0,132.1,80.2,172.0,39.0,5.7,65.7,5.45,91.1,164.6,33.6,0
27.0,1,0,0,0,1,59.6,152.6,0.0,0.0,0.0,0.0,136.5,67.8,112.0,51.0,5.6,126.2,8.44,180.4,178.0,56.9,0
77.0,1,0,0,0,1,28.9,82.2,0.0,0.0,0.0,0.0,131.9,70.8,219.0,76.0,6.1,66.0,4.03,72.1,159.9,28.2,0
73.0,1,0,0,0,1,27.0,93.5,0.0,0.0,0.0,0.0,97.1,64.5,146.0,79.0,5.5,97.4,11.05,62.0,156.8,25.2,0
71.0,1,0,0,0,1,29.7,99.4,0.0,0.0,0.0,0.0,123.2,72.8,191.0,70.0,5.9,112.9,4.51,66.4,154.4,27.9,0
36.0,1,0,0,0,1,36.5,113.7,0.0,0.0,0.0,0.0,106.3,64.6,265.0,40.0,5.5,74.9,9.34,100.4,168.7,35.3,0
28.0,1,0,0,0,1,37.8,113.2,0.0,0.0,0.0,0.0,130.4,65.4,229.0,45.0,4.9,110.5,6.13,81.4,150.9,35.8,0
22.0,1,0,0,0,1,23.8,74.2,0.0,0.0,0.0,0.0,109.6,65.1,147.0,55.0,5.4,122.3,12.8,44.7,152.2,19.3,0
61.0,1,0,0,0,1,21.4,74.9,0.0,0.0,0.0,0.0,111.1,75.5,210.0,76.0,6.5,94.4,9.16,40.9,150.7,18.0,0
33.0,1,0,0,0,1,36.8,108.9,0.0,0.0,0.0,0.0,129.2,79.1,175.0,41.0,4.9,125.1,16.65,98.2,168.2,34.7,0
29.0,1,0,0,0,1,30.0,94.9,0.0,0.0,0.0,0.0,124.1,78.3,125.0,72.0,5.4,87.3,15.47,88.1,169.2,30.8,0
31.0,1,0,0,0,1,31.8,105.5,0.0,0.0,0.0,0.0,163.6,94.0,184.0,66.0,5.8,67.5,3.14,70.6,153.0,30.2,0
79.0,1,0,0,0,1,53.8,150.1,0.0,0.0,0.0,0.0,105.2,67.6,213.0,54.0,5.8,100.9,40.23,116.8,152.3,50.4,0
50.0,1,0,0,0,1,59.4,160.2,0.0,0.0,0.0,0.0,116.7,78.0,171.0,44.0,5.8,95.6,10.13,138.1,158.0,55.3,0
51.0,1,0,0,0,1,24.2,76.5,0.0,0.0,0.0,0.0,96.2,69.3,234.0,68.0,5.2,69.7,70.2,56.4,157.3,22.8,0
30.0,1,0,0,0,1,21.5,82.3,0.0,0.0,0.0,0.0,132.7,80.2,207.0,72.0,5.4,108.5,55.84,41.5,151.3,18.1,0
61.0,1,0,0,0,1,53.3,142.3,0.0,0.0,0.0,0.0,114.5,67.3,217.0,61.0,6.3,81.9,94.82,113.8,151.5,49.6,0
63.0,1,0,0,0,1,36.1,116.4,0.0,0.0,0.0,0.0,109.0,68.1,189.0,58.0,5.2,78.6,5.5,96.6,169.1,33.8,0
36.0,1,0,0,0,1,28.2,77.0,0.0,0.0,0.0,0.0,112.9,75.6,189.0,108.0,5.8,80.6,9.23,73.6,162.6,27.8,0
38.0,1,0,0,0,1,40.8,117.3,0.0,0.0,0.0,0.0,120.0,78.2,176.0,40.0,4.9,97.9,11.38,91.3,152.8,39.1,0
33.0,1,0,0,0,1,26.9,90.7,0.0,0.0,0.0,0.0,132.9,74.1,161.0,64.0,5.5,74.8,8.51,54.5,143.9,26.3,0
29.0,1,0,0,0,1,20.2,80.2,0.0,0.0,0.0,0.0,108.3,69.2,137.0,51.0,5.2,94.8,10.03,50.4,159.3,19.9,0
33.0,1,0,0,0,1,23.5,80.7,0.0,0.0,0.0,0.0,111.9,66.8,203.0,44.0,5.4,98.8,12.55,54.2,150.3,24.0,0
27.0,1,0,0,0,1,29.8,88.5,0.0,0.0,0.0,0.0,119.9,76.0,188.0,30.0,4.2,132.1,5.91,71.5,159.0,28.3,0
48.0,1,0,0,0,1,41.7,129.6,0.0,0.0,0.0,0.0,112.8,79.6,195.0,58.0,6.2,78.7,9.77,110.6,168.2,39.1,0
28.0,1,0,0,0,1,28.3,91.1,0.0,0.0,0.0,0.0,91.3,66.0,183.0,69.0,5.4,102.6,4.04,54.8,157.1,22.2,0
21.0,1,0,0,0,1,54.6,149.7,0.0,0.0,0.0,0.0,110.8,69.1,116.0,45.0,5.5,113.6,40.37,129.9,159.5,51.1,0
51.0,1,0,0,0,1,40.1,122.3,0.0,0.0,0.0,0.0,127.6,74.9,197.0,51.0,5.6,94.9,1.42,101.9,160.0,39.8,0
61.0,1,0,0,0,1,28.0,98.1,0.0,0.0,0.0,0.0,127.7,76.9,202.0,60.0,4.8,93.7,0.3,70.4,168.7,24.7,0
33.0,1,0,0,0,1,29.5,91.0,0.0,0.0,0.0,0.0,96.1,65.3,182.0,29.0,5.1,125.1,11.86,65.2,154.0,27.5,0
24.0,1,0,0,0,1,51.9,142.9,0.0,0.0,0.0,0.0,124.9,80.4,190.0,40.0,5.4,123.4,12.8,128.5,157.3,51.9,0
27.0,1,0,0,0,1,49.2,144.4,0.0,0.0,0.0,0.0,106.4,73.0,193.0,50.0,4.8,136.1,47.11,105.6,153.8,44.6,0
22.0,1,0,0,0,1,27.7,85.6,0.0,0.0,0.0,0.0,101.1,53.8,146.0,37.0,4.8,124.7,5.66,78.0,169.9,27.0,0
38.0,1,0,0,0,1,33.3,100.3,0.0,0.0,0.0,0.0,104.9,59.7,120.0,56.0,5.7,128.7,4.52,86.8,164.8,31.9,0
49.0,1,0,0,0,1,34.0,100.4,0.0,0.0,0.0,0.0,108.7,79.9,217.0,67.0,4.9,106.5,11.88,78.4,164.6,28.9,0
31.0,1,0,0,0,1,27.8,88.5,0.0,0.0,0.0,0.0,125.7,84.9,165.0,50.0,4.4,103.4,8.25,68.7,159.1,27.1,0
20.0,1,0,0,0,1,18.6,68.3,0.0,0.0,0.0,0.0,111.1,65.0,228.0,84.0,4.9,115.8,1.89,49.8,164.9,18.3,0
60.0,1,0,0,0,1,29.8,88.1,0.0,0.0,0.0,0.0,121.8,81.0,155.0,42.0,6.2,93.3,331.18,67.9,159.3,26.8,0
27.0,1,0,0,0,1,25.5,85.9,0.0,0.0,0.0,0.0,121.8,63.5,172.0,62.0,4.7,130.2,52.43,61.2,157.6,24.7,0
22.0,1,0,0,0,1,45.5,131.6,0.0,0.0,0.0,0.0,124.0,70.1,241.0,32.0,5.8,89.7,8.93,106.5,160.5,41.4,0
21.0,1,0,0,0,1,36.5,106.6,0.0,0.0,0.0,0.0,97.9,68.5,150.0,46.0,5.1,123.2,6.47,75.9,147.2,35.0,0
56.0,1,0,0,0,1,27.7,95.8,0.0,0.0,0.0,0.0,120.3,61.4,170.0,53.0,5.7,85.3,10.37,58.7,159.0,23.2,0
31.0,1,0,0,0,1,44.5,124.5,0.0,0.0,0.0,0.0,132.4,80.2,196.0,57.0,5.1,116.6,9.23,107.4,156.9,43.6,0
32.0,1,0,0,0,1,29.3,93.0,0.0,0.0,0.0,0.0,129.9,78.9,261.0,115.0,5.4,97.1,10.19,81.0,172.2,27.3,0
62.0,1,0,0,0,1,47.4,111.3,0.0,0.0,0.0,0.0,118.0,51.0,142.0,92.0,5.7,92.0,37.68,114.9,160.3,44.7,0
46.0,1,0,0,0,1,24.7,95.5,0.0,0.0,0.0,0.0,140.3,77.5,173.0,65.0,5.5,80.7,7.37,67.9,167.6,24.2,0
27.0,1,0,0,0,1,36.6,98.9,0.0,0.0,0.0,0.0,124.3,76.8,161.0,47.0,5.7,129.0,15.74,95.3,157.2,38.6,0
46.0,1,0,0,0,1,35.3,103.0,0.0,0.0,0.0,0.0,106.2,67.2,202.0,82.0,5.4,75.3,11.62,86.8,162.1,33.0,0
53.0,1,0,0,0,1,45.9,133.4,0.0,0.0,0.0,0.0,94.5,65.2,172.0,34.0,6.0,104.7,36.91,107.6,159.5,42.3,0
71.0,1,0,0,0,1,24.9,80.4,0.0,0.0,0.0,0.0,131.8,69.3,214.0,60.0,5.0,91.5,7.68,54.4,150.0,24.2,0
28.0,1,0,0,0,1,26.2,86.9,0.0,0.0,0.0,0.0,110.5,72.6,236.0,51.0,5.6,102.4,11.31,72.3,156.3,29.6,0
45.0,1,0,0,0,1,23.3,89.3,0.0,0.0,0.0,0.0,92.7,49.9,208.0,54.0,5.8,74.3,9.84,45.9,158.3,18.3,0
41.0,1,0,0,0,1,24.1,84.7,0.0,0.0,0.0,0.0,124.7,77.7,139.0,60.0,5.1,74.2,8.04,63.7,170.0,22.1,0
76.0,1,0,0,0,1,24.1,89.5,0.0,0.0,0.0,0.0,138.8,78.2,223.0,81.0,5.2,97.5,3.64,58.9,160.2,22.9,0
35.0,1,0,0,0,1,23.7,83.5,0.0,0.0,0.0,0.0,112.6,73.5,201.0,71.0,4.8,122.5,3.23,65.0,168.3,23.0,0
28.0,1,0,0,0,1,22.9,79.9,0.0,0.0,0.0,0.0,113.1,73.6,175.0,53.0,6.1,71.4,11.7,50.1,165.0,18.4,0
74.0,1,0,0,0,1,39.8,122.5,0.0,0.0,0.0,0.0,131.6,79.8,197.0,82.0,5.0,88.3,5.9,92.9,154.6,38.8,0
69.0,1,0,0,0,1,26.1,100.2,0.0,0.0,0.0,0.0,121.9,68.5,199.0,66.0,5.0,84.6,12.73,64.8,162.4,24.6,0
40.0,1,0,0,0,1,27.8,98.1,0.0,0.0,0.0,0.0,132.9,87.3,206.0,41.0,5.4,124.4,9.27,80.4,168.7,28.3,0
53.0,1,0,0,0,1,33.7,97.7,0.0,0.0,0.0,0.0,112.0,69.8,182.0,46.0,5.5,120.5,42.13,89.2,154.1,37.6,0
37.0,1,0,0,0,1,39.7,121.7,0.0,0.0,0.0,0.0,110.0,63.9,165.0,33.0,6.2,61.9,12.09,99.5,162.9,37.5,0
70.0,1,0,0,0,1,38.6,113.9,0.0,0.0,0.0,0.0,102.6,74.3,169.0,42.0,5.9,103.1,12.16,68.0,140.8,34.3,0
76.0,1,0,0,0,1,24.6,83.8,0.0,0.0,0.0,0.0,135.4,68.5,162.0,68.0,5.3,78.7,8.62,73.2,185.8,21.2,0
23.0,1,0,0,0,1,20.1,69.8,0.0,0.0,0.0,0.0,109.4,66.4,142.0,50.0,4.9,110.4,5.96,56.9,164.7,21.0,0
37.0,1,0,0,0,1,37.1,112.4,0.0,0.0,0.0,0.0,105.9,51.9,93.0,32.0,5.7,70.2,6.31,87.0,158.2,34.8,0
22.0,1,0,0,0,1,43.4,133.2,0.0,0.0,0.0,0.0,111.7,68.2,161.0,35.0,6.0,87.4,8.63,104.8,158.4,41.8,0
48.0,1,0,0,0,1,45.6,117.3,0.0,0.0,0.0,0.0,100.5,67.1,161.0,50.0,6.9,101.4,36.45,93.1,146.4,43.4,0
28.0,1,0,0,0,1,31.3,97.8,0.0,0.0,0.0,0.0,102.3,59.7,162.0,43.0,4.7,102.3,36.0,83.2,166.9,29.9,0
49.0,1,0,0,0,1,24.8,90.2,0.0,0.0,0.0,0.0,107.9,85.9,176.0,91.0,5.6,85.5,13.54,71.8,171.6,24.4,0
21.0,1,0,0,0,1,19.9,76.3,0.0,0.0,0.0,0.0,112.2,85.3,179.0,72.0,4.7,133.1,40.14,54.0,166.3,19.5,0
35.0,1,0,0,0,1,39.6,113.4,0.0,0.0,0.0,0.0,97.0,57.3,203.0,39.0,5.2,119.5,8.21,100.8,173.3,33.6,0
35.0,1,0,0,0,1,23.0,83.8,0.0,0.0,0.0,0.0,104.4,69.2,193.0,78.0,5.6,85.6,5.21,66.3,173.1,22.1,0
27.0,1,0,0,0,1,20.7,80.8,0.0,0.0,0.0,0.0,133.3,85.9,190.0,81.0,5.9,52.4,38.15,46.6,149.6,20.8,0
34.0,1,0,0,0,1,34.3,114.4,0.0,0.0,0.0,0.0,116.2,74.8,179.0,81.0,5.4,57.9,11.23,93.7,169.6,32.6,0
23.0,1,0,0,0,1,46.0,121.8,0.0,0.0,0.0,0.0,109.0,67.1,159.0,39.0,5.0,120.0,1.91,113.6,158.9,45.0,0
43.0,1,0,0,0,1,23.9,82.0,0.0,0.0,0.0,0.0,110.7,75.2,206.0,75.0,4.8,134.8,8.22,50.6,148.4,23.0,0
23.0,1,0,0,0,1,28.0,96.6,0.0,0.0,0.0,0.0,121.9,59.7,212.0,48.0,5.2,120.4,10.29,86.4,177.7,27.4,0
79.0,1,0,0,0,1,27.2,94.6,0.0,0.0,0.0,0.0,92.7,70.0,258.0,72.0,5.4,80.4,10.4,60.0,163.4,22.5,0
54.0,1,0,0,0,1,28.6,104.7,0.0,0.0,0.0,0.0,108.9,70.2,135.0,94.0,5.7,58.2,5.05,67.6,157.5,27.3,0
21.0,1,0,0,0,1,30.5,79.5,0.0,0.0,0.0,0.0,120.1,68.2,182.0,57.0,5.4,100.8,28.68,73.9,158.7,29.3,0
48.0,1,0,0,0,1,24.2,83.5,0.0,0.0,0.0,0.0,106.7,67.3,191.0,52.0,5.2,101.7,10.48,54.0,154.3,22.7,0
28.0,1,0,0,0,1,20.9,76.9,0.0,0.0,0.0,0.0,105.3,69.6,135.0,38.0,4.6,115.5,25.15,50.1,157.6,20.2,0
21.0,1,0,0,0,1,54.3,149.7,0.0,0.0,0.0,0.0,93.4,66.7,168.0,38.0,4.9,128.7,11.61,127.8,169.6,44.4,0
45.0,1,0,0,0,1,37.3,110.7,0.0,0.0,0.0,0.0,127.2,81.1,179.0,54.0,5.5,120.6,10.51,98.1,167.4,35.0,0
36.0,1,0,0,0,1,29.4,99.4,0.0,0.0,0.0,0.0,145.9,81.4,165.0,69.0,6.5,81.2,25.46,74.9,159.3,29.5,0
44.0,1,0,0,0,1,42.7,130.6,0.0,0.0,0.0,0.0,116.5,81.5,157.0,63.0,6.3,98.8,47.11,94.5,153.2,40.3,0
51.0,1,0,0,0,1,47.7,132.1,0.0,0.0,0.0,0.0,120.4,78.0,220.0,40.0,5.6,114.9,11.52,116.1,158.3,46.3,0
38.0,1,0,0,0,1,24.1,80.0,0.0,0.0,0.0,0.0,128.8,82.4,193.0,77.0,4.6,95.8,6.1,49.8,145.2,23.6,0
72.0,1,0,0,0,1,26.9,93.6,0.0,0.0,0.0,0.0,163.0,94.3,216.0,100.0,5.6,72.8,9.33,59.5,150.7,26.2,0
35.0,1,0,0,0,1,34.1,102.1,0.0,0.0,0.0,0.0,111.9,62.9,189.0,43.0,5.4,114.5,5.07,96.8,158.7,38.4,0
28.0,1,0,0,0,1,25.2,74.3,0.0,0.0,0.0,0.0,111.1,71.9,171.0,43.0,4.7,124.9,6.33,66.8,164.9,24.6,0
28.0,1,0,0,0,1,35.6,100.8,0.0,0.0,0.0,0.0,123.6,77.4,267.0,54.0,4.9,106.9,37.85,90.1,162.7,34.0,0
70.0,1,0,0,0,1,22.1,72.5,0.0,0.0,0.0,0.0,125.4,80.1,210.0,50.0,5.8,97.9,9.67,52.0,156.6,21.2,0
29.0,1,0,0,0,1,40.6,120.3,0.0,0.0,0.0,0.0,108.9,63.3,135.0,39.0,6.2,82.6,6.84,103.3,173.1,34.5,0
21.0,1,0,0,0,1,23.0,88.6,0.0,0.0,0.0,0.0,107.9,73.1,206.0,62.0,5.3,131.1,9.55,64.2,167.5,22.9,0
47.0,1,0,0,0,1,37.8,108.4,0.0,0.0,0.0,0.0,104.1,69.1,164.0,46.0,5.2,131.7,5.67,91.4,159.0,36.1,0
23.0,1,0,0,0,1,26.3,85.6,0.0,0.0,0.0,0.0,106.4,61.5,201.0,45.0,5.6,100.4,12.31,59.6,154.2,25.1,0
73.0,1,0,0,0,1,30.8,96.5,0.0,0.0,0.0,0.0,99.9,63.2,111.0,59.0,5.4,120.9,8.39,67.7,158.5,27.0,0
25.0,1,0,0,0,1,28.5,90.1,0.0,0.0,0.0,0.0,112.2,67.4,122.0,40.0,5.3,118.6,7.24,73.0,160.1,28.5,0
23.0,1,0,0,0,1,27.8,83.3,0.0,0.0,0.0,0.0,127.4,75.8,179.0,43.0,4.9,126.7,10.4,68.1,168.8,23.9,0
22.0,1,0,0,0,1,24.7,83.7,0.0,0.0,0.0,0.0,103.0,76.1,196.0,34.0,4.8,90.7,8.76,59.8,173.0,20.0,0
46.0,1,0,0,0,1,48.5,131.8,0.0,0.0,0.0,0.0,107.3,73.0,234.0,74.0,5.8,118.0,11.98,111.6,153.3,47.5,0
44.0,1,0,0,0,1,26.5,85.2,0.0,0.0,0.0,0.0,95.6,65.9,160.0,36.0,6.4,89.4,9.68,59.4,154.0,25.1,0
18.0,1,0,0,0,1,23.9,79.6,0.0,0.0,0.0,0.0,117.3,73.3,104.0,39.0,4.8,137.5,13.07,54.2,162.0,20.6,0
38.0,1,0,0,0,1,27.7,97.7,0.0,0.0,0.0,0.0,102.7,71.0,219.0,53.0,4.9,71.7,14.67,66.9,157.5,27.0,0
49.0,1,0,0,0,1,42.4,127.2,0.0,0.0,0.0,0.0,114.4,64.5,192.0,87.0,5.9,111.4,13.95,98.4,157.4,39.7,0
23.0,1,0,0,0,1,29.0,93.5,0.0,0.0,0.0,0.0,96.1,73.5,166.0,59.0,5.1,129.6,47.88,64.7,154.5,27.1,0
31.0,1,0,0,0,1,39.1,117.4,0.0,0.0,0.0,0.0,93.8,65.8,182.0,47.0,7.0,117.5,13.77,79.9,156.3,32.7,0
36.0,1,0,0,0,1,24.8,82.3,0.0,0.0,0.0,0.0,119.7,71.9,181.0,42.0,4.9,119.1,9.15,93.5,180.9,28.6,0
71.0,1,0,0,0,1,35.9,115.0,0.0,0.0,0.0,0.0,108.5,75.0,181.0,50.0,5.3,112.1,9.36,78.8,152.5,33.9,0
38.0,1,0,0,0,1,26.0,91.5,0.0,0.0,0.0,0.0,114.1,71.2,220.0,52.0,5.1,122.9,7.17,73.4,168.3,25.9,0
74.0,1,0,0,0,1,24.2,88.5,0.0,0.0,0.0,0.0,122.4,74.0,218.0,41.0,5.8,106.2,15.8,58.9,157.7,23.7,0
58.0,1,0,0,0,1,29.5,99.9,0.0,0.0,0.0,0.0,110.8,72.5,227.0,102.0,6.1,61.0,2.42,74.7,162.1,28.4,0
20.0,1,0,0,0,1,29.9,84.7,0.0,0.0,0.0,0.0,108.2,68.2,209.0,48.0,5.8,94.5,7.58,73.1,158.8,29.0,0
30.0,1,0,0,0,1,50.0,122.7,0.0,0.0,0.0,0.0,108.0,72.7,199.0,40.0,4.7,88.5,11.48,111.2,157.4,44.9,0
20.0,1,0,0,0,1,39.9,117.6,0.0,0.0,0.0,0.0,107.1,71.2,159.0,33.0,5.6,127.6,9.59,111.8,171.6,38.0,0
20.0,1,0,0,0,1,44.8,126.3,0.0,0.0,0.0,0.0,106.0,82.0,173.0,49.0,5.3,132.0,5.58,132.3,173.3,44.1,0
38.0,1,0,0,0,1,25.7,85.1,0.0,0.0,0.0,0.0,131.3,85.4,172.0,59.0,5.7,73.6,9.18,78.6,170.9,26.9,0
73.0,1,0,0,0,1,33.9,115.0,0.0,0.0,0.0,0.0,136.5,79.7,175.0,73.0,5.0,113.6,22.77,75.9,154.3,31.9,0
59.0,1,0,0,0,1,22.2,73.9,0.0,0.0,0.0,0.0,128.7,76.4,158.0,69.0,5.8,93.6,14.89,56.7,159.2,22.4,0
38.0,1,0,0,0,1,23.4,75.1,0.0,0.0,0.0,0.0,119.9,77.2,121.0,78.0,5.3,134.3,6.53,74.5,175.3,24.2,0
33.0,1,0,0,0,1,28.3,99.0,0.0,0.0,0.0,0.0,133.4,82.2,168.0,45.0,5.0,102.1,14.15,64.5,152.5,27.7,0
64.0,1,0,0,0,1,30.8,102.6,0.0,0.0,0.0,0.0,114.6,77.8,204.0,44.0,5.4,136.8,10.48,87.9,170.7,30.2,0
24.0,1,0,0,0,1,25.2,83.1,0.0,0.0,0.0,0.0,101.9,68.2,158.0,73.0,5.3,80.3,9.38,65.1,164.4,24.1,0
71.0,1,0,0,0,1,52.9,136.9,0.0,0.0,0.0,0.0,98.1,64.9,133.0,55.0,5.1,98.1,15.03,132.0,163.0,49.7,0
22.0,1,0,0,0,1,52.9,143.4,0.0,0.0,0.0,0.0,119.0,71.8,126.0,51.0,4.8,100.6,3.28,128.4,164.9,47.2,0
61.0,1,0,0,0,1,22.1,97.6,0.0,0.0,0.0,0.0,118.1,66.8,197.0,74.0,5.4,71.1,12.71,51.0,154.7,21.3,0
35.0,1,0,0,0,1,27.6,86.0,0.0,0.0,0.0,0.0,123.3,78.3,226.0,39.0,5.6,76.9,12.28,59.6,151.7,25.9,0
27.0,1,0,0,0,1,39.6,116.6,0.0,0.0,0.0,0.0,126.1,83.3,229.0,38.0,6.2,103.7,72.89,70.6,139.5,36.3,0
21.0,1,0,0,0,1,37.7,115.6,0.0,0.0,0.0,0.0,133.7,84.9,261.0,47.0,5.4,110.8,7.97,109.4,166.4,39.5,0
33.0,1,0,0,0,1,26.7,81.1,0.0,0.0,0.0,0.0,105.1,68.3,190.0,44.0,4.9,131.5,4.7,52.8,153.5,22.4,0
21.0,1,0,0,0,1,22.5,77.8,0.0,0.0,0.0,0.0,107.5,79.1,180.0,75.0,4.8,121.8,30.77,61.4,168.8,21.5,0
32.0,1,0,0,0,1,23.5,85.0,0.0,0.0,0.0,0.0,131.1,81.9,166.0,41.0,4.7,108.3,6.52,58.5,164.5,21.6,0
49.0,1,0,0,0,1,26.6,88.5,0.0,0.0,0.0,0.0,112.0,72.8,186.0,57.0,6.4,97.9,11.12,48.4,150.7,21.3,0
25.0,1,0,0,0,1,52.7,140.2,0.0,0.0,0.0,0.0,93.9,65.3,93.0,38.0,4.8,135.4,3.37,133.5,166.5,48.2,0
18.0,1,0,0,0,1,24.0,78.3,0.0,0.0,0.0,0.0,111.5,74.3,189.0,48.0,4.5,125.5,8.07,49.4,144.5,23.7,0
32.0,1,0,0,0,1,25.5,86.4,0.0,0.0,0.0,0.0,108.3,83.6,185.0,56.0,4.7,120.0,8.01,48.9,157.6,19.7,0
71.0,1,0,0,0,1,26.4,78.6,0.0,0.0,0.0,0.0,121.7,73.6,190.0,57.0,5.5,43.0,8.12,46.6,151.0,20.4,0
26.0,1,0,0,0,1,33.2,97.8,0.0,0.0,0.0,0.0,101.6,66.0,161.0,34.0,6.1,99.1,6.47,90.1,165.0,33.1,0
69.0,1,0,0,0,1,24.2,84.6,0.0,0.0,0.0,0.0,111.9,70.3,214.0,62.0,5.5,68.8,3.52,54.2,152.4,23.3,0
22.0,1,0,0,0,1,29.8,94.5,0.0,0.0,0.0,0.0,106.2,63.0,177.0,46.0,5.0,104.7,6.71,96.2,181.7,29.1,0
42.0,1,0,0,0,1,27.9,94.4,0.0,0.0,0.0,0.0,122.1,78.1,208.0,43.0,5.3,127.0,4.11,70.8,161.6,27.1,0
35.0,1,0,0,0,1,25.2,90.7,0.0,0.0,0.0,0.0,128.7,71.1,185.0,80.0,5.5,77.7,48.55,69.7,167.8,24.7,0
38.0,1,0,0,0,1,22.9,79.1,0.0,0.0,0.0,0.0,101.3,75.2,159.0,67.0,5.2,116.6,9.48,49.3,151.2,21.6,0
63.0,1,0,0,0,1,29.3,99.0,0.0,0.0,0.0,0.0,132.1,65.2,148.0,72.0,5.5,55.2,9.67,86.4,175.2,28.2,0
31.0,1,0,0,0,1,36.2,97.0,0.0,0.0,0.0,0.0,106.5,70.6,208.0,55.0,5.5,102.6,8.1,85.7,155.5,35.4,0
66.0,1,0,0,0,1,34.8,115.5,0.0,0.0,0.0,0.0,132.3,79.0,148.0,51.0,5.1,84.0,12.74,71.9,149.2,32.3,0
47.0,1,0,0,0,1,26.3,84.7,0.0,0.0,0.0,0.0,97.1,69.1,156.0,78.0,4.8,128.7,5.9,72.7,167.4,25.9,0
36.0,1,0,0,0,1,38.1,118.9,0.0,0.0,0.0,0.0,111.5,72.6,179.0,68.0,5.6,97.4,7.18,106.5,168.5,37.5,0
28.0,1,0,0,0,1,33.8,99.8,0.0,0.0,0.0,0.0,105.1,70.8,201.0,29.0,5.0,135.5,10.1,71.3,157.3,28.8,0
60.0,1,0,0,0,1,27.9,84.3,0.0,0.0,0.0,0.0,103.2,64.1,157.0,28.0,4.5,134.3,12.14,62.1,164.9,22.9,0
33.0,1,0,0,0,1,33.6,104.5,0.0,0.0,0.0,0.0,108.3,68.5,223.0,63.0,5.2,116.8,8.87,73.4,150.0,32.6,0
55.0,1,0,0,0,1,24.4,90.6,0.0,0.0,0.0,0.0,110.2,76.0,201.0,91.0,5.4,97.2,3.32,47.3,160.6,18.3,0
37.0,1,0,0,0,1,20.6,73.7,0.0,0.0,0.0,0.0,108.7,70.8,143.0,92.0,5.3,118.0,8.43,46.0,149.4,20.6,0
28.0,1,0,0,0,1,31.2,97.2,0.0,0.0,0.0,0.0,127.7,80.4,112.0,81.0,5.2,112.4,40.22,73.4,159.8,28.7,0
74.0,1,0,0,0,1,18.9,70.7,0.0,0.0,0.0,0.0,102.1,77.5,225.0,73.0,5.9,78.6,6.86,58.5,173.5,19.4,0
51.0,1,0,0,0,1,25.7,91.9,0.0,0.0,0.0,0.0,157.8,85.5,159.0,90.0,5.5,48.7,7.92,59.3,156.5,24.2,0
53.0,1,0,0,0,1,25.0,82.2,0.0,0.0,0.0,0.0,107.7,61.4,181.0,64.0,5.5,73.2,4.24,59.7,157.8,24.0,0
59.0,1,0,0,0,1,30.4,104.7,0.0,0.0,0.0,0.0,111.9,78.5,152.0,46.0,5.6,83.0,8.75,70.6,159.1,27.9,0
41.0,1,0,0,0,1,23.3,79.7,0.0,0.0,0.0,0.0,115.8,78.4,222.0,71.0,5.1,98.7,10.49,61.0,162.4,23.1,0
31.0,1,0,0,0,1,25.8,92.6,0.0,0.0,0.0,0.0,110.6,69.6,201.0,118.0,5.9,120.9,1.24,63.7,157.9,25.5,0
79.0,1,0,0,0,1,25.2,58.6,0.0,0.0,0.0,0.0,129.1,66.4,193.0,76.0,5.1,61.4,3.78,51.2,143.0,25.1,0
34.0,1,0,0,0,1,22.7,79.6,0.0,0.0,0.0,0.0,134.0,81.4,154.0,96.0,5.4,96.7,7.86,47.2,152.5,20.3,0
29.0,1,0,0,0,1,23.0,81.2,0.0,0.0,0.0,0.0,102.3,63.8,198.0,65.0,5.2,123.2,13.23,50.8,151.7,22.1,0
31.0,1,0,0,0,1,29.3,94.7,0.0,0.0,0.0,0.0,111.8,70.6,149.0,34.0,4.8,72.1,6.43,88.3,174.8,28.9,0
71.0,1,0,0,0,1,25.4,83.2,0.0,0.0,0.0,0.0,127.2,64.5,205.0,61.0,5.0,86.9,14.51,56.0,162.4,21.2,0
22.0,1,0,0,0,1,49.5,136.3,0.0,0.0,0.0,0.0,116.0,74.4,214.0,37.0,5.6,110.0,4.69,110.6,158.0,44.3,0
37.0,1,0,0,0,1,28.8,92.3,0.0,0.0,0.0,0.0,109.2,70.5,196.0,54.0,4.8,85.7,9.2,70.8,158.9,28.0,0
55.0,1,0,0,0,1,42.0,113.9,0.0,0.0,0.0,0.0,130.2,79.2,171.0,98.0,5.6,97.6,9.64,116.7,164.5,43.1,0
29.0,1,0,0,0,1,39.3,98.9,0.0,0.0,0.0,0.0,110.9,84.5,198.0,42.0,5.6,121.6,5.15,100.3,162.6,37.9,0
32.0,1,0,0,0,1,26.2,86.5,0.0,0.0,0.0,0.0,110.2,58.0,135.0,39.0,5.4,111.2,44.16,63.1,157.6,25.4,0
22.0,1,0,0,0,1,38.8,120.7,0.0,0.0,0.0,0.0,110.2,72.0,152.0,56.0,6.0,117.9,0.57,88.9,155.6,36.7,0
47.0,1,0,0,0,1,25.0,80.0,0.0,0.0,0.0,0.0,126.4,81.5,172.0,51.0,5.1,125.6,7.8,72.4,168.4,25.5,0
55.0,1,0,0,0,1,53.8,154.7,0.0,0.0,0.0,0.0,104.9,72.5,192.0,39.0,6.4,102.4,8.4,121.6,156.6,49.6,0
55.0,1,0,0,0,1,31.6,98.0,0.0,0.0,0.0,0.0,127.3,78.4,191.0,74.0,5.2,77.2,4.95,79.0,162.4,29.9,0
61.0,1,0,0,0,1,26.5,101.0,0.0,0.0,0.0,0.0,124.6,85.4,201.0,72.0,4.9,120.3,6.75,74.9,169.2,26.2,0
41.0,1,0,0,0,1,29.2,91.2,0.0,0.0,0.0,0.0,101.1,70.0,158.0,53.0,7.2,90.2,9.06,56.7,140.3,28.8,0
26.0,1,0,0,0,1,25.6,70.8,0.0,0.0,0.0,0.0,111.3,66.5,176.0,49.0,4.8,122.0,12.44,78.4,173.3,26.1,0
22.0,1,0,0,0,1,41.6,119.0,0.0,0.0,0.0,0.0,135.6,80.2,115.0,87.0,5.4,130.5,6.16,91.4,162.1,34.8,0
54.0,1,0,0,0,1,22.9,70.1,0.0,0.0,0.0,0.0,105.1,68.6,184.0,95.0,5.6,89.5,11.06,44.3,148.9,20.0,0
74.0,1,0,0,0,1,27.2,94.6,0.0,0.0,0.0,0.0,129.5,72.5,232.0,108.0,5.0,106.3,7.48,66.9,159.6,26.3,0
33.0,1,0,0,0,1,33.5,99.6,0.0,0.0,0.0,0.0,102.0,68.9,191.0,63.0,5.7,69.2,9.77,71.6,151.7,31.1,0
71.0,1,0,0,0,1,54.9,158.8,0.0,0.0,0.0,0.0,113.1,69.3,203.0,75.0,5.9,76.6,7.38,146.8,169.1,51.3,0
34.0,1,0,0,0,1,26.3,89.4,0.0,0.0,0.0,0.0,119.3,70.9,161.0,64.0,4.8,95.1,0.68,62.6,155.5,25.9,0
71.0,1,0,0,0,1,19.0,73.7,0.0,0.0,0.0,0.0,134.6,78.5,170.0,102.0,5.2,64.8,40.3,44.6,158.0,17.9,0
43.0,1,0,0,0,1,39.2,111.6,0.0,0.0,0.0,0.0,102.5,56.2,176.0,54.0,4.8,108.4,7.61,100.5,172.7,33.7,0
35.0,1,0,0,0,1,35.6,105.9,0.0,0.0,0.0,0.0,123.9,78.7,229.0,75.0,5.1,114.0,0.86,97.8,170.0,33.8,0
37.0,1,0,0,0,1,40.4,125.1,0.0,0.0,0.0,0.0,108.0,53.8,167.0,29.0,5.7,118.6,6.56,124.6,173.9,41.2,0
57.0,1,0,0,0,1,25.6,86.6,0.0,0.0,0.0,0.0,100.1,76.1,208.0,65.0,5.1,90.1,3.85,66.4,158.8,26.3,0
20.0,1,0,0,0,1,37.8,111.9,0.0,0.0,0.0,0.0,104.0,76.5,211.0,42.0,4.9,73.2,7.87,94.3,162.7,35.6,0
37.0,1,0,0,0,1,25.5,85.7,0.0,0.0,0.0,0.0,104.1,71.7,267.0,46.0,4.9,119.1,6.29,62.7,157.7,25.2,0
30.0,1,0,0,0,1,29.3,95.7,0.0,0.0,0.0,0.0,122.2,69.0,193.0,40.0,5.2,125.8,33.88,84.9,171.8,28.8,0
36.0,1,0,0,0,1,22.7,71.9,0.0,0.0,0.0,0.0,104.2,69.6,149.0,44.0,6.9,114.2,5.88,41.1,150.7,18.1,0
27.0,1,0,0,0,1,24.1,60.6,0.0,0.0,0.0,0.0,123.1,77.7,138.0,48.0,5.7,108.0,2.09,62.4,165.1,22.9,0
62.0,1,0,0,0,1,22.9,74.5,0.0,0.0,0.0,0.0,133.5,73.8,236.0,43.0,9.4,74.8,6.33,59.7,162.1,22.7,0
28.0,1,0,0,0,1,52.7,145.5,0.0,0.0,0.0,0.0,113.0,75.4,203.0,43.0,5.4,111.0,9.1,138.9,166.4,50.2,0
50.0,1,0,0,0,1,30.6,97.7,0.0,0.0,0.0,0.0,113.0,62.5,247.0,100.0,5.7,75.5,13.88,67.0,150.9,29.4,0
39.0,1,0,0,0,1,25.1,81.4,0.0,0.0,0.0,0.0,104.1,77.8,107.0,49.0,4.9,121.6,7.68,75.3,167.9,26.7,0
35.0,1,0,0,0,1,43.2,119.8,0.0,0.0,0.0,0.0,132.2,76.0,212.0,47.0,5.3,115.5,11.74,122.9,173.1,41.0,0
42.0,1,0,0,0,1,35.5,104.6,0.0,0.0,0.0,0.0,127.7,83.2,312.0,88.0,5.6,85.4,12.0,64.9,140.9,32.7,0
73.0,1,0,0,0,1,23.9,87.1,0.0,0.0,0.0,0.0,129.9,69.1,184.0,94.0,4.8,119.4,4.68,54.8,162.4,20.8,0
37.0,1,0,0,0,1,24.7,83.0,0.0,0.0,0.0,0.0,99.0,63.6,246.0,41.0,5.6,129.1,17.3,58.2,152.5,25.0,0
24.0,1,0,0,0,1,24.5,82.0,0.0,0.0,0.0,0.0,125.4,78.4,151.0,37.0,5.4,109.9,9.41,63.9,165.1,23.4,0
72.0,1,0,0,0,1,34.8,105.4,0.0,0.0,0.0,0.0,106.3,73.0,221.0,51.0,5.7,101.8,12.45,76.2,151.2,33.4,0
23.0,1,0,0,0,1,28.4,92.8,0.0,0.0,0.0,0.0,98.7,82.7,166.0,77.0,5.7,124.4,3.54,77.5,165.0,28.4,0
20.0,1,0,0,0,1,29.9,90.9,0.0,0.0,0.0,0.0,129.9,83.2,127.0,58.0,5.2,117.9,28.98,93.7,176.3,30.1,0
45.0,1,0,0,0,1,34.2,103.5,0.0,0.0,0.0,0.0,115.6,71.5,174.0,75.0,5.4,106.5,6.95,68.2,151.1,29.9,0
53.0,1,0,0,0,1,29.8,91.5,0.0,0.0,0.0,0.0,132.2,82.9,234.0,40.0,5.9,78.3,39.02,70.7,158.9,28.0,0
25.0,1,0,0,0,1,32.5,97.2,0.0,0.0,0.0,0.0,123.9,80.1,180.0,54.0,6.3,93.9,3.64,69.7,158.1,27.9,0
21.0,1,0,0,0,1,25.5,84.5,0.0,0.0,0.0,0.0,111.5,70.2,141.0,32.0,6.1,119.2,3.13,55.9,150.8,24.6,0
32.0,1,0,0,0,1,23.9,81.8,0.0,0.0,0.0,0.0,129.8,69.3,180.0,68.0,5.1,113.0,11.07,64.5,168.4,22.8,0
51.0,1,0,0,0,1,22.8,78.8,0.0,0.0,0.0,0.0,107.6,75.4,209.0,57.0,4.4,105.4,6.38,58.4,162.1,22.2,0
53.0,1,0,0,0,1,22.2,77.7,0.0,0.0,0.0,0.0,110.6,71.7,207.0,59.0,5.9,100.4,3.75,49.2,152.2,21.2,0
35.0,1,0,0,0,1,48.3,139.5,0.0,0.0,0.0,0.0,116.4,67.8,223.0,44.0,7.1,110.9,6.58,108.1,151.7,47.0,0
37.0,1,0,0,0,1,50.9,138.4,0.0,0.0,0.0,0.0,107.9,61.0,176.0,44.0,5.4,131.7,10.57,122.2,159.3,48.1,0
33.0,1,0,0,0,1,24.0,79.8,0.0,0.0,0.0,0.0,117.3,73.7,196.0,98.0,5.0,58.8,5.66,60.9,159.0,24.1,0
25.0,1,0,0,0,1,22.9,76.7,0.0,0.0,0.0,0.0,102.1,58.9,170.0,36.0,5.9,126.9,10.28,51.7,152.2,22.3,0
22.0,1,0,0,0,1,26.9,87.8,0.0,0.0,0.0,0.0,113.4,71.1,217.0,111.0,5.7,53.9,13.34,60.8,152.9,26.0,0
56.0,1,0,0,0,1,23.2,75.4,0.0,0.0,0.0,0.0,147.3,81.9,199.0,58.0,6.1,61.5,31.13,75.7,183.4,22.5,0
28.0,1,0,0,0,1,21.3,84.0,0.0,0.0,0.0,0.0,123.1,65.2,201.0,76.0,5.3,96.5,5.84,52.9,168.0,18.7,0
36.0,1,0,0,0,1,42.0,106.8,0.0,0.0,0.0,0.0,100.8,70.5,214.0,67.0,5.2,123.1,13.71,92.8,153.3,39.5,0
34.0,1,0,0,0,1,30.1,90.7,0.0,0.0,0.0,0.0,108.6,78.3,182.0,37.0,5.4,90.2,12.35,75.7,158.3,30.2,0
21.0,1,0,0,0,1,25.8,78.7,0.0,0.0,0.0,0.0,122.1,70.5,158.0,66.0,5.3,129.0,13.28,74.0,172.8,24.8,0
22.0,1,0,0,0,1,26.3,83.9,0.0,0.0,0.0,0.0,107.9,69.9,139.0,46.0,5.4,95.6,8.58,58.4,167.4,20.9,0
47.0,1,0,0,0,1,35.3,109.5,0.0,0.0,0.0,0.0,102.1,64.3,220.0,50.0,5.9,117.9,12.83,83.1,158.0,33.3,0
23.0,1,0,0,0,1,39.5,117.2,0.0,0.0,0.0,0.0,117.2,67.9,231.0,83.0,10.7,110.4,9.56,97.6,162.5,36.9,0
33.0,1,0,0,0,1,22.9,66.7,0.0,0.0,0.0,0.0,129.2,80.8,134.0,47.0,5.6,85.7,9.06,60.1,164.8,22.1,0
28.0,1,0,0,0,1,28.4,91.1,0.0,0.0,0.0,0.0,113.4,77.2,182.0,58.0,5.2,121.2,2.43,79.9,168.3,28.2,0
36.0,1,0,0,0,1,26.4,80.5,0.0,0.0,0.0,0.0,110.8,71.2,218.0,45.0,5.8,120.1,11.53,73.2,164.9,26.9,0
47.0,1,0,0,0,1,29.8,90.4,0.0,0.0,0.0,0.0,104.1,67.2,162.0,39.0,6.1,97.6,3.1,66.2,153.6,28.1,0
37.0,1,0,0,0,1,29.4,90.8,0.0,0.0,0.0,0.0,100.7,55.6,160.0,49.0,5.4,109.7,25.59,68.9,155.6,28.4,0
39.0,1,0,0,0,1,36.9,109.6,0.0,0.0,0.0,0.0,125.7,53.6,202.0,84.0,6.7,64.0,7.08,89.1,162.7,33.7,0
20.0,1,0,0,0,1,25.6,84.6,0.0,0.0,0.0,0.0,108.5,75.5,116.0,59.0,5.1,131.6,8.8,66.9,162.0,25.5,0
21.0,1,0,0,0,1,24.2,70.3,0.0,0.0,0.0,0.0,123.5,75.1,221.0,72.0,5.4,122.7,9.93,56.4,157.1,22.9,0
78.0,1,0,0,0,1,21.7,77.1,0.0,0.0,0.0,0.0,136.7,86.9,254.0,56.0,4.7,62.7,35.86,47.3,150.3,20.9,0
41.0,1,0,0,0,1,27.8,97.4,0.0,0.0,0.0,0.0,103.0,64.5,183.0,48.0,4.9,92.9,31.07,44.4,167.5,15.8,0
31.0,1,0,0,0,1,28.2,101.1,0.0,0.0,0.0,0.0,110.0,62.8,221.0,41.0,5.3,63.8,8.73,74.6,170.7,25.6,0
22.0,1,0,0,0,1,24.6,83.6,0.0,0.0,0.0,0.0,106.3,69.5,160.0,49.0,5.3,83.9,13.94,68.4,169.6,23.8,0
55.0,1,0,0,0,1,27.5,78.5,0.0,0.0,0.0,0.0,105.5,68.1,167.0,52.0,5.2,112.3,46.8,70.0,165.2,25.6,0
40.0,1,0,0,0,1,26.2,108.2,0.0,0.0,0.0,0.0,115.0,78.6,156.0,50.0,5.6,78.7,11.45,76.7,172.8,25.7,0
31.0,1,0,0,0,1,55.0,144.2,0.0,0.0,0.0,0.0,101.9,70.7,174.0,56.0,4.4,109.6,6.48,122.2,158.8,48.5,0
45.0,1,0,0,0,1,34.1,95.5,0.0,0.0,0.0,0.0,130.9,80.3,217.0,53.0,5.7,98.3,4.13,69.5,157.1,28.2,0
28.0,1,0,0,0,1,37.5,106.4,0.0,0.0,0.0,0.0,102.7,80.2,285.0,116.0,4.9,111.2,9.76,95.9,158.4,38.2,0
33.0,1,0,0,0,1,20.3,67.5,0.0,0.0,0.0,0.0,104.1,72.9,176.0,75.0,8.4,83.3,3.01,47.3,149.3,21.2,0
44.0,1,0,0,0,1,23.7,79.7,0.0,0.0,0.0,0.0,128.6,76.9,177.0,42.0,5.5,117.5,8.87,54.6,151.5,23.8,0
20.0,1,0,0,0,1,25.7,84.2,0.0,0.0,0.0,0.0,107.4,65.4,234.0,104.0,5.1,96.1,48.66,65.5,162.1,24.9,0
59.0,1,0,0,0,1,33.1,109.4,0.0,0.0,0.0,0.0,112.2,77.3,275.0,73.0,5.5,93.5,11.64,84.8,158.7,33.7,0
72.0,1,0,0,0,1,22.8,81.7,0.0,0.0,0.0,0.0,133.1,85.5,164.0,75.0,5.3,115.9,6.16,62.2,167.3,22.2,0
41.0,1,0,0,0,1,54.5,150.6,0.0,0.0,0.0,0.0,140.2,85.5,212.0,44.0,7.1,69.3,40.36,124.7,159.8,48.8,0
39.0,1,0,0,0,1,45.2,132.7,0.0,0.0,0.0,0.0,111.5,69.2,184.0,64.0,5.6,118.1,6.56,100.5,154.7,42.0,0
52.0,1,0,0,0,1,47.9,125.2,0.0,0.0,0.0,0.0,121.5,77.2,186.0,89.0,5.8,44.8,6.1,101.7,159.6,39.9,0
30.0,1,0,0,0,1,46.0,130.1,0.0,0.0,0.0,0.0,115.9,74.1,185.0,51.0,5.5,103.8,9.74,95.3,154.1,40.1,0
24.0,1,0,0,0,1,45.8,128.5,0.0,0.0,0.0,0.0,114.3,71.9,181.0,64.0,5.1,64.0,11.56,114.9,173.3,38.3,0
33.0,1,0,0,0,1,27.9,87.7,0.0,0.0,0.0,0.0,128.3,70.3,226.0,55.0,5.4,76.8,4.84,63.7,154.9,26.6,0
39.0,1,0,0,0,1,44.9,125.9,0.0,0.0,0.0,0.0,110.6,71.8,194.0,71.0,5.2,69.0,10.78,115.4,169.4,40.2,0
28.0,1,0,0,0,1,26.4,84.8,0.0,0.0,0.0,0.0,107.8,81.6,192.0,35.0,5.4,82.9,14.41,85.1,178.1,26.8,0
38.0,1,0,0,0,1,21.7,65.8,0.0,0.0,0.0,0.0,117.3,69.0,161.0,53.0,5.3,122.9,13.35,51.7,156.9,21.0,0
37.0,1,0,0,0,1,22.6,76.9,0.0,0.0,0.0,0.0,92.9,61.4,162.0,60.0,5.2,105.0,5.52,48.6,157.6,19.5,0
58.0,1,0,0,0,1,55.1,153.1,0.0,0.0,0.0,0.0,115.7,69.3,255.0,57.0,5.9,117.0,12.87,123.3,153.0,52.7,0
63.0,1,0,0,0,1,31.2,96.0,0.0,0.0,0.0,0.0,137.9,81.5,144.0,41.0,5.0,70.9,8.01,76.2,158.9,30.2,0
49.0,1,0,0,0,1,26.0,83.2,0.0,0.0,0.0,0.0,130.1,76.3,145.0,126.0,5.9,84.7,8.09,73.7,164.8,27.2,0
26.0,1,0,0,0,1,47.3,137.5,0.0,0.0,0.0,0.0,114.0,75.1,191.0,62.0,5.4,99.6,36.61,112.3,159.1,44.4,0
31.0,1,0,0,0,1,24.9,80.1,0.0,0.0,0.0,0.0,99.8,74.6,149.0,53.0,4.9,104.9,11.86,71.0,177.1,22.6,0
27.0,1,0,0,0,1,52.8,135.8,0.0,0.0,0.0,0.0,108.8,64.0,198.0,51.0,6.5,108.0,55.37,118.1,157.4,47.7,0
65.0,1,0,0,0,1,37.0,117.4,0.0,0.0,0.0,0.0,124.2,78.9,151.0,70.0,5.5,75.1,0.88,82.9,152.9,35.5,0
19.0,1,0,0,0,1,23.7,83.7,0.0,0.0,0.0,0.0,106.7,67.3,180.0,41.0,5.9,117.1,12.1,52.1,158.1,20.8,0
79.0,1,0,0,0,1,27.8,93.2,0.0,0.0,0.0,0.0,98.4,68.7,175.0,50.0,5.9,116.1,1.22,66.3,158.3,26.4,0
33.0,1,0,0,0,1,39.5,118.5,0.0,0.0,0.0,0.0,114.2,65.1,167.0,43.0,5.0,125.4,12.11,116.3,177.2,37.1,0
33.0,1,0,0,0,1,40.7,115.1,0.0,0.0,0.0,0.0,120.6,81.4,206.0,40.0,5.6,118.3,11.4,77.9,143.0,38.1,0
32.0,1,0,0,0,1,35.5,110.8,0.0,0.0,0.0,0.0,121.5,81.8,228.0,52.0,6.1,68.1,8.65,95.1,162.3,36.1,0
31.0,1,0,0,0,1,46.1,128.4,0.0,0.0,0.0,0.0,127.2,71.9,195.0,77.0,5.0,73.3,5.67,108.1,158.7,42.9,0
39.0,1,0,0,0,1,33.2,100.8,0.0,0.0,0.0,0.0,112.7,75.4,193.0,113.0,5.0,84.1,11.9,83.2,157.2,33.7,0
72.0,1,0,0,0,1,38.1,93.8,0.0,0.0,0.0,0.0,128.6,59.0,135.0,63.0,5.4,69.0,7.08,96.7,164.9,35.6,0
22.0,1,0,0,0,1,38.4,110.9,0.0,0.0,0.0,0.0,114.1,72.1,168.0,46.0,4.8,130.5,14.28,75.7,144.5,36.3,0
34.0,1,0,0,0,1,38.9,126.3,0.0,0.0,0.0,0.0,125.3,75.9,166.0,40.0,5.9,65.4,47.0,93.9,164.9,34.5,0
47.0,1,0,0,0,1,37.6,116.2,0.0,0.0,0.0,0.0,112.4,77.9,199.0,52.0,5.8,105.5,1.96,96.1,165.1,35.3,0
52.0,1,0,0,0,1,27.3,87.6,0.0,0.0,0.0,0.0,122.2,67.2,146.0,87.0,5.2,92.4,6.06,49.2,151.7,21.4,0
23.0,1,0,0,0,1,32.4,93.0,0.0,0.0,0.0,0.0,109.8,69.2,215.0,75.0,5.4,105.5,3.39,85.9,169.1,30.0,0
59.0,1,0,0,0,1,54.7,158.2,0.0,0.0,0.0,0.0,136.4,84.6,119.0,41.0,5.6,99.0,5.71,127.4,158.0,51.0,0
53.0,1,0,0,0,1,25.3,83.0,0.0,0.0,0.0,0.0,128.8,74.0,191.0,89.0,5.3,60.6,139.83,54.8,153.2,23.4,0
47.0,1,0,0,0,1,31.5,99.6,0.0,0.0,0.0,0.0,128.9,75.6,190.0,43.0,6.0,109.5,30.84,89.5,162.5,33.9,0
21.0,1,0,0,0,1,34.0,105.0,0.0,0.0,0.0,0.0,131.0,80.0,216.0,55.0,5.2,121.3,4.77,66.1,152.5,28.4,0
22.0,1,0,0,0,1,35.2,105.0,0.0,0.0,0.0,0.0,106.3,71.3,150.0,52.0,5.3,135.8,31.9,94.3,158.3,37.6,0
38.0,1,0,0,0,1,27.7,93.8,0.0,0.0,0.0,0.0,122.3,74.7,166.0,59.0,5.3,70.8,7.82,53.9,143.7,26.1,0
34.0,1,0,0,0,1,37.0,108.5,0.0,0.0,0.0,0.0,118.0,81.0,174.0,61.0,6.9,99.5,7.81,85.2,155.4,35.3,0
28.0,1,0,0,0,1,28.4,92.4,0.0,0.0,0.0,0.0,119.5,78.3,189.0,45.0,5.8,65.5,4.32,93.6,183.8,27.7,0
21.0,1,0,0,0,1,29.2,91.7,0.0,0.0,0.0,0.0,111.5,71.6,144.0,73.0,5.7,127.7,9.14,72.0,157.9,28.9,0
58.0,1,0,0,0,1,38.4,121.5,0.0,0.0,0.0,0.0,100.1,69.5,181.0,84.0,5.2,75.2,10.91,84.7,153.0,36.2,0
47.0,1,0,0,0,1,33.3,107.0,0.0,0.0,0.0,0.0,97.6,70.7,183.0,40.0,5.4,128.0,0.3,117.0,187.4,33.3,0
37.0,1,0,0,0,1,47.0,130.7,0.0,0.0,0.0,0.0,109.7,67.5,221.0,100.0,4.6,102.1,15.36,99.8,153.0,42.6,0
50.0,1,0,0,0,1,35.0,100.6,0.0,0.0,0.0,0.0,130.9,81.5,242.0,38.0,7.0,106.0,7.68,72.6,152.6,31.2,0
49.0,1,0,0,0,1,21.8,72.2,0.0,0.0,0.0,0.0,120.4,82.0,201.0,60.0,5.8,125.6,4.78,52.1,158.5,20.8,0
73.0,1,0,0,0,1,39.0,115.1,0.0,0.0,0.0,0.0,128.7,90.0,177.0,41.0,5.4,62.8,47.38,90.3,157.2,36.6,0
43.0,1,0,0,0,1,22.4,81.1,0.0,0.0,0.0,0.0,108.5,68.9,244.0,59.0,5.7,125.7,9.97,44.3,138.4,23.1,0
30.0,1,0,0,0,1,22.1,78.5,0.0,0.0,0.0,0.0,132.8,88.3,200.0,89.0,6.0,107.1,10.0,62.5,164.7,23.0,0
35.0,1,0,0,0,1,29.5,90.4,0.0,0.0,0.0,0.0,113.2,76.3,171.0,49.0,4.2,124.8,5.14,58.6,155.7,24.2,0
25.0,1,0,0,0,1,45.7,125.4,0.0,0.0,0.0,0.0,107.8,71.0,158.0,45.0,5.0,131.7,14.81,95.6,149.3,42.9,0
53.0,1,0,0,0,1,44.3,126.3,0.0,0.0,0.0,0.0,127.9,76.0,176.0,64.0,5.5,102.0,6.47,110.3,162.8,41.6,0
23.0,1,0,0,0,1,29.3,92.5,0.0,0.0,0.0,0.0,126.3,75.8,161.0,46.0,5.4,106.9,8.37,62.6,154.4,26.2,0
41.0,1,0,0,0,1,36.0,108.3,0.0,0.0,0.0,0.0,124.1,80.6,218.0,75.0,4.9,125.0,8.41,86.6,159.0,34.3,0
50.0,1,0,0,0,1,29.1,101.4,0.0,0.0,0.0,0.0,106.6,70.0,163.0,36.0,5.2,109.8,10.69,89.7,176.1,28.9,0
32.0,1,0,0,0,1,29.3,88.8,0.0,0.0,0.0,0.0,106.1,74.1,178.0,42.0,5.6,119.1,7.54,68.9,157.9,27.6,0
22.0,1,0,0,0,1,32.6,101.5,0.0,0.0,0.0,0.0,109.0,72.5,178.0,72.0,5.9,124.8,9.47,78.5,157.5,31.7,0
46.0,1,0,0,0,1,29.2,99.7,0.0,0.0,0.0,0.0,123.1,78.4,194.0,49.0,4.9,96.7,8.9,100.6,189.8,27.9,0
73.0,1,0,0,0,1,39.3,117.9,0.0,0.0,0.0,0.0,125.8,73.8,172.0,68.0,6.3,72.0,9.74,90.6,157.8,36.4,0
31.0,1,0,0,0,1,58.0,157.1,0.0,0.0,0.0,0.0,106.1,72.2,163.0,52.0,5.1,121.8,14.45,136.2,159.5,53.5,0
26.0,1,0,0,0,1,27.9,89.3,0.0,0.0,0.0,0.0,117.6,79.3,194.0,45.0,4.9,121.6,12.52,65.6,159.0,26.0,0
65.0,1,0,0,0,1,49.1,135.9,0.0,0.0,0.0,0.0,107.1,69.1,178.0,95.0,6.9,97.1,13.1,102.9,154.7,43.0,0
67.0,1,0,0,0,1,31.7,112.8,0.0,0.0,0.0,0.0,158.7,80.2,187.0,68.0,5.4,88.0,8.65,97.2,180.1,30.0,0
56.0,1,0,0,0,1,27.9,91.3,0.0,0.0,0.0,0.0,128.8,81.7,195.0,58.0,5.1,109.2,13.34,77.9,166.9,28.0,0
38.0,1,0,0,0,1,20.5,79.5,0.0,0.0,0.0,0.0,101.0,67.2,153.0,71.0,5.5,95.7,7.55,51.3,159.0,20.3,0
30.0,1,0,0,0,1,36.9,114.7,0.0,0.0,0.0,0.0,102.0,68.7,174.0,30.0,5.3,111.0,11.91,94.3,162.5,35.7,0
29.0,1,0,0,0,1,23.5,78.4,0.0,0.0,0.0,0.0,101.6,56.5,179.0,54.0,4.5,128.9,3.25,57.0,152.1,24.6,0
53.0,1,0,0,0,1,29.5,86.2,0.0,0.0,0.0,0.0,104.2,70.0,206.0,63.0,5.5,94.9,8.92,61.7,154.0,26.0,0
78.0,1,0,0,0,1,27.4,94.3,0.0,0.0,0.0,0.0,103.2,78.4,264.0,50.0,5.8,98.0,12.06,81.4,175.8,26.3,0
32.0,1,0,0,0,1,27.7,86.1,0.0,0.0,0.0,0.0,117.0,72.7,130.0,56.0,5.2,92.5,10.64,63.4,152.5,27.3,0
31.0,1,0,0,0,1,36.9,104.9,0.0,0.0,0.0,0.0,134.6,73.3,184.0,42.0,5.2,77.5,34.8,89.7,158.0,35.9,0
61.0,1,0,0,0,1,23.7,83.2,0.0,0.0,0.0,0.0,127.3,70.3,184.0,39.0,5.2,120.6,5.65,56.7,158.4,22.6,0
28.0,1,0,0,0,1,22.4,86.3,0.0,0.0,0.0,0.0,113.2,69.0,195.0,98.0,5.0,123.5,9.68,60.2,162.3,22.8,0
22.0,1,0,0,0,1,25.0,88.4,0.0,0.0,0.0,0.0,103.4,62.8,175.0,82.0,6.0,100.7,6.73,63.0,160.0,24.6,0
44.0,1,0,0,0,1,23.3,78.3,0.0,0.0,0.0,0.0,109.5,66.7,166.0,55.0,5.4,123.5,2.38,64.8,167.5,23.1,0
55.0,1,0,0,0,1,23.5,71.3,0.0,0.0,0.0,0.0,124.4,69.2,148.0,54.0,5.6,105.2,8.74,55.3,152.2,23.9,0
34.0,1,0,0,0,1,27.1,84.8,0.0,0.0,0.0,0.0,133.3,78.6,121.0,50.0,5.7,113.8,11.14,80.6,168.8,28.3,0
32.0,1,0,0,0,1,39.8,120.9,0.0,0.0,0.0,0.0,128.2,70.4,225.0,81.0,5.9,114.8,9.82,88.5,152.7,38.0,0
31.0,1,0,0,0,1,22.2,78.6,0.0,0.0,0.0,0.0,111.6,73.2,153.0,67.0,4.8,123.0,11.93,46.5,157.9,18.7,0
25.0,1,0,0,0,1,24.3,81.3,0.0,0.0,0.0,0.0,105.6,58.8,125.0,40.0,5.5,86.7,9.71,68.6,173.7,22.7,0
32.0,1,0,0,0,1,35.8,104.8,0.0,0.0,0.0,0.0,130.7,79.0,177.0,66.0,5.2,106.5,9.32,80.0,153.7,33.8,0
42.0,1,0,0,0,1,28.7,86.1,0.0,0.0,0.0,0.0,109.4,75.5,103.0,68.0,5.7,107.9,11.85,66.9,159.2,26.4,0
28.0,1,0,0,0,1,27.5,83.2,0.0,0.0,0.0,0.0,106.4,66.3,211.0,43.0,5.8,77.2,9.78,73.1,167.7,26.0,0
24.0,1,0,0,0,1,24.0,77.8,0.0,0.0,0.0,0.0,106.1,72.0,179.0,56.0,5.5,116.3,4.1,59.5,159.3,23.4,0
49.0,1,0,0,0,1,22.0,78.8,0.0,0.0,0.0,0.0,100.1,64.5,112.0,34.0,6.8,134.9,17.51,63.9,173.0,21.4,0
71.0,1,0,0,0,1,34.8,110.9,0.0,0.0,0.0,0.0,123.4,78.1,215.0,84.0,5.5,91.4,8.51,94.7,165.1,34.7,0
33.0,1,0,0,0,1,44.7,116.3,0.0,0.0,0.0,0.0,109.7,73.4,230.0,65.0,5.5,65.1,9.84,93.0,157.3,37.6,0
31.0,1,0,0,0,1,21.7,67.8,0.0,0.0,0.0,0.0,106.5,70.1,154.0,54.0,5.4,89.3,3.08,60.9,166.8,21.9,0
42.0,1,0,0,0,1,28.1,86.7,0.0,0.0,0.0,0.0,105.8,64.9,147.0,52.0,5.4,138.5,10.97,63.1,158.3,25.2,0
42.0,1,0,0,0,1,25.7,84.1,0.0,0.0,0.0,0.0,128.5,74.4,154.0,93.0,5.4,86.3,12.95,62.1,161.9,23.7,0
54.0,1,0,0,0,1,37.2,104.0,0.0,0.0,0.0,0.0,108.3,71.1,106.0,62.0,5.9,93.0,3.65,113.9,168.0,40.4,0
36.0,1,0,0,0,1,25.2,77.0,0.0,0.0,0.0,0.0,114.7,66.1,207.0,38.0,6.0,101.4,5.88,70.2,168.1,24.8,0
66.0,1,0,0,0,1,24.9,87.7,0.0,0.0,0.0,0.0,108.6,70.5,203.0,40.0,6.0,73.6,1.61,53.1,154.4,22.3,0
45.0,1,0,0,0,1,40.1,109.4,0.0,0.0,0.0,0.0,135.1,82.5,218.0,48.0,5.9,57.3,3.12,77.0,148.8,34.8,0
50.0,1,0,0,0,1,43.0,131.1,0.0,0.0,0.0,0.0,119.4,82.2,181.0,91.0,5.2,84.1,6.96,96.1,154.0,40.5,0
45.0,1,0,0,0,1,24.0,77.2,0.0,0.0,0.0,0.0,107.1,73.9,132.0,41.0,5.6,115.4,8.92,58.0,158.3,23.1,0
34.0,1,0,0,0,1,32.6,89.7,0.0,0.0,0.0,0.0,103.5,68.7,181.0,37.0,5.6,115.7,4.32,85.4,164.6,31.5,0
31.0,1,0,0,0,1,44.0,126.4,0.0,0.0,0.0,0.0,98.7,70.0,202.0,48.0,5.8,104.0,8.69,102.8,153.1,43.8,0
23.0,1,0,0,0,1,22.9,89.0,0.0,0.0,0.0,0.0,118.2,65.0,182.0,51.0,4.9,122.7,15.24,60.2,165.4,22.0,0
37.0,1,0,0,0,1,48.6,133.3,0.0,0.0,0.0,0.0,104.3,73.4,230.0,38.0,4.9,118.5,10.73,128.1,164.8,47.2,0
36.0,1,0,0,0,1,31.0,90.3,0.0,0.0,0.0,0.0,116.7,73.9,186.0,43.0,5.4,108.4,11.75,83.6,168.2,29.6,0
72.0,1,0,0,0,1,30.6,88.4,0.0,0.0,0.0,0.0,118.6,73.3,222.0,70.0,4.9,93.2,11.83,72.9,157.2,29.5,0
19.0,1,0,0,0,1,48.8,141.0,0.0,0.0,0.0,0.0,134.2,77.0,229.0,42.0,5.2,118.0,7.71,116.5,159.0,46.1,0
30.0,1,0,0,0,1,37.4,108.5,0.0,0.0,0.0,0.0,99.4,62.8,163.0,44.0,4.9,122.8,4.29,82.7,153.5,35.1,0
34.0,1,0,0,0,1,26.3,81.8,0.0,0.0,0.0,0.0,126.8,84.2,194.0,36.0,11.4,68.8,7.16,56.5,167.3,20.2,0
29.0,1,0,0,0,1,27.3,95.6,0.0,0.0,0.0,0.0,143.0,88.4,173.0,77.0,5.5,101.1,4.67,70.5,164.7,26.0,0
18.0,1,0,0,0,1,35.0,121.7,0.0,0.0,0.0,0.0,110.5,75.7,189.0,52.0,4.8,126.1,13.55,98.7,168.5,34.8,0
66.0,1,0,0,0,1,32.8,106.6,0.0,0.0,0.0,0.0,123.9,78.0,187.0,108.0,5.6,107.6,8.89,79.6,158.3,31.8,0
28.0,1,0,0,0,1,21.7,77.2,0.0,0.0,0.0,0.0,101.5,66.6,140.0,49.0,5.2,127.0,31.53,53.6,160.9,20.7,0
47.0,1,0,0,0,1,28.4,86.3,0.0,0.0,0.0,0.0,111.6,74.1,165.0,44.0,5.2,109.9,34.92,74.0,157.6,29.8,0
46.0,1,0,0,0,1,21.7,86.2,0.0,0.0,0.0,0.0,113.1,68.4,217.0,41.0,5.5,80.2,9.9,70.7,177.4,22.5,0
38.0,1,0,0,0,1,47.7,134.6,0.0,0.0,0.0,0.0,129.2,82.1,184.0,42.0,5.7,109.7,30.68,110.6,152.0,47.9,0
36.0,1,0,0,0,1,35.1,111.5,0.0,0.0,0.0,0.0,158.8,87.6,183.0,70.0,5.0,62.4,6.73,80.3,162.3,30.5,0
55.0,1,0,0,0,1,35.2,112.4,0.0,0.0,0.0,0.0,181.6,97.7,218.0,42.0,5.1,106.5,7.56,95.5,167.1,34.2,0
29.0,1,0,0,0,1,27.3,95.7,0.0,0.0,0.0,0.0,113.5,73.5,195.0,45.0,5.1,94.1,11.12,67.8,156.9,27.6,0
32.0,1,0,0,0,1,44.2,123.9,0.0,0.0,0.0,0.0,113.2,70.3,152.0,41.0,5.0,106.9,8.11,91.9,157.6,37.0,0
68.0,1,0,0,0,1,24.3,90.6,0.0,0.0,0.0,0.0,116.6,79.9,189.0,40.0,5.5,80.2,7.79,51.4,162.3,19.5,0
48.0,1,0,0,0,1,43.4,122.0,0.0,0.0,0.0,0.0,121.2,75.9,149.0,42.0,5.2,112.6,13.87,120.4,176.2,38.8,0
30.0,1,0,0,0,1,41.4,116.9,0.0,0.0,0.0,0.0,97.6,79.5,156.0,45.0,5.4,126.2,11.27,73.0,143.3,35.5,0
23.0,1,0,0,0,1,32.5,98.0,0.0,0.0,0.0,0.0,122.0,78.4,220.0,48.0,5.9,104.4,5.1,70.1,149.8,31.3,0
37.0,1,0,0,0,1,39.4,118.9,0.0,0.0,0.0,0.0,133.4,75.6,236.0,70.0,4.8,94.6,5.43,108.5,170.2,37.5,0
73.0,1,0,0,0,1,48.9,141.3,0.0,0.0,0.0,0.0,126.4,75.2,202.0,48.0,5.1,117.8,7.01,125.7,165.1,46.1,0
32.0,1,0,0,0,1,26.8,83.7,0.0,0.0,0.0,0.0,110.2,71.1,178.0,49.0,5.2,100.2,11.06,65.4,155.0,27.2,0
60.0,1,0,0,0,1,32.9,109.0,0.0,0.0,0.0,0.0,112.0,65.8,257.0,90.0,6.0,109.1,19.82,84.5,157.7,34.0,0
20.0,1,0,0,0,1,33.5,111.5,0.0,0.0,0.0,0.0,133.2,84.9,223.0,51.0,5.9,114.4,10.0,80.4,158.5,32.0,0
31.0,1,0,0,0,1,37.7,103.2,0.0,0.0,0.0,0.0,120.6,77.8,154.0,78.0,5.5,85.5,8.91,108.1,180.9,33.0,0
51.0,1,0,0,0,1,49.4,145.1,0.0,0.0,0.0,0.0,119.3,79.1,187.0,40.0,4.7,118.2,10.65,135.4,174.1,44.7,0
44.0,1,0,0,0,1,39.7,115.9,0.0,0.0,0.0,0.0,128.8,82.6,187.0,42.0,4.7,133.1,9.91,123.0,178.4,38.6,0
35.0,1,0,0,0,1,26.1,76.4,0.0,0.0,0.0,0.0,142.8,84.9,171.0,36.0,5.4,135.0,2.49,63.1,158.3,25.2,0
38.0,1,0,0,0,1,40.8,118.1,0.0,0.0,0.0,0.0,109.5,75.3,227.0,41.0,5.9,79.3,5.78,76.8,141.4,38.4,0
38.0,1,0,0,0,1,23.9,70.0,0.0,0.0,0.0,0.0,111.8,72.2,104.0,48.0,5.5,124.4,11.76,45.5,156.6,18.6,0
29.0,1,0,0,0,1,31.1,103.5,0.0,0.0,0.0,0.0,110.9,73.7,254.0,47.0,5.5,99.8,13.62,64.4,159.8,25.2,0
36.0,1,0,0,0,1,28.1,87.5,0.0,0.0,0.0,0.0,114.3,70.6,179.0,48.0,4.8,120.1,8.71,73.3,174.5,24.1,0
21.0,1,0,0,0,1,35.9,91.5,0.0,0.0,0.0,0.0,109.1,65.2,218.0,49.0,5.0,117.8,8.51,93.1,166.8,33.5,0
69.0,1,0,0,0,1,28.0,96.1,0.0,0.0,0.0,0.0,110.0,70.6,214.0,51.0,4.9,97.2,5.18,63.1,152.3,27.2,0
29.0,1,0,0,0,1,26.2,82.6,0.0,0.0,0.0,0.0,117.5,73.3,141.0,44.0,5.0,130.6,8.45,59.6,152.6,25.6,0
67.0,1,0,0,0,1,29.2,85.1,0.0,0.0,0.0,0.0,116.2,68.7,207.0,111.0,5.1,111.7,5.55,75.5,159.5,29.7,0
29.0,1,0,0,0,1,26.1,70.2,0.0,0.0,0.0,0.0,124.9,82.3,246.0,47.0,4.4,80.2,35.55,58.8,151.5,25.6,0
19.0,1,0,0,0,1,23.4,88.3,0.0,0.0,0.0,0.0,105.6,67.8,151.0,68.0,5.4,113.4,7.45,56.8,158.9,22.5,0
48.0,1,0,0,0,1,24.9,85.7,0.0,0.0,0.0,0.0,115.7,75.7,136.0,29.0,5.7,106.7,11.75,62.0,157.5,25.0,0
49.0,1,0,0,0,1,37.2,107.3,0.0,0.0,0.0,0.0,128.7,70.5,173.0,37.0,5.9,93.3,3.13,111.9,168.5,39.4,0
30.0,1,0,0,0,1,27.8,88.2,0.0,0.0,0.0,0.0,122.2,86.5,163.0,45.0,5.3,90.7,4.48,80.6,174.9,26.3,0
32.0,1,0,0,0,1,44.0,128.7,0.0,0.0,0.0,0.0,126.8,77.7,186.0,91.0,5.3,107.8,12.3,97.3,161.9,37.1,0
71.0,1,0,0,0,1,25.4,86.9,0.0,0.0,0.0,0.0,102.3,72.6,183.0,44.0,5.9,109.6,7.91,59.6,156.4,24.4,0
48.0,1,0,0,0,1,32.2,106.6,0.0,0.0,0.0,0.0,104.3,65.9,201.0,51.0,5.2,119.3,3.49,79.0,155.1,32.8,0
29.0,1,0,0,0,1,23.6,75.1,0.0,0.0,0.0,0.0,110.4,69.5,175.0,61.0,4.8,84.8,6.89,55.4,153.9,23.4,0
32.0,1,0,0,0,1,30.7,102.8,0.0,0.0,0.0,0.0,111.1,71.8,185.0,39.0,6.1,117.7,10.54,100.4,180.4,30.9,0
38.0,1,0,0,0,1,36.2,107.6,0.0,0.0,0.0,0.0,118.9,73.8,171.0,75.0,4.7,87.2,43.81,97.9,168.9,34.3,0
26.0,1,0,0,0,1,20.0,72.9,0.0,0.0,0.0,0.0,112.0,73.6,204.0,53.0,4.5,126.0,8.77,51.8,157.8,20.8,0
23.0,1,0,0,0,1,24.4,82.8,0.0,0.0,0.0,0.0,110.3,71.4,163.0,37.0,4.9,107.7,8.55,72.5,169.0,25.4,0
35.0,1,0,0,0,1,25.4,82.6,0.0,0.0,0.0,0.0,147.8,82.9,147.0,75.0,5.2,103.2,11.95,76.5,170.2,26.4,0
28.0,1,0,0,0,1,21.1,72.0,0.0,0.0,0.0,0.0,112.9,63.5,171.0,73.0,5.0,90.9,7.16,47.2,151.1,20.7,0
30.0,1,0,0,0,1,25.3,73.3,0.0,0.0,0.0,0.0,102.7,68.1,176.0,69.0,5.0,108.4,5.84,64.6,159.5,25.4,0
38.0,1,0,0,0,1,22.9,77.6,0.0,0.0,0.0,0.0,133.6,69.4,184.0,73.0,5.9,103.9,5.55,45.4,151.3,19.9,0
20.0,1,0,0,0,1,33.7,102.8,0.0,0.0,0.0,0.0,142.3,84.9,223.0,54.0,5.4,113.3,9.58,96.1,170.8,32.9,0
37.0,1,0,0,0,1,25.4,93.0,0.0,0.0,0.0,0.0,124.6,78.1,206.0,111.0,5.8,89.8,13.73,63.8,159.7,25.0,0
51.0,1,0,0,0,1,28.0,85.5,0.0,0.0,0.0,0.0,136.7,83.1,216.0,51.0,6.0,111.1,5.7,81.7,167.8,29.0,0
43.0,1,0,0,0,1,26.2,86.8,0.0,0.0,0.0,0.0,108.0,70.7,193.0,61.0,5.6,67.1,13.24,58.0,151.8,25.2,0
36.0,1,0,0,0,1,58.9,156.2,0.0,0.0,0.0,0.0,131.8,79.0,220.0,42.0,5.3,129.9,12.12,132.6,152.8,56.8,0
46.0,1,0,0,0,1,29.8,99.6,0.0,0.0,0.0,0.0,127.6,85.4,164.0,56.0,5.5,78.4,9.74,68.9,152.2,29.7,0
32.0,1,0,0,0,1,37.4,113.5,0.0,0.0,0.0,0.0,129.2,76.3,149.0,56.0,5.4,128.4,9.7,70.5,146.9,32.7,0
27.0,1,0,0,0,1,35.3,110.9,0.0,0.0,0.0,0.0,116.1,77.6,175.0,44.0,5.7,84.4,6.51,94.0,164.5,34.7,0
67.0,1,0,0,0,1,28.4,97.5,0.0,0.0,0.0,0.0,132.7,68.2,205.0,52.0,5.1,64.3,12.76,65.3,153.9,27.6,0
30.0,1,0,0,0,1,33.7,103.3,0.0,0.0,0.0,0.0,102.6,83.4,154.0,33.0,5.7,124.2,10.24,75.4,153.6,32.0,0
25.0,1,0,0,0,1,25.8,82.6,0.0,0.0,0.0,0.0,138.6,81.0,187.0,54.0,5.0,119.7,42.03,62.1,158.0,24.9,0
38.0,1,0,0,0,1,22.8,78.5,0.0,0.0,0.0,0.0,108.7,68.9,87.0,39.0,5.0,131.6,6.81,47.4,143.2,23.1,0
37.0,1,0,0,0,1,26.6,82.1,0.0,0.0,0.0,0.0,110.9,63.4,188.0,65.0,5.6,100.1,3.35,64.0,150.8,28.1,0
72.0,1,0,0,0,1,40.3,121.3,0.0,0.0,0.0,0.0,146.2,83.2,199.0,53.0,5.5,55.5,11.86,119.4,177.2,38.0,0
22.0,1,0,0,0,1,28.5,94.9,0.0,0.0,0.0,0.0,129.8,81.5,245.0,88.0,4.6,83.4,5.55,63.3,151.7,27.5,0
54.0,1,0,0,0,1,23.3,68.7,0.0,0.0,0.0,0.0,130.9,78.4,190.0,40.0,5.9,84.0,4.73,56.9,158.3,22.7,0
31.0,1,0,0,0,1,25.5,81.9,0.0,0.0,0.0,0.0,116.5,76.4,232.0,46.0,4.9,133.6,13.26,54.3,157.1,22.0,0
66.0,1,0,0,0,1,36.1,114.5,0.0,0.0,0.0,0.0,133.7,76.3,199.0,82.0,5.1,71.4,10.54,86.2,158.7,34.2,0
28.0,1,0,0,0,1,37.2,108.9,0.0,0.0,0.0,0.0,116.9,77.0,114.0,38.0,5.4,95.4,9.67,89.3,168.9,31.3,0
63.0,1,0,0,0,1,28.2,88.5,0.0,0.0,0.0,0.0,125.9,77.2,269.0,71.0,6.0,81.6,8.2,71.2,162.9,26.8,0
72.0,1,0,0,0,1,40.7,124.1,0.0,0.0,0.0,0.0,140.9,87.7,218.0,50.0,5.9,69.0,8.34,129.5,184.0,38.3,0
71.0,1,0,0,0,1,21.4,78.4,0.0,0.0,0.0,0.0,126.9,65.8,214.0,61.0,5.3,81.3,13.57,54.7,162.9,20.6,0
32.0,1,0,0,0,1,24.4,87.2,0.0,0.0,0.0,0.0,167.1,96.5,227.0,41.0,4.9,107.3,6.29,67.2,168.9,23.5,0
18.0,1,0,0,0,1,36.4,108.9,0.0,0.0,0.0,0.0,109.7,76.4,195.0,72.0,5.6,112.3,31.4,99.1,164.7,36.5,0
24.0,1,0,0,0,1,37.5,108.9,0.0,0.0,0.0,0.0,122.4,82.3,150.0,38.0,4.6,125.7,14.66,95.8,158.1,38.3,0
36.0,1,0,0,0,1,21.1,72.2,0.0,0.0,0.0,0.0,99.8,66.7,144.0,55.0,5.4,122.8,16.35,37.7,153.7,16.0,0
32.0,1,0,0,0,1,37.1,110.8,0.0,0.0,0.0,0.0,112.2,64.7,225.0,44.0,5.3,97.3,4.36,92.1,158.4,36.7,0
62.0,1,0,0,0,1,22.9,78.9,0.0,0.0,0.0,0.0,140.9,79.1,168.0,59.0,5.5,90.6,15.95,54.5,158.2,21.8,0
31.0,1,0,0,0,1,21.2,81.0,0.0,0.0,0.0,0.0,142.8,84.5,219.0,63.0,4.8,89.9,37.31,53.3,157.1,21.6,0
64.0,1,0,0,0,1,30.4,104.3,0.0,0.0,0.0,0.0,118.3,81.7,235.0,58.0,7.4,86.9,9.74,71.5,155.1,29.7,0
29.0,1,0,0,0,1,44.0,136.4,0.0,0.0,0.0,0.0,110.4,73.7,160.0,52.0,5.7,89.3,6.14,132.0,169.1,46.2,0
47.0,1,0,0,0,1,27.0,84.4,0.0,0.0,0.0,0.0,111.0,67.2,173.0,52.0,5.4,105.2,5.56,78.7,168.8,27.6,0
20.0,1,0,0,0,1,28.7,91.8,0.0,0.0,0.0,0.0,105.1,63.0,154.0,36.0,4.7,128.3,32.48,62.7,164.8,23.1,0
34.0,1,0,0,0,1,38.8,125.3,0.0,0.0,0.0,0.0,116.3,71.0,185.0,50.0,5.2,82.8,8.13,86.0,153.7,36.4,0
55.0,1,0,0,0,1,23.2,87.3,0.0,0.0,0.0,0.0,116.1,59.8,224.0,84.0,5.5,77.7,5.06,55.2,153.6,23.4,0
71.0,1,0,0,0,1,25.9,80.9,0.0,0.0,0.0,0.0,134.5,72.5,184.0,46.0,5.3,63.1,6.34,51.0,143.9,24.6,0
70.0,1,0,0,0,1,23.6,88.5,0.0,0.0,0.0,0.0,127.5,77.8,204.0,75.0,5.1,88.8,1.96,46.6,144.7,22.3,0
65.0,1,0,0,0,1,26.2,89.5,0.0,0.0,0.0,0.0,132.6,86.4,210.0,72.0,5.3,101.5,4.14,72.3,171.2,24.7,0
34.0,1,0,0,0,1,28.2,89.7,0.0,0.0,0.0,0.0,109.2,74.5,208.0,41.0,5.3,125.8,10.08,72.3,159.1,28.6,0
33.0,1,0,0,0,1,27.1,87.3,0.0,0.0,0.0,0.0,122.7,70.2,180.0,41.0,5.1,123.1,8.87,59.8,164.8,22.0,0
22.0,1,0,0,0,1,24.5,82.4,0.0,0.0,0.0,0.0,103.2,75.4,168.0,38.0,5.3,125.7,0.3,45.5,158.3,18.2,0
28.0,1,0,0,0,1,25.9,88.5,0.0,0.0,0.0,0.0,102.5,70.8,179.0,38.0,5.0,106.0,12.14,86.0,187.1,24.6,0
32.0,1,0,0,0,1,43.4,129.3,0.0,0.0,0.0,0.0,114.9,81.3,246.0,66.0,6.2,115.5,7.01,93.5,150.6,41.2,0
38.0,1,0,0,0,1,35.0,111.0,0.0,0.0,0.0,0.0,131.6,80.4,121.0,42.0,6.2,64.6,8.86,90.9,165.0,33.4,0
37.0,1,0,0,0,1,30.8,94.0,0.0,0.0,0.0,0.0,114.3,66.6,143.0,44.0,5.1,127.6,13.0,75.8,158.5,30.2,0
30.0,1,0,0,0,1,26.6,94.3,0.0,0.0,0.0,0.0,111.7,61.1,164.0,85.0,5.5,123.1,3.2,60.8,153.6,25.8,0
48.0,1,0,0,0,1,22.5,81.1,0.0,0.0,0.0,0.0,110.3,63.0,124.0,65.0,5.0,114.4,4.0,63.8,179.3,19.9,0
38.0,1,0,0,0,1,27.6,81.8,0.0,0.0,0.0,0.0,112.9,76.5,187.0,36.0,5.3,114.7,8.76,50.5,152.4,21.7,0
54.0,1,0,0,0,1,25.8,83.9,0.0,0.0,0.0,0.0,105.6,64.9,194.0,54.0,5.5,119.5,11.79,61.6,158.1,24.7,0
31.0,1,0,0,0,1,58.4,138.6,0.0,0.0,0.0,0.0,128.8,74.7,179.0,54.0,5.5,90.3,4.27,152.7,169.2,53.3,0
32.0,1,0,0,0,1,30.9,94.3,0.0,0.0,0.0,0.0,122.7,87.5,132.0,103.0,5.0,116.3,13.88,83.2,167.2,29.8,0
30.0,1,0,0,0,1,23.3,86.7,0.0,0.0,0.0,0.0,111.4,59.9,183.0,44.0,5.3,108.2,6.88,63.4,168.8,22.2,0
62.0,1,0,0,0,1,50.9,141.8,0.0,0.0,0.0,0.0,131.1,81.3,257.0,46.0,5.5,95.1,9.97,120.4,157.7,48.4,0
20.0,1,0,0,0,1,41.2,112.6,0.0,0.0,0.0,0.0,117.4,70.7,178.0,64.0,5.5,119.9,3.98,114.6,167.9,40.7,0
30.0,1,0,0,0,1,37.6,108.7,0.0,0.0,0.0,0.0,131.8,78.9,129.0,47.0,5.8,107.6,4.77,98.8,166.4,35.7,0
57.0,1,0,0,0,1,27.8,94.1,0.0,0.0,0.0,0.0,131.7,77.6,216.0,73.0,6.5,93.4,5.07,76.6,169.7,26.6,0
61.0,1,0,0,0,1,29.1,92.0,0.0,0.0,0.0,0.0,89.8,65.7,117.0,42.0,4.2,120.6,6.65,80.9,167.7,28.8,0
24.0,1,0,0,0,1,38.0,111.4,0.0,0.0,0.0,0.0,120.6,81.7,174.0,31.0,5.5,119.6,10.53,105.3,169.4,36.7,0
62.0,1,0,0,0,1,23.2,77.6,0.0,0.0,0.0,0.0,117.6,70.6,194.0,83.0,5.5,72.7,9.19,62.9,169.1,22.0,0
37.0,1,0,0,0,1,25.0,81.7,0.0,0.0,0.0,0.0,105.8,60.6,231.0,43.0,5.2,78.7,3.48,66.7,168.8,23.4,0
29.0,1,0,0,0,1,29.3,101.8,0.0,0.0,0.0,0.0,105.6,76.6,248.0,63.0,5.5,76.8,39.84,80.5,168.7,28.3,0
27.0,1,0,0,0,1,27.8,87.7,0.0,0.0,0.0,0.0,108.1,74.1,182.0,51.0,4.3,114.7,9.2,78.5,168.7,27.6,0
69.0,1,0,0,0,1,24.4,78.8,0.0,0.0,0.0,0.0,128.9,78.8,211.0,86.0,5.8,83.5,9.88,68.3,168.6,24.0,0
30.0,1,0,0,0,1,25.5,85.3,0.0,0.0,0.0,0.0,105.4,64.5,219.0,58.0,5.1,73.5,8.31,66.1,162.7,25.0,0
26.0,1,0,0,0,1,36.7,108.8,0.0,0.0,0.0,0.0,141.1,98.0,222.0,41.0,5.3,123.7,14.04,78.1,150.9,34.3,0
27.0,1,0,0,0,1,36.3,108.3,0.0,0.0,0.0,0.0,113.8,73.2,222.0,87.0,5.2,71.9,11.76,88.9,159.2,35.1,0
20.0,1,0,0,0,1,26.7,90.2,0.0,0.0,0.0,0.0,97.8,68.4,145.0,49.0,4.7,138.1,46.34,64.5,175.2,21.0,0
70.0,1,0,0,0,1,31.1,95.9,0.0,0.0,0.0,0.0,128.4,85.7,207.0,45.0,5.4,57.3,6.94,90.0,173.6,29.9,0
31.0,1,0,0,0,1,44.9,128.6,0.0,0.0,0.0,0.0,114.1,84.9,204.0,65.0,4.7,95.2,6.72,106.3,156.3,43.5,0
49.0,1,0,0,0,1,21.7,69.2,0.0,0.0,0.0,0.0,122.3,70.1,132.0,41.0,5.9,95.6,13.89,43.7,157.2,17.7,0
36.0,1,0,0,0,1,42.0,119.0,0.0,0.0,0.0,0.0,107.4,80.5,178.0,47.0,5.9,118.5,3.12,109.9,164.9,40.4,0
36.0,1,0,0,0,1,32.3,99.7,0.0,0.0,0.0,0.0,124.0,81.6,177.0,62.0,6.0,106.5,5.4,78.4,158.9,31.1,0
29.0,1,0,0,0,1,25.7,69.6,0.0,0.0,0.0,0.0,106.9,65.7,184.0,66.0,5.1,76.1,8.32,65.6,162.4,24.9,0
23.0,1,0,0,0,1,29.1,90.2,0.0,0.0,0.0,0.0,106.4,79.6,225.0,85.0,5.1,102.4,7.74,65.5,165.0,24.1,0
24.0,1,0,0,0,1,37.6,108.0,0.0,0.0,0.0,0.0,104.4,66.2,193.0,40.0,4.9,43.7,41.49,90.3,158.4,36.0,0
38.0,1,0,0,0,1,55.3,151.2,0.0,0.0,0.0,0.0,113.3,71.7,145.0,22.0,5.9,101.5,10.13,139.9,158.6,55.6,0
33.0,1,0,0,0,1,31.5,90.7,0.0,0.0,0.0,0.0,102.1,63.4,172.0,54.0,5.3,135.0,7.91,88.2,169.4,30.7,0
44.0,1,0,0,0,1,26.4,82.5,0.0,0.0,0.0,0.0,116.0,70.2,150.0,36.0,5.4,105.5,10.81,64.0,159.3,25.2,0
56.0,1,0,0,0,1,27.6,95.0,0.0,0.0,0.0,0.0,139.3,87.2,171.0,90.0,8.0,115.8,36.21,72.4,164.9,26.6,0
32.0,1,0,0,0,1,27.7,87.0,0.0,0.0,0.0,0.0,108.7,71.8,154.0,39.0,4.9,128.3,12.41,82.8,167.9,29.4,0
32.0,1,0,0,0,1,26.5,79.1,0.0,0.0,0.0,0.0,110.9,67.6,230.0,41.0,5.3,129.1,10.81,67.2,160.1,26.2,0
45.0,1,0,0,0,1,23.9,88.0,0.0,0.0,0.0,0.0,145.9,85.6,185.0,76.0,5.2,93.2,7.36,66.6,166.7,24.0,0
24.0,1,0,0,0,1,24.5,82.8,0.0,0.0,0.0,0.0,110.9,69.7,234.0,41.0,5.8,112.1,12.37,58.2,155.0,24.2,0
44.0,1,0,0,0,1,29.0,87.0,0.0,0.0,0.0,0.0,112.7,75.4,178.0,44.0,5.5,79.1,9.68,81.5,167.1,29.2,0
22.0,1,0,0,0,1,19.5,66.3,0.0,0.0,0.0,0.0,98.5,69.5,145.0,31.0,5.1,109.4,26.52,45.1,155.0,18.8,0
61.0,1,0,0,0,1,55.5,144.6,0.0,0.0,0.0,0.0,134.3,98.2,251.0,40.0,6.1,87.1,14.6,124.1,159.5,48.8,0
54.0,1,0,0,0,1,49.4,139.6,0.0,0.0,0.0,0.0,132.0,86.4,221.0,40.0,5.8,80.1,1.52,97.1,144.9,46.2,0
46.0,1,0,0,0,1,25.9,84.7,0.0,0.0,0.0,0.0,102.7,78.4,244.0,67.0,4.7,114.0,42.79,48.1,150.4,21.3,0
37.0,1,0,0,0,1,43.8,128.5,0.0,0.0,0.0,0.0,114.9,68.1,230.0,77.0,5.8,96.4,11.45,111.6,162.3,42.4,0
33.0,1,0,0,0,1,22.7,82.2,0.0,0.0,0.0,0.0,108.2,62.0,180.0,46.0,5.0,130.2,11.5,70.4,178.5,22.1,0
36.0,1,0,0,0,1,24.3,81.7,0.0,0.0,0.0,0.0,102.6,71.7,148.0,41.0,5.1,129.6,7.8,65.9,167.6,23.4,0
43.0,1,0,0,0,1,44.1,118.4,0.0,0.0,0.0,0.0,125.8,76.4,120.0,50.0,5.7,76.4,8.29,120.3,169.0,42.1,0
40.0,1,0,0,0,1,27.0,85.0,0.0,0.0,0.0,0.0,108.4,68.4,224.0,87.0,4.9,118.5,37.65,70.1,159.2,27.6,0
35.0,1,0,0,0,1,48.6,136.0,0.0,0.0,0.0,0.0,135.5,88.9,196.0,38.0,7.2,121.3,9.25,106.5,150.4,47.1,0
41.0,1,0,0,0,1,27.2,95.3,0.0,0.0,0.0,0.0,104.5,67.8,205.0,57.0,5.9,85.6,26.52,69.4,162.8,26.2,0
20.0,1,0,0,0,1,42.9,122.7,0.0,0.0,0.0,0.0,108.1,73.2,160.0,41.0,4.6,135.0,10.26,134.8,180.7,41.3,0
52.0,1,0,0,0,1,40.7,114.2,0.0,0.0,0.0,0.0,112.5,77.5,185.0,43.0,6.0,106.5,10.85,86.6,151.6,37.7,0
34.0,1,0,0,0,1,46.3,131.5,0.0,0.0,0.0,0.0,99.0,74.3,176.0,44.0,5.6,120.6,13.62,96.1,157.4,38.8,0
49.0,1,0,0,0,1,49.6,137.7,0.0,0.0,0.0,0.0,107.1,74.7,246.0,35.0,6.1,116.2,8.08,95.1,152.3,41.0,0
33.0,1,0,0,0,1,22.5,56.4,0.0,0.0,0.0,0.0,129.8,68.3,174.0,55.0,5.3,80.1,7.21,56.3,159.4,22.1,0
23.0,1,0,0,0,1,33.9,111.7,0.0,0.0,0.0,0.0,143.5,82.3,190.0,52.0,5.1,90.3,5.88,79.5,157.9,31.9,0
43.0,1,0,0,0,1,33.1,101.5,0.0,0.0,0.0,0.0,97.0,73.3,212.0,39.0,6.0,73.0,12.11,70.8,151.9,30.7,0
22.0,1,0,0,0,1,41.8,105.7,0.0,0.0,0.0,0.0,107.8,67.4,176.0,39.0,5.1,121.4,9.17,86.6,149.2,38.9,0
39.0,1,0,0,0,1,28.5,87.5,0.0,0.0,0.0,0.0,142.4,69.1,188.0,39.0,5.1,70.4,24.51,75.5,174.0,24.9,0
35.0,1,0,0,0,1,31.0,99.5,0.0,0.0,0.0,0.0,104.7,80.9,172.0,35.0,5.6,119.4,13.19,76.5,157.5,30.8,0
59.0,1,0,0,0,1,34.9,115.0,0.0,0.0,0.0,0.0,113.9,82.4,250.0,56.0,6.0,97.4,6.39,77.6,157.9,31.1,0
22.0,1,0,0,0,1,36.2,107.8,0.0,0.0,0.0,0.0,112.2,71.5,172.0,82.0,5.6,111.1,11.24,94.6,165.0,34.7,0
59.0,1,0,0,0,1,26.2,87.3,0.0,0.0,0.0,0.0,137.7,67.7,217.0,44.0,5.3,88.4,2.87,64.1,159.1,25.3,0
53.0,1,0,0,0,1,24.8,85.1,0.0,0.0,0.0,0.0,89.0,68.7,194.0,56.0,5.6,73.9,45.52,55.1,147.7,25.3,0
28.0,1,0,0,0,1,35.7,102.9,0.0,0.0,0.0,0.0,123.5,83.4,202.0,50.0,4.8,132.4,8.32,73.6,152.4,31.7,0
36.0,1,0,0,0,1,37.3,107.3,0.0,0.0,0.0,0.0,110.0,72.1,143.0,41.0,5.8,112.6,6.24,79.2,156.0,32.5,0
72.0,1,0,0,0,1,34.3,103.6,0.0,0.0,0.0,0.0,116.1,76.6,107.0,37.0,5.4,98.1,109.97,74.8,157.4,30.2,0
30.0,1,0,0,0,1,36.2,107.7,0.0,0.0,0.0,0.0,124.5,77.1,194.0,86.0,4.8,81.6,37.53,66.2,140.2,33.7,0
21.0,1,0,0,0,1,30.1,106.4,0.0,0.0,0.0,0.0,127.8,74.9,209.0,52.0,5.2,116.2,40.09,67.3,158.6,26.8,0
31.0,1,0,0,0,1,26.1,83.6,0.0,0.0,0.0,0.0,124.7,77.3,206.0,37.0,5.2,119.6,21.74,62.9,159.3,24.8,0
62.0,1,0,0,0,1,21.6,86.1,0.0,0.0,0.0,0.0,107.9,75.0,179.0,85.0,5.3,86.5,12.85,39.1,153.1,16.7,0
35.0,1,0,0,0,1,31.9,94.1,0.0,0.0,0.0,0.0,110.3,70.0,161.0,40.0,5.3,112.5,11.17,99.8,174.9,32.6,0
55.0,1,0,0,0,1,28.4,93.9,0.0,0.0,0.0,0.0,115.3,71.5,221.0,45.0,7.2,112.8,42.97,74.4,165.2,27.3,0
38.0,1,0,0,0,1,51.2,129.7,0.0,0.0,0.0,0.0,132.4,78.5,167.0,38.0,4.7,119.1,4.97,147.0,173.6,48.8,0
31.0,1,0,0,0,1,22.9,82.0,0.0,0.0,0.0,0.0,104.9,73.4,161.0,47.0,6.4,125.0,8.78,54.8,158.8,21.7,0
22.0,1,0,0,0,1,39.3,113.7,0.0,0.0,0.0,0.0,108.7,59.0,175.0,42.0,4.8,122.6,11.8,91.0,154.5,38.1,0
36.0,1,0,0,0,1,40.5,120.2,0.0,0.0,0.0,0.0,125.9,89.0,170.0,37.0,6.3,104.5,7.06,99.4,162.7,37.6,0
77.0,1,0,0,0,1,25.2,84.8,0.0,0.0,0.0,0.0,118.3,79.7,226.0,72.0,4.9,115.2,1.66,67.3,165.3,24.6,0
23.0,1,0,0,0,1,49.0,124.9,0.0,0.0,0.0,0.0,110.5,72.7,193.0,38.0,5.3,122.7,8.99,131.7,164.8,48.5,0
41.0,1,0,0,0,1,37.3,113.3,0.0,0.0,0.0,0.0,105.5,67.4,212.0,50.0,5.5,124.3,13.04,93.6,158.9,37.1,0
55.0,1,0,0,0,1,33.1,100.8,0.0,0.0,0.0,0.0,129.8,81.2,225.0,50.0,5.9,86.9,10.06,67.6,149.2,30.4,0
58.0,1,0,0,0,1,51.5,135.0,0.0,0.0,0.0,0.0,124.2,77.3,210.0,43.0,6.2,100.2,8.01,107.0,153.1,45.6,0
36.0,1,0,0,0,1,30.6,102.5,0.0,0.0,0.0,0.0,116.8,63.1,187.0,48.0,6.0,113.8,11.24,82.6,167.1,29.6,0
33.0,1,0,0,0,1,36.5,114.6,0.0,0.0,0.0,0.0,120.2,75.3,163.0,56.0,5.3,87.0,8.4,80.9,153.3,34.4,0
28.0,1,0,0,0,1,29.0,100.9,0.0,0.0,0.0,0.0,112.3,78.0,184.0,39.0,5.8,132.1,6.92,62.6,152.9,26.8,0
72.0,1,0,0,0,1,24.9,84.2,0.0,0.0,0.0,0.0,176.4,91.9,183.0,52.0,5.0,86.5,5.85,61.2,158.4,24.4,0
70.0,1,0,0,0,1,40.1,128.7,0.0,0.0,0.0,0.0,132.0,77.7,192.0,54.0,5.3,91.9,5.88,109.6,169.6,38.1,0
23.0,1,0,0,0,1,43.6,128.3,0.0,0.0,0.0,0.0,106.6,76.2,165.0,73.0,4.7,116.7,8.55,105.7,165.0,38.8,0
37.0,1,0,0,0,1,28.0,92.0,0.0,0.0,0.0,0.0,107.0,54.3,210.0,81.0,5.3,124.9,16.29,63.9,155.1,26.6,0
34.0,1,0,0,0,1,25.8,81.2,0.0,0.0,0.0,0.0,108.2,66.5,177.0,70.0,5.6,125.4,11.23,65.0,161.1,25.0,0
55.0,1,0,0,0,1,40.4,108.3,0.0,0.0,0.0,0.0,110.6,70.9,217.0,77.0,5.5,77.9,2.67,94.4,162.3,35.8,0
34.0,1,0,0,0,1,27.7,93.7,0.0,0.0,0.0,0.0,106.0,73.1,192.0,35.0,6.1,94.6,11.31,61.9,153.7,26.2,0
38.0,1,0,0,0,1,25.4,89.9,0.0,0.0,0.0,0.0,106.8,66.8,115.0,43.0,4.9,104.0,8.87,83.8,181.1,25.6,0
54.0,1,0,0,0,1,52.3,139.7,0.0,0.0,0.0,0.0,104.9,60.7,249.0,57.0,5.5,48.3,7.7,124.7,158.0,49.9,0
28.0,1,0,0,0,1,40.5,116.3,0.0,0.0,0.0,0.0,110.6,64.9,164.0,46.0,5.1,132.6,14.11,87.5,157.4,35.3,0
28.0,1,0,0,0,1,56.3,137.0,0.0,0.0,0.0,0.0,109.0,77.8,213.0,60.0,4.7,127.4,7.73,133.7,162.5,50.6,0
21.0,1,0,0,0,1,24.6,91.3,0.0,0.0,0.0,0.0,108.0,72.8,239.0,49.0,4.8,120.7,14.35,62.0,159.4,24.4,0
32.0,1,0,0,0,1,24.1,75.0,0.0,0.0,0.0,0.0,104.5,69.6,202.0,46.0,5.5,118.7,14.87,62.4,153.5,26.5,0
78.0,1,0,0,0,1,47.5,128.2,0.0,0.0,0.0,0.0,108.7,67.8,145.0,47.0,6.3,66.4,5.24,103.9,152.0,45.0,0
57.0,1,0,0,0,1,45.0,123.9,0.0,0.0,0.0,0.0,111.5,81.7,225.0,124.0,5.2,70.9,9.1,104.2,156.2,42.7,0
36.0,1,0,0,0,1,23.8,73.4,0.0,0.0,0.0,0.0,107.3,67.7,174.0,33.0,5.2,133.6,4.28,56.2,168.4,19.8,0
59.0,1,0,0,0,1,22.1,79.7,0.0,0.0,0.0,0.0,91.7,68.2,182.0,64.0,7.2,70.5,10.62,52.0,157.8,20.9,0
70.0,1,0,0,0,1,24.4,82.4,0.0,0.0,0.0,0.0,114.4,75.5,174.0,48.0,5.1,128.3,8.97,71.7,167.7,25.5,0
60.0,1,0,0,0,1,38.4,110.6,0.0,0.0,0.0,0.0,106.8,73.0,258.0,40.0,6.0,101.1,0.68,90.5,148.8,40.9,0
74.0,1,0,0,0,1,27.7,94.3,0.0,0.0,0.0,0.0,97.5,62.5,149.0,69.0,4.9,82.9,3.51,73.7,168.0,26.1,0
50.0,1,0,0,0,1,19.7,73.6,0.0,0.0,0.0,0.0,135.2,80.2,183.0,90.0,5.7,86.7,8.16,35.6,150.0,15.8,0
54.0,1,0,0,0,1,27.7,95.4,0.0,0.0,0.0,0.0,136.2,80.2,246.0,110.0,5.8,100.8,4.48,63.8,154.5,26.7,0
25.0,1,0,0,0,1,28.2,91.8,0.0,0.0,0.0,0.0,107.0,74.2,201.0,65.0,4.7,101.0,7.68,64.3,154.6,26.9,0
32.0,1,0,0,0,1,25.4,89.0,0.0,0.0,0.0,0.0,108.0,71.6,178.0,51.0,5.2,116.3,7.31,72.7,164.9,26.7,0
51.0,1,0,0,0,1,25.2,84.2,0.0,0.0,0.0,0.0,122.1,77.5,252.0,77.0,5.7,72.2,3.56,53.1,162.9,20.0,0
34.0,1,0,0,0,1,29.3,91.8,0.0,0.0,0.0,0.0,97.8,56.4,210.0,46.0,5.7,85.9,7.89,73.3,158.5,29.2,0
54.0,1,0,0,0,1,38.5,101.2,0.0,0.0,0.0,0.0,125.1,82.2,184.0,43.0,5.7,46.8,15.24,78.8,155.9,32.4,0
48.0,1,0,0,0,1,48.5,141.6,0.0,0.0,0.0,0.0,125.6,76.5,163.0,50.0,5.5,125.5,5.9,116.8,159.1,46.1,0
57.0,1,0,0,0,1,19.0,87.6,0.0,0.0,0.0,0.0,98.0,64.9,189.0,54.0,4.8,97.7,9.54,41.4,151.8,18.0,0
32.0,1,0,0,0,1,28.5,87.5,0.0,0.0,0.0,0.0,119.4,77.6,233.0,46.0,5.6,93.7,4.35,75.7,169.0,26.5,0
32.0,1,0,0,0,1,33.9,105.8,0.0,0.0,0.0,0.0,117.3,75.2,211.0,77.0,5.6,101.1,6.46,102.9,168.8,36.1,0
41.0,1,0,0,0,1,26.3,86.0,0.0,0.0,0.0,0.0,97.5,66.6,167.0,56.0,4.9,70.6,7.19,53.2,146.3,24.9,0
29.0,1,0,0,0,1,42.2,119.4,0.0,0.0,0.0,0.0,131.2,75.9,212.0,55.0,5.4,65.8,4.42,93.7,158.1,37.5,0
44.0,1,0,0,0,1,23.2,77.3,0.0,0.0,0.0,0.0,106.2,87.8,197.0,63.0,5.4,49.7,4.59,63.3,168.6,22.3,0
23.0,1,0,0,0,1,29.3,88.7,0.0,0.0,0.0,0.0,104.4,67.7,190.0,53.0,5.0,94.0,6.4,68.2,155.6,28.2,0
28.0,1,0,0,0,1,26.8,88.4,0.0,0.0,0.0,0.0,102.7,75.0,188.0,44.0,4.6,129.9,7.64,69.1,165.9,25.1,0
21.0,1,0,0,0,1,31.3,102.1,0.0,0.0,0.0,0.0,112.5,62.4,192.0,81.0,4.3,83.3,3.45,82.7,162.4,31.3,0
35.0,1,0,0,0,1,21.7,82.8,0.0,0.0,0.0,0.0,115.2,65.8,228.0,43.0,5.4,118.2,3.32,49.4,151.9,21.4,0
64.0,1,0,0,0,1,24.8,94.1,0.0,0.0,0.0,0.0,136.3,74.7,277.0,50.0,5.4,101.6,13.48,67.6,168.9,23.7,0
44.0,1,0,0,0,1,28.3,88.4,0.0,0.0,0.0,0.0,114.4,73.2,129.0,87.0,5.7,130.1,10.26,76.1,162.2,28.9,0
69.0,1,0,0,0,1,28.8,91.6,0.0,0.0,0.0,0.0,120.1,79.6,157.0,87.0,5.1,120.4,10.21,67.3,156.0,27.6,0
49.0,1,0,0,0,1,24.7,78.4,0.0,0.0,0.0,0.0,104.9,66.1,194.0,68.0,5.3,104.8,4.11,54.7,165.0,20.1,0
47.0,1,0,0,0,1,25.6,84.6,0.0,0.0,0.0,0.0,126.4,85.7,202.0,73.0,5.9,104.3,6.19,43.1,155.9,17.7,0
28.0,1,0,0,0,1,20.6,72.5,0.0,0.0,0.0,0.0,116.7,76.2,139.0,47.0,4.9,96.8,7.56,53.2,170.3,18.4,0
32.0,1,0,0,0,1,27.3,79.8,0.0,0.0,0.0,0.0,107.7,69.0,194.0,44.0,5.0,129.3,8.92,64.5,156.2,26.4,0
55.0,1,0,0,0,1,35.9,100.3,0.0,0.0,0.0,0.0,117.6,73.3,195.0,73.0,5.3,97.7,12.63,85.6,152.4,36.9,0
38.0,1,0,0,0,1,64.3,168.4,0.0,0.0,0.0,0.0,133.9,86.7,233.0,56.0,5.8,60.1,7.03,137.5,152.1,59.4,0
51.0,1,0,0,0,1,28.6,96.5,0.0,0.0,0.0,0.0,122.1,73.9,216.0,37.0,6.2,80.6,7.93,76.7,165.1,28.1,0
47.0,1,0,0,0,1,24.8,79.7,0.0,0.0,0.0,0.0,109.2,70.0,173.0,70.0,5.5,56.9,23.98,45.3,152.5,19.5,0
48.0,1,0,0,0,1,22.8,78.8,0.0,0.0,0.0,0.0,123.3,73.7,224.0,52.0,5.0,106.9,33.25,63.0,170.5,21.7,0
60.0,1,0,0,0,1,51.0,140.8,0.0,0.0,0.0,0.0,130.3,72.3,238.0,106.0,5.9,76.5,10.58,125.6,162.3,47.7,0
68.0,1,0,0,0,1,28.0,71.5,0.0,0.0,0.0,0.0,119.5,75.1,201.0,84.0,6.1,88.8,39.61,68.1,158.1,27.3,0
29.0,1,0,0,0,1,20.8,84.7,0.0,0.0,0.0,0.0,117.4,76.3,174.0,49.0,5.7,58.6,4.9,50.4,157.6,20.3,0
18.0,1,0,0,0,1,41.6,122.7,0.0,0.0,0.0,0.0,97.6,73.1,137.0,39.0,4.6,127.7,54.85,105.9,167.5,37.8,0
31.0,1,0,0,0,1,27.3,79.6,0.0,0.0,0.0,0.0,126.3,79.0,195.0,58.0,4.8,111.3,5.85,63.8,155.4,26.4,0
58.0,1,0,0,0,1,27.6,84.8,0.0,0.0,0.0,0.0,130.9,83.2,181.0,36.0,4.9,95.7,10.53,68.5,162.8,25.9,0
32.0,1,0,0,0,1,47.4,135.7,0.0,0.0,0.0,0.0,116.9,76.9,162.0,34.0,6.1,102.8,5.16,107.2,154.2,45.1,0
53.0,1,0,0,0,1,21.8,77.2,0.0,0.0,0.0,0.0,124.4,67.5,241.0,42.0,6.0,64.4,7.86,46.3,150.0,20.6,0
31.0,1,0,0,0,1,51.5,140.7,0.0,0.0,0.0,0.0,104.4,69.9,169.0,46.0,5.5,82.6,5.44,118.4,159.1,46.8,0
36.0,1,0,0,0,1,49.9,137.1,0.0,0.0,0.0,0.0,103.5,76.3,142.0,39.0,5.3,127.7,6.26,98.8,153.3,42.1,0
42.0,1,0,0,0,1,33.1,107.3,0.0,0.0,0.0,0.0,128.6,80.7,149.0,39.0,4.6,86.6,9.41,99.6,175.3,32.4,0
64.0,1,0,0,0,1,27.9,89.4,0.0,0.0,0.0,0.0,106.2,69.8,182.0,84.0,5.8,95.6,7.92,64.0,150.4,28.3,0
30.0,1,0,0,0,1,28.3,87.2,0.0,0.0,0.0,0.0,113.2,72.6,206.0,48.0,5.2,104.4,9.64,56.3,151.6,24.5,0
37.0,1,0,0,0,1,30.9,89.0,0.0,0.0,0.0,0.0,115.4,71.7,158.0,46.0,4.9,120.2,8.89,83.3,168.3,29.4,0
19.0,1,0,0,0,1,23.4,86.9,0.0,0.0,0.0,0.0,144.8,88.3,184.0,72.0,5.9,100.5,13.57,56.1,150.3,24.8,0
33.0,1,0,0,0,1,47.6,130.9,0.0,0.0,0.0,0.0,108.7,64.4,151.0,37.0,4.7,124.0,38.84,123.8,168.1,43.8,0
28.0,1,0,0,0,1,29.7,93.0,0.0,0.0,0.0,0.0,106.0,73.9,207.0,66.0,5.7,114.1,4.75,65.2,151.8,28.3,0
32.0,1,0,0,0,1,25.9,81.2,0.0,0.0,0.0,0.0,124.8,69.3,151.0,52.0,5.9,109.3,3.63,64.3,159.9,25.1,0
51.0,1,0,0,0,1,40.8,124.6,0.0,0.0,0.0,0.0,110.4,66.6,165.0,57.0,5.9,72.7,2.13,87.7,150.3,38.8,0
37.0,1,0,0,0,1,26.8,82.1,0.0,0.0,0.0,0.0,88.1,70.0,167.0,54.0,5.0,94.9,2.48,68.5,163.5,25.6,0
28.0,1,0,0,0,1,31.5,97.1,0.0,0.0,0.0,0.0,101.7,73.8,210.0,51.0,5.6,125.5,23.29,72.7,155.5,30.1,0
20.0,1,0,0,0,1,32.2,100.5,0.0,0.0,0.0,0.0,111.0,71.1,210.0,40.0,5.5,84.8,12.22,79.3,156.4,32.4,0
19.0,1,0,0,0,1,46.7,131.3,0.0,0.0,0.0,0.0,107.5,74.1,199.0,24.0,5.5,132.3,7.78,113.2,159.5,44.5,0
28.0,1,0,0,0,1,28.6,99.8,0.0,0.0,0.0,0.0,104.2,59.0,192.0,36.0,4.9,117.3,35.8,72.5,173.9,24.0,0
32.0,1,0,0,0,1,25.0,84.9,0.0,0.0,0.0,0.0,110.8,77.4,168.0,67.0,4.8,74.9,12.96,50.8,142.6,25.0,0
22.0,1,0,0,0,1,22.4,79.3,0.0,0.0,0.0,0.0,105.6,85.9,110.0,29.0,5.4,124.1,12.37,49.6,150.1,22.0,0
33.0,1,0,0,0,1,26.8,81.1,0.0,0.0,0.0,0.0,109.9,75.9,243.0,48.0,5.2,95.9,9.64,59.8,157.4,24.1,0
39.0,1,0,0,0,1,33.2,107.4,0.0,0.0,0.0,0.0,156.9,88.0,177.0,84.0,6.1,61.1,15.57,87.9,166.6,31.7,0
44.0,1,0,0,0,1,32.2,95.2,0.0,0.0,0.0,0.0,103.7,69.5,197.0,56.0,5.1,66.3,3.62,63.3,150.3,28.0,0
32.0,1,0,0,0,1,26.1,83.3,0.0,0.0,0.0,0.0,129.9,78.8,183.0,60.0,5.5,88.2,25.58,66.0,162.2,25.1,0
30.0,1,0,0,0,1,21.3,77.4,0.0,0.0,0.0,0.0,126.4,70.8,173.0,106.0,5.5,76.9,6.65,44.5,147.5,20.4,0
37.0,1,0,0,0,1,40.3,120.9,0.0,0.0,0.0,0.0,106.2,72.0,179.0,42.0,5.2,119.5,7.31,87.6,158.4,34.9,0
37.0,1,0,0,0,1,40.2,119.1,0.0,0.0,0.0,0.0,111.9,68.6,155.0,37.0,5.4,106.1,17.22,108.1,169.2,37.8,0
42.0,1,0,0,0,1,56.0,151.8,0.0,0.0,0.0,0.0,138.6,70.9,220.0,51.0,5.4,98.5,9.29,120.9,151.4,52.8,0
46.0,1,0,0,0,1,40.3,124.7,0.0,0.0,0.0,0.0,122.6,79.6,198.0,33.0,5.7,100.8,9.27,84.6,158.1,33.9,0
48.0,1,0,0,0,1,26.1,76.4,0.0,0.0,0.0,0.0,125.3,77.9,191.0,69.0,5.4,71.0,43.31,58.4,167.3,20.9,0
42.0,1,0,0,0,1,29.3,94.3,0.0,0.0,0.0,0.0,98.6,64.4,165.0,46.0,4.9,108.2,0.3,76.6,165.3,28.0,0
56.0,1,0,0,0,1,34.9,102.9,0.0,0.0,0.0,0.0,138.0,82.9,165.0,34.0,5.7,112.9,33.64,99.2,171.7,33.6,0
34.0,1,0,0,0,1,31.1,93.3,0.0,0.0,0.0,0.0,101.5,74.7,204.0,65.0,6.4,109.2,5.46,72.5,158.2,29.0,0
32.0,1,0,0,0,1,21.9,75.9,0.0,0.0,0.0,0.0,122.1,87.4,186.0,44.0,5.6,106.5,11.06,60.5,166.3,21.9,0
50.0,1,0,0,0,1,31.3,106.0,0.0,0.0,0.0,0.0,134.3,78.3,222.0,42.0,5.6,65.1,5.09,72.5,159.0,28.7,0
39.0,1,0,0,0,1,42.7,118.5,0.0,0.0,0.0,0.0,100.5,58.8,153.0,54.0,5.1,59.7,29.09,103.3,159.1,40.8,0
36.0,1,0,0,0,1,37.4,118.4,0.0,0.0,0.0,0.0,123.8,72.0,161.0,39.0,6.9,92.9,2.78,112.5,174.9,36.8,0
41.0,1,0,0,0,1,20.9,69.3,0.0,0.0,0.0,0.0,126.7,78.0,160.0,63.0,5.8,115.4,12.51,51.4,155.8,21.2,0
61.0,1,0,0,0,1,30.7,96.8,0.0,0.0,0.0,0.0,112.9,72.9,230.0,51.0,5.3,75.3,4.82,72.3,158.2,28.9,0
20.0,1,0,0,0,1,23.9,87.4,0.0,0.0,0.0,0.0,103.0,68.7,228.0,48.0,5.3,128.5,7.78,72.8,175.7,23.6,0
63.0,1,0,0,0,1,22.4,77.2,0.0,0.0,0.0,0.0,107.3,60.3,200.0,39.0,5.7,80.2,19.31,55.2,154.7,23.1,0
67.0,1,0,0,0,1,25.5,91.3,0.0,0.0,0.0,0.0,132.2,81.7,221.0,42.0,5.2,74.2,6.59,66.8,164.8,24.6,0
62.0,1,0,0,0,1,27.6,88.4,0.0,0.0,0.0,0.0,101.3,63.9,89.0,80.0,5.7,121.6,9.91,55.9,157.2,22.6,0
30.0,1,0,0,0,1,32.8,101.1,0.0,0.0,0.0,0.0,99.4,70.5,162.0,35.0,5.5,109.2,5.12,96.4,168.8,33.8,0
65.0,1,0,0,0,1,27.3,88.2,0.0,0.0,0.0,0.0,108.2,71.6,203.0,76.0,5.5,70.4,7.54,61.7,151.0,27.1,0
63.0,1,0,0,0,1,27.1,96.0,0.0,0.0,0.0,0.0,129.1,70.8,208.0,52.0,5.2,70.1,10.78,60.1,152.2,26.0,0
54.0,1,0,0,0,1,27.3,93.5,0.0,0.0,0.0,0.0,135.6,72.6,134.0,44.0,5.8,64.5,9.1,90.6,184.7,26.6,0
31.0,1,0,0,0,1,34.2,97.8,0.0,0.0,0.0,0.0,138.6,86.1,240.0,42.0,5.5,98.1,26.47,80.7,157.4,32.6,0
38.0,1,0,0,0,1,27.2,82.3,0.0,0.0,0.0,0.0,114.5,69.2,164.0,59.0,5.4,72.7,9.99,65.6,158.3,26.2,0
55.0,1,0,0,0,1,28.5,88.1,0.0,0.0,0.0,0.0,110.9,73.7,221.0,89.0,4.9,86.1,7.51,70.5,162.1,26.8,0
58.0,1,0,0,0,1,40.8,96.3,0.0,0.0,0.0,0.0,108.7,67.5,176.0,70.0,5.4,104.2,2.21,75.5,145.2,35.8,0
44.0,0,1,0,0,1,25.6,88.3,0.0,0.0,0.0,0.0,104.3,73.7,246.0,52.0,5.4,123.8,9.46,75.7,174.9,24.7,0
33.0,0,1,0,0,1,39.8,113.5,0.0,0.0,0.0,0.0,129.0,85.5,214.0,43.0,5.5,80.7,19.7,125.1,181.9,37.8,0
23.0,0,1,0,0,1,34.7,103.2,0.0,0.0,0.0,0.0,124.4,79.1,162.0,33.0,5.2,132.8,12.85,80.7,158.5,32.1,0
38.0,0,1,0,0,1,21.3,73.3,0.0,0.0,0.0,0.0,137.5,92.1,184.0,51.0,5.4,126.6,8.18,47.1,150.1,20.9,0
24.0,0,1,0,0,1,30.1,104.2,0.0,0.0,0.0,0.0,115.2,76.6,85.0,45.0,5.5,128.0,5.65,105.8,188.6,29.8,0
32.0,0,1,0,0,1,23.5,89.8,0.0,0.0,0.0,0.0,102.2,62.2,189.0,49.0,5.0,111.1,4.07,81.4,191.4,22.2,0
22.0,0,1,0,0,1,26.0,82.7,0.0,0.0,0.0,0.0,112.5,74.4,148.0,48.0,5.2,126.2,6.42,56.8,154.5,23.8,0
21.0,0,1,0,0,1,22.6,76.3,0.0,0.0,0.0,0.0,109.9,75.4,217.0,49.0,4.9,105.4,9.29,76.6,175.9,24.8,0
56.0,0,1,0,0,1,22.6,70.6,0.0,0.0,0.0,0.0,95.6,62.0,156.0,58.0,5.4,74.6,2.14,55.2,160.4,21.4,0
29.0,0,1,0,0,1,31.6,109.8,0.0,0.0,0.0,0.0,133.0,77.3,170.0,60.0,4.9,126.2,4.67,93.5,175.3,30.4,0
18.0,0,1,0,0,1,26.6,83.8,0.0,0.0,0.0,0.0,115.3,72.3,166.0,64.0,5.1,137.9,7.58,77.9,174.0,25.7,0
21.0,0,1,0,0,1,28.9,91.1,0.0,0.0,0.0,0.0,92.1,61.6,153.0,52.0,5.1,113.1,3.49,99.9,186.6,28.7,0
18.0,0,1,0,0,1,27.5,91.5,0.0,0.0,0.0,0.0,113.6,78.7,151.0,33.0,5.1,120.0,10.4,85.2,175.4,27.7,0
18.0,0,1,0,0,1,21.3,74.7,0.0,0.0,0.0,0.0,113.9,75.4,183.0,48.0,4.6,137.6,5.87,59.9,186.5,17.2,0
28.0,0,1,0,0,1,36.9,125.1,0.0,0.0,0.0,0.0,106.8,71.8,120.0,37.0,5.2,106.5,8.81,114.1,181.3,34.7,0
72.0,0,1,0,0,1,28.8,101.8,0.0,0.0,0.0,0.0,110.8,62.7,173.0,76.0,5.0,93.6,11.68,83.7,173.1,27.9,0
48.0,0,1,0,0,1,45.4,124.0,0.0,0.0,0.0,0.0,106.8,73.5,186.0,34.0,5.7,124.0,10.46,96.7,157.7,38.9,0
37.0,0,1,0,0,1,30.0,114.8,0.0,0.0,0.0,0.0,111.0,67.1,159.0,37.0,5.5,95.1,4.4,110.0,188.5,31.0,0
23.0,0,1,0,0,1,30.5,88.9,0.0,0.0,0.0,0.0,115.2,62.0,157.0,34.0,5.9,106.0,1.87,83.8,169.1,29.3,0
58.0,0,1,0,0,1,26.1,93.0,0.0,0.0,0.0,0.0,151.0,78.5,134.0,46.0,5.3,90.3,9.19,83.6,179.2,26.0,0
49.0,0,1,0,0,1,40.8,131.8,0.0,0.0,0.0,0.0,112.1,74.6,200.0,35.0,5.2,83.9,4.91,125.0,179.8,38.7,0
26.0,0,1,0,0,1,24.5,79.8,0.0,0.0,0.0,0.0,101.9,79.5,180.0,61.0,4.1,134.9,3.83,68.1,164.9,25.0,0
38.0,0,1,0,0,1,42.5,125.8,0.0,0.0,0.0,0.0,109.3,75.6,122.0,38.0,5.3,109.1,8.42,107.2,160.8,41.4,0
49.0,0,1,0,0,1,36.1,116.7,0.0,0.0,0.0,0.0,108.5,71.3,189.0,61.0,4.4,134.0,3.94,102.6,171.2,35.0,0
66.0,0,1,0,0,1,40.8,124.9,0.0,0.0,0.0,0.0,114.4,81.4,153.0,43.0,7.3,113.9,3.2,114.3,168.9,40.1,0
34.0,0,1,0,0,1,22.7,89.1,0.0,0.0,0.0,0.0,108.5,61.2,145.0,42.0,4.9,114.2,6.76,80.6,183.9,23.8,0
28.0,0,1,0,0,1,39.6,115.9,0.0,0.0,0.0,0.0,105.2,70.0,206.0,28.0,4.7,115.0,7.4,111.9,169.2,39.1,0
36.0,0,1,0,0,1,30.3,101.3,0.0,0.0,0.0,0.0,110.1,70.4,91.0,71.0,5.6,88.9,3.78,92.4,175.0,30.2,0
18.0,0,1,0,0,1,32.3,105.9,0.0,0.0,0.0,0.0,130.6,81.1,181.0,75.0,5.9,84.1,5.73,87.5,168.4,30.9,0
35.0,0,1,0,0,1,27.6,97.0,0.0,0.0,0.0,0.0,118.8,76.6,130.0,42.0,5.0,129.9,5.84,93.2,186.2,26.9,0
22.0,0,1,0,0,1,23.2,84.8,0.0,0.0,0.0,0.0,110.1,74.0,173.0,52.0,4.9,93.1,4.07,74.4,178.5,23.3,0
46.0,0,1,0,0,1,25.6,92.4,0.0,0.0,0.0,0.0,122.7,72.4,216.0,70.0,5.1,127.0,7.39,78.9,170.2,27.2,0
69.0,0,1,0,0,1,20.3,82.9,0.0,0.0,0.0,0.0,132.8,82.3,158.0,42.0,6.1,97.6,51.86,60.0,171.7,20.3,0
31.0,0,1,0,0,1,24.0,89.4,0.0,0.0,0.0,0.0,109.9,69.9,186.0,46.0,4.9,101.0,3.52,77.6,181.9,23.5,0
68.0,0,1,0,0,1,25.9,90.8,0.0,0.0,0.0,0.0,112.4,73.6,187.0,84.0,4.9,95.7,5.28,66.1,162.2,25.1,0
48.0,0,1,0,0,1,28.1,100.2,0.0,0.0,0.0,0.0,116.9,78.0,197.0,32.0,6.0,88.3,4.32,89.4,181.3,27.2,0
27.0,0,1,0,0,1,28.4,89.6,0.0,0.0,0.0,0.0,111.1,68.0,157.0,43.0,5.1,86.5,10.14,76.5,166.9,27.5,0
31.0,0,1,0,0,1,34.3,101.9,0.0,0.0,0.0,0.0,132.5,86.4,184.0,42.0,5.7,133.5,2.22,99.3,164.5,36.7,0
22.0,0,1,0,0,1,25.2,84.6,0.0,0.0,0.0,0.0,123.2,77.2,173.0,50.0,5.2,95.0,5.24,65.0,170.7,22.3,0
69.0,0,1,0,0,1,25.5,93.4,0.0,0.0,0.0,0.0,111.8,64.6,151.0,41.0,4.9,121.2,11.38,72.5,170.3,25.0,0
73.0,0,1,0,0,1,25.9,96.0,0.0,0.0,0.0,0.0,98.9,61.9,157.0,41.0,5.2,84.1,4.92,80.2,182.7,24.0,0
52.0,0,1,0,0,1,29.2,96.9,0.0,0.0,0.0,0.0,165.3,77.2,231.0,46.0,5.0,107.1,8.21,101.4,186.2,29.2,0
44.0,0,1,0,0,1,26.5,87.8,0.0,0.0,0.0,0.0,105.7,73.0,171.0,62.0,5.1,78.9,9.48,76.8,178.0,24.2,0
35.0,0,1,0,0,1,26.3,102.1,0.0,0.0,0.0,0.0,114.0,80.2,95.0,24.0,5.0,101.6,1.86,90.6,182.2,27.3,0
25.0,0,1,0,0,1,30.4,106.7,0.0,0.0,0.0,0.0,107.2,62.3,162.0,41.0,5.3,93.6,7.45,85.8,184.8,25.1,0
49.0,0,1,0,0,1,30.0,103.3,0.0,0.0,0.0,0.0,127.0,81.0,206.0,52.0,5.9,82.6,14.45,79.0,164.9,29.1,0
36.0,0,1,0,0,1,29.7,93.2,0.0,0.0,0.0,0.0,109.6,63.3,127.0,109.0,5.6,78.4,36.83,85.0,173.7,28.2,0
37.0,0,1,0,0,1,34.3,104.4,0.0,0.0,0.0,0.0,118.3,69.3,208.0,77.0,5.9,60.9,10.91,76.2,153.4,32.4,0
32.0,0,1,0,0,1,42.1,119.1,0.0,0.0,0.0,0.0,110.3,80.9,161.0,39.0,4.8,133.0,8.78,137.7,182.7,41.2,0
22.0,0,1,0,0,1,22.1,82.2,0.0,0.0,0.0,0.0,131.4,79.7,149.0,39.0,5.9,101.2,39.01,72.2,179.7,22.3,0
62.0,0,1,0,0,1,37.8,107.4,0.0,0.0,0.0,0.0,104.9,69.3,191.0,57.0,12.5,82.6,10.3,96.1,167.9,34.1,0
26.0,0,1,0,0,1,28.0,93.4,0.0,0.0,0.0,0.0,131.2,79.9,118.0,42.0,4.8,136.1,8.19,88.4,176.1,28.5,0
21.0,0,1,0,0,1,38.3,115.3,0.0,0.0,0.0,0.0,119.8,72.1,222.0,52.0,5.9,83.2,24.63,103.4,168.2,36.5,0
49.0,0,1,0,0,1,23.4,91.3,0.0,0.0,0.0,0.0,127.5,73.6,204.0,41.0,6.2,78.5,5.27,79.3,182.4,23.8,0
29.0,0,1,0,0,1,19.0,77.2,0.0,0.0,0.0,0.0,139.8,79.8,196.0,57.0,4.9,61.3,4.47,61.6,185.9,17.8,0
28.0,0,1,0,0,1,32.4,108.3,0.0,0.0,0.0,0.0,109.8,70.8,137.0,46.0,5.4,60.4,63.53,87.8,168.5,30.9,0
61.0,0,1,0,0,1,25.9,85.4,0.0,0.0,0.0,0.0,107.1,73.3,227.0,35.0,5.6,126.2,10.64,81.3,178.6,25.5,0
23.0,0,1,0,0,1,22.5,84.9,0.0,0.0,0.0,0.0,111.5,70.4,167.0,41.0,4.4,94.0,7.37,62.0,166.8,22.3,0
32.0,0,1,0,0,1,26.6,86.9,0.0,0.0,0.0,0.0,106.5,81.9,166.0,70.0,5.7,92.7,9.34,64.0,157.9,25.7,0
76.0,0,1,0,0,1,18.6,77.7,0.0,0.0,0.0,0.0,105.0,64.1,180.0,41.0,5.7,81.2,55.54,61.9,179.4,19.2,0
70.0,0,1,0,0,1,59.1,164.4,0.0,0.0,0.0,0.0,160.4,85.3,143.0,93.0,5.9,74.3,2.01,159.2,167.3,56.9,0
43.0,0,1,0,0,1,41.0,131.2,0.0,0.0,0.0,0.0,102.6,58.6,187.0,36.0,6.0,76.6,9.09,132.5,184.0,39.1,0
35.0,0,1,0,0,1,35.5,119.8,0.0,0.0,0.0,0.0,106.3,77.2,220.0,55.0,6.0,125.8,6.79,115.6,181.7,35.0,0
68.0,0,1,0,0,1,22.0,86.6,0.0,0.0,0.0,0.0,102.4,68.9,247.0,44.0,5.1,111.5,3.62,71.0,182.2,21.4,0
23.0,0,1,0,0,1,28.9,100.5,0.0,0.0,0.0,0.0,106.2,73.2,185.0,68.0,4.7,118.8,7.69,104.5,188.2,29.5,0
40.0,0,1,0,0,1,23.4,82.3,0.0,0.0,0.0,0.0,99.3,62.8,183.0,44.0,5.9,116.4,12.9,66.0,168.4,23.3,0
18.0,0,1,0,0,1,25.9,90.1,0.0,0.0,0.0,0.0,129.3,80.3,126.0,48.0,4.9,94.7,4.27,73.2,173.8,24.2,0
41.0,0,1,0,0,1,24.9,89.0,0.0,0.0,0.0,0.0,163.6,96.4,135.0,44.0,5.9,126.4,8.99,69.5,166.1,25.2,0
32.0,0,1,0,0,1,29.5,93.4,0.0,0.0,0.0,0.0,106.5,73.8,171.0,44.0,4.8,135.6,10.95,101.7,185.6,29.5,0
59.0,0,1,0,0,1,24.4,90.0,0.0,0.0,0.0,0.0,118.0,79.1,220.0,60.0,5.3,53.5,7.69,57.0,156.7,23.2,0
34.0,0,1,0,0,1,38.2,116.4,0.0,0.0,0.0,0.0,110.7,73.4,209.0,65.0,4.9,89.3,8.46,79.5,150.2,35.2,0
30.0,0,1,0,0,1,24.6,81.1,0.0,0.0,0.0,0.0,106.1,72.0,159.0,43.0,5.4,123.5,0.3,70.1,166.7,25.2,0
62.0,0,1,0,0,1,27.8,95.8,0.0,0.0,0.0,0.0,132.6,88.1,210.0,72.0,6.1,96.7,8.23,96.3,184.1,28.4,0
23.0,0,1,0,0,1,23.3,94.8,0.0,0.0,0.0,0.0,96.6,65.4,160.0,33.0,5.3,99.4,7.31,56.3,159.5,22.1,0
53.0,0,1,0,0,1,22.3,87.9,0.0,0.0,0.0,0.0,130.7,80.8,162.0,40.0,5.1,76.2,6.46,66.9,172.1,22.6,0
24.0,0,1,0,0,1,24.4,96.8,0.0,0.0,0.0,0.0,108.2,65.6,123.0,65.0,5.5,98.1,8.72,72.2,171.9,24.4,0
19.0,0,1,0,0,1,21.9,61.0,0.0,0.0,0.0,0.0,109.8,62.3,124.0,40.0,5.3,80.1,3.84,64.1,171.0,21.9,0
19.0,0,1,0,0,1,22.1,77.7,0.0,0.0,0.0,0.0,125.2,68.4,197.0,35.0,4.8,138.1,4.72,66.4,174.0,21.9,0
21.0,0,1,0,0,1,38.5,120.3,0.0,0.0,0.0,0.0,126.0,80.4,149.0,41.0,5.2,108.7,6.16,134.6,188.1,38.0,0
19.0,0,1,0,0,1,38.6,129.2,0.0,0.0,0.0,0.0,110.0,77.1,226.0,47.0,5.4,128.5,7.98,110.0,177.5,34.9,0
46.0,0,1,0,0,1,29.1,98.6,0.0,0.0,0.0,0.0,109.9,69.4,161.0,36.0,5.9,74.4,32.47,92.9,178.3,29.2,0
79.0,0,1,0,0,1,38.3,112.6,0.0,0.0,0.0,0.0,152.9,83.1,177.0,94.0,5.0,65.2,11.29,98.6,165.1,36.2,0
25.0,0,1,0,0,1,21.2,86.7,0.0,0.0,0.0,0.0,117.6,72.8,177.0,42.0,5.0,128.8,2.61,61.8,172.8,20.7,0
51.0,0,1,0,0,1,44.2,120.7,0.0,0.0,0.0,0.0,115.0,61.1,144.0,54.0,5.6,127.8,25.08,129.1,175.3,42.0,0
36.0,0,1,0,0,1,27.7,100.1,0.0,0.0,0.0,0.0,145.1,73.9,205.0,68.0,5.5,89.0,0.3,79.7,173.8,26.4,0
27.0,0,1,0,0,1,29.9,100.1,0.0,0.0,0.0,0.0,150.2,86.9,199.0,40.0,5.2,133.8,4.23,77.5,178.4,24.4,0
37.0,0,1,0,0,1,37.3,109.9,0.0,0.0,0.0,0.0,127.2,81.4,223.0,65.0,5.4,101.7,10.03,107.8,174.7,35.3,0
20.0,0,1,0,0,1,28.3,91.7,0.0,0.0,0.0,0.0,111.5,80.1,203.0,43.0,4.4,133.0,10.0,85.7,170.5,29.5,0
33.0,0,1,0,0,1,28.0,92.4,0.0,0.0,0.0,0.0,130.9,79.6,146.0,32.0,5.3,115.7,3.1,81.6,173.8,27.0,0
18.0,0,1,0,0,1,23.6,80.0,0.0,0.0,0.0,0.0,119.5,75.9,157.0,39.0,4.7,135.5,6.39,69.3,160.5,26.9,0
27.0,0,1,0,0,1,25.3,85.5,0.0,0.0,0.0,0.0,119.5,75.3,148.0,46.0,4.7,119.7,9.01,67.6,165.4,24.7,0
41.0,0,1,0,0,1,30.4,96.5,0.0,0.0,0.0,0.0,132.6,78.9,181.0,46.0,5.4,72.6,9.24,76.1,171.0,26.0,0
29.0,0,1,0,0,1,26.4,85.4,0.0,0.0,0.0,0.0,115.3,73.5,203.0,40.0,4.8,107.8,11.79,64.5,159.8,25.3,0
68.0,0,1,0,0,1,39.4,120.7,0.0,0.0,0.0,0.0,130.2,81.8,256.0,48.0,5.3,89.0,7.0,126.0,182.6,37.8,0
24.0,0,1,0,0,1,22.0,77.9,0.0,0.0,0.0,0.0,102.0,71.4,185.0,46.0,4.9,100.6,8.55,58.8,179.4,18.3,0
24.0,0,1,0,0,1,27.5,94.0,0.0,0.0,0.0,0.0,115.7,77.0,163.0,45.0,4.6,135.7,5.84,83.7,185.8,24.3,0
45.0,0,1,0,0,1,37.3,120.7,0.0,0.0,0.0,0.0,116.7,73.9,130.0,94.0,4.6,96.2,30.82,115.9,177.0,37.0,0
33.0,0,1,0,0,1,37.2,119.8,0.0,0.0,0.0,0.0,132.8,76.7,137.0,43.0,5.6,77.3,5.62,109.4,174.9,35.8,0
22.0,0,1,0,0,1,25.2,82.8,0.0,0.0,0.0,0.0,106.3,72.0,130.0,73.0,4.8,131.4,11.56,62.6,158.4,24.9,0
24.0,0,1,0,0,1,23.6,82.1,0.0,0.0,0.0,0.0,124.6,80.2,179.0,42.0,4.8,109.7,5.54,58.4,158.6,23.2,0
47.0,0,1,0,0,1,29.0,101.9,0.0,0.0,0.0,0.0,122.7,85.0,197.0,56.0,5.7,128.4,23.31,99.4,189.0,27.8,0
32.0,0,1,0,0,1,30.0,93.6,0.0,0.0,0.0,0.0,128.9,70.2,178.0,34.0,4.9,78.3,1.79,80.9,182.4,24.3,0
35.0,0,1,0,0,1,19.5,56.4,0.0,0.0,0.0,0.0,107.8,72.9,177.0,64.0,5.5,95.3,26.05,52.2,159.1,20.6,0
31.0,0,1,0,0,1,56.4,146.1,0.0,0.0,0.0,0.0,111.5,66.7,149.0,35.0,4.9,121.5,7.54,169.8,172.8,56.9,0
19.0,0,1,0,0,1,44.0,125.3,0.0,0.0,0.0,0.0,106.3,78.5,190.0,54.0,5.0,94.9,11.85,110.1,165.2,40.4,0
20.0,0,1,0,0,1,28.6,92.7,0.0,0.0,0.0,0.0,127.2,78.5,200.0,36.0,4.7,91.2,5.91,82.9,174.6,27.2,0
35.0,0,1,0,0,1,22.8,77.1,0.0,0.0,0.0,0.0,120.4,75.4,165.0,43.0,5.1,121.5,0.3,86.1,181.3,26.2,0
33.0,0,1,0,0,1,39.3,113.3,0.0,0.0,0.0,0.0,129.7,79.9,152.0,57.0,5.2,105.8,7.16,108.9,170.7,37.4,0
24.0,0,1,0,0,1,26.0,90.3,0.0,0.0,0.0,0.0,110.5,72.2,153.0,54.0,4.8,98.9,14.68,72.7,169.6,25.3,0
35.0,0,1,0,0,1,28.4,101.3,0.0,0.0,0.0,0.0,129.6,68.2,150.0,36.0,5.7,125.6,3.04,83.0,174.5,27.3,0
23.0,0,1,0,0,1,33.1,110.8,0.0,0.0,0.0,0.0,108.0,71.6,212.0,58.0,5.1,78.0,1.4,106.5,183.7,31.6,0
21.0,0,1,0,0,1,22.0,75.7,0.0,0.0,0.0,0.0,116.5,69.1,106.0,56.0,4.3,131.0,4.4,54.0,159.4,21.3,0
21.0,0,1,0,0,1,36.9,112.0,0.0,0.0,0.0,0.0,116.6,73.6,124.0,46.0,5.8,105.7,6.99,111.0,171.1,37.9,0
34.0,0,1,0,0,1,27.6,100.0,0.0,0.0,0.0,0.0,102.1,51.8,147.0,57.0,5.5,80.3,8.64,72.6,165.2,26.6,0
39.0,0,1,0,0,1,21.2,77.1,0.0,0.0,0.0,0.0,107.7,72.5,182.0,40.0,5.0,133.0,6.68,70.0,184.2,20.6,0
33.0,0,1,0,0,1,27.1,89.4,0.0,0.0,0.0,0.0,122.8,73.5,173.0,52.0,5.3,135.3,27.42,91.1,186.3,26.2,0
42.0,0,1,0,0,1,38.2,119.7,0.0,0.0,0.0,0.0,145.2,86.7,198.0,47.0,5.6,119.5,16.92,126.2,185.5,36.7,0
40.0,0,1,0,0,1,37.6,104.6,0.0,0.0,0.0,0.0,127.2,74.1,171.0,56.0,5.4,114.4,19.63,107.2,173.0,35.8,0
25.0,0,1,0,0,1,42.9,118.3,0.0,0.0,0.0,0.0,108.7,67.3,125.0,40.0,5.2,128.4,8.34,121.0,173.2,40.3,0
26.0,0,1,0,0,1,30.2,103.4,0.0,0.0,0.0,0.0,102.1,74.3,191.0,41.0,5.6,131.7,47.86,79.7,171.1,27.2,0
51.0,0,1,0,0,1,31.9,107.5,0.0,0.0,0.0,0.0,108.0,70.1,191.0,45.0,5.2,69.4,0.55,88.9,168.7,31.2,0
73.0,0,1,0,0,1,24.9,85.5,0.0,0.0,0.0,0.0,152.7,85.6,136.0,40.0,5.9,75.3,8.6,85.3,187.1,24.4,0
50.0,0,1,0,0,1,28.8,88.7,0.0,0.0,0.0,0.0,115.9,70.9,139.0,55.0,5.6,104.9,4.2,77.2,167.9,27.4,0
21.0,0,1,0,0,1,49.5,133.0,0.0,0.0,0.0,0.0,111.3,71.3,170.0,47.0,4.8,133.8,8.0,152.4,174.6,50.0,0
23.0,0,1,0,0,1,22.2,77.8,0.0,0.0,0.0,0.0,135.5,83.5,163.0,77.0,5.3,93.2,9.69,59.2,164.5,21.9,0
21.0,0,1,0,0,1,50.5,140.9,0.0,0.0,0.0,0.0,93.1,66.4,151.0,34.0,5.0,128.1,20.91,118.5,154.9,49.4,0
33.0,0,1,0,0,1,28.3,104.7,0.0,0.0,0.0,0.0,131.1,79.6,171.0,34.0,5.1,82.9,8.1,84.1,173.7,27.9,0
26.0,0,1,0,0,1,45.2,124.1,0.0,0.0,0.0,0.0,138.8,84.7,121.0,40.0,5.3,86.3,28.28,96.5,148.2,43.9,0
20.0,0,1,0,0,1,21.9,81.9,0.0,0.0,0.0,0.0,108.0,78.2,188.0,35.0,5.2,123.1,7.86,72.9,180.4,22.4,0
68.0,0,1,0,0,1,31.8,105.6,0.0,0.0,0.0,0.0,132.9,75.1,204.0,48.0,6.0,98.1,29.48,77.8,159.1,30.7,0
36.0,0,1,0,0,1,33.4,110.5,0.0,0.0,0.0,0.0,135.5,79.2,198.0,40.0,5.1,85.1,6.2,115.3,188.7,32.4,0
71.0,0,1,0,0,1,25.7,84.5,0.0,0.0,0.0,0.0,111.2,64.4,210.0,50.0,5.3,70.2,5.7,83.1,183.3,24.7,0
55.0,0,1,0,0,1,28.9,100.1,0.0,0.0,0.0,0.0,117.3,74.5,209.0,41.0,5.3,75.0,8.04,78.5,169.5,27.3,0
69.0,0,1,0,0,1,21.9,84.3,0.0,0.0,0.0,0.0,114.8,60.3,224.0,51.0,4.9,127.6,9.1,79.0,187.4,22.5,0
32.0,0,1,0,0,1,19.2,70.1,0.0,0.0,0.0,0.0,129.4,77.7,228.0,43.0,4.5,120.3,8.71,57.4,170.5,19.8,0
45.0,0,1,0,0,1,30.5,104.0,0.0,0.0,0.0,0.0,130.3,82.9,148.0,42.0,5.5,95.5,7.2,95.7,174.1,31.6,0
21.0,0,1,0,0,1,23.0,92.5,0.0,0.0,0.0,0.0,107.2,70.9,99.0,44.0,5.9,110.6,3.91,78.1,186.3,22.5,0
58.0,0,1,0,0,1,34.3,117.2,0.0,0.0,0.0,0.0,118.5,70.8,124.0,41.0,6.5,112.0,8.42,120.2,188.2,33.9,0
30.0,0,1,0,0,1,29.2,92.4,0.0,0.0,0.0,0.0,105.4,70.1,174.0,56.0,5.0,102.6,23.83,70.7,160.4,27.5,0
31.0,0,1,0,0,1,30.7,106.3,0.0,0.0,0.0,0.0,123.1,72.6,155.0,33.0,5.2,65.5,3.01,112.0,191.9,30.4,0
46.0,0,1,0,0,1,33.5,105.0,0.0,0.0,0.0,0.0,110.7,70.0,150.0,35.0,4.6,126.0,27.4,95.8,173.6,31.8,0
28.0,0,1,0,0,1,25.9,91.8,0.0,0.0,0.0,0.0,150.8,86.6,231.0,68.0,5.6,76.8,45.08,50.3,142.1,24.9,0
63.0,0,1,0,0,1,26.4,97.3,0.0,0.0,0.0,0.0,126.2,70.7,188.0,74.0,5.4,51.7,7.11,76.3,169.5,26.5,0
33.0,0,1,0,0,1,27.6,114.2,0.0,0.0,0.0,0.0,106.0,72.2,145.0,38.0,5.2,94.0,12.82,90.0,183.7,26.7,0
64.0,0,1,0,0,1,21.9,91.0,0.0,0.0,0.0,0.0,97.7,70.8,202.0,59.0,5.8,93.5,12.65,64.2,168.5,22.6,0
60.0,0,1,0,0,1,24.1,93.8,0.0,0.0,0.0,0.0,123.2,79.7,170.0,38.0,5.2,111.8,3.11,77.7,173.9,25.7,0
40.0,0,1,0,0,1,27.2,96.8,0.0,0.0,0.0,0.0,125.7,76.2,224.0,44.0,5.3,132.6,6.72,69.8,179.4,21.7,0
56.0,0,1,0,0,1,34.2,110.9,0.0,0.0,0.0,0.0,137.2,78.9,139.0,48.0,5.7,84.4,7.49,98.0,175.0,32.0,0
34.0,0,1,0,0,1,30.4,104.8,0.0,0.0,0.0,0.0,115.9,70.9,187.0,42.0,5.6,90.9,12.76,82.7,166.5,29.8,0
31.0,0,1,0,0,1,28.4,88.1,0.0,0.0,0.0,0.0,98.2,69.7,182.0,39.0,5.0,130.8,6.13,88.5,178.9,27.7,0
69.0,0,1,0,0,1,21.6,81.4,0.0,0.0,0.0,0.0,107.6,68.5,232.0,36.0,4.8,74.1,40.13,72.3,182.6,21.7,0
30.0,0,1,0,0,1,36.7,107.0,0.0,0.0,0.0,0.0,112.5,73.1,131.0,45.0,5.5,115.6,14.86,96.8,170.5,33.3,0
56.0,0,1,0,0,1,35.1,113.1,0.0,0.0,0.0,0.0,171.7,99.1,215.0,68.0,5.9,66.5,9.62,102.1,173.0,34.1,0
29.0,0,1,0,0,1,26.6,90.6,0.0,0.0,0.0,0.0,116.7,71.6,216.0,43.0,5.3,103.4,10.2,78.7,171.3,26.8,0
36.0,0,1,0,0,1,32.4,108.9,0.0,0.0,0.0,0.0,112.0,71.8,227.0,51.0,5.0,115.0,33.21,87.8,168.9,30.8,0
54.0,0,1,0,0,1,25.3,96.4,0.0,0.0,0.0,0.0,110.2,65.7,179.0,48.0,5.4,106.0,18.66,75.6,172.5,25.4,0
23.0,0,1,0,0,1,23.8,82.3,0.0,0.0,0.0,0.0,128.5,74.2,184.0,41.0,5.2,121.1,6.34,76.6,179.0,23.9,0
25.0,0,1,0,0,1,29.2,101.0,0.0,0.0,0.0,0.0,109.2,75.3,227.0,52.0,5.5,72.8,7.0,90.0,177.5,28.6,0
53.0,0,1,0,0,1,27.8,91.7,0.0,0.0,0.0,0.0,130.1,84.3,239.0,40.0,5.4,101.1,8.23,83.8,178.9,26.2,0
36.0,0,1,0,0,1,23.8,101.4,0.0,0.0,0.0,0.0,119.1,75.2,181.0,53.0,5.0,115.9,2.44,79.4,181.7,24.0,0
37.0,0,1,0,0,1,32.9,114.0,0.0,0.0,0.0,0.0,105.8,69.3,195.0,31.0,5.0,121.7,7.49,114.1,186.4,32.8,0
32.0,0,1,0,0,1,29.6,94.5,0.0,0.0,0.0,0.0,105.0,77.7,205.0,38.0,5.4,97.3,3.06,104.1,186.2,30.0,0
23.0,0,1,0,0,1,24.1,89.4,0.0,0.0,0.0,0.0,95.7,65.1,153.0,61.0,5.2,99.6,2.75,71.4,175.0,23.3,0
19.0,0,1,0,0,1,24.8,93.1,0.0,0.0,0.0,0.0,91.5,61.8,107.0,55.0,5.6,103.1,6.21,67.7,174.4,22.3,0
21.0,0,1,0,0,1,24.0,81.5,0.0,0.0,0.0,0.0,108.4,70.9,171.0,45.0,5.5,137.1,8.65,74.7,173.2,24.9,0
23.0,0,1,0,0,1,29.4,94.4,0.0,0.0,0.0,0.0,118.4,64.8,170.0,50.0,5.3,128.4,7.06,90.4,178.8,28.3,0
32.0,0,1,0,0,1,32.0,98.6,0.0,0.0,0.0,0.0,103.1,85.8,121.0,39.0,5.2,68.7,43.79,74.9,157.4,30.2,0
74.0,0,1,0,0,1,28.7,101.7,0.0,0.0,0.0,0.0,135.1,82.5,230.0,51.0,5.9,69.0,38.71,96.2,182.8,28.8,0
59.0,0,1,0,0,1,22.6,87.4,0.0,0.0,0.0,0.0,133.0,87.5,172.0,58.0,6.1,101.0,8.85,48.6,146.8,22.6,0
25.0,0,1,0,0,1,43.7,130.0,0.0,0.0,0.0,0.0,101.5,67.6,164.0,47.0,5.7,101.3,4.84,146.3,187.9,41.5,0
26.0,0,1,0,0,1,30.2,94.3,0.0,0.0,0.0,0.0,121.7,85.3,209.0,35.0,5.3,132.8,8.4,65.7,150.7,28.9,0
34.0,0,1,0,0,1,26.2,94.7,0.0,0.0,0.0,0.0,123.1,75.4,158.0,41.0,5.1,73.6,0.3,76.8,174.5,25.2,0
36.0,0,1,0,0,1,30.2,103.6,0.0,0.0,0.0,0.0,129.4,84.5,221.0,58.0,4.8,80.3,2.47,90.5,177.1,28.9,0
23.0,0,1,0,0,1,27.0,102.5,0.0,0.0,0.0,0.0,99.5,67.7,107.0,42.0,6.6,113.1,4.81,109.3,187.6,31.1,0
31.0,0,1,0,0,1,26.6,88.6,0.0,0.0,0.0,0.0,109.9,63.7,178.0,46.0,5.4,85.8,8.83,75.6,169.4,26.3,0
33.0,0,1,0,0,1,28.6,97.1,0.0,0.0,0.0,0.0,113.4,79.6,192.0,42.0,5.6,140.3,115.23,98.7,176.8,31.6,0
67.0,0,1,0,0,1,28.9,87.3,0.0,0.0,0.0,0.0,122.0,76.5,181.0,51.0,5.7,101.8,30.47,62.3,151.6,27.1,0
20.0,0,1,0,0,1,25.8,92.7,0.0,0.0,0.0,0.0,103.8,69.8,181.0,50.0,4.9,125.1,4.57,86.7,184.5,25.5,0
21.0,0,1,0,0,1,40.5,114.3,0.0,0.0,0.0,0.0,100.4,67.9,124.0,37.0,4.8,140.5,8.0,106.7,165.0,39.2,0
35.0,0,1,0,0,1,22.9,85.9,0.0,0.0,0.0,0.0,110.2,65.2,102.0,40.0,5.1,131.8,24.81,75.0,184.8,22.0,0
22.0,0,1,0,0,1,24.8,82.6,0.0,0.0,0.0,0.0,106.5,70.5,171.0,84.0,4.8,80.8,36.95,69.4,168.3,24.5,0
34.0,0,1,0,0,1,24.8,79.5,0.0,0.0,0.0,0.0,97.6,66.3,138.0,43.0,5.0,107.1,8.81,67.4,167.2,24.1,0
32.0,0,1,0,0,1,24.9,86.9,0.0,0.0,0.0,0.0,122.4,69.0,127.0,33.0,4.8,84.2,5.94,70.1,167.5,25.0,0
34.0,0,1,0,0,1,31.5,100.2,0.0,0.0,0.0,0.0,142.5,85.8,240.0,48.0,5.2,76.7,9.43,104.2,176.0,33.6,0
54.0,0,1,0,0,1,36.5,116.2,0.0,0.0,0.0,0.0,126.1,83.0,241.0,40.0,6.0,103.5,7.64,119.2,186.1,34.4,0
26.0,0,1,0,0,1,30.9,97.1,0.0,0.0,0.0,0.0,91.8,56.4,157.0,43.0,5.5,104.7,6.26,109.8,191.2,30.0,0
29.0,0,1,0,0,1,38.2,119.2,0.0,0.0,0.0,0.0,117.8,80.1,178.0,83.0,5.8,76.0,2.66,89.3,159.4,35.1,0
57.0,0,1,0,0,1,22.3,76.0,0.0,0.0,0.0,0.0,99.5,63.1,166.0,47.0,4.6,105.3,3.78,63.6,169.2,22.2,0
31.0,0,1,0,0,1,38.5,122.8,0.0,0.0,0.0,0.0,119.7,69.0,189.0,42.0,5.4,106.3,10.84,103.0,168.2,36.4,0
52.0,0,1,0,0,1,25.2,91.4,0.0,0.0,0.0,0.0,111.4,70.4,171.0,53.0,7.6,86.9,5.43,79.9,177.0,25.5,0
52.0,0,1,0,0,1,34.8,107.0,0.0,0.0,0.0,0.0,105.0,68.7,208.0,38.0,5.1,96.1,4.51,75.5,151.4,32.9,0
43.0,0,1,0,0,1,38.4,124.2,0.0,0.0,0.0,0.0,143.2,85.2,231.0,47.0,5.9,98.2,5.63,111.4,179.8,34.5,0
22.0,0,1,0,0,1,48.1,129.9,0.0,0.0,0.0,0.0,108.4,69.0,148.0,43.0,5.8,96.9,36.24,108.4,154.8,45.2,0
20.0,0,1,0,0,1,35.1,115.2,0.0,0.0,0.0,0.0,108.3,72.8,107.0,41.0,4.6,92.5,7.86,88.7,168.4,31.3,0
40.0,0,1,0,0,1,27.6,100.8,0.0,0.0,0.0,0.0,116.6,77.3,193.0,86.0,5.9,66.4,8.3,59.9,151.0,26.3,0
39.0,0,1,0,0,1,50.0,128.2,0.0,0.0,0.0,0.0,113.6,61.8,148.0,49.0,5.2,86.9,9.46,125.2,162.9,47.2,0
62.0,0,1,0,0,1,29.8,92.5,0.0,0.0,0.0,0.0,108.2,72.5,241.0,50.0,6.8,107.6,8.41,98.2,185.8,28.4,0
38.0,0,1,0,0,1,29.1,96.8,0.0,0.0,0.0,0.0,127.2,78.5,200.0,44.0,5.4,110.7,14.19,67.7,155.6,28.0,0
20.0,0,1,0,0,1,54.6,157.6,0.0,0.0,0.0,0.0,133.3,85.7,193.0,40.0,5.1,109.8,9.8,167.6,177.7,53.1,0
31.0,0,1,0,0,1,45.3,132.5,0.0,0.0,0.0,0.0,125.5,68.1,164.0,50.0,5.0,70.1,9.32,140.0,184.8,41.0,0
36.0,0,1,0,0,1,26.9,97.4,0.0,0.0,0.0,0.0,111.1,72.0,203.0,43.0,5.0,130.5,30.91,90.0,183.5,26.7,0
19.0,0,1,0,0,1,59.1,158.1,0.0,0.0,0.0,0.0,112.2,71.1,169.0,38.0,4.9,143.5,37.27,183.1,174.4,60.2,0
60.0,0,1,0,0,1,30.4,106.6,0.0,0.0,0.0,0.0,123.9,71.8,157.0,38.0,5.7,97.1,36.88,87.7,168.3,30.9,0
31.0,0,1,0,0,1,57.8,145.5,0.0,0.0,0.0,0.0,109.9,71.9,183.0,29.0,5.2,125.5,3.98,134.6,162.9,50.7,0
21.0,0,1,0,0,1,24.2,94.0,0.0,0.0,0.0,0.0,106.0,71.3,171.0,34.0,4.7,135.4,8.07,74.2,171.6,25.2,0
27.0,0,1,0,0,1,29.7,96.9,0.0,0.0,0.0,0.0,113.6,70.6,196.0,27.0,4.8,133.4,7.77,89.0,175.9,28.7,0
32.0,0,1,0,0,1,43.5,126.0,0.0,0.0,0.0,0.0,130.2,83.0,184.0,41.0,4.8,110.0,14.8,122.7,169.6,42.6,0
51.0,0,1,0,0,1,49.9,136.9,0.0,0.0,0.0,0.0,112.2,78.4,190.0,50.0,4.7,133.4,15.11,135.0,168.2,47.7,0
33.0,0,1,0,0,1,30.0,92.7,0.0,0.0,0.0,0.0,102.7,71.5,203.0,61.0,4.9,91.3,6.06,75.3,168.6,26.5,0
38.0,0,1,0,0,1,39.4,112.9,0.0,0.0,0.0,0.0,116.3,74.6,217.0,52.0,4.9,65.5,4.45,120.7,179.8,37.3,0
36.0,0,1,0,0,1,26.1,77.3,0.0,0.0,0.0,0.0,114.8,76.1,170.0,53.0,4.6,108.8,63.46,84.1,180.7,25.8,0
51.0,0,1,0,0,1,43.2,122.4,0.0,0.0,0.0,0.0,108.1,73.6,165.0,54.0,5.5,117.5,11.48,94.4,159.1,37.3,0
21.0,0,1,0,0,1,35.5,107.2,0.0,0.0,0.0,0.0,100.2,71.4,122.0,38.0,4.8,120.2,6.34,98.1,173.5,32.6,0
35.0,0,1,0,0,1,34.6,106.3,0.0,0.0,0.0,0.0,106.4,61.8,190.0,36.0,6.4,107.6,9.71,108.7,181.2,33.1,0
34.0,0,1,0,0,1,38.6,123.0,0.0,0.0,0.0,0.0,132.7,80.9,200.0,41.0,4.5,128.3,4.28,95.4,158.2,38.1,0
21.0,0,1,0,0,1,29.1,91.4,0.0,0.0,0.0,0.0,108.1,69.1,214.0,37.0,4.6,125.7,6.32,54.2,149.5,24.2,0
62.0,0,1,0,0,1,31.3,108.0,0.0,0.0,0.0,0.0,112.2,84.4,210.0,55.0,6.7,102.9,3.99,79.3,162.8,29.9,0
21.0,0,1,0,0,1,39.8,118.6,0.0,0.0,0.0,0.0,114.3,73.8,183.0,61.0,5.2,126.3,10.47,114.1,180.5,35.0,0
61.0,0,1,0,0,1,26.4,94.7,0.0,0.0,0.0,0.0,102.7,69.6,216.0,55.0,5.8,65.4,5.04,84.0,182.8,25.1,0
36.0,0,1,0,0,1,26.6,99.8,0.0,0.0,0.0,0.0,128.3,81.4,192.0,39.0,4.8,85.2,2.52,94.7,192.3,25.6,0
24.0,0,1,0,0,1,24.7,81.7,0.0,0.0,0.0,0.0,105.4,71.3,136.0,46.0,4.6,128.5,8.24,69.3,169.9,24.0,0
33.0,0,1,0,0,1,23.6,86.2,0.0,0.0,0.0,0.0,122.9,74.5,141.0,52.0,4.8,116.7,6.08,76.3,179.4,23.7,0
53.0,0,1,0,0,1,23.1,86.0,0.0,0.0,0.0,0.0,110.9,74.1,196.0,79.0,4.8,66.8,9.46,81.4,189.3,22.7,0
20.0,0,1,0,0,1,23.2,85.5,0.0,0.0,0.0,0.0,112.6,69.5,214.0,47.0,5.0,94.9,4.34,63.8,167.7,22.7,0
44.0,0,1,0,0,1,56.9,152.8,0.0,0.0,0.0,0.0,106.4,74.8,202.0,34.0,5.8,83.7,6.03,145.5,169.5,50.6,0
40.0,0,1,0,0,1,24.3,91.6,0.0,0.0,0.0,0.0,111.6,85.5,197.0,45.0,4.9,104.8,2.28,81.3,184.1,24.0,0
21.0,0,1,0,0,1,27.4,96.4,0.0,0.0,0.0,0.0,112.3,78.9,209.0,38.0,4.8,104.5,11.63,77.4,169.3,27.0,0
22.0,0,1,0,0,1,28.0,88.7,0.0,0.0,0.0,0.0,114.5,65.0,182.0,42.0,4.8,112.9,40.16,80.1,173.0,26.7,0
29.0,0,1,0,0,1,40.0,125.8,0.0,0.0,0.0,0.0,113.7,80.5,209.0,39.0,5.5,100.6,4.98,118.7,181.8,35.9,0
49.0,0,1,0,0,1,32.2,103.6,0.0,0.0,0.0,0.0,115.4,74.7,197.0,44.0,5.3,103.5,24.95,79.8,158.8,31.7,0
32.0,0,1,0,0,1,27.8,102.1,0.0,0.0,0.0,0.0,114.6,73.0,106.0,39.0,5.1,124.9,8.11,80.2,170.9,27.5,0
31.0,0,1,0,0,1,25.3,85.1,0.0,0.0,0.0,0.0,127.1,78.1,172.0,46.0,5.7,131.6,49.54,83.8,185.7,24.3,0
50.0,0,1,0,0,1,39.5,124.7,0.0,0.0,0.0,0.0,114.8,72.3,205.0,37.0,5.7,116.2,3.92,110.3,168.3,38.9,0
23.0,0,1,0,0,1,39.2,114.1,0.0,0.0,0.0,0.0,107.5,70.7,168.0,43.0,4.5,133.0,32.86,134.5,186.1,38.8,0
28.0,0,1,0,0,1,23.7,90.0,0.0,0.0,0.0,0.0,104.6,69.6,190.0,46.0,5.3,111.4,8.0,81.9,185.6,23.8,0
48.0,0,1,0,0,1,22.6,77.1,0.0,0.0,0.0,0.0,111.3,61.9,128.0,48.0,6.1,118.0,12.92,55.6,159.5,21.9,0
22.0,0,1,0,0,1,27.8,92.4,0.0,0.0,0.0,0.0,109.1,65.8,214.0,35.0,5.3,128.2,10.63,51.9,145.8,24.4,0
30.0,0,1,0,0,1,44.6,128.1,0.0,0.0,0.0,0.0,104.0,77.6,179.0,49.0,5.4,121.3,7.24,116.6,167.7,41.5,0
32.0,0,1,0,0,1,27.7,92.7,0.0,0.0,0.0,0.0,104.4,69.5,190.0,37.0,4.9,93.2,0.3,94.9,181.4,28.8,0
59.0,0,1,0,0,1,22.8,87.7,0.0,0.0,0.0,0.0,109.7,72.9,193.0,56.0,5.3,77.9,8.51,54.1,155.4,22.4,0
23.0,0,1,0,0,1,28.3,102.2,0.0,0.0,0.0,0.0,104.3,71.7,244.0,71.0,5.7,77.2,7.49,62.0,154.8,25.9,0
33.0,0,1,0,0,1,28.6,99.2,0.0,0.0,0.0,0.0,134.4,79.5,175.0,43.0,4.9,93.3,47.05,87.8,180.1,27.1,0
22.0,0,1,0,0,1,32.6,105.3,0.0,0.0,0.0,0.0,106.1,70.3,162.0,48.0,4.9,130.0,13.46,99.4,181.2,30.3,0
62.0,0,1,0,0,1,34.5,107.7,0.0,0.0,0.0,0.0,111.0,74.2,227.0,39.0,4.9,71.7,33.29,108.0,177.6,34.3,0
67.0,0,1,0,0,1,28.7,102.6,0.0,0.0,0.0,0.0,125.5,77.0,209.0,50.0,5.6,112.7,8.08,94.0,191.6,25.6,0
29.0,0,1,0,0,1,25.5,84.4,0.0,0.0,0.0,0.0,105.2,70.1,161.0,44.0,5.1,114.7,6.54,61.3,165.9,22.3,0
44.0,0,1,0,0,1,26.8,91.4,0.0,0.0,0.0,0.0,110.2,73.8,122.0,44.0,4.7,131.8,6.85,78.8,174.9,25.8,0
19.0,0,1,0,0,1,32.5,106.7,0.0,0.0,0.0,0.0,101.3,72.1,208.0,44.0,5.5,114.1,11.83,93.2,167.7,33.1,0
39.0,0,1,0,0,1,26.1,81.5,0.0,0.0,0.0,0.0,116.1,67.8,185.0,36.0,5.0,101.0,6.17,70.9,168.9,24.8,0
20.0,0,1,0,0,1,27.2,84.1,0.0,0.0,0.0,0.0,116.0,67.5,144.0,46.0,4.4,108.9,5.9,72.2,158.4,28.8,0
51.0,0,1,0,0,1,28.4,102.0,0.0,0.0,0.0,0.0,128.4,78.1,196.0,37.0,5.3,102.9,10.35,94.9,180.7,29.1,0
51.0,0,1,0,0,1,25.1,92.2,0.0,0.0,0.0,0.0,108.7,74.6,204.0,37.0,5.0,118.2,6.78,98.8,186.1,28.5,0
39.0,0,1,0,0,1,28.2,90.2,0.0,0.0,0.0,0.0,105.7,74.8,191.0,55.0,5.4,102.1,35.2,92.9,186.1,26.8,0
62.0,0,1,0,0,1,38.9,125.1,0.0,0.0,0.0,0.0,125.4,82.8,177.0,69.0,5.7,66.2,6.21,113.1,178.1,35.7,0
75.0,0,1,0,0,1,34.2,118.9,0.0,0.0,0.0,0.0,129.8,83.4,161.0,49.0,5.4,96.4,5.64,114.0,185.7,33.1,0
36.0,0,1,0,0,1,34.7,107.7,0.0,0.0,0.0,0.0,105.1,71.9,218.0,53.0,5.1,95.7,4.26,98.7,169.1,34.5,0
65.0,0,1,0,0,1,29.6,104.2,0.0,0.0,0.0,0.0,122.4,72.0,173.0,55.0,5.6,71.2,4.95,95.6,184.6,28.1,0
24.0,0,1,0,0,1,28.0,98.8,0.0,0.0,0.0,0.0,123.9,77.5,153.0,51.0,4.8,134.2,4.8,99.6,187.2,28.4,0
32.0,0,1,0,0,1,27.2,81.5,0.0,0.0,0.0,0.0,121.9,73.3,160.0,35.0,5.1,126.3,5.11,73.4,167.6,26.1,0
20.0,0,1,0,0,1,28.6,97.0,0.0,0.0,0.0,0.0,129.3,87.8,132.0,31.0,4.6,112.5,10.19,92.6,181.3,28.2,0
38.0,0,1,0,0,1,29.5,93.1,0.0,0.0,0.0,0.0,123.2,69.5,220.0,38.0,4.9,109.2,9.0,81.2,169.1,28.4,0
19.0,0,1,0,0,1,36.1,105.0,0.0,0.0,0.0,0.0,115.2,79.9,164.0,51.0,5.8,124.1,8.46,103.3,167.4,36.9,0
28.0,0,1,0,0,1,23.1,75.8,0.0,0.0,0.0,0.0,121.6,69.3,170.0,68.0,5.3,98.7,10.38,71.3,177.3,22.7,0
22.0,0,1,0,0,1,39.6,121.5,0.0,0.0,0.0,0.0,117.5,73.3,266.0,77.0,5.1,119.3,3.23,121.4,179.9,37.5,0
21.0,0,1,0,0,1,31.0,95.4,0.0,0.0,0.0,0.0,128.4,91.2,247.0,68.0,4.9,128.1,9.4,87.5,170.0,30.3,0
43.0,0,1,0,0,1,28.6,90.2,0.0,0.0,0.0,0.0,110.2,78.8,167.0,41.0,5.7,65.3,6.07,70.3,169.7,24.4,0
33.0,0,1,0,0,1,33.4,109.7,0.0,0.0,0.0,0.0,131.7,85.3,176.0,44.0,5.0,127.2,16.69,103.8,179.2,32.3,0
19.0,0,1,0,0,1,23.2,78.2,0.0,0.0,0.0,0.0,116.4,76.8,189.0,42.0,5.1,124.5,48.99,56.3,157.5,22.7,0
34.0,0,1,0,0,1,29.5,102.2,0.0,0.0,0.0,0.0,132.1,76.7,153.0,47.0,5.3,122.4,9.52,66.2,152.4,28.5,0
56.0,0,1,0,0,1,38.2,114.2,0.0,0.0,0.0,0.0,131.9,86.1,160.0,40.0,5.8,97.3,8.99,117.2,181.8,35.5,0
66.0,0,1,0,0,1,27.0,103.5,0.0,0.0,0.0,0.0,120.3,77.7,97.0,38.0,4.9,75.7,19.52,99.0,193.6,26.4,0
29.0,0,1,0,0,1,23.0,81.7,0.0,0.0,0.0,0.0,102.0,70.9,201.0,54.0,5.2,129.9,7.14,70.9,176.8,22.7,0
30.0,0,1,0,0,1,28.2,94.9,0.0,0.0,0.0,0.0,104.8,61.0,170.0,50.0,5.0,127.6,3.13,91.0,183.9,26.9,0
64.0,0,1,0,0,1,29.6,93.9,0.0,0.0,0.0,0.0,114.6,73.3,172.0,49.0,4.9,78.1,11.09,77.6,172.2,26.2,0
61.0,0,1,0,0,1,24.2,80.2,0.0,0.0,0.0,0.0,115.3,64.5,171.0,53.0,5.0,106.4,3.28,81.6,184.2,24.0,0
68.0,0,1,0,0,1,27.9,100.5,0.0,0.0,0.0,0.0,118.4,68.7,190.0,43.0,5.7,57.4,10.66,95.8,186.4,27.6,0
32.0,0,1,0,0,1,32.2,106.9,0.0,0.0,0.0,0.0,116.2,80.3,174.0,43.0,4.9,124.6,9.49,101.3,179.7,31.4,0
65.0,0,1,0,0,1,24.7,88.7,0.0,0.0,0.0,0.0,106.2,72.3,218.0,85.0,4.5,73.1,2.87,74.1,172.9,24.8,0
59.0,0,1,0,0,1,26.8,95.8,0.0,0.0,0.0,0.0,139.7,80.8,192.0,42.0,4.9,110.9,6.91,76.7,172.7,25.7,0
19.0,0,1,0,0,1,39.1,120.5,0.0,0.0,0.0,0.0,111.3,69.2,98.0,42.0,5.3,111.5,3.69,89.1,155.6,36.8,0
20.0,0,1,0,0,1,41.0,115.3,0.0,0.0,0.0,0.0,135.9,83.9,165.0,38.0,5.3,132.6,5.37,130.9,179.6,40.6,0
20.0,0,1,0,0,1,48.7,142.0,0.0,0.0,0.0,0.0,112.5,69.2,207.0,46.0,4.7,89.7,8.43,142.6,176.6,45.7,0
35.0,0,1,0,0,1,27.9,98.5,0.0,0.0,0.0,0.0,107.8,68.9,206.0,55.0,5.8,86.1,5.23,87.5,180.8,26.8,0
25.0,0,1,0,0,1,27.6,87.3,0.0,0.0,0.0,0.0,123.0,70.7,106.0,65.0,4.7,126.6,6.16,88.2,183.3,26.3,0
28.0,0,1,0,0,1,27.3,92.4,0.0,0.0,0.0,0.0,113.0,80.0,135.0,33.0,5.3,129.6,5.18,81.5,175.6,26.4,0
28.0,0,1,0,0,1,24.7,68.8,0.0,0.0,0.0,0.0,105.1,67.3,101.0,30.0,4.9,127.6,6.03,71.7,165.4,26.2,0
56.0,0,1,0,0,1,20.2,70.9,0.0,0.0,0.0,0.0,96.1,60.2,130.0,59.0,4.4,116.4,2.48,57.6,165.4,21.1,0
68.0,0,1,0,0,1,40.4,124.1,0.0,0.0,0.0,0.0,106.9,84.4,171.0,37.0,5.4,111.5,7.86,95.1,157.4,38.4,0
23.0,0,1,0,0,1,49.6,136.8,0.0,0.0,0.0,0.0,108.7,63.0,151.0,43.0,4.6,126.7,6.79,137.3,168.2,48.5,0
21.0,0,1,0,0,1,34.5,112.5,0.0,0.0,0.0,0.0,85.9,59.5,210.0,35.0,5.8,135.3,12.04,115.8,184.7,34.0,0
33.0,0,1,0,0,1,22.8,79.8,0.0,0.0,0.0,0.0,107.3,73.8,162.0,34.0,5.0,101.6,1.53,69.7,170.4,24.0,0
20.0,0,1,0,0,1,34.3,107.5,0.0,0.0,0.0,0.0,126.7,73.8,118.0,71.0,4.7,77.4,25.14,92.5,164.8,34.1,0
23.0,0,1,0,0,1,24.1,91.4,0.0,0.0,0.0,0.0,105.1,66.3,115.0,46.0,4.9,105.7,0.3,70.2,175.7,22.7,0
25.0,0,1,0,0,1,25.5,83.4,0.0,0.0,0.0,0.0,103.7,66.7,188.0,68.0,4.9,132.6,8.39,105.0,186.7,30.1,0
72.0,0,1,0,0,1,28.1,101.1,0.0,0.0,0.0,0.0,127.8,73.4,183.0,46.0,6.3,57.7,11.12,74.0,168.4,26.1,0
60.0,0,1,0,0,1,40.4,121.6,0.0,0.0,0.0,0.0,114.3,74.6,260.0,49.0,4.8,106.2,5.72,111.9,170.0,38.7,0
38.0,0,1,0,0,1,26.4,91.6,0.0,0.0,0.0,0.0,113.6,77.7,164.0,55.0,5.2,107.3,9.59,75.6,177.8,23.9,0
28.0,0,1,0,0,1,42.9,131.8,0.0,0.0,0.0,0.0,114.3,77.8,218.0,37.0,5.1,106.2,10.7,145.9,184.9,42.7,0
64.0,0,1,0,0,1,27.6,95.8,0.0,0.0,0.0,0.0,141.6,74.2,182.0,45.0,5.1,69.4,6.79,69.9,162.7,26.4,0
63.0,0,1,0,0,1,24.8,83.3,0.0,0.0,0.0,0.0,132.7,74.3,131.0,52.0,5.7,72.7,9.1,82.1,186.0,23.7,0
38.0,0,1,0,0,1,24.1,80.3,0.0,0.0,0.0,0.0,119.7,74.6,204.0,37.0,5.9,106.1,29.28,86.1,189.8,23.9,0
20.0,0,1,0,0,1,24.4,80.7,0.0,0.0,0.0,0.0,109.3,73.4,168.0,39.0,4.6,123.9,9.08,71.1,171.1,24.3,0
30.0,0,1,0,0,1,27.9,93.4,0.0,0.0,0.0,0.0,110.7,70.6,167.0,36.0,4.4,131.0,4.82,77.9,171.5,26.5,0
43.0,0,1,0,0,1,28.2,100.6,0.0,0.0,0.0,0.0,130.6,81.0,247.0,48.0,5.3,85.0,8.07,87.9,177.1,28.0,0
27.0,0,1,0,0,1,22.5,75.3,0.0,0.0,0.0,0.0,109.7,70.5,166.0,34.0,4.8,57.2,5.86,61.0,168.5,21.5,0
35.0,0,1,0,0,1,23.8,87.0,0.0,0.0,0.0,0.0,123.9,75.2,217.0,42.0,5.6,118.2,10.03,86.7,184.0,25.6,0
20.0,0,1,0,0,1,30.4,93.1,0.0,0.0,0.0,0.0,106.7,66.2,153.0,44.0,4.7,137.9,13.19,101.5,187.3,28.9,0
26.0,0,1,0,0,1,24.7,83.8,0.0,0.0,0.0,0.0,131.2,83.9,203.0,34.0,4.8,137.2,13.5,52.4,157.7,21.1,0
31.0,0,1,0,0,1,28.8,98.7,0.0,0.0,0.0,0.0,112.1,92.4,233.0,41.0,5.1,80.1,4.53,99.2,180.5,30.5,0
60.0,0,1,0,0,1,27.1,99.2,0.0,0.0,0.0,0.0,149.6,87.2,130.0,56.0,5.3,96.1,15.76,87.8,182.9,26.3,0
24.0,0,1,0,0,1,38.2,110.5,0.0,0.0,0.0,0.0,117.2,74.7,177.0,40.0,5.1,121.0,3.37,108.0,173.5,35.9,0
47.0,0,1,0,0,1,36.5,112.2,0.0,0.0,0.0,0.0,130.8,80.2,153.0,37.0,5.9,106.1,5.92,131.8,191.2,36.0,0
42.0,0,1,0,0,1,19.9,70.8,0.0,0.0,0.0,0.0,109.9,76.7,195.0,66.0,5.1,120.6,7.4,57.1,170.9,19.6,0
56.0,0,1,0,0,1,23.4,88.2,0.0,0.0,0.0,0.0,112.3,73.0,196.0,34.0,5.1,103.7,5.29,56.4,153.4,24.0,0
38.0,0,1,0,0,1,30.2,101.0,0.0,0.0,0.0,0.0,114.6,71.9,189.0,45.0,4.9,120.1,12.86,106.2,187.9,30.1,0
33.0,0,1,0,0,1,36.7,104.7,0.0,0.0,0.0,0.0,115.9,65.9,164.0,44.0,4.9,122.2,9.4,93.6,164.4,34.6,0
43.0,0,1,0,0,1,24.2,88.6,0.0,0.0,0.0,0.0,128.9,66.4,167.0,79.0,5.3,54.3,8.88,81.2,185.3,23.7,0
19.0,0,1,0,0,1,27.3,88.7,0.0,0.0,0.0,0.0,97.1,68.6,169.0,41.0,4.9,139.0,10.99,83.8,173.8,27.7,0
73.0,0,1,0,0,1,22.5,83.7,0.0,0.0,0.0,0.0,111.9,48.1,225.0,75.0,5.9,67.4,5.87,61.6,168.5,21.7,0
26.0,0,1,0,0,1,35.1,99.2,0.0,0.0,0.0,0.0,115.1,70.3,218.0,59.0,4.6,137.2,9.09,93.6,166.6,33.7,0
32.0,0,1,0,0,1,28.7,100.0,0.0,0.0,0.0,0.0,120.7,82.6,128.0,41.0,4.8,84.4,9.47,89.5,178.6,28.0,0
71.0,0,1,0,0,1,28.4,101.9,0.0,0.0,0.0,0.0,137.2,82.1,147.0,62.0,4.9,95.0,4.75,93.9,184.5,27.6,0
22.0,0,1,0,0,1,25.2,100.0,0.0,0.0,0.0,0.0,109.7,71.5,170.0,41.0,5.3,131.1,8.04,74.3,183.7,22.0,0
28.0,0,1,0,0,1,59.7,159.0,0.0,0.0,0.0,0.0,108.3,80.1,163.0,46.0,4.8,128.7,4.47,175.5,174.9,57.4,0
34.0,0,1,0,0,1,29.5,104.8,0.0,0.0,0.0,0.0,109.1,72.2,182.0,32.0,4.8,123.1,5.53,102.4,191.8,27.8,0
22.0,0,1,0,0,1,27.3,95.7,0.0,0.0,0.0,0.0,151.1,91.3,169.0,62.0,5.1,80.2,11.34,84.5,176.9,27.0,0
18.0,0,1,0,0,1,38.9,113.2,0.0,0.0,0.0,0.0,119.2,79.3,234.0,37.0,5.2,135.7,5.55,129.9,183.6,38.5,0
34.0,0,1,0,0,1,30.1,92.6,0.0,0.0,0.0,0.0,112.4,70.4,169.0,36.0,4.7,126.6,36.76,84.2,176.2,27.1,0
36.0,0,1,0,0,1,28.5,86.4,0.0,0.0,0.0,0.0,132.7,83.1,256.0,44.0,5.9,114.9,11.78,65.6,166.9,23.5,0
32.0,0,1,0,0,1,57.1,164.0,0.0,0.0,0.0,0.0,114.1,79.9,195.0,33.0,5.6,133.1,8.31,183.9,183.8,54.4,0
54.0,0,1,0,0,1,25.2,91.7,0.0,0.0,0.0,0.0,125.0,78.2,122.0,50.0,6.0,75.1,5.55,62.5,162.5,23.7,0
32.0,0,1,0,0,1,25.4,79.1,0.0,0.0,0.0,0.0,114.8,66.3,136.0,46.0,5.1,124.8,9.66,66.0,158.0,26.4,0
68.0,0,1,0,0,1,30.1,100.4,0.0,0.0,0.0,0.0,129.9,79.8,135.0,68.0,6.0,84.0,34.92,95.3,181.2,29.0,0
59.0,0,1,0,0,1,37.4,110.7,0.0,0.0,0.0,0.0,149.2,88.2,142.0,56.0,5.4,81.0,6.96,97.2,165.0,35.7,0
32.0,0,1,0,0,1,58.3,155.7,0.0,0.0,0.0,0.0,108.4,73.6,172.0,40.0,4.9,130.8,6.3,192.5,185.8,55.8,0
25.0,0,1,0,0,1,28.2,93.8,0.0,0.0,0.0,0.0,133.5,95.0,162.0,45.0,5.5,95.9,65.46,53.7,140.5,27.2,0
32.0,0,1,0,0,1,23.3,93.8,0.0,0.0,0.0,0.0,123.6,75.2,142.0,52.0,5.6,98.0,5.32,77.3,187.9,21.9,0
22.0,0,1,0,0,1,31.7,103.4,0.0,0.0,0.0,0.0,112.7,89.8,190.0,47.0,5.7,106.6,9.63,68.7,149.7,30.6,0
30.0,0,1,0,0,1,33.4,112.7,0.0,0.0,0.0,0.0,109.6,72.1,161.0,38.0,4.8,132.0,4.07,118.3,191.6,32.2,0
33.0,0,1,0,0,1,36.9,116.5,0.0,0.0,0.0,0.0,111.0,64.0,131.0,41.0,5.1,93.9,6.98,122.5,180.8,37.5,0
46.0,0,1,0,0,1,29.0,101.3,0.0,0.0,0.0,0.0,118.9,77.8,190.0,37.0,5.2,90.6,7.67,76.3,165.1,28.0,0
21.0,0,1,0,0,1,27.6,90.2,0.0,0.0,0.0,0.0,122.1,73.3,144.0,42.0,5.0,127.4,5.02,92.1,184.6,27.0,0
20.0,0,1,0,0,1,33.7,104.4,0.0,0.0,0.0,0.0,116.5,78.2,172.0,38.0,4.8,134.5,8.87,97.3,169.8,33.8,0
36.0,0,1,0,0,1,24.4,86.7,0.0,0.0,0.0,0.0,126.9,68.0,157.0,54.0,5.3,93.6,6.98,69.5,172.8,23.3,0
41.0,0,1,0,0,1,45.9,128.7,0.0,0.0,0.0,0.0,108.2,68.1,182.0,41.0,5.0,112.3,3.92,136.8,171.2,46.7,0
49.0,0,1,0,0,1,26.3,91.0,0.0,0.0,0.0,0.0,113.2,77.6,187.0,69.0,5.0,89.6,3.15,89.2,181.5,27.1,0
36.0,0,1,0,0,1,41.3,121.7,0.0,0.0,0.0,0.0,106.8,69.5,151.0,42.0,5.1,124.9,8.58,129.1,179.0,40.3,0
47.0,0,1,0,0,1,28.8,100.1,0.0,0.0,0.0,0.0,115.0,82.1,213.0,48.0,5.3,107.9,39.42,74.1,172.7,24.8,0
31.0,0,1,0,0,1,50.5,155.4,0.0,0.0,0.0,0.0,127.9,77.3,186.0,39.0,5.4,108.8,9.13,175.6,193.1,47.1,0
62.0,0,1,0,0,1,25.8,84.4,0.0,0.0,0.0,0.0,120.5,65.9,119.0,90.0,5.9,98.1,36.9,85.7,185.6,24.9,0
24.0,0,1,0,0,1,26.0,87.0,0.0,0.0,0.0,0.0,95.7,64.6,177.0,54.0,4.7,131.6,7.89,85.0,186.2,24.5,0
26.0,0,1,0,0,1,21.7,93.2,0.0,0.0,0.0,0.0,103.2,69.1,201.0,41.0,5.5,98.8,6.59,73.2,183.8,21.7,0
30.0,0,1,0,0,1,24.4,89.7,0.0,0.0,0.0,0.0,110.7,70.7,213.0,48.0,4.6,96.7,7.83,90.9,183.5,27.0,0
29.0,0,1,0,0,1,29.9,101.8,0.0,0.0,0.0,0.0,114.6,64.7,179.0,38.0,5.8,80.9,49.98,90.1,178.9,28.2,0
34.0,0,1,0,0,1,46.7,131.2,0.0,0.0,0.0,0.0,114.2,67.6,121.0,54.0,5.6,115.2,35.02,118.7,168.9,41.6,0
34.0,0,1,0,0,1,32.9,115.2,0.0,0.0,0.0,0.0,128.8,78.7,169.0,30.0,4.9,65.3,24.2,109.4,185.7,31.7,0
25.0,0,1,0,0,1,25.2,84.1,0.0,0.0,0.0,0.0,97.0,67.1,171.0,42.0,5.5,128.4,4.22,74.5,174.0,24.6,0
69.0,0,1,0,0,1,28.2,101.4,0.0,0.0,0.0,0.0,166.7,89.7,226.0,38.0,5.7,78.7,10.35,95.5,185.9,27.6,0
28.0,0,1,0,0,1,20.3,85.0,0.0,0.0,0.0,0.0,101.6,66.4,176.0,55.0,4.8,103.2,0.41,62.3,176.2,20.1,0
43.0,0,1,0,0,1,34.4,102.6,0.0,0.0,0.0,0.0,112.0,77.5,190.0,39.0,5.4,113.7,27.89,114.0,177.4,36.2,0
55.0,0,1,0,0,1,28.1,90.5,0.0,0.0,0.0,0.0,126.5,72.4,183.0,81.0,6.1,116.0,1.93,79.8,168.1,28.2,0
21.0,0,1,0,0,1,24.6,91.0,0.0,0.0,0.0,0.0,124.2,89.9,177.0,38.0,5.7,109.4,54.12,70.2,168.9,24.6,0
22.0,0,1,0,0,1,17.9,65.0,0.0,0.0,0.0,0.0,136.3,84.4,203.0,55.0,5.5,102.9,3.26,55.1,170.3,19.0,0
25.0,0,1,0,0,1,22.9,76.6,0.0,0.0,0.0,0.0,112.9,77.5,198.0,39.0,5.0,139.6,7.85,75.3,174.0,24.9,0
20.0,0,1,0,0,1,51.6,138.1,0.0,0.0,0.0,0.0,115.4,73.6,173.0,51.0,4.8,127.2,4.44,137.6,165.6,50.2,0
28.0,0,1,0,0,1,25.7,100.9,0.0,0.0,0.0,0.0,102.3,56.4,152.0,45.0,4.7,92.7,4.36,81.7,181.7,24.7,0
32.0,0,1,0,0,1,25.1,85.7,0.0,0.0,0.0,0.0,104.0,69.4,192.0,64.0,4.5,145.2,0.87,72.9,165.3,26.7,0
27.0,0,1,0,0,1,27.2,97.5,0.0,0.0,0.0,0.0,116.4,73.2,178.0,38.0,5.8,126.9,9.24,84.4,179.9,26.1,0
19.0,0,1,0,0,1,28.5,88.1,0.0,0.0,0.0,0.0,110.8,77.6,160.0,46.0,5.7,125.9,7.34,75.4,174.0,24.9,0
35.0,0,1,0,0,1,20.2,65.6,0.0,0.0,0.0,0.0,126.3,76.3,162.0,107.0,4.7,81.5,25.62,64.7,171.4,22.0,0
27.0,0,1,0,0,1,40.8,119.1,0.0,0.0,0.0,0.0,106.5,71.7,237.0,36.0,5.1,128.8,9.55,94.5,157.6,38.1,0
30.0,0,1,0,0,1,23.0,86.2,0.0,0.0,0.0,0.0,101.0,72.6,110.0,39.0,4.8,130.0,26.28,81.4,182.4,24.5,0
31.0,0,1,0,0,1,22.5,100.5,0.0,0.0,0.0,0.0,110.4,74.1,128.0,36.0,5.5,125.7,13.47,63.0,169.1,22.0,0
28.0,0,1,0,0,1,36.0,118.4,0.0,0.0,0.0,0.0,99.8,67.0,194.0,45.0,5.2,108.4,2.92,103.5,171.4,35.2,0
33.0,0,1,0,0,1,20.1,69.6,0.0,0.0,0.0,0.0,112.0,72.8,102.0,52.0,5.1,131.6,9.79,60.3,172.1,20.3,0
31.0,0,1,0,0,1,40.9,122.5,0.0,0.0,0.0,0.0,133.8,73.4,184.0,40.0,5.7,110.4,32.55,97.6,157.7,39.3,0
34.0,0,1,0,0,1,24.2,92.2,0.0,0.0,0.0,0.0,108.1,77.2,139.0,42.0,6.1,126.0,10.58,66.0,169.3,23.0,0
21.0,0,1,0,0,1,29.2,101.6,0.0,0.0,0.0,0.0,111.8,75.6,136.0,42.0,5.0,128.2,24.51,82.0,168.9,28.7,0
33.0,0,1,0,0,1,26.6,90.6,0.0,0.0,0.0,0.0,121.3,68.6,205.0,47.0,5.3,129.3,11.61,96.1,187.6,27.3,0
28.0,0,1,0,0,1,25.7,87.5,0.0,0.0,0.0,0.0,152.7,86.3,170.0,101.0,4.9,131.3,5.33,78.7,178.4,24.7,0
47.0,0,1,0,0,1,23.2,82.5,0.0,0.0,0.0,0.0,117.7,75.2,163.0,39.0,5.1,133.9,1.99,78.3,179.7,24.2,0
25.0,0,1,0,0,1,53.3,146.7,0.0,0.0,0.0,0.0,103.2,71.7,192.0,42.0,4.8,124.1,9.18,143.6,168.9,50.3,0
36.0,0,1,0,0,1,26.7,95.9,0.0,0.0,0.0,0.0,106.9,71.9,190.0,40.0,4.9,59.9,5.75,79.8,174.4,26.2,0
37.0,0,1,0,0,1,54.6,155.9,0.0,0.0,0.0,0.0,127.7,76.1,203.0,34.0,5.1,115.4,10.07,172.2,183.6,51.1,0
36.0,0,1,0,0,1,51.0,151.9,0.0,0.0,0.0,0.0,117.8,69.7,143.0,33.0,5.3,97.7,5.99,163.2,186.4,47.0,0
57.0,0,1,0,0,1,43.0,134.2,0.0,0.0,0.0,0.0,115.7,78.2,154.0,41.0,5.4,78.3,11.25,141.0,183.5,41.9,0
22.0,0,1,0,0,1,49.9,136.7,0.0,0.0,0.0,0.0,106.4,69.7,141.0,42.0,4.9,131.4,9.32,171.1,189.6,47.6,0
22.0,0,1,0,0,1,34.7,102.8,0.0,0.0,0.0,0.0,109.1,72.6,120.0,45.0,4.9,141.8,9.91,103.8,174.9,33.9,0
30.0,0,1,0,0,1,35.6,120.3,0.0,0.0,0.0,0.0,128.4,93.3,208.0,37.0,5.3,100.6,8.44,112.0,180.8,34.3,0
28.0,0,1,0,0,1,28.8,89.8,0.0,0.0,0.0,0.0,126.8,86.7,197.0,46.0,4.3,101.5,3.31,86.8,177.3,27.6,0
22.0,0,1,0,0,1,23.9,78.1,0.0,0.0,0.0,0.0,108.4,65.3,155.0,49.0,5.1,129.6,12.55,57.1,155.5,23.6,0
39.0,0,1,0,0,1,28.7,90.3,0.0,0.0,0.0,0.0,114.2,72.2,197.0,46.0,5.8,104.9,9.14,88.4,172.8,29.6,0
27.0,0,1,0,0,1,39.5,117.5,0.0,0.0,0.0,0.0,115.1,72.9,165.0,40.0,5.9,120.3,12.03,143.8,190.5,39.6,0
70.0,0,1,0,0,1,33.2,110.2,0.0,0.0,0.0,0.0,107.3,69.1,160.0,66.0,5.3,98.7,1.79,85.0,159.7,33.3,0
53.0,0,1,0,0,1,23.7,80.2,0.0,0.0,0.0,0.0,125.2,94.0,202.0,49.0,5.9,111.2,251.42,69.4,172.5,23.3,0
34.0,0,1,0,0,1,38.2,117.9,0.0,0.0,0.0,0.0,102.9,71.5,192.0,36.0,5.0,75.4,8.53,126.6,181.8,38.3,0
76.0,0,1,0,0,1,25.6,101.9,0.0,0.0,0.0,0.0,123.6,76.1,225.0,37.0,5.2,79.4,1.5,72.0,173.1,24.0,0
51.0,0,1,0,0,1,22.1,77.6,0.0,0.0,0.0,0.0,117.2,88.8,181.0,47.0,4.8,95.6,11.66,42.7,159.8,16.7,0
22.0,0,1,0,0,1,26.8,85.0,0.0,0.0,0.0,0.0,109.6,68.5,266.0,47.0,5.0,109.7,8.02,73.3,174.2,24.2,0
30.0,0,1,0,0,1,46.4,136.8,0.0,0.0,0.0,0.0,104.7,64.1,162.0,44.0,4.7,112.4,31.87,128.7,172.3,43.4,0
30.0,0,1,0,0,1,37.3,126.1,0.0,0.0,0.0,0.0,126.4,80.6,252.0,43.0,5.1,121.2,6.85,127.6,188.7,35.8,0
38.0,0,1,0,0,1,28.5,83.8,0.0,0.0,0.0,0.0,101.6,64.5,163.0,55.0,5.2,130.2,10.55,80.4,179.9,24.9,0
29.0,0,1,0,0,1,43.7,124.0,0.0,0.0,0.0,0.0,109.9,73.7,205.0,37.0,4.9,130.6,9.49,134.7,182.2,40.6,0
33.0,0,1,0,0,1,30.0,108.2,0.0,0.0,0.0,0.0,96.0,63.1,140.0,50.0,4.8,133.2,3.96,95.2,179.3,29.6,0
34.0,0,1,0,0,1,32.2,113.0,0.0,0.0,0.0,0.0,113.3,79.6,200.0,41.0,4.6,132.6,5.52,98.3,171.7,33.3,0
23.0,0,1,0,0,1,26.8,95.3,0.0,0.0,0.0,0.0,100.3,65.2,186.0,35.0,4.9,91.4,5.58,88.9,186.1,25.7,0
28.0,0,1,0,0,1,30.8,111.9,0.0,0.0,0.0,0.0,109.9,76.2,173.0,35.0,5.9,95.2,5.11,96.6,179.7,29.9,0
21.0,0,1,0,0,1,36.0,119.2,0.0,0.0,0.0,0.0,122.5,77.7,208.0,40.0,6.1,96.3,4.65,110.7,175.9,35.8,0
49.0,0,1,0,0,1,23.8,84.5,0.0,0.0,0.0,0.0,108.7,76.9,187.0,62.0,6.1,66.8,6.41,69.2,167.6,24.6,0
75.0,0,1,0,0,1,22.2,82.0,0.0,0.0,0.0,0.0,138.5,83.3,168.0,71.0,4.8,104.0,4.59,74.0,178.5,23.2,0
44.0,0,1,0,0,1,26.7,97.8,0.0,0.0,0.0,0.0,107.0,70.9,214.0,40.0,5.5,126.0,8.07,95.6,191.5,26.1,0
29.0,0,1,0,0,1,29.5,93.7,0.0,0.0,0.0,0.0,108.7,67.1,162.0,41.0,5.0,131.8,6.37,86.0,174.0,28.4,0
22.0,0,1,0,0,1,37.1,122.9,0.0,0.0,0.0,0.0,116.2,81.7,155.0,42.0,5.2,101.5,10.25,136.3,188.8,38.2,0
46.0,0,1,0,0,1,25.9,91.3,0.0,0.0,0.0,0.0,129.4,76.1,208.0,68.0,5.9,113.8,0.3,58.7,153.1,25.0,0
32.0,0,1,0,0,1,39.2,128.1,0.0,0.0,0.0,0.0,101.7,79.6,158.0,32.0,4.8,81.2,22.48,128.3,186.6,36.8,0
60.0,0,1,0,0,1,27.5,99.1,0.0,0.0,0.0,0.0,110.4,75.4,170.0,39.0,5.8,62.3,29.52,97.6,188.4,27.5,0
36.0,0,1,0,0,1,28.8,83.7,0.0,0.0,0.0,0.0,109.6,71.7,139.0,51.0,5.5,77.2,7.61,87.0,177.6,27.6,0
24.0,0,1,0,0,1,26.8,102.6,0.0,0.0,0.0,0.0,110.9,73.1,177.0,44.0,5.1,132.4,8.28,88.0,178.3,27.7,0
22.0,0,1,0,0,1,40.8,118.7,0.0,0.0,0.0,0.0,113.1,76.6,149.0,57.0,5.4,126.0,10.65,100.0,158.9,39.6,0
37.0,0,1,0,0,1,33.6,115.2,0.0,0.0,0.0,0.0,123.4,75.7,210.0,58.0,5.0,122.0,5.06,100.0,180.2,30.8,0
44.0,0,1,0,0,1,27.3,88.4,0.0,0.0,0.0,0.0,106.8,71.2,178.0,48.0,5.9,101.5,34.27,84.4,178.4,26.5,0
34.0,0,1,0,0,1,21.8,72.7,0.0,0.0,0.0,0.0,110.8,69.7,163.0,48.0,4.3,135.5,12.04,49.0,149.2,22.0,0
29.0,0,1,0,0,1,34.5,107.3,0.0,0.0,0.0,0.0,132.5,80.7,212.0,52.0,4.5,131.1,8.36,104.5,174.4,34.3,0
31.0,0,1,0,0,1,38.0,115.2,0.0,0.0,0.0,0.0,126.2,72.7,160.0,40.0,5.0,123.2,4.89,118.6,180.0,36.6,0
59.0,0,1,0,0,1,30.8,100.3,0.0,0.0,0.0,0.0,148.0,79.2,256.0,43.0,5.0,126.6,8.42,100.2,183.7,29.7,0
31.0,0,1,0,0,1,37.8,113.3,0.0,0.0,0.0,0.0,112.3,68.7,182.0,40.0,4.9,112.1,9.14,108.6,170.3,37.4,0
18.0,0,1,0,0,1,39.0,125.7,0.0,0.0,0.0,0.0,87.9,61.7,151.0,33.0,4.9,134.9,3.11,117.2,179.3,36.4,0
35.0,0,1,0,0,1,45.7,126.6,0.0,0.0,0.0,0.0,108.2,73.6,163.0,58.0,4.5,106.8,6.05,126.1,170.7,43.3,0
54.0,0,1,0,0,1,33.2,100.4,0.0,0.0,0.0,0.0,124.8,79.9,118.0,49.0,5.1,125.1,4.81,104.1,184.2,30.7,0
47.0,0,1,0,0,1,22.9,86.7,0.0,0.0,0.0,0.0,116.5,70.1,189.0,53.0,5.5,107.6,4.79,60.9,170.6,20.9,0
28.0,0,1,0,0,1,49.1,134.8,0.0,0.0,0.0,0.0,113.7,77.9,116.0,38.0,5.2,132.5,9.91,126.3,167.4,45.1,0
29.0,0,1,0,0,1,39.0,108.9,0.0,0.0,0.0,0.0,130.7,72.8,148.0,37.0,4.8,127.1,110.65,125.7,182.0,38.0,0
32.0,0,1,0,0,1,20.3,82.3,0.0,0.0,0.0,0.0,121.4,73.1,121.0,66.0,5.0,111.6,6.11,58.7,170.2,20.3,0
56.0,0,1,0,0,1,29.2,107.8,0.0,0.0,0.0,0.0,147.3,85.2,172.0,36.0,6.0,63.2,32.73,100.0,188.5,28.1,0
21.0,0,1,0,0,1,34.0,115.7,0.0,0.0,0.0,0.0,131.7,81.4,188.0,42.0,6.0,91.9,8.27,117.7,191.0,32.3,0
19.0,0,1,0,0,1,34.4,112.3,0.0,0.0,0.0,0.0,127.0,76.6,129.0,52.0,4.9,129.4,14.41,94.1,170.1,32.5,0
32.0,0,1,0,0,1,26.8,87.1,0.0,0.0,0.0,0.0,110.9,70.0,193.0,57.0,4.8,116.9,4.81,53.1,152.0,23.0,0
35.0,0,1,0,0,1,43.1,136.5,0.0,0.0,0.0,0.0,118.9,73.8,209.0,44.0,4.9,128.0,9.64,127.7,174.2,42.1,0
72.0,0,1,0,0,1,21.0,89.3,0.0,0.0,0.0,0.0,138.3,85.3,194.0,37.0,5.8,77.3,3.67,65.5,176.6,21.0,0
67.0,0,1,0,0,1,29.6,106.7,0.0,0.0,0.0,0.0,113.6,65.3,176.0,69.0,5.3,83.2,36.6,91.3,182.6,27.4,0
22.0,0,1,0,0,1,23.3,86.2,0.0,0.0,0.0,0.0,109.0,63.1,146.0,47.0,4.9,75.0,6.58,77.3,181.3,23.5,0
25.0,0,1,0,0,1,24.9,81.4,0.0,0.0,0.0,0.0,119.0,74.6,114.0,47.0,5.0,138.5,7.95,78.4,177.1,25.0,0
25.0,0,1,0,0,1,34.2,112.6,0.0,0.0,0.0,0.0,114.1,74.1,156.0,38.0,4.7,105.3,39.74,120.5,191.0,33.0,0
27.0,0,1,0,0,1,27.6,88.4,0.0,0.0,0.0,0.0,119.9,81.9,108.0,40.0,5.0,136.0,4.38,96.3,183.8,28.5,0
30.0,0,1,0,0,1,28.5,90.0,0.0,0.0,0.0,0.0,109.6,71.9,157.0,42.0,5.0,137.9,7.96,84.3,175.3,27.4,0
52.0,0,1,0,0,1,44.2,137.1,0.0,0.0,0.0,0.0,112.1,64.6,186.0,47.0,5.4,72.0,5.94,98.5,152.9,42.1,0
19.0,0,1,0,0,1,26.0,93.5,0.0,0.0,0.0,0.0,107.7,60.8,159.0,39.0,5.1,76.8,7.19,79.8,178.7,25.0,0
33.0,0,1,0,0,1,62.7,165.9,0.0,0.0,0.0,0.0,114.6,78.6,165.0,41.0,5.1,122.5,34.68,195.4,181.3,59.4,0
35.0,0,1,0,0,1,27.0,100.7,0.0,0.0,0.0,0.0,128.2,61.1,138.0,66.0,5.3,112.6,11.01,72.4,167.8,25.7,0
50.0,0,1,0,0,1,42.1,127.4,0.0,0.0,0.0,0.0,123.0,67.8,195.0,40.0,5.7,70.8,5.48,135.0,182.4,40.6,0
22.0,0,1,0,0,1,24.6,80.3,0.0,0.0,0.0,0.0,109.9,79.0,196.0,54.0,5.1,88.6,3.15,54.9,168.3,19.4,0
19.0,0,1,0,0,1,27.1,87.4,0.0,0.0,0.0,0.0,113.3,74.8,154.0,55.0,4.9,112.2,22.95,89.3,181.6,27.1,0
37.0,0,1,0,0,1,27.3,98.4,0.0,0.0,0.0,0.0,158.4,89.8,194.0,69.0,5.5,96.2,7.51,60.9,162.8,23.0,0
43.0,0,1,0,0,1,41.5,117.6,0.0,0.0,0.0,0.0,109.8,78.0,220.0,38.0,5.5,126.4,7.49,125.2,174.0,41.4,0
41.0,0,1,0,0,1,25.3,92.7,0.0,0.0,0.0,0.0,130.0,78.5,207.0,44.0,5.5,96.7,14.67,92.1,183.4,27.4,0
35.0,0,1,0,0,1,27.9,102.3,0.0,0.0,0.0,0.0,112.1,71.7,146.0,49.0,4.8,135.1,5.93,79.6,169.4,27.7,0
36.0,0,1,0,0,1,29.8,105.7,0.0,0.0,0.0,0.0,123.1,77.2,147.0,42.0,5.5,126.7,9.38,94.7,182.5,28.4,0
37.0,0,1,0,0,1,23.9,90.5,0.0,0.0,0.0,0.0,108.7,62.0,140.0,44.0,6.5,70.6,10.13,86.1,188.7,24.2,0
29.0,0,1,0,0,1,35.2,118.1,0.0,0.0,0.0,0.0,110.0,71.1,193.0,39.0,6.0,126.6,1.77,115.9,186.0,33.5,0
49.0,0,1,0,0,1,21.3,74.4,0.0,0.0,0.0,0.0,119.8,73.1,144.0,42.0,4.8,127.0,25.45,53.5,168.6,18.8,0
56.0,0,1,0,0,1,28.7,100.5,0.0,0.0,0.0,0.0,103.8,70.6,155.0,39.0,5.7,113.5,28.41,94.3,179.9,29.1,0
41.0,0,1,0,0,1,23.0,91.6,0.0,0.0,0.0,0.0,108.2,75.2,183.0,33.0,5.2,73.3,6.9,74.8,179.8,23.1,0
49.0,0,1,0,0,1,24.2,79.3,0.0,0.0,0.0,0.0,110.6,75.4,147.0,50.0,4.8,90.6,30.38,73.7,173.3,24.5,0
40.0,0,1,0,0,1,33.3,100.9,0.0,0.0,0.0,0.0,120.9,76.5,189.0,35.0,4.7,74.1,3.53,88.3,167.1,31.6,0
69.0,0,1,0,0,1,34.2,117.0,0.0,0.0,0.0,0.0,105.8,65.3,118.0,42.0,5.3,66.6,7.61,107.0,177.6,33.9,0
72.0,0,1,0,0,1,32.3,107.9,0.0,0.0,0.0,0.0,111.7,69.9,183.0,49.0,4.8,38.5,5.93,109.3,186.2,31.5,0
18.0,0,1,0,0,1,22.7,77.3,0.0,0.0,0.0,0.0,110.4,76.5,177.0,46.0,4.5,137.6,3.96,74.3,181.6,22.5,0
21.0,0,1,0,0,1,51.9,142.1,0.0,0.0,0.0,0.0,107.9,64.7,188.0,39.0,4.8,125.9,6.38,137.8,168.2,48.7,0
63.0,0,1,0,0,1,26.8,94.7,0.0,0.0,0.0,0.0,134.1,83.8,265.0,61.0,6.0,92.7,7.49,95.6,186.9,27.4,0
46.0,0,1,0,0,1,28.9,98.4,0.0,0.0,0.0,0.0,112.8,79.6,216.0,46.0,6.1,107.7,3.1,97.5,172.2,32.9,0
26.0,0,1,0,0,1,23.7,86.4,0.0,0.0,0.0,0.0,117.8,76.7,154.0,34.0,4.9,124.5,10.43,71.2,175.3,23.2,0
69.0,0,1,0,0,1,32.8,105.3,0.0,0.0,0.0,0.0,113.1,73.6,216.0,45.0,6.5,71.1,4.13,104.1,182.6,31.2,0
58.0,0,1,0,0,1,22.0,78.5,0.0,0.0,0.0,0.0,126.9,79.0,198.0,60.0,5.8,97.1,11.78,70.3,174.0,23.2,0
32.0,0,1,0,0,1,37.4,112.0,0.0,0.0,0.0,0.0,112.0,68.7,169.0,32.0,5.3,129.2,38.96,91.1,168.9,32.0,0
70.0,0,1,0,0,1,29.5,105.5,0.0,0.0,0.0,0.0,129.0,80.7,214.0,49.0,5.5,74.5,21.07,91.8,178.8,28.7,0
71.0,0,1,0,0,1,23.4,85.1,0.0,0.0,0.0,0.0,118.7,62.9,164.0,41.0,5.5,76.7,10.37,74.9,183.8,22.2,0
19.0,0,1,0,0,1,23.4,81.3,0.0,0.0,0.0,0.0,125.8,79.9,123.0,44.0,5.0,138.1,13.37,60.1,157.8,24.1,0
42.0,0,1,0,0,1,32.3,107.9,0.0,0.0,0.0,0.0,133.6,75.3,177.0,40.0,6.2,121.0,10.77,86.6,165.7,31.5,0
70.0,0,1,0,0,1,44.8,129.8,0.0,0.0,0.0,0.0,133.2,73.9,155.0,44.0,7.0,81.0,37.81,123.1,169.9,42.6,0
29.0,0,1,0,0,1,41.8,120.0,0.0,0.0,0.0,0.0,106.4,71.5,175.0,38.0,4.8,131.9,13.54,106.4,168.6,37.4,0
30.0,0,1,0,0,1,37.3,118.1,0.0,0.0,0.0,0.0,111.4,69.8,144.0,44.0,5.6,131.1,9.1,107.5,169.0,37.6,0
34.0,0,1,0,0,1,35.3,118.6,0.0,0.0,0.0,0.0,101.9,67.8,162.0,54.0,5.7,106.3,8.35,121.4,184.8,35.6,0
48.0,0,1,0,0,1,39.9,120.8,0.0,0.0,0.0,0.0,139.6,88.6,182.0,39.0,5.8,110.1,4.48,128.5,179.5,39.9,0
29.0,0,1,0,0,1,20.7,78.5,0.0,0.0,0.0,0.0,131.8,83.7,175.0,58.0,5.6,95.7,9.89,64.3,177.9,20.3,0
36.0,0,1,0,0,1,21.3,80.1,0.0,0.0,0.0,0.0,115.6,66.9,101.0,34.0,5.1,72.0,4.62,62.1,167.7,22.1,0
72.0,0,1,0,0,1,24.0,91.7,0.0,0.0,0.0,0.0,131.4,75.3,223.0,66.0,5.0,99.9,10.21,63.6,166.4,23.0,0
28.0,0,1,0,0,1,29.0,90.0,0.0,0.0,0.0,0.0,115.2,76.6,163.0,50.0,5.1,121.6,8.79,82.2,171.1,28.1,0
32.0,0,1,0,0,1,29.6,99.5,0.0,0.0,0.0,0.0,111.4,76.7,144.0,39.0,5.3,101.4,4.38,83.5,173.0,27.9,0
66.0,0,1,0,0,1,36.7,119.2,0.0,0.0,0.0,0.0,106.5,65.5,120.0,56.0,5.2,82.9,27.4,119.8,182.6,35.9,0
50.0,0,1,0,0,1,26.5,97.1,0.0,0.0,0.0,0.0,113.9,62.3,161.0,38.0,4.6,101.9,4.44,84.0,179.1,26.2,0
36.0,0,1,0,0,1,30.2,91.6,0.0,0.0,0.0,0.0,116.6,63.3,133.0,45.0,5.6,111.1,4.34,79.5,173.2,26.5,0
23.0,0,1,0,0,1,39.2,127.0,0.0,0.0,0.0,0.0,99.9,67.9,117.0,40.0,6.0,92.7,34.78,113.5,174.9,37.1,0
33.0,0,1,0,0,1,28.2,101.7,0.0,0.0,0.0,0.0,111.8,76.5,163.0,39.0,5.1,101.9,0.3,102.8,185.3,30.0,0
38.0,0,1,0,0,1,34.6,104.5,0.0,0.0,0.0,0.0,105.3,64.5,177.0,46.0,5.5,136.8,8.91,100.0,174.3,32.9,0
45.0,0,1,0,0,1,37.8,117.1,0.0,0.0,0.0,0.0,129.5,78.1,195.0,51.0,5.4,105.4,2.56,140.8,194.9,37.1,0
54.0,0,1,0,0,1,29.1,104.0,0.0,0.0,0.0,0.0,116.0,74.0,203.0,37.0,5.1,104.2,5.34,90.8,180.1,28.0,0
18.0,0,1,0,0,1,36.5,115.3,0.0,0.0,0.0,0.0,119.3,59.7,196.0,54.0,5.3,92.1,5.42,131.6,193.7,35.1,0
23.0,0,1,0,0,1,24.5,84.1,0.0,0.0,0.0,0.0,116.1,82.5,173.0,52.0,4.9,125.2,9.59,66.7,172.9,22.3,0
67.0,0,1,0,0,1,24.0,72.8,0.0,0.0,0.0,0.0,106.6,75.3,226.0,49.0,8.9,51.7,14.83,78.8,184.4,23.2,0
20.0,0,1,0,0,1,27.1,96.6,0.0,0.0,0.0,0.0,101.4,74.2,128.0,55.0,5.2,139.1,6.61,85.4,183.0,25.5,0
72.0,0,1,0,0,1,39.7,117.9,0.0,0.0,0.0,0.0,119.0,76.7,161.0,55.0,5.9,113.6,3.8,106.3,169.7,36.9,0
63.0,0,1,0,0,1,23.8,79.6,0.0,0.0,0.0,0.0,114.0,75.5,141.0,45.0,7.0,123.0,46.17,57.4,156.1,23.6,0
37.0,0,1,0,0,1,29.4,101.1,0.0,0.0,0.0,0.0,136.2,67.2,203.0,76.0,6.1,66.8,12.29,68.9,156.7,28.1,0
20.0,0,1,0,0,1,22.1,76.7,0.0,0.0,0.0,0.0,115.8,62.0,207.0,77.0,5.5,101.2,7.46,54.5,157.7,21.9,0
19.0,0,1,0,0,1,39.1,113.8,0.0,0.0,0.0,0.0,110.6,69.3,156.0,45.0,4.7,120.7,11.26,130.8,186.6,37.6,0
42.0,0,1,0,0,1,36.4,108.1,0.0,0.0,0.0,0.0,147.7,88.0,170.0,80.0,5.2,77.7,7.75,100.7,168.7,35.4,0
20.0,0,1,0,0,1,30.7,104.8,0.0,0.0,0.0,0.0,111.4,73.4,215.0,41.0,5.2,85.9,5.22,110.8,193.4,29.6,0
21.0,0,1,0,0,1,39.4,121.7,0.0,0.0,0.0,0.0,110.0,68.7,177.0,40.0,5.2,110.6,3.26,101.7,167.3,36.3,0
41.0,0,1,0,0,1,28.5,90.3,0.0,0.0,0.0,0.0,111.6,69.5,224.0,49.0,4.6,90.7,12.04,90.1,177.7,28.5,0
37.0,0,1,0,0,1,29.8,103.8,0.0,0.0,0.0,0.0,115.1,63.6,208.0,45.0,4.7,128.2,10.32,85.3,183.0,25.5,0
63.0,0,1,0,0,1,36.1,116.3,0.0,0.0,0.0,0.0,127.1,81.6,192.0,71.0,5.5,93.3,6.52,105.4,175.3,34.3,0
45.0,0,1,0,0,1,39.2,108.7,0.0,0.0,0.0,0.0,137.4,86.4,218.0,49.0,5.6,94.8,11.48,107.0,168.3,37.8,0
63.0,0,1,0,0,1,32.2,110.5,0.0,0.0,0.0,0.0,114.6,68.1,206.0,51.0,5.2,63.9,9.26,101.9,180.9,31.1,0
20.0,0,1,0,0,1,38.1,110.3,0.0,0.0,0.0,0.0,117.5,76.3,169.0,40.0,4.7,127.3,10.04,106.1,173.9,35.1,0
22.0,0,1,0,0,1,32.1,97.6,0.0,0.0,0.0,0.0,133.3,84.4,177.0,37.0,4.9,127.5,18.68,101.6,181.4,30.9,0
37.0,0,1,0,0,1,47.8,142.3,0.0,0.0,0.0,0.0,113.2,76.1,166.0,32.0,5.6,69.6,7.89,158.0,182.7,47.3,0
69.0,0,1,0,0,1,22.4,76.9,0.0,0.0,0.0,0.0,125.8,78.0,156.0,55.0,5.5,108.0,4.01,67.8,171.1,23.1,0
32.0,0,1,0,0,1,47.4,128.0,0.0,0.0,0.0,0.0,110.2,86.5,220.0,40.0,6.2,97.3,9.02,126.3,167.4,45.1,0
48.0,0,1,0,0,1,56.7,151.8,0.0,0.0,0.0,0.0,130.5,77.1,205.0,50.0,5.7,103.1,39.23,185.1,186.4,53.3,0
30.0,0,1,0,0,1,23.1,89.7,0.0,0.0,0.0,0.0,122.2,74.4,164.0,42.0,4.9,76.2,10.23,72.6,177.4,23.1,0
33.0,0,1,0,0,1,39.0,111.2,0.0,0.0,0.0,0.0,110.0,72.2,146.0,59.0,4.3,120.4,0.61,119.7,179.4,37.2,0
18.0,0,1,0,0,1,22.0,76.6,0.0,0.0,0.0,0.0,109.9,76.0,118.0,46.0,6.0,130.1,23.11,50.9,153.3,21.6,0
29.0,0,1,0,0,1,36.4,115.7,0.0,0.0,0.0,0.0,153.8,95.6,168.0,37.0,4.8,135.6,0.92,108.9,172.6,36.6,0
20.0,0,1,0,0,1,22.2,90.4,0.0,0.0,0.0,0.0,105.4,72.7,129.0,49.0,5.2,127.5,15.78,63.9,169.0,22.4,0
59.0,0,1,0,0,1,40.3,117.4,0.0,0.0,0.0,0.0,126.0,84.2,137.0,64.0,5.1,133.1,10.81,111.0,171.9,37.6,0
62.0,0,1,0,0,1,53.2,137.7,0.0,0.0,0.0,0.0,110.1,70.3,182.0,40.0,5.6,99.7,4.0,126.6,156.5,51.7,0
35.0,0,1,0,0,1,22.5,80.1,0.0,0.0,0.0,0.0,108.6,62.7,196.0,62.0,5.1,130.0,9.59,50.8,153.3,21.6,0
33.0,0,1,0,0,1,25.4,89.9,0.0,0.0,0.0,0.0,124.0,81.6,194.0,48.0,5.8,96.3,47.81,89.7,182.6,26.9,0
30.0,0,1,0,0,1,38.6,108.5,0.0,0.0,0.0,0.0,100.5,68.0,201.0,46.0,5.0,137.0,7.45,139.1,188.5,39.1,0
41.0,0,1,0,0,1,31.3,109.3,0.0,0.0,0.0,0.0,128.7,84.6,207.0,36.0,6.0,129.8,69.48,102.1,183.3,30.4,0
27.0,0,1,0,0,1,25.8,103.8,0.0,0.0,0.0,0.0,104.9,70.1,140.0,45.0,5.5,76.1,7.35,92.3,186.9,26.4,0
33.0,0,1,0,0,1,53.5,141.6,0.0,0.0,0.0,0.0,130.1,84.4,205.0,38.0,5.5,99.4,8.18,144.2,168.2,51.0,0
26.0,0,1,0,0,1,41.9,120.3,0.0,0.0,0.0,0.0,103.5,70.4,125.0,35.0,5.2,134.4,11.38,136.2,184.0,40.2,0
32.0,0,1,0,0,1,40.4,106.6,0.0,0.0,0.0,0.0,103.5,73.5,178.0,42.0,5.7,89.3,4.26,135.5,187.1,38.7,0
59.0,0,1,0,0,1,32.8,106.8,0.0,0.0,0.0,0.0,150.9,89.7,225.0,78.0,5.5,82.6,9.78,94.6,177.7,29.9,0
79.0,0,1,0,0,1,33.3,108.5,0.0,0.0,0.0,0.0,110.7,66.7,155.0,40.0,5.1,131.2,6.68,111.1,186.2,32.1,0
66.0,0,1,0,0,1,27.7,92.6,0.0,0.0,0.0,0.0,110.4,73.6,218.0,44.0,5.2,110.9,7.91,91.2,184.9,26.7,0
29.0,0,1,0,0,1,29.0,93.8,0.0,0.0,0.0,0.0,108.1,73.3,143.0,48.0,5.7,121.8,13.2,79.6,167.1,28.5,0
44.0,0,1,0,0,1,55.3,148.1,0.0,0.0,0.0,0.0,109.1,70.5,171.0,44.0,7.7,109.3,11.14,135.1,165.5,49.3,0
24.0,0,1,0,0,1,40.6,114.1,0.0,0.0,0.0,0.0,143.6,77.5,121.0,44.0,5.0,129.4,35.82,125.1,181.3,38.1,0
27.0,0,1,0,0,1,26.3,80.9,0.0,0.0,0.0,0.0,116.5,65.3,105.0,41.0,5.5,130.6,1.08,71.5,170.3,24.7,0
56.0,0,1,0,0,1,38.6,123.6,0.0,0.0,0.0,0.0,129.2,81.5,188.0,43.0,5.9,78.6,11.71,107.7,169.2,37.6,0
58.0,0,1,0,0,1,21.3,85.2,0.0,0.0,0.0,0.0,104.1,70.6,154.0,38.0,4.9,82.0,3.37,70.2,183.5,20.8,0
54.0,0,1,0,0,1,29.0,91.5,0.0,0.0,0.0,0.0,110.0,70.3,179.0,58.0,5.9,113.8,3.86,79.9,151.8,34.7,0
19.0,0,1,0,0,1,25.9,86.4,0.0,0.0,0.0,0.0,97.6,65.5,203.0,44.0,4.9,136.8,112.29,85.8,183.6,25.4,0
37.0,0,1,0,0,1,28.7,92.1,0.0,0.0,0.0,0.0,135.0,82.0,136.0,59.0,5.7,121.6,9.24,89.3,186.8,25.6,0
46.0,0,1,0,0,1,25.9,92.8,0.0,0.0,0.0,0.0,127.8,80.9,244.0,48.0,5.3,78.6,10.86,81.5,181.3,24.8,0
21.0,0,1,0,0,1,29.1,97.1,0.0,0.0,0.0,0.0,108.0,66.1,170.0,47.0,5.6,132.1,9.94,60.4,159.3,23.8,0
18.0,0,1,0,0,1,29.5,93.4,0.0,0.0,0.0,0.0,115.8,76.7,206.0,44.0,4.7,142.4,8.58,84.7,157.5,34.2,0
72.0,0,1,0,0,1,26.5,95.7,0.0,0.0,0.0,0.0,109.6,76.8,208.0,57.0,5.0,101.5,7.61,91.3,187.4,26.0,0
31.0,0,1,0,0,1,46.4,130.0,0.0,0.0,0.0,0.0,105.5,63.7,216.0,53.0,5.1,121.8,5.31,135.8,173.5,45.1,0
60.0,0,1,0,0,1,28.3,89.3,0.0,0.0,0.0,0.0,138.8,78.4,186.0,58.0,5.2,77.4,3.23,80.5,176.1,26.0,0
42.0,0,1,0,0,1,42.5,129.1,0.0,0.0,0.0,0.0,131.6,77.3,151.0,39.0,5.6,79.3,33.22,149.8,191.4,40.9,0
29.0,0,1,0,0,1,30.2,101.4,0.0,0.0,0.0,0.0,112.4,73.8,184.0,55.0,5.3,130.2,45.54,70.2,154.7,29.3,0
30.0,0,1,0,0,1,35.4,107.6,0.0,0.0,0.0,0.0,113.7,73.8,116.0,43.0,4.4,116.3,9.33,82.8,155.3,34.3,0
49.0,0,1,0,0,1,25.4,91.0,0.0,0.0,0.0,0.0,136.3,83.0,138.0,39.0,5.3,74.2,7.57,67.2,165.1,24.6,0
33.0,0,1,0,0,1,29.9,97.9,0.0,0.0,0.0,0.0,109.6,75.4,103.0,37.0,5.3,84.3,24.0,86.9,175.5,28.2,0
79.0,0,1,0,0,1,29.4,93.0,0.0,0.0,0.0,0.0,129.4,87.7,201.0,45.0,5.3,94.0,31.39,95.7,183.6,28.4,0
52.0,0,1,0,0,1,24.2,88.7,0.0,0.0,0.0,0.0,99.7,57.3,141.0,64.0,5.7,93.9,8.53,68.1,170.2,23.5,0
21.0,0,1,0,0,1,28.6,100.6,0.0,0.0,0.0,0.0,115.1,73.3,191.0,54.0,5.4,76.3,8.5,103.9,190.6,28.6,0
35.0,0,1,0,0,1,22.2,94.6,0.0,0.0,0.0,0.0,155.2,84.0,154.0,32.0,4.9,115.6,5.43,73.3,183.5,21.8,0
67.0,0,1,0,0,1,32.8,108.1,0.0,0.0,0.0,0.0,127.1,78.1,224.0,38.0,5.4,75.9,0.3,115.1,186.9,33.0,0
33.0,0,1,0,0,1,38.0,110.4,0.0,0.0,0.0,0.0,97.6,57.2,116.0,48.0,5.7,120.7,6.78,76.2,144.6,36.4,0
21.0,0,1,0,0,1,20.2,65.9,0.0,0.0,0.0,0.0,104.8,65.9,188.0,68.0,4.8,125.8,10.79,56.0,166.9,20.1,0
74.0,0,1,0,0,1,24.9,85.6,0.0,0.0,0.0,0.0,105.2,68.1,191.0,54.0,5.3,89.8,8.49,88.2,188.7,24.8,0
23.0,0,1,0,0,1,38.4,122.9,0.0,0.0,0.0,0.0,116.5,75.4,181.0,42.0,5.0,127.8,6.97,124.0,173.2,41.3,0
29.0,0,1,0,0,1,26.0,88.7,0.0,0.0,0.0,0.0,112.2,79.8,192.0,58.0,5.6,120.9,11.77,62.6,158.2,25.0,0
40.0,0,1,0,0,1,24.3,76.1,0.0,0.0,0.0,0.0,107.1,63.5,176.0,51.0,4.9,81.2,10.75,51.9,158.8,20.6,0
18.0,0,1,0,0,1,26.6,92.9,0.0,0.0,0.0,0.0,106.7,58.4,189.0,38.0,4.6,140.3,0.46,87.5,183.9,25.9,0
35.0,0,1,0,0,1,54.2,145.5,0.0,0.0,0.0,0.0,106.9,75.9,195.0,43.0,5.1,125.8,3.68,133.9,167.5,47.7,0
31.0,0,1,0,0,1,44.0,129.6,0.0,0.0,0.0,0.0,134.0,88.3,97.0,33.0,5.5,117.0,4.25,122.8,172.7,41.2,0
71.0,0,1,0,0,1,19.9,73.9,0.0,0.0,0.0,0.0,114.8,75.0,149.0,81.0,4.8,88.0,3.95,47.8,150.9,21.0,0
36.0,0,1,0,0,1,24.7,74.5,0.0,0.0,0.0,0.0,112.0,55.7,185.0,112.0,4.6,54.3,31.04,60.5,159.9,23.7,0
33.0,0,1,0,0,1,53.6,160.7,0.0,0.0,0.0,0.0,126.8,67.9,182.0,53.0,5.4,122.2,12.86,172.5,185.7,50.0,0
32.0,0,1,0,0,1,24.0,89.1,0.0,0.0,0.0,0.0,106.4,61.1,161.0,42.0,5.0,80.1,2.65,81.4,186.9,23.3,0
67.0,0,1,0,0,1,31.9,111.4,0.0,0.0,0.0,0.0,116.1,74.8,174.0,59.0,5.7,65.3,2.69,70.4,152.1,30.4,0
46.0,0,1,0,0,1,49.2,133.8,0.0,0.0,0.0,0.0,101.9,67.1,171.0,52.0,5.4,83.7,9.24,132.9,169.0,46.5,0
34.0,0,1,0,0,1,57.5,153.9,0.0,0.0,0.0,0.0,105.9,75.2,203.0,35.0,8.5,99.7,5.7,138.0,158.5,54.9,0
24.0,0,1,0,0,1,33.9,114.7,0.0,0.0,0.0,0.0,116.9,73.2,152.0,40.0,5.5,79.4,8.23,134.2,189.7,37.3,0
37.0,0,1,0,0,1,27.2,97.1,0.0,0.0,0.0,0.0,112.7,65.3,182.0,29.0,5.0,71.9,2.93,91.1,189.7,25.3,0
27.0,0,1,0,0,1,24.3,93.8,0.0,0.0,0.0,0.0,114.7,69.7,122.0,36.0,5.9,116.0,9.41,76.4,185.1,22.3,0
49.0,0,1,0,0,1,29.6,107.8,0.0,0.0,0.0,0.0,141.5,81.8,188.0,45.0,5.3,102.7,9.26,98.7,182.3,29.7,0
60.0,0,1,0,0,1,31.6,105.9,0.0,0.0,0.0,0.0,118.0,73.1,174.0,58.0,5.0,84.9,0.3,87.0,172.3,29.3,0
31.0,0,1,0,0,1,41.7,127.8,0.0,0.0,0.0,0.0,122.1,83.8,155.0,52.0,5.5,85.2,5.58,130.7,176.6,41.9,0
78.0,0,1,0,0,1,20.6,86.2,0.0,0.0,0.0,0.0,91.2,74.7,217.0,52.0,5.1,76.8,15.44,64.0,178.7,20.1,0
23.0,0,1,0,0,1,26.8,89.5,0.0,0.0,0.0,0.0,108.9,69.5,133.0,52.0,5.5,116.8,8.37,64.1,158.6,25.5,0
34.0,0,1,0,0,1,25.1,89.9,0.0,0.0,0.0,0.0,147.2,86.7,259.0,76.0,5.5,61.0,6.48,56.6,152.3,24.4,0
32.0,0,1,0,0,1,25.8,97.5,0.0,0.0,0.0,0.0,126.9,78.5,191.0,73.0,4.9,123.5,9.07,82.4,183.3,24.5,0
18.0,0,1,0,0,1,40.1,117.8,0.0,0.0,0.0,0.0,116.8,78.3,203.0,70.0,5.0,124.1,6.09,104.2,155.5,43.1,0
67.0,0,1,0,0,1,25.5,92.1,0.0,0.0,0.0,0.0,87.0,54.0,204.0,60.0,5.5,73.2,10.3,62.1,160.5,24.1,0
31.0,0,1,0,0,1,36.6,107.7,0.0,0.0,0.0,0.0,102.8,70.9,260.0,49.0,5.3,124.7,13.61,83.8,154.0,35.3,0
31.0,0,1,0,0,1,29.0,108.4,0.0,0.0,0.0,0.0,111.5,77.4,168.0,37.0,5.2,109.2,12.97,83.5,172.2,28.2,0
19.0,0,1,0,0,1,25.0,89.5,0.0,0.0,0.0,0.0,103.0,66.2,218.0,44.0,4.6,122.6,5.2,73.1,168.2,25.8,0
20.0,0,1,0,0,1,24.7,96.4,0.0,0.0,0.0,0.0,111.2,77.0,184.0,44.0,5.2,99.2,7.88,82.8,183.9,24.5,0
27.0,0,1,0,0,1,28.8,94.0,0.0,0.0,0.0,0.0,126.8,76.7,168.0,35.0,5.1,131.6,30.33,68.0,159.4,26.7,0
46.0,0,1,0,0,1,38.8,119.9,0.0,0.0,0.0,0.0,125.9,74.4,172.0,42.0,5.3,70.5,23.34,131.8,188.4,37.1,0
20.0,0,1,0,0,1,24.5,83.4,0.0,0.0,0.0,0.0,118.6,76.9,150.0,46.0,5.4,122.9,8.01,58.7,158.1,23.5,0
21.0,0,1,0,0,1,25.0,76.3,0.0,0.0,0.0,0.0,122.6,76.4,157.0,47.0,5.5,111.6,7.13,62.9,168.7,22.1,0
29.0,0,1,0,0,1,22.9,85.4,0.0,0.0,0.0,0.0,116.6,74.1,192.0,51.0,4.8,84.5,11.74,53.2,151.4,23.2,0
26.0,0,1,0,0,1,29.7,91.6,0.0,0.0,0.0,0.0,111.8,75.4,242.0,60.0,5.0,73.7,9.22,97.0,179.3,30.2,0
31.0,0,1,0,0,1,25.5,82.0,0.0,0.0,0.0,0.0,122.0,66.6,139.0,39.0,5.3,122.5,3.81,73.2,171.8,24.8,0
32.0,0,1,0,0,1,25.1,88.7,0.0,0.0,0.0,0.0,129.1,80.6,199.0,37.0,5.2,98.0,1.78,84.1,185.3,24.5,0
19.0,0,1,0,0,1,38.4,123.1,0.0,0.0,0.0,0.0,141.3,85.4,182.0,38.0,5.1,85.5,2.18,139.5,195.3,36.6,0
23.0,0,1,0,0,1,21.1,90.8,0.0,0.0,0.0,0.0,118.1,76.3,154.0,46.0,5.4,91.2,3.74,75.0,187.6,21.3,0
22.0,0,1,0,0,1,31.9,93.5,0.0,0.0,0.0,0.0,106.2,63.8,233.0,42.0,5.2,107.7,5.98,99.9,180.2,30.8,0
22.0,0,1,0,0,1,52.0,139.6,0.0,0.0,0.0,0.0,110.5,74.5,95.0,37.0,5.0,127.0,53.63,149.4,173.3,49.7,0
48.0,0,1,0,0,1,35.8,112.4,0.0,0.0,0.0,0.0,127.2,82.1,249.0,65.0,5.0,82.1,5.09,120.4,185.4,35.0,0
29.0,0,1,0,0,1,22.3,74.9,0.0,0.0,0.0,0.0,112.2,70.1,162.0,82.0,4.9,122.8,28.43,62.0,158.9,24.6,0
70.0,0,1,0,0,1,26.5,103.7,0.0,0.0,0.0,0.0,133.3,89.5,229.0,47.0,6.0,93.7,42.38,83.5,176.1,26.9,0
59.0,0,1,0,0,1,22.2,78.1,0.0,0.0,0.0,0.0,112.2,73.8,156.0,56.0,5.7,100.9,7.3,68.8,174.3,22.7,0
21.0,0,1,0,0,1,28.0,86.5,0.0,0.0,0.0,0.0,109.4,66.9,194.0,48.0,5.1,133.4,7.69,82.6,166.6,29.8,0
34.0,0,1,0,0,1,41.4,135.7,0.0,0.0,0.0,0.0,104.8,69.4,95.0,26.0,4.9,101.5,7.26,110.0,173.7,36.5,0
47.0,0,1,0,0,1,26.8,88.1,0.0,0.0,0.0,0.0,105.7,62.4,147.0,58.0,5.2,128.5,4.16,79.9,168.8,28.1,0
53.0,0,1,0,0,1,29.7,98.3,0.0,0.0,0.0,0.0,114.3,75.9,164.0,41.0,5.2,94.7,22.38,87.4,172.0,29.5,0
66.0,0,1,0,0,1,26.8,102.1,0.0,0.0,0.0,0.0,124.5,79.6,159.0,59.0,5.0,99.5,6.06,83.6,179.3,26.0,0
21.0,0,1,0,0,1,23.9,86.5,0.0,0.0,0.0,0.0,107.8,59.3,111.0,46.0,4.9,85.1,8.04,69.6,172.4,23.4,0
71.0,0,1,0,0,1,28.3,94.6,0.0,0.0,0.0,0.0,158.2,89.9,151.0,46.0,5.0,89.2,13.28,90.5,167.7,32.2,0
46.0,0,1,0,0,1,49.2,150.4,0.0,0.0,0.0,0.0,110.2,75.6,231.0,64.0,5.5,86.2,13.7,162.3,185.9,47.0,0
34.0,0,1,0,0,1,35.0,114.7,0.0,0.0,0.0,0.0,105.4,74.5,114.0,46.0,5.8,106.1,7.61,103.5,174.5,34.0,0
43.0,0,1,0,0,1,28.6,105.1,0.0,0.0,0.0,0.0,108.6,70.3,179.0,55.0,6.5,116.3,12.33,76.4,166.8,27.5,0
44.0,0,1,0,0,1,35.9,107.9,0.0,0.0,0.0,0.0,103.9,69.7,197.0,41.0,5.3,88.4,1.63,99.2,169.3,34.6,0
58.0,0,1,0,0,1,37.2,118.1,0.0,0.0,0.0,0.0,138.3,83.8,101.0,35.0,5.3,76.0,2.7,102.8,170.8,35.2,0
35.0,0,1,0,0,1,25.4,81.9,0.0,0.0,0.0,0.0,107.8,72.9,129.0,42.0,5.0,101.5,12.89,82.6,177.2,26.3,0
36.0,0,1,0,0,1,51.0,152.4,0.0,0.0,0.0,0.0,131.9,84.6,172.0,47.0,5.6,105.8,10.16,179.7,190.7,49.4,0
33.0,0,1,0,0,1,27.9,104.7,0.0,0.0,0.0,0.0,106.6,74.7,129.0,28.0,6.3,117.6,8.72,101.7,195.2,26.7,0
49.0,0,1,0,0,1,29.9,99.2,0.0,0.0,0.0,0.0,114.1,71.4,182.0,49.0,4.9,97.1,22.85,88.5,173.4,29.4,0
30.0,0,1,0,0,1,25.9,85.6,0.0,0.0,0.0,0.0,105.3,79.3,153.0,76.0,5.2,123.9,9.69,62.5,157.1,25.3,0
19.0,0,1,0,0,1,46.2,135.7,0.0,0.0,0.0,0.0,109.1,71.4,112.0,46.0,5.6,116.7,4.36,127.7,169.5,44.4,0
62.0,0,1,0,0,1,20.6,85.0,0.0,0.0,0.0,0.0,130.2,83.3,208.0,45.0,4.8,107.5,9.0,62.4,179.2,19.4,0
22.0,0,1,0,0,1,53.6,139.0,0.0,0.0,0.0,0.0,111.8,76.1,196.0,40.0,5.8,112.3,9.72,146.1,167.8,51.9,0
34.0,0,1,0,0,1,27.6,106.3,0.0,0.0,0.0,0.0,115.8,76.4,234.0,52.0,5.0,90.1,46.78,92.9,189.1,26.0,0
20.0,0,1,0,0,1,32.8,113.9,0.0,0.0,0.0,0.0,123.0,77.5,128.0,39.0,5.4,109.2,9.25,118.5,191.1,32.5,0
30.0,0,1,0,0,1,23.7,88.8,0.0,0.0,0.0,0.0,95.5,64.9,174.0,42.0,4.9,92.9,7.89,77.6,179.7,24.0,0
20.0,0,1,0,0,1,50.8,133.5,0.0,0.0,0.0,0.0,165.9,90.7,159.0,36.0,6.3,116.4,20.64,143.2,172.7,48.0,0
38.0,0,1,0,0,1,40.6,133.1,0.0,0.0,0.0,0.0,112.2,70.8,180.0,48.0,5.6,109.0,9.23,124.9,178.5,39.2,0
30.0,0,1,0,0,1,24.2,89.1,0.0,0.0,0.0,0.0,116.1,87.0,175.0,71.0,5.1,84.6,9.99,64.4,181.5,19.5,0
51.0,0,1,0,0,1,26.4,91.5,0.0,0.0,0.0,0.0,117.8,71.1,205.0,52.0,5.4,89.9,9.02,65.5,157.9,26.3,0
33.0,0,1,0,0,1,23.1,86.5,0.0,0.0,0.0,0.0,107.6,66.4,171.0,45.0,6.0,128.0,3.65,75.0,182.0,22.7,0
34.0,0,1,0,0,1,39.9,122.2,0.0,0.0,0.0,0.0,115.4,71.3,126.0,45.0,4.7,130.7,10.71,108.2,168.1,38.3,0
18.0,0,1,0,0,1,38.0,124.0,0.0,0.0,0.0,0.0,107.3,73.9,220.0,42.0,4.8,118.1,1.98,116.5,180.7,35.7,0
64.0,0,1,0,0,1,31.4,95.8,0.0,0.0,0.0,0.0,116.0,70.5,215.0,43.0,5.3,56.2,2.52,112.5,178.4,35.3,0
43.0,0,1,0,0,1,32.1,114.9,0.0,0.0,0.0,0.0,111.7,75.5,193.0,73.0,5.0,120.2,8.31,94.4,175.4,30.7,0
24.0,0,1,0,0,1,37.5,121.1,0.0,0.0,0.0,0.0,123.4,74.5,170.0,45.0,5.1,118.4,8.76,111.7,174.3,36.8,0
63.0,0,1,0,0,1,30.8,114.9,0.0,0.0,0.0,0.0,154.7,96.5,156.0,49.0,6.7,100.9,4.93,96.9,179.2,30.2,0
19.0,0,1,0,0,1,28.4,93.8,0.0,0.0,0.0,0.0,147.2,82.1,178.0,44.0,5.1,102.3,7.56,81.4,173.1,27.2,0
71.0,0,1,0,0,1,19.5,85.7,0.0,0.0,0.0,0.0,152.0,66.9,225.0,48.0,5.2,86.6,5.46,69.4,186.8,19.9,0
41.0,0,1,0,0,1,26.9,93.5,0.0,0.0,0.0,0.0,128.5,83.0,247.0,35.0,4.7,102.4,8.64,69.1,160.0,27.0,0
19.0,0,1,0,0,1,24.5,82.8,0.0,0.0,0.0,0.0,106.6,72.4,199.0,55.0,5.1,117.5,3.99,70.5,172.6,23.7,0
23.0,0,1,0,0,1,33.1,109.6,0.0,0.0,0.0,0.0,124.9,72.4,203.0,59.0,5.1,114.1,6.23,110.9,185.3,32.3,0
33.0,0,1,0,0,1,23.7,78.4,0.0,0.0,0.0,0.0,101.3,67.8,158.0,44.0,4.3,132.0,5.43,71.9,175.2,23.4,0
32.0,0,1,0,0,1,25.6,95.2,0.0,0.0,0.0,0.0,94.0,63.5,117.0,37.0,4.8,91.7,9.41,73.8,167.7,26.2,0
38.0,0,1,0,0,1,28.3,100.8,0.0,0.0,0.0,0.0,111.1,78.5,124.0,88.0,4.7,95.7,7.5,76.2,167.6,27.1,0
42.0,0,1,0,0,1,30.6,100.2,0.0,0.0,0.0,0.0,105.8,72.2,213.0,42.0,5.4,107.2,8.23,98.6,181.7,29.9,0
21.0,0,1,0,0,1,24.9,88.9,0.0,0.0,0.0,0.0,162.4,83.9,132.0,45.0,5.2,118.1,8.44,74.9,168.7,26.3,0
30.0,0,1,0,0,1,37.7,108.6,0.0,0.0,0.0,0.0,107.8,77.2,184.0,46.0,5.7,114.4,9.56,109.9,174.5,36.1,0
67.0,0,1,0,0,1,24.9,78.7,0.0,0.0,0.0,0.0,119.3,75.6,136.0,47.0,5.3,74.0,6.95,57.8,169.0,20.3,0
22.0,0,1,0,0,1,34.0,102.7,0.0,0.0,0.0,0.0,130.6,76.2,160.0,39.0,5.7,103.0,1.04,82.7,152.7,35.5,0
79.0,0,1,0,0,1,29.8,101.0,0.0,0.0,0.0,0.0,131.9,72.7,186.0,61.0,5.2,132.2,12.25,63.1,147.5,29.0,0
23.0,0,1,0,0,1,25.1,93.8,0.0,0.0,0.0,0.0,126.0,73.4,148.0,37.0,5.1,106.1,10.43,78.4,179.2,24.4,0
55.0,0,1,0,0,1,27.7,97.3,0.0,0.0,0.0,0.0,108.6,70.5,194.0,93.0,5.6,89.1,8.45,90.1,177.6,28.6,0
22.0,0,1,0,0,1,21.6,74.3,0.0,0.0,0.0,0.0,99.8,68.8,241.0,76.0,4.6,133.1,10.44,62.1,169.7,21.6,0
20.0,0,1,0,0,1,31.2,99.0,0.0,0.0,0.0,0.0,112.7,77.8,216.0,34.0,4.5,129.9,2.78,101.5,178.4,31.9,0
22.0,0,1,0,0,1,20.0,79.8,0.0,0.0,0.0,0.0,131.1,72.3,198.0,50.0,5.0,106.9,2.67,67.5,183.8,20.0,0
31.0,0,1,0,0,1,27.1,93.0,0.0,0.0,0.0,0.0,140.9,84.0,110.0,38.0,5.8,103.4,12.28,91.0,186.2,26.2,0
79.0,0,1,0,0,1,20.7,90.6,0.0,0.0,0.0,0.0,143.3,82.4,196.0,39.0,4.8,85.0,5.14,64.7,178.3,20.3,0
34.0,0,1,0,0,1,24.9,91.3,0.0,0.0,0.0,0.0,112.7,71.9,108.0,59.0,5.9,128.1,66.5,52.3,147.0,24.2,0
61.0,0,1,0,0,1,32.0,106.6,0.0,0.0,0.0,0.0,110.7,70.7,182.0,44.0,5.4,90.3,31.66,93.0,171.1,31.8,0
30.0,0,1,0,0,1,22.9,85.2,0.0,0.0,0.0,0.0,147.1,72.6,206.0,47.0,5.6,117.4,12.37,80.8,177.2,25.7,0
21.0,0,1,0,0,1,39.1,119.9,0.0,0.0,0.0,0.0,125.5,80.7,208.0,39.0,6.0,97.5,3.62,101.5,164.8,37.4,0
74.0,0,1,0,0,1,25.0,92.6,0.0,0.0,0.0,0.0,141.7,72.2,125.0,72.0,6.0,53.4,7.46,90.9,188.1,25.7,0
74.0,0,1,0,0,1,30.7,105.0,0.0,0.0,0.0,0.0,136.6,84.4,198.0,45.0,5.5,90.1,5.97,109.6,189.3,30.6,0
34.0,0,1,0,0,1,45.3,118.2,0.0,0.0,0.0,0.0,101.8,69.4,172.0,40.0,4.6,111.3,2.85,99.7,150.6,43.9,0
37.0,0,1,0,0,1,27.5,95.2,0.0,0.0,0.0,0.0,130.8,80.9,187.0,38.0,5.0,93.1,12.21,89.1,182.1,26.9,0
26.0,0,1,0,0,1,25.3,92.5,0.0,0.0,0.0,0.0,109.1,58.0,226.0,48.0,5.5,95.4,0.3,71.5,170.6,24.6,0
74.0,0,1,0,0,1,36.2,116.1,0.0,0.0,0.0,0.0,135.0,82.7,204.0,81.0,5.7,72.7,13.0,84.4,156.7,34.4,0
50.0,0,1,0,0,1,28.2,98.6,0.0,0.0,0.0,0.0,130.9,78.9,229.0,40.0,4.8,85.7,6.11,76.3,169.1,26.7,0
36.0,0,1,0,0,1,38.7,121.2,0.0,0.0,0.0,0.0,131.3,77.5,165.0,43.0,5.1,132.6,6.53,107.5,172.3,36.2,0
39.0,0,1,0,0,1,21.2,76.7,0.0,0.0,0.0,0.0,117.1,67.1,109.0,57.0,5.0,121.4,7.81,75.9,171.9,25.7,0
30.0,0,1,0,0,1,24.3,90.2,0.0,0.0,0.0,0.0,98.9,60.2,194.0,32.0,5.8,76.5,3.43,73.1,179.0,22.8,0
31.0,0,1,0,0,1,22.5,87.9,0.0,0.0,0.0,0.0,129.7,71.8,188.0,53.0,5.4,125.6,41.37,62.9,168.2,22.2,0
61.0,0,1,0,0,1,20.3,78.3,0.0,0.0,0.0,0.0,127.6,70.1,173.0,56.0,6.0,98.9,32.03,63.2,177.7,20.0,0
31.0,0,1,0,0,1,27.8,98.5,0.0,0.0,0.0,0.0,125.7,80.0,184.0,39.0,4.4,89.6,5.63,96.2,187.0,27.5,0
48.0,0,1,0,0,1,23.4,91.7,0.0,0.0,0.0,0.0,96.1,62.5,161.0,45.0,4.8,97.1,6.77,85.1,188.5,24.0,0
76.0,0,1,0,0,1,32.4,99.3,0.0,0.0,0.0,0.0,139.6,87.4,213.0,50.0,5.2,50.5,10.75,95.7,173.1,31.9,0
28.0,0,1,0,0,1,37.8,108.6,0.0,0.0,0.0,0.0,116.2,76.1,163.0,38.0,5.3,88.3,5.62,118.6,175.9,38.3,0
30.0,0,1,0,0,1,29.4,99.1,0.0,0.0,0.0,0.0,97.4,64.8,142.0,47.0,5.0,86.9,5.83,87.8,171.1,30.0,0
56.0,0,1,0,0,1,26.3,92.2,0.0,0.0,0.0,0.0,127.1,76.8,109.0,79.0,5.0,66.2,7.08,78.1,173.0,26.1,0
21.0,0,1,0,0,1,34.5,107.7,0.0,0.0,0.0,0.0,130.8,87.7,190.0,40.0,5.0,136.4,11.5,111.1,183.8,32.9,0
34.0,0,1,0,0,1,36.5,115.8,0.0,0.0,0.0,0.0,105.5,78.8,183.0,50.0,5.3,124.7,7.88,104.9,172.2,35.4,0
31.0,0,1,0,0,1,55.2,154.1,0.0,0.0,0.0,0.0,117.6,73.2,154.0,58.0,5.3,136.4,4.74,148.2,169.7,51.4,0
31.0,0,1,0,0,1,31.8,108.4,0.0,0.0,0.0,0.0,155.9,85.1,170.0,45.0,5.4,67.8,11.7,73.3,152.3,31.6,0
61.0,0,1,0,0,1,38.6,115.6,0.0,0.0,0.0,0.0,140.3,76.9,188.0,38.0,5.1,129.3,7.88,108.9,173.4,36.2,0
20.0,0,1,0,0,1,19.8,80.8,0.0,0.0,0.0,0.0,118.0,77.6,106.0,41.0,5.4,135.3,13.64,66.0,182.8,19.8,0
34.0,0,1,0,0,1,36.8,120.9,0.0,0.0,0.0,0.0,110.4,69.7,186.0,49.0,5.4,109.9,8.67,109.5,176.3,35.2,0
29.0,0,1,0,0,1,28.1,90.6,0.0,0.0,0.0,0.0,124.0,78.7,232.0,40.0,4.9,104.2,3.87,72.9,162.7,27.5,0
31.0,0,1,0,0,1,34.0,118.3,0.0,0.0,0.0,0.0,114.5,71.6,120.0,51.0,4.6,111.4,3.21,123.8,190.6,34.1,0
24.0,0,1,0,0,1,26.0,87.8,0.0,0.0,0.0,0.0,102.8,51.7,147.0,40.0,4.4,98.5,8.36,81.4,180.5,25.0,0
36.0,0,1,0,0,1,40.5,126.5,0.0,0.0,0.0,0.0,109.3,81.8,164.0,39.0,5.1,122.6,5.88,81.3,147.1,37.6,0
32.0,0,1,0,0,1,21.8,79.7,0.0,0.0,0.0,0.0,106.3,79.6,168.0,41.0,5.0,102.9,6.24,64.2,173.7,21.3,0
21.0,0,1,0,0,1,27.5,82.1,0.0,0.0,0.0,0.0,107.7,67.9,162.0,52.0,4.7,124.2,7.13,74.7,166.5,26.9,0
30.0,0,1,0,0,1,39.1,119.9,0.0,0.0,0.0,0.0,97.2,67.5,205.0,49.0,5.5,136.8,8.18,131.5,181.9,39.7,0
28.0,0,1,0,0,1,31.7,104.3,0.0,0.0,0.0,0.0,136.3,88.6,203.0,45.0,5.9,125.7,12.91,90.6,174.1,29.9,0
27.0,0,1,0,0,1,30.4,99.2,0.0,0.0,0.0,0.0,111.5,74.0,160.0,57.0,5.2,141.1,6.75,98.0,171.9,33.2,0
35.0,0,1,0,0,1,37.4,108.2,0.0,0.0,0.0,0.0,105.6,73.7,175.0,35.0,4.8,117.6,8.14,121.5,186.6,34.9,0
34.0,0,1,0,0,1,24.9,89.7,0.0,0.0,0.0,0.0,114.4,68.5,156.0,52.0,5.2,135.9,4.45,81.0,190.5,22.3,0
26.0,0,1,0,0,1,26.2,87.4,0.0,0.0,0.0,0.0,116.1,74.5,186.0,36.0,5.8,115.2,50.69,60.7,168.3,21.4,0
35.0,0,1,0,0,1,37.0,107.8,0.0,0.0,0.0,0.0,119.2,79.9,181.0,43.0,4.9,115.1,4.15,118.5,183.3,35.3,0
51.0,0,1,0,0,1,28.6,113.2,0.0,0.0,0.0,0.0,99.2,63.9,192.0,47.0,5.6,124.9,2.73,98.5,183.7,29.2,0
76.0,0,1,0,0,1,24.3,87.1,0.0,0.0,0.0,0.0,126.6,76.1,185.0,43.0,4.9,96.4,14.17,64.5,164.8,23.8,0
34.0,0,1,0,0,1,42.3,124.2,0.0,0.0,0.0,0.0,122.9,75.1,195.0,42.0,4.8,127.0,6.51,111.9,179.8,34.6,0
44.0,0,1,0,0,1,23.4,80.0,0.0,0.0,0.0,0.0,106.3,71.5,167.0,47.0,5.6,137.1,5.42,59.5,174.3,19.6,0
50.0,0,1,0,0,1,27.7,93.7,0.0,0.0,0.0,0.0,133.3,76.9,115.0,41.0,4.8,93.4,6.59,77.9,169.6,27.1,0
57.0,0,1,0,0,1,21.8,77.8,0.0,0.0,0.0,0.0,103.8,68.1,155.0,31.0,5.3,109.7,4.48,61.0,165.4,22.3,0
24.0,0,1,0,0,1,29.9,86.4,0.0,0.0,0.0,0.0,127.5,67.7,176.0,43.0,5.0,119.5,0.3,93.6,177.4,29.7,0
32.0,0,1,0,0,1,29.7,93.6,0.0,0.0,0.0,0.0,139.4,83.2,214.0,45.0,5.0,107.0,5.19,85.9,169.4,29.9,0
43.0,0,1,0,0,1,28.1,96.6,0.0,0.0,0.0,0.0,123.8,80.7,209.0,42.0,5.3,94.7,7.39,101.2,188.0,28.6,0
20.0,0,1,0,0,1,37.1,107.4,0.0,0.0,0.0,0.0,112.0,85.2,97.0,43.0,5.2,111.7,7.32,113.1,177.4,35.9,0
27.0,0,1,0,0,1,33.4,109.3,0.0,0.0,0.0,0.0,110.1,78.4,171.0,50.0,4.8,124.4,6.5,101.1,172.4,34.0,0
39.0,0,1,0,0,1,30.8,94.0,0.0,0.0,0.0,0.0,122.0,71.3,229.0,43.0,5.0,136.0,2.69,88.0,174.6,28.9,0
39.0,0,1,0,0,1,27.9,88.6,0.0,0.0,0.0,0.0,106.0,68.3,92.0,73.0,4.9,125.6,9.6,74.5,166.7,26.8,0
64.0,0,1,0,0,1,33.4,112.0,0.0,0.0,0.0,0.0,100.1,70.0,169.0,35.0,5.1,116.1,23.71,105.7,181.7,32.0,0
60.0,0,1,0,0,1,24.8,96.7,0.0,0.0,0.0,0.0,127.8,65.7,162.0,42.0,4.5,77.8,7.22,89.1,191.7,24.2,0
32.0,0,1,0,0,1,19.0,76.1,0.0,0.0,0.0,0.0,113.3,75.2,195.0,60.0,4.9,112.7,9.2,59.6,169.7,20.7,0
31.0,0,1,0,0,1,25.9,99.1,0.0,0.0,0.0,0.0,131.4,86.6,178.0,42.0,5.5,90.8,8.41,84.4,185.2,24.6,0
27.0,0,1,0,0,1,45.5,131.1,0.0,0.0,0.0,0.0,104.4,73.0,186.0,39.0,4.8,134.2,24.55,108.7,156.7,44.3,0
19.0,0,1,0,0,1,19.7,71.9,0.0,0.0,0.0,0.0,106.5,95.8,168.0,37.0,5.0,119.6,6.55,51.9,171.3,17.7,0
28.0,0,1,0,0,1,34.1,113.7,0.0,0.0,0.0,0.0,144.5,86.7,167.0,45.0,5.1,125.6,47.18,107.9,176.9,34.5,0
25.0,0,1,0,0,1,40.7,111.0,0.0,0.0,0.0,0.0,110.9,86.1,250.0,44.0,5.3,92.1,4.23,107.9,165.7,39.3,0
34.0,0,1,0,0,1,35.8,99.2,0.0,0.0,0.0,0.0,110.9,69.9,171.0,66.0,5.0,106.3,39.38,101.6,167.8,36.1,0
21.0,0,1,0,0,1,21.0,68.0,0.0,0.0,0.0,0.0,116.3,67.2,129.0,66.0,5.3,102.9,3.01,78.4,187.7,22.3,0
24.0,0,1,0,0,1,40.6,137.3,0.0,0.0,0.0,0.0,149.9,87.4,221.0,41.0,5.7,95.6,5.76,129.2,183.2,38.5,0
25.0,0,1,0,0,1,25.8,91.6,0.0,0.0,0.0,0.0,106.8,68.2,210.0,44.0,5.4,85.2,12.89,73.4,170.2,25.3,0
21.0,0,1,0,0,1,47.2,145.0,0.0,0.0,0.0,0.0,110.8,71.8,197.0,45.0,5.7,84.4,23.45,162.9,191.4,44.5,0
38.0,0,1,0,0,1,36.9,107.7,0.0,0.0,0.0,0.0,122.9,68.6,145.0,70.0,5.0,128.2,52.0,94.6,170.3,32.6,0
34.0,0,1,0,0,1,37.5,118.5,0.0,0.0,0.0,0.0,124.8,75.9,223.0,53.0,4.7,105.2,2.65,125.0,189.0,35.0,0
72.0,0,1,0,0,1,32.8,116.6,0.0,0.0,0.0,0.0,123.7,81.9,209.0,36.0,5.9,59.2,11.69,110.6,188.3,31.2,0
18.0,0,1,0,0,1,19.1,77.3,0.0,0.0,0.0,0.0,120.2,83.0,139.0,56.0,5.1,105.9,23.21,52.8,166.4,19.1,0
22.0,0,1,0,0,1,34.5,105.4,0.0,0.0,0.0,0.0,92.5,62.6,187.0,52.0,4.9,126.8,3.75,112.7,185.1,32.9,0
75.0,0,1,0,0,1,29.3,97.0,0.0,0.0,0.0,0.0,130.3,83.3,161.0,65.0,5.9,76.3,0.3,81.1,171.0,27.7,0
35.0,0,1,0,0,1,28.6,94.7,0.0,0.0,0.0,0.0,87.8,60.0,170.0,40.0,4.9,126.1,9.25,85.8,177.9,27.1,0
43.0,0,1,0,0,1,24.8,84.1,0.0,0.0,0.0,0.0,111.7,75.8,169.0,71.0,5.7,107.2,3.41,79.5,181.0,24.3,0
51.0,0,1,0,0,1,31.4,98.0,0.0,0.0,0.0,0.0,121.5,81.4,174.0,79.0,5.5,108.5,3.99,66.8,165.6,24.4,0
39.0,0,1,0,0,1,31.0,89.6,0.0,0.0,0.0,0.0,108.8,70.5,209.0,43.0,6.0,94.0,14.59,85.0,164.6,31.4,0
19.0,0,1,0,0,1,36.9,114.9,0.0,0.0,0.0,0.0,114.9,71.5,144.0,30.0,5.3,98.8,11.87,90.9,160.1,35.5,0
35.0,0,1,0,0,1,30.2,113.0,0.0,0.0,0.0,0.0,137.1,80.8,198.0,34.0,5.5,94.3,0.81,97.2,181.8,29.4,0
20.0,0,1,0,0,1,25.0,83.7,0.0,0.0,0.0,0.0,138.8,90.3,180.0,48.0,5.4,94.4,5.77,81.7,180.7,25.0,0
35.0,0,1,0,0,1,28.4,99.7,0.0,0.0,0.0,0.0,109.4,73.5,176.0,41.0,4.7,135.3,7.77,94.3,186.0,27.3,0
35.0,0,1,0,0,1,38.8,108.7,0.0,0.0,0.0,0.0,132.0,78.0,187.0,42.0,6.0,94.4,42.75,101.6,173.4,33.8,0
35.0,0,1,0,0,1,27.5,77.3,0.0,0.0,0.0,0.0,114.9,73.6,161.0,38.0,5.2,122.3,8.57,79.4,170.4,27.3,0
36.0,0,1,0,0,1,26.3,100.5,0.0,0.0,0.0,0.0,108.9,74.7,150.0,42.0,5.1,128.6,7.89,88.3,180.0,27.3,0
57.0,0,1,0,0,1,29.1,94.8,0.0,0.0,0.0,0.0,119.9,87.6,208.0,44.0,5.2,130.3,11.71,89.9,180.9,27.5,0
63.0,0,1,0,0,1,28.6,99.8,0.0,0.0,0.0,0.0,148.7,84.1,169.0,32.0,5.7,93.5,30.98,97.9,189.2,27.4,0
31.0,0,1,0,0,1,27.5,92.5,0.0,0.0,0.0,0.0,113.6,74.1,162.0,32.0,4.8,101.2,8.22,80.2,171.5,27.3,0
32.0,0,1,0,0,1,20.6,74.6,0.0,0.0,0.0,0.0,112.2,79.7,170.0,43.0,4.9,131.5,11.06,62.6,175.2,20.4,0
45.0,0,1,0,0,1,37.6,120.9,0.0,0.0,0.0,0.0,158.5,103.6,129.0,45.0,5.8,105.0,13.24,128.5,189.4,35.8,0
28.0,0,1,0,0,1,22.8,61.6,0.0,0.0,0.0,0.0,103.6,71.5,177.0,42.0,5.0,129.6,2.1,59.2,155.1,24.6,0
26.0,0,1,0,0,1,27.9,83.8,0.0,0.0,0.0,0.0,112.7,71.1,166.0,53.0,5.8,114.6,12.22,63.7,150.8,28.0,0
70.0,0,1,0,0,1,27.4,89.2,0.0,0.0,0.0,0.0,118.4,73.9,147.0,34.0,4.8,69.3,13.99,69.3,162.9,26.1,0
50.0,0,1,0,0,1,29.1,94.0,0.0,0.0,0.0,0.0,120.4,73.4,118.0,41.0,5.3,79.7,2.44,87.0,174.4,28.6,0
71.0,0,1,0,0,1,23.2,93.6,0.0,0.0,0.0,0.0,121.7,71.1,146.0,55.0,5.1,100.3,3.18,55.3,157.9,22.2,0
21.0,0,1,0,0,1,37.8,110.9,0.0,0.0,0.0,0.0,110.6,73.7,205.0,43.0,5.0,85.0,13.14,121.0,179.7,37.5,0
20.0,0,1,0,0,1,32.9,100.4,0.0,0.0,0.0,0.0,103.3,72.4,149.0,53.0,5.1,129.3,8.74,90.6,171.6,30.8,0
38.0,0,1,0,0,1,38.1,121.9,0.0,0.0,0.0,0.0,121.7,67.9,214.0,50.0,4.9,117.2,6.36,105.8,167.4,37.7,0
39.0,0,1,0,0,1,27.2,90.5,0.0,0.0,0.0,0.0,115.1,75.2,203.0,47.0,5.2,129.9,7.67,72.7,175.4,23.6,0
38.0,0,1,0,0,1,24.0,80.7,0.0,0.0,0.0,0.0,113.1,77.8,176.0,37.0,5.1,129.0,6.93,62.6,158.8,24.8,0
33.0,0,1,0,0,1,26.7,83.7,0.0,0.0,0.0,0.0,136.2,89.0,175.0,50.0,6.0,102.0,5.08,69.2,162.2,26.3,0
32.0,0,1,0,0,1,25.0,85.3,0.0,0.0,0.0,0.0,107.3,74.5,153.0,40.0,5.2,119.5,9.63,73.0,167.6,26.0,0
71.0,0,1,0,0,1,23.9,91.5,0.0,0.0,0.0,0.0,133.6,64.9,222.0,55.0,4.8,75.9,42.95,78.0,183.0,23.3,0
30.0,0,1,0,0,1,23.5,89.0,0.0,0.0,0.0,0.0,114.8,84.3,165.0,47.0,5.2,82.9,18.07,69.6,171.2,23.7,0
31.0,0,1,0,0,1,26.9,96.4,0.0,0.0,0.0,0.0,126.3,82.6,178.0,43.0,5.4,114.7,10.16,72.1,167.4,25.7,0
38.0,0,1,0,0,1,32.1,108.2,0.0,0.0,0.0,0.0,140.4,82.7,112.0,38.0,5.1,73.2,4.01,92.2,172.3,31.0,0
18.0,0,1,0,0,1,36.4,117.6,0.0,0.0,0.0,0.0,104.5,68.4,217.0,40.0,5.0,124.1,25.47,129.6,191.4,35.4,0
36.0,0,1,0,0,1,25.2,86.3,0.0,0.0,0.0,0.0,114.2,72.3,176.0,35.0,5.1,133.4,16.11,88.0,183.6,26.1,0
54.0,0,1,0,0,1,26.1,101.6,0.0,0.0,0.0,0.0,122.3,89.1,249.0,38.0,5.3,68.3,5.72,83.7,182.4,25.2,0
34.0,0,1,0,0,1,30.5,104.4,0.0,0.0,0.0,0.0,119.9,75.9,231.0,59.0,5.1,117.0,10.94,97.8,183.9,28.9,0
22.0,0,1,0,0,1,26.4,88.9,0.0,0.0,0.0,0.0,107.8,70.3,172.0,49.0,4.6,121.3,10.36,82.2,175.7,26.6,0
36.0,0,1,0,0,1,37.3,129.4,0.0,0.0,0.0,0.0,126.5,72.6,109.0,29.0,5.1,101.2,8.78,121.9,184.9,35.6,0
71.0,0,1,0,0,1,27.7,98.8,0.0,0.0,0.0,0.0,159.4,92.4,139.0,46.0,5.9,104.0,10.98,76.2,167.0,27.3,0
65.0,0,1,0,0,1,26.1,87.4,0.0,0.0,0.0,0.0,126.4,76.6,164.0,32.0,5.0,133.1,9.1,72.9,172.3,24.6,0
20.0,0,1,0,0,1,36.3,102.0,0.0,0.0,0.0,0.0,111.6,73.7,144.0,45.0,5.6,132.8,5.77,89.3,153.1,38.1,0
21.0,0,1,0,0,1,35.6,110.3,0.0,0.0,0.0,0.0,115.9,74.6,135.0,68.0,4.8,114.5,8.32,96.6,170.4,33.3,0
27.0,0,1,0,0,1,25.1,92.1,0.0,0.0,0.0,0.0,111.4,75.2,159.0,68.0,5.1,100.0,11.44,57.6,151.2,25.2,0
21.0,0,1,0,0,1,27.5,94.4,0.0,0.0,0.0,0.0,131.5,84.8,213.0,42.0,5.0,124.1,13.68,79.1,169.4,27.6,0
72.0,0,1,0,0,1,25.5,95.1,0.0,0.0,0.0,0.0,133.6,83.7,241.0,69.0,5.2,92.9,6.52,84.5,185.9,24.5,0
52.0,0,1,0,0,1,29.0,92.4,0.0,0.0,0.0,0.0,138.4,85.7,219.0,85.0,5.8,92.4,12.4,72.3,162.3,27.5,0
47.0,0,1,0,0,1,26.2,93.2,0.0,0.0,0.0,0.0,110.9,71.0,179.0,53.0,5.0,112.4,10.88,63.7,169.6,22.1,0
20.0,0,1,0,0,1,23.3,85.0,0.0,0.0,0.0,0.0,108.1,67.1,230.0,52.0,4.7,98.4,6.66,80.2,187.1,22.9,0
62.0,0,1,0,0,1,32.6,120.9,0.0,0.0,0.0,0.0,137.5,82.9,186.0,43.0,5.5,98.9,4.14,104.8,184.2,30.9,0
30.0,0,1,0,0,1,20.7,68.3,0.0,0.0,0.0,0.0,102.8,72.3,174.0,41.0,4.9,129.3,3.88,50.3,158.3,20.1,0
31.0,0,1,0,0,1,31.7,107.2,0.0,0.0,0.0,0.0,131.0,76.9,218.0,92.0,6.0,84.4,6.6,98.5,179.1,30.7,0
28.0,0,1,0,0,1,40.9,121.4,0.0,0.0,0.0,0.0,119.5,76.9,162.0,42.0,5.3,133.4,6.7,103.4,159.7,40.5,0
22.0,0,1,0,0,1,32.5,104.6,0.0,0.0,0.0,0.0,112.7,77.0,117.0,39.0,4.4,96.8,6.05,101.1,176.2,32.6,0
19.0,0,1,0,0,1,40.1,113.6,0.0,0.0,0.0,0.0,135.5,84.8,203.0,41.0,5.2,134.6,10.78,90.1,153.4,38.3,0
35.0,0,1,0,0,1,29.8,109.9,0.0,0.0,0.0,0.0,151.2,78.5,183.0,50.0,5.8,93.8,7.21,93.5,182.5,28.1,0
22.0,0,1,0,0,1,31.2,96.1,0.0,0.0,0.0,0.0,123.8,79.1,130.0,39.0,4.9,113.7,2.72,64.9,147.2,29.9,0
30.0,0,1,0,0,1,38.7,110.2,0.0,0.0,0.0,0.0,115.0,66.2,200.0,47.0,5.1,97.1,3.04,76.0,151.0,33.4,0
55.0,0,1,0,0,1,36.9,123.2,0.0,0.0,0.0,0.0,129.4,72.7,185.0,32.0,4.8,86.4,3.31,124.2,187.2,35.5,0
62.0,0,1,0,0,1,24.6,97.9,0.0,0.0,0.0,0.0,111.0,75.2,236.0,62.0,5.4,98.9,10.98,80.1,179.8,24.8,0
21.0,0,1,0,0,1,33.1,102.3,0.0,0.0,0.0,0.0,108.5,65.8,230.0,44.0,5.8,121.0,8.57,94.8,173.2,31.6,0
31.0,0,1,0,0,1,21.2,83.3,0.0,0.0,0.0,0.0,121.1,75.0,212.0,75.0,5.1,83.8,11.02,59.3,168.1,21.0,0
32.0,0,1,0,0,1,21.5,79.2,0.0,0.0,0.0,0.0,105.9,77.0,174.0,35.0,4.6,86.0,23.66,71.9,187.2,20.5,0
26.0,0,1,0,0,1,34.4,99.9,0.0,0.0,0.0,0.0,116.4,77.4,197.0,37.0,5.4,115.6,13.2,93.0,159.2,36.7,0
33.0,0,1,0,0,1,22.8,77.0,0.0,0.0,0.0,0.0,111.2,71.0,177.0,43.0,5.6,74.5,2.85,73.9,179.4,23.0,0
18.0,0,1,0,0,1,29.8,97.0,0.0,0.0,0.0,0.0,111.2,74.5,211.0,46.0,4.9,130.7,30.52,90.4,173.5,30.0,0
74.0,0,1,0,0,1,28.9,114.1,0.0,0.0,0.0,0.0,126.3,76.3,143.0,41.0,5.5,96.2,39.28,95.9,186.8,27.5,0
33.0,0,1,0,0,1,27.8,84.5,0.0,0.0,0.0,0.0,109.5,71.1,196.0,37.0,4.9,128.9,6.48,87.8,174.0,29.0,0
22.0,0,1,0,0,1,53.2,149.2,0.0,0.0,0.0,0.0,113.1,61.4,139.0,45.0,5.8,135.1,6.98,153.9,172.6,51.7,0
56.0,0,1,0,0,1,36.4,117.7,0.0,0.0,0.0,0.0,130.3,71.1,220.0,43.0,5.7,133.7,31.44,79.7,160.1,31.1,0
28.0,0,1,0,0,1,45.6,127.5,0.0,0.0,0.0,0.0,106.5,73.3,214.0,34.0,4.9,132.9,9.9,122.5,169.0,42.9,0
34.0,0,1,0,0,1,28.1,88.7,0.0,0.0,0.0,0.0,110.7,73.3,215.0,47.0,4.9,87.3,7.17,79.8,171.1,27.3,0
22.0,0,1,0,0,1,30.0,106.0,0.0,0.0,0.0,0.0,140.7,71.1,180.0,34.0,4.8,102.3,28.67,95.6,183.2,28.5,0
30.0,0,1,0,0,1,34.9,102.9,0.0,0.0,0.0,0.0,106.7,75.5,173.0,49.0,5.5,133.1,5.8,99.0,167.4,35.3,0
52.0,0,1,0,0,1,29.9,101.6,0.0,0.0,0.0,0.0,103.8,81.9,165.0,44.0,5.1,113.1,2.91,70.4,168.1,24.9,0
67.0,0,1,0,0,1,21.1,92.7,0.0,0.0,0.0,0.0,113.3,78.2,232.0,50.0,5.4,66.7,8.05,65.4,176.3,21.0,0
21.0,0,1,0,0,1,33.0,99.2,0.0,0.0,0.0,0.0,120.7,76.3,114.0,44.0,4.6,134.1,0.3,89.2,170.4,30.7,0
21.0,0,1,0,0,1,28.1,86.0,0.0,0.0,0.0,0.0,96.5,51.9,200.0,57.0,4.9,121.9,12.14,66.0,156.6,26.9,0
23.0,0,1,0,0,1,31.2,113.4,0.0,0.0,0.0,0.0,117.6,75.2,100.0,38.0,5.2,128.7,19.84,93.0,174.3,30.6,0
51.0,0,1,0,0,1,34.7,107.3,0.0,0.0,0.0,0.0,108.7,71.8,135.0,40.0,5.5,128.9,0.33,98.9,175.3,32.2,0
38.0,0,1,0,0,1,38.9,119.9,0.0,0.0,0.0,0.0,96.9,67.2,160.0,42.0,4.7,127.4,10.05,94.6,158.2,37.8,0
22.0,0,1,0,0,1,41.5,120.8,0.0,0.0,0.0,0.0,132.2,80.4,169.0,39.0,5.1,83.8,9.07,140.4,185.2,40.9,0
65.0,0,1,0,0,1,27.2,95.2,0.0,0.0,0.0,0.0,139.9,78.6,149.0,39.0,5.3,57.5,0.3,82.9,173.8,27.5,0
29.0,0,1,0,0,1,26.7,85.8,0.0,0.0,0.0,0.0,112.3,71.1,141.0,84.0,5.6,83.8,4.57,87.1,177.8,27.5,0
22.0,0,1,0,0,1,22.6,74.9,0.0,0.0,0.0,0.0,109.8,72.7,122.0,59.0,4.3,132.0,2.42,56.1,162.0,21.4,0
46.0,0,1,0,0,1,28.4,70.1,0.0,0.0,0.0,0.0,135.0,74.2,236.0,94.0,5.3,94.0,6.58,75.7,165.1,27.8,0
71.0,0,1,0,0,1,24.7,86.4,0.0,0.0,0.0,0.0,103.8,65.3,131.0,40.0,4.6,74.3,36.36,85.4,189.7,23.7,0
30.0,0,1,0,0,1,29.7,94.1,0.0,0.0,0.0,0.0,104.2,63.6,183.0,41.0,5.2,83.7,5.97,68.3,165.5,24.9,0
30.0,0,1,0,0,1,41.8,125.8,0.0,0.0,0.0,0.0,109.9,71.3,166.0,47.0,5.9,136.9,9.18,139.2,185.8,40.3,0
28.0,0,1,0,0,1,29.2,90.2,0.0,0.0,0.0,0.0,104.8,72.7,165.0,39.0,4.8,135.5,3.66,74.6,168.4,26.3,0
52.0,0,1,0,0,1,37.3,112.0,0.0,0.0,0.0,0.0,122.2,76.5,234.0,44.0,5.1,101.5,20.52,97.0,162.5,36.7,0
18.0,0,1,0,0,1,59.7,154.7,0.0,0.0,0.0,0.0,108.7,77.5,180.0,45.0,4.5,129.0,10.89,175.7,170.1,60.7,0
36.0,0,1,0,0,1,39.8,124.1,0.0,0.0,0.0,0.0,136.1,99.3,173.0,39.0,5.2,114.0,30.47,107.3,168.0,38.0,0
23.0,0,1,0,0,1,37.5,122.4,0.0,0.0,0.0,0.0,114.6,74.3,199.0,47.0,4.9,131.3,11.29,114.5,178.6,35.9,0
30.0,0,1,0,0,1,39.0,120.7,0.0,0.0,0.0,0.0,129.1,83.2,117.0,36.0,5.2,130.0,9.28,108.0,170.9,37.0,0
22.0,0,1,0,0,1,39.2,111.2,0.0,0.0,0.0,0.0,101.4,72.1,161.0,42.0,5.9,122.6,6.19,90.1,156.3,36.9,0
28.0,0,1,0,0,1,25.6,92.5,0.0,0.0,0.0,0.0,115.5,74.6,200.0,40.0,4.7,105.5,6.66,79.0,176.7,25.3,0
22.0,0,1,0,0,1,35.4,112.1,0.0,0.0,0.0,0.0,105.8,65.8,125.0,38.0,4.5,106.9,3.32,119.8,185.6,34.8,0
56.0,0,1,0,0,1,35.7,113.8,0.0,0.0,0.0,0.0,132.5,86.4,187.0,47.0,5.7,107.7,1.9,109.8,181.3,33.4,0
29.0,0,1,0,0,1,44.0,123.7,0.0,0.0,0.0,0.0,103.2,70.4,134.0,38.0,5.6,129.6,6.52,124.1,179.2,38.6,0
30.0,0,1,0,0,1,20.7,71.3,0.0,0.0,0.0,0.0,108.7,75.3,174.0,46.0,4.7,102.8,3.16,58.6,166.7,21.1,0
35.0,0,1,0,0,1,24.9,90.5,0.0,0.0,0.0,0.0,111.8,69.1,211.0,47.0,5.8,96.4,2.4,79.3,170.1,27.4,0
19.0,0,1,0,0,1,29.0,85.7,0.0,0.0,0.0,0.0,107.1,56.2,189.0,50.0,4.7,133.2,1.85,84.2,174.8,27.6,0
22.0,0,1,0,0,1,55.9,161.3,0.0,0.0,0.0,0.0,117.5,73.6,168.0,49.0,5.4,54.3,35.53,160.1,174.5,52.6,0
74.0,0,1,0,0,1,28.4,96.2,0.0,0.0,0.0,0.0,119.8,75.3,208.0,76.0,5.1,108.2,4.35,82.0,171.3,27.9,0
29.0,0,1,0,0,1,41.9,132.7,0.0,0.0,0.0,0.0,112.3,72.7,155.0,42.0,5.7,125.2,8.94,127.5,182.8,38.1,0
22.0,0,1,0,0,1,33.7,103.7,0.0,0.0,0.0,0.0,126.8,83.4,129.0,48.0,5.3,128.2,8.36,92.0,168.6,32.4,0
36.0,0,1,0,0,1,26.6,82.7,0.0,0.0,0.0,0.0,137.0,80.3,192.0,48.0,5.0,79.4,2.96,52.2,145.3,24.7,0
67.0,0,1,0,0,1,28.6,99.3,0.0,0.0,0.0,0.0,100.2,69.0,216.0,29.0,4.9,97.2,49.95,103.4,191.9,28.1,0
19.0,0,1,0,0,1,19.5,74.3,0.0,0.0,0.0,0.0,100.7,65.9,110.0,50.0,4.8,129.9,0.3,72.4,183.3,21.5,0
22.0,0,1,0,0,1,25.3,82.5,0.0,0.0,0.0,0.0,123.3,80.7,188.0,95.0,5.9,71.5,8.74,60.4,156.3,24.7,0
19.0,0,1,0,0,1,24.4,86.5,0.0,0.0,0.0,0.0,128.1,80.1,176.0,76.0,5.7,85.5,2.95,78.4,180.0,24.2,0
64.0,0,1,0,0,1,23.1,92.4,0.0,0.0,0.0,0.0,138.2,80.0,196.0,55.0,5.5,71.0,8.59,77.8,184.7,22.8,0
44.0,0,1,0,0,1,24.8,89.5,0.0,0.0,0.0,0.0,107.4,69.4,142.0,43.0,4.6,127.5,7.0,80.7,178.0,25.5,0
62.0,0,1,0,0,1,39.1,122.2,0.0,0.0,0.0,0.0,124.2,70.1,204.0,41.0,5.9,79.1,8.14,85.1,152.2,36.7,0
27.0,0,1,0,0,1,32.8,107.3,0.0,0.0,0.0,0.0,99.1,67.8,138.0,49.0,4.9,129.3,9.47,96.0,171.6,32.6,0
18.0,0,1,0,0,1,36.3,110.8,0.0,0.0,0.0,0.0,114.8,77.5,178.0,39.0,4.7,134.6,9.66,97.9,164.8,36.0,0
21.0,0,1,0,0,1,26.0,84.3,0.0,0.0,0.0,0.0,105.5,63.3,174.0,66.0,5.4,137.1,41.29,82.0,173.3,27.3,0
32.0,0,1,0,0,1,52.7,144.9,0.0,0.0,0.0,0.0,124.8,80.0,186.0,46.0,6.0,116.7,5.36,135.5,164.9,49.8,0
21.0,0,1,0,0,1,28.6,78.8,0.0,0.0,0.0,0.0,115.0,72.6,151.0,37.0,5.1,116.0,1.41,95.9,182.6,28.8,0
29.0,0,1,0,0,1,40.1,118.5,0.0,0.0,0.0,0.0,142.4,85.5,176.0,37.0,4.6,122.3,5.16,103.5,167.5,36.9,0
50.0,0,1,0,0,1,28.2,97.0,0.0,0.0,0.0,0.0,132.7,78.9,176.0,30.0,8.5,118.6,3.48,65.7,168.7,23.1,0
36.0,0,1,0,0,1,23.8,83.5,0.0,0.0,0.0,0.0,121.7,77.1,144.0,55.0,5.7,104.3,10.47,44.1,145.0,21.0,0
28.0,0,1,0,0,1,28.3,88.9,0.0,0.0,0.0,0.0,93.6,56.7,169.0,56.0,4.8,136.7,43.04,80.5,167.5,28.7,0
21.0,0,1,0,0,1,24.9,81.8,0.0,0.0,0.0,0.0,101.5,73.9,137.0,48.0,5.2,104.3,2.8,82.3,185.3,24.0,0
71.0,0,1,0,0,1,33.3,112.0,0.0,0.0,0.0,0.0,134.3,67.1,235.0,58.0,5.6,121.8,9.06,91.2,167.3,32.6,0
21.0,0,1,0,0,1,31.0,106.7,0.0,0.0,0.0,0.0,103.9,67.9,136.0,38.0,5.7,113.0,1.64,108.3,185.7,31.4,0
39.0,0,1,0,0,1,24.0,80.1,0.0,0.0,0.0,0.0,120.0,69.9,203.0,55.0,4.9,105.4,9.18,55.5,152.9,23.7,0
34.0,0,1,0,0,1,31.2,99.6,0.0,0.0,0.0,0.0,95.3,67.1,151.0,37.0,4.8,130.6,3.83,93.6,176.9,29.9,0
31.0,0,1,0,0,1,24.1,78.7,0.0,0.0,0.0,0.0,108.1,65.5,174.0,42.0,5.2,98.9,6.91,67.8,173.3,22.6,0
28.0,0,1,0,0,1,30.1,103.7,0.0,0.0,0.0,0.0,132.5,83.5,213.0,54.0,5.5,86.6,5.41,100.3,182.2,30.2,0
20.0,0,1,0,0,1,28.0,89.9,0.0,0.0,0.0,0.0,110.1,68.0,137.0,52.0,5.3,130.5,3.04,84.6,168.7,29.7,0
28.0,0,1,0,0,1,37.8,104.0,0.0,0.0,0.0,0.0,112.6,70.9,217.0,33.0,5.5,129.4,8.55,123.1,183.4,36.6,0
44.0,0,1,0,0,1,24.7,80.4,0.0,0.0,0.0,0.0,129.0,87.5,165.0,44.0,5.1,123.8,2.97,75.2,171.9,25.5,0
33.0,0,1,0,0,1,22.2,84.0,0.0,0.0,0.0,0.0,116.0,73.8,135.0,60.0,4.6,97.3,1.93,65.3,170.5,22.5,0
34.0,0,1,0,0,1,36.5,107.7,0.0,0.0,0.0,0.0,125.3,83.3,174.0,42.0,5.1,101.8,0.91,105.7,173.0,35.3,0
39.0,0,1,0,0,1,33.1,112.9,0.0,0.0,0.0,0.0,124.3,76.0,133.0,38.0,6.0,109.3,6.04,108.9,185.2,31.7,0
27.0,0,1,0,0,1,45.2,121.0,0.0,0.0,0.0,0.0,124.3,81.4,164.0,55.0,5.8,86.5,12.76,115.3,162.3,43.8,0
30.0,0,1,0,0,1,43.0,138.3,0.0,0.0,0.0,0.0,121.4,75.1,165.0,47.0,5.3,105.9,6.71,140.0,183.5,41.6,0
48.0,0,1,0,0,1,35.5,113.1,0.0,0.0,0.0,0.0,111.6,67.6,221.0,68.0,6.7,82.6,8.37,117.0,186.2,33.7,0
33.0,0,1,0,0,1,41.9,115.1,0.0,0.0,0.0,0.0,114.7,68.3,165.0,41.0,5.0,133.0,10.73,120.2,168.0,42.6,0
21.0,0,1,0,0,1,24.0,88.5,0.0,0.0,0.0,0.0,95.8,63.3,181.0,42.0,4.7,138.3,0.3,68.5,182.7,20.5,0
69.0,0,1,0,0,1,31.2,105.5,0.0,0.0,0.0,0.0,131.2,87.7,147.0,70.0,5.7,93.5,4.99,100.2,184.7,29.4,0
70.0,0,1,0,0,1,28.7,108.8,0.0,0.0,0.0,0.0,121.1,60.7,164.0,40.0,4.9,84.9,3.96,87.5,173.8,29.0,0
35.0,0,1,0,0,1,29.3,91.2,0.0,0.0,0.0,0.0,126.8,75.1,116.0,53.0,5.0,122.9,23.7,86.2,172.6,28.9,0
32.0,0,1,0,0,1,51.4,138.7,0.0,0.0,0.0,0.0,103.4,73.0,166.0,44.0,5.2,116.7,3.93,150.8,168.0,53.4,0
35.0,0,1,0,0,1,23.7,82.3,0.0,0.0,0.0,0.0,119.7,74.5,190.0,43.0,5.4,77.4,45.47,53.2,150.2,23.6,0
29.0,0,1,0,0,1,25.5,103.6,0.0,0.0,0.0,0.0,133.7,77.5,233.0,41.0,4.9,80.8,8.58,87.1,188.8,24.4,0
35.0,0,1,0,0,1,22.0,76.8,0.0,0.0,0.0,0.0,127.8,77.6,197.0,62.0,6.0,76.9,4.87,72.4,182.3,21.8,0
49.0,0,1,0,0,1,29.6,101.8,0.0,0.0,0.0,0.0,127.4,80.0,231.0,53.0,5.6,88.2,0.3,107.5,180.2,33.1,0
33.0,0,1,0,0,1,29.5,99.2,0.0,0.0,0.0,0.0,129.1,77.9,190.0,49.0,5.3,83.1,10.4,90.4,180.0,27.9,0
50.0,0,1,0,0,1,34.6,107.7,0.0,0.0,0.0,0.0,109.7,78.7,141.0,40.0,5.2,99.9,11.2,91.6,168.3,32.3,0
34.0,0,1,0,0,1,57.1,152.0,0.0,0.0,0.0,0.0,126.4,82.8,179.0,46.0,5.1,98.4,1.21,154.9,168.5,54.6,0
23.0,0,1,0,0,1,25.6,75.7,0.0,0.0,0.0,0.0,104.7,71.7,133.0,50.0,6.1,125.8,20.81,64.8,162.5,24.5,0
22.0,0,1,0,0,1,34.3,107.0,0.0,0.0,0.0,0.0,112.4,82.8,201.0,42.0,5.1,105.6,9.37,108.9,183.1,32.5,0
55.0,0,1,0,0,1,22.4,73.3,0.0,0.0,0.0,0.0,117.9,72.1,172.0,46.0,4.8,126.9,15.1,54.9,153.9,23.2,0
36.0,0,1,0,0,1,26.3,93.8,0.0,0.0,0.0,0.0,120.1,78.2,185.0,43.0,5.2,112.5,7.14,53.3,145.9,25.1,0
72.0,0,1,0,0,1,33.1,116.0,0.0,0.0,0.0,0.0,124.4,63.5,143.0,52.0,4.9,86.3,34.75,100.6,177.8,31.8,0
33.0,0,1,0,0,1,23.0,80.1,0.0,0.0,0.0,0.0,109.9,70.4,168.0,70.0,4.9,129.5,4.91,75.1,181.1,22.9,0
59.0,0,1,0,0,1,31.1,106.0,0.0,0.0,0.0,0.0,150.9,84.2,138.0,36.0,5.6,96.1,6.28,95.2,177.4,30.3,0
32.0,0,1,0,0,1,26.5,89.0,0.0,0.0,0.0,0.0,125.1,65.7,145.0,46.0,5.9,96.5,10.83,74.5,170.2,25.7,0
50.0,0,1,0,0,1,25.4,82.9,0.0,0.0,0.0,0.0,109.0,64.5,155.0,33.0,5.7,112.9,7.79,70.8,167.9,25.1,0
35.0,0,1,0,0,1,37.6,114.9,0.0,0.0,0.0,0.0,114.7,74.5,216.0,42.0,5.4,123.6,8.39,125.8,186.9,36.0,0
29.0,0,1,0,0,1,36.9,110.6,0.0,0.0,0.0,0.0,120.6,68.9,170.0,80.0,5.6,105.7,50.43,71.0,152.4,30.6,0
58.0,0,1,0,0,1,27.5,96.9,0.0,0.0,0.0,0.0,108.3,73.8,200.0,47.0,5.2,68.2,15.99,89.1,182.6,26.7,0
56.0,0,1,0,0,1,25.7,89.4,0.0,0.0,0.0,0.0,113.6,72.9,212.0,44.0,5.0,76.4,4.9,89.7,188.7,25.2,0
56.0,0,1,0,0,1,39.8,127.3,0.0,0.0,0.0,0.0,119.4,79.1,183.0,46.0,5.5,85.5,11.08,132.0,187.5,37.6,0
38.0,0,1,0,0,1,23.4,83.8,0.0,0.0,0.0,0.0,133.0,81.5,162.0,42.0,4.7,92.7,1.85,80.7,182.4,24.2,0
32.0,0,1,0,0,1,26.7,97.0,0.0,0.0,0.0,0.0,131.2,78.3,197.0,44.0,4.9,82.1,17.65,79.9,180.4,24.5,0
19.0,0,1,0,0,1,49.7,154.4,0.0,0.0,0.0,0.0,113.9,63.3,190.0,35.0,5.1,126.4,0.3,134.0,169.9,46.4,0
27.0,0,1,0,0,1,39.5,115.1,0.0,0.0,0.0,0.0,105.2,73.1,151.0,39.0,4.9,137.7,4.48,99.9,167.2,35.7,0
23.0,0,1,0,0,1,32.6,110.1,0.0,0.0,0.0,0.0,148.3,85.3,105.0,32.0,4.9,89.0,2.38,118.1,188.6,33.2,0
59.0,0,1,0,0,1,30.6,81.3,0.0,0.0,0.0,0.0,121.0,80.4,220.0,51.0,5.3,95.5,7.65,73.5,158.0,29.5,0
60.0,0,1,0,0,1,43.1,126.8,0.0,0.0,0.0,0.0,125.8,75.3,190.0,50.0,4.9,107.8,7.75,109.2,165.2,40.0,0
55.0,0,1,0,0,1,33.4,115.1,0.0,0.0,0.0,0.0,103.6,75.1,192.0,47.0,5.4,61.0,12.73,113.7,189.6,31.6,0
46.0,0,1,0,0,1,27.1,94.6,0.0,0.0,0.0,0.0,125.4,69.1,210.0,41.0,4.8,70.7,8.62,90.2,182.7,27.0,0
20.0,0,1,0,0,1,45.5,130.1,0.0,0.0,0.0,0.0,120.4,74.8,163.0,42.0,5.7,97.4,15.55,150.8,187.6,42.8,0
21.0,0,1,0,0,1,28.2,101.4,0.0,0.0,0.0,0.0,109.8,70.2,255.0,44.0,5.1,125.4,4.42,91.2,176.8,29.2,0
48.0,0,1,0,0,1,37.1,109.6,0.0,0.0,0.0,0.0,102.4,75.9,159.0,47.0,5.7,76.3,7.44,103.8,168.3,36.6,0
21.0,0,1,0,0,1,27.8,99.0,0.0,0.0,0.0,0.0,130.1,81.9,170.0,38.0,5.3,131.1,3.83,88.7,179.7,27.5,0
41.0,0,1,0,0,1,35.4,113.5,0.0,0.0,0.0,0.0,126.9,77.3,163.0,40.0,5.0,112.8,7.94,114.9,184.9,33.6,0
56.0,0,1,0,0,1,23.9,93.0,0.0,0.0,0.0,0.0,113.0,80.2,172.0,44.0,5.5,113.1,9.77,85.8,172.8,28.7,0
36.0,0,1,0,0,1,36.1,105.5,0.0,0.0,0.0,0.0,174.3,78.2,123.0,47.0,5.1,129.9,7.24,119.8,187.9,33.9,0
52.0,0,1,0,0,1,33.1,104.7,0.0,0.0,0.0,0.0,114.9,73.7,228.0,49.0,5.7,103.6,4.68,88.6,164.8,32.6,0
38.0,0,1,0,0,1,40.3,115.6,0.0,0.0,0.0,0.0,128.1,79.7,207.0,36.0,5.0,135.8,4.51,121.2,173.7,40.2,0
31.0,0,1,0,0,1,21.1,68.1,0.0,0.0,0.0,0.0,115.0,75.2,189.0,38.0,5.2,105.4,8.35,60.1,169.7,20.9,0
70.0,0,1,0,0,1,21.4,85.0,0.0,0.0,0.0,0.0,122.5,78.1,157.0,64.0,5.4,87.9,8.63,68.4,178.1,21.6,0
37.0,0,1,0,0,1,26.0,86.9,0.0,0.0,0.0,0.0,131.6,78.8,171.0,54.0,4.9,125.6,5.69,82.8,175.8,26.8,0
32.0,0,1,0,0,1,51.2,151.5,0.0,0.0,0.0,0.0,128.7,80.8,138.0,36.0,5.3,99.7,9.87,153.7,177.7,48.7,0
31.0,0,1,0,0,1,35.1,116.1,0.0,0.0,0.0,0.0,115.3,73.4,203.0,45.0,5.2,81.2,1.34,116.7,183.2,34.8,0
19.0,0,1,0,0,1,42.5,120.7,0.0,0.0,0.0,0.0,114.3,74.8,169.0,29.0,4.8,129.6,6.01,129.5,184.4,38.1,0
19.0,0,1,0,0,1,29.4,92.2,0.0,0.0,0.0,0.0,112.5,72.0,160.0,40.0,4.8,86.9,3.17,95.3,182.2,28.7,0
29.0,0,1,0,0,1,62.0,170.9,0.0,0.0,0.0,0.0,115.3,78.5,174.0,53.0,5.2,90.7,6.43,177.3,174.9,58.0,0
34.0,0,1,0,0,1,29.6,104.7,0.0,0.0,0.0,0.0,115.9,78.8,183.0,44.0,5.4,116.5,5.64,103.3,188.2,29.2,0
34.0,0,1,0,0,1,34.6,106.7,0.0,0.0,0.0,0.0,132.9,76.6,142.0,38.0,5.1,113.6,6.07,106.6,179.5,33.1,0
32.0,0,1,0,0,1,25.3,95.3,0.0,0.0,0.0,0.0,99.3,70.7,123.0,33.0,5.8,118.4,6.07,86.5,181.2,26.3,0
51.0,0,1,0,0,1,28.0,92.3,0.0,0.0,0.0,0.0,133.8,84.3,171.0,54.0,4.6,66.8,1.21,59.1,147.4,27.2,0
29.0,0,1,0,0,1,45.8,126.7,0.0,0.0,0.0,0.0,116.5,76.9,152.0,48.0,5.2,122.1,10.98,109.3,158.2,43.7,0
35.0,0,1,0,0,1,26.8,97.5,0.0,0.0,0.0,0.0,121.4,77.4,173.0,45.0,4.8,98.8,4.32,93.9,183.2,28.0,0
31.0,0,1,0,0,1,53.5,138.4,0.0,0.0,0.0,0.0,119.3,74.4,161.0,45.0,5.4,121.7,6.71,136.2,162.8,51.4,0
18.0,0,1,0,0,1,28.1,90.5,0.0,0.0,0.0,0.0,120.0,81.9,160.0,41.0,5.0,130.6,9.97,76.0,165.1,27.9,0
23.0,0,1,0,0,1,54.2,148.2,0.0,0.0,0.0,0.0,110.0,70.3,161.0,40.0,4.8,124.1,22.97,146.5,170.5,50.4,0
35.0,0,1,0,0,1,47.4,131.0,0.0,0.0,0.0,0.0,118.4,81.2,150.0,44.0,4.9,132.6,8.82,127.0,168.6,44.7,0
31.0,0,1,0,0,1,17.2,72.6,0.0,0.0,0.0,0.0,141.0,65.1,254.0,92.0,4.8,100.7,32.66,55.8,177.8,17.7,0
18.0,0,1,0,0,1,33.3,108.2,0.0,0.0,0.0,0.0,115.0,77.6,168.0,34.0,5.2,133.8,6.14,88.8,165.1,32.6,0
48.0,0,1,0,0,1,25.5,106.9,0.0,0.0,0.0,0.0,128.4,80.3,217.0,73.0,5.1,73.3,8.12,90.1,189.2,25.2,0
44.0,0,1,0,0,1,28.6,98.6,0.0,0.0,0.0,0.0,109.8,68.2,141.0,42.0,5.6,95.1,6.84,72.4,162.1,27.6,0
18.0,0,1,0,0,1,25.8,89.1,0.0,0.0,0.0,0.0,118.9,72.5,200.0,49.0,5.2,90.5,3.13,72.6,166.0,26.4,0
20.0,0,1,0,0,1,19.9,72.8,0.0,0.0,0.0,0.0,117.6,65.3,129.0,105.0,4.8,80.1,4.9,59.1,176.3,19.0,0
41.0,0,1,0,0,1,42.2,128.0,0.0,0.0,0.0,0.0,123.8,83.4,177.0,43.0,5.7,117.0,29.47,128.8,177.4,40.9,0
47.0,0,1,0,0,1,21.6,77.8,0.0,0.0,0.0,0.0,98.0,68.6,179.0,50.0,5.0,107.3,13.93,56.9,164.8,21.0,0
33.0,0,1,0,0,1,30.5,111.9,0.0,0.0,0.0,0.0,117.9,77.3,206.0,52.0,5.0,105.9,2.62,105.2,187.2,30.0,0
31.0,0,1,0,0,1,30.7,99.9,0.0,0.0,0.0,0.0,114.1,78.7,153.0,40.0,4.9,81.8,12.67,112.0,192.4,30.3,0
29.0,0,1,0,0,1,26.9,88.9,0.0,0.0,0.0,0.0,108.4,54.4,192.0,51.0,5.1,136.6,4.49,56.5,146.4,26.4,0
30.0,0,1,0,0,1,27.8,98.5,0.0,0.0,0.0,0.0,110.9,72.3,203.0,66.0,4.5,65.7,8.5,88.6,182.1,26.7,0
77.0,0,1,0,0,1,22.9,79.6,0.0,0.0,0.0,0.0,90.2,63.2,249.0,69.0,6.5,82.8,10.54,65.6,168.7,23.0,0
22.0,0,1,0,0,1,24.3,82.3,0.0,0.0,0.0,0.0,117.8,78.0,107.0,46.0,5.4,139.5,5.12,69.1,168.9,24.2,0
35.0,0,1,0,0,1,21.0,76.3,0.0,0.0,0.0,0.0,114.0,71.5,161.0,56.0,5.3,86.2,4.38,56.6,167.2,20.2,0
21.0,0,1,0,0,1,34.1,86.9,0.0,0.0,0.0,0.0,106.5,72.5,107.0,34.0,6.0,125.1,5.4,104.4,168.5,36.8,0
18.0,0,1,0,0,1,34.7,110.3,0.0,0.0,0.0,0.0,107.0,77.2,169.0,47.0,4.9,130.1,7.95,106.5,178.9,33.3,0
76.0,0,1,0,0,1,23.8,88.9,0.0,0.0,0.0,0.0,107.8,61.7,181.0,46.0,5.1,72.0,4.79,55.7,155.5,23.0,0
22.0,0,1,0,0,1,28.0,102.7,0.0,0.0,0.0,0.0,110.1,67.0,158.0,44.0,5.5,129.8,9.1,99.5,188.9,27.9,0
23.0,0,1,0,0,1,29.2,91.9,0.0,0.0,0.0,0.0,109.4,71.6,205.0,56.0,4.6,127.9,33.0,80.8,168.3,28.5,0
46.0,0,1,0,0,1,35.7,109.2,0.0,0.0,0.0,0.0,96.3,66.9,174.0,37.0,4.8,83.8,6.66,89.4,163.0,33.6,0
62.0,0,1,0,0,1,29.5,101.8,0.0,0.0,0.0,0.0,108.6,75.7,241.0,46.0,5.9,91.4,4.74,100.6,181.8,30.4,0
29.0,0,1,0,0,1,26.1,103.7,0.0,0.0,0.0,0.0,115.7,82.6,170.0,47.0,5.2,126.3,6.78,83.0,175.7,26.9,0
28.0,0,1,0,0,1,38.4,128.1,0.0,0.0,0.0,0.0,94.7,73.4,190.0,46.0,5.7,104.0,35.61,121.1,181.4,36.8,0
20.0,0,1,0,0,1,46.7,133.6,0.0,0.0,0.0,0.0,107.8,69.8,87.0,53.0,4.9,128.5,0.3,135.7,174.4,44.6,0
36.0,0,1,0,0,1,42.2,104.0,0.0,0.0,0.0,0.0,130.7,84.9,218.0,40.0,5.7,125.7,43.57,95.3,153.9,40.2,0
23.0,0,1,0,0,1,23.9,82.8,0.0,0.0,0.0,0.0,104.7,66.6,122.0,45.0,6.0,119.9,11.98,60.3,159.0,23.8,0
56.0,0,1,0,0,1,37.4,121.6,0.0,0.0,0.0,0.0,107.2,78.7,189.0,38.0,5.5,98.8,6.3,136.9,188.9,38.4,0
36.0,0,1,0,0,1,47.6,140.5,0.0,0.0,0.0,0.0,111.3,73.9,219.0,41.0,6.1,53.0,5.55,144.2,171.3,49.2,0
27.0,0,1,0,0,1,37.2,109.0,0.0,0.0,0.0,0.0,116.3,74.4,163.0,36.0,4.9,125.9,21.93,104.1,172.4,35.0,0
19.0,0,1,0,0,1,27.6,88.9,0.0,0.0,0.0,0.0,106.5,82.7,200.0,37.0,5.1,135.2,17.55,75.6,167.8,26.8,0
41.0,0,1,0,0,1,28.9,93.3,0.0,0.0,0.0,0.0,95.4,58.6,136.0,75.0,6.0,89.5,9.16,83.0,173.7,27.5,0
31.0,0,1,0,0,1,29.6,93.1,0.0,0.0,0.0,0.0,104.1,65.3,149.0,54.0,5.0,128.8,0.59,89.3,175.8,28.9,0
32.0,0,1,0,0,1,24.7,80.8,0.0,0.0,0.0,0.0,109.8,73.2,135.0,41.0,5.1,121.2,6.72,74.4,173.2,24.8,0
34.0,0,1,0,0,1,26.2,96.4,0.0,0.0,0.0,0.0,133.4,80.9,98.0,35.0,5.4,89.5,21.14,91.8,189.2,25.6,0
53.0,0,1,0,0,1,25.1,102.9,0.0,0.0,0.0,0.0,98.2,66.1,178.0,39.0,5.0,131.9,11.3,83.1,183.3,24.7,0
20.0,0,1,0,0,1,33.2,109.2,0.0,0.0,0.0,0.0,117.3,75.6,194.0,55.0,5.9,81.1,7.53,126.3,194.1,33.5,0
46.0,0,1,0,0,1,21.6,75.3,0.0,0.0,0.0,0.0,105.9,81.8,189.0,41.0,5.6,124.2,42.78,54.5,156.3,22.3,0
32.0,0,1,0,0,1,45.6,125.6,0.0,0.0,0.0,0.0,125.3,81.8,119.0,37.0,5.0,131.9,8.29,127.8,170.5,44.0,0
64.0,0,1,0,0,1,23.1,86.2,0.0,0.0,0.0,0.0,130.2,80.9,188.0,84.0,5.2,86.7,6.88,70.2,176.4,22.6,0
32.0,0,1,0,0,1,48.7,137.2,0.0,0.0,0.0,0.0,110.4,67.6,164.0,36.0,4.8,109.7,8.11,143.4,181.7,43.4,0
28.0,0,1,0,0,1,55.6,156.3,0.0,0.0,0.0,0.0,103.1,85.3,163.0,41.0,5.1,134.2,7.23,183.6,181.9,55.5,0
34.0,0,1,0,0,1,23.8,91.5,0.0,0.0,0.0,0.0,110.4,48.7,190.0,73.0,5.9,72.1,10.0,69.2,183.0,20.7,0
21.0,0,1,0,0,1,22.2,84.8,0.0,0.0,0.0,0.0,103.6,71.7,121.0,36.0,5.5,70.1,29.94,70.2,175.8,22.7,0
23.0,0,1,0,0,1,28.6,102.3,0.0,0.0,0.0,0.0,110.4,78.4,215.0,47.0,4.7,80.4,0.58,106.4,186.1,30.7,0
35.0,0,1,0,0,1,25.9,89.7,0.0,0.0,0.0,0.0,110.9,72.9,155.0,39.0,4.9,103.8,5.6,77.5,174.2,25.5,0
21.0,0,1,0,0,1,21.7,81.1,0.0,0.0,0.0,0.0,119.4,70.7,171.0,51.0,4.7,117.4,11.74,60.0,169.8,20.8,0
45.0,0,1,0,0,1,30.3,109.3,0.0,0.0,0.0,0.0,104.8,70.0,194.0,39.0,4.6,107.3,20.05,92.9,175.8,30.0,0
18.0,0,1,0,0,1,19.7,78.1,0.0,0.0,0.0,0.0,106.8,70.7,224.0,61.0,4.6,102.3,3.09,66.0,177.5,20.9,0
31.0,0,1,0,0,1,49.0,132.4,0.0,0.0,0.0,0.0,95.1,58.2,170.0,39.0,4.8,117.0,47.3,113.3,157.3,45.8,0
25.0,0,1,0,0,1,53.3,154.0,0.0,0.0,0.0,0.0,124.6,74.8,112.0,36.0,6.0,96.3,39.48,132.2,159.4,52.0,0
44.0,0,1,0,0,1,34.4,116.9,0.0,0.0,0.0,0.0,107.9,73.5,124.0,49.0,5.2,113.0,2.03,107.8,181.9,32.6,0
34.0,0,1,0,0,1,23.4,81.2,0.0,0.0,0.0,0.0,134.6,83.2,209.0,38.0,6.0,102.2,4.28,46.4,160.2,18.1,0
30.0,0,1,0,0,1,33.7,110.8,0.0,0.0,0.0,0.0,110.5,77.9,145.0,53.0,5.4,137.3,16.18,107.7,180.6,33.0,0
52.0,0,1,0,0,1,42.5,129.9,0.0,0.0,0.0,0.0,112.0,70.2,153.0,37.0,5.4,126.6,8.53,152.9,195.3,40.1,0
38.0,0,1,0,0,1,22.7,81.0,0.0,0.0,0.0,0.0,161.4,85.6,155.0,60.0,5.6,74.3,19.48,84.2,179.8,26.1,0
32.0,0,1,0,0,1,50.4,135.8,0.0,0.0,0.0,0.0,107.2,71.4,153.0,39.0,4.8,125.8,7.9,141.6,173.9,46.8,0
36.0,0,1,0,0,1,24.4,81.7,0.0,0.0,0.0,0.0,115.6,65.6,196.0,71.0,5.5,74.4,11.47,76.9,179.4,23.9,0
52.0,0,1,0,0,1,30.1,109.3,0.0,0.0,0.0,0.0,108.6,84.7,159.0,45.0,4.8,102.3,2.76,101.7,179.6,31.5,0
49.0,0,1,0,0,1,32.1,109.4,0.0,0.0,0.0,0.0,119.6,79.9,204.0,40.0,5.5,102.5,35.13,90.8,169.2,31.7,0
27.0,0,1,0,0,1,28.4,90.7,0.0,0.0,0.0,0.0,112.9,76.6,167.0,41.0,5.2,128.1,10.46,76.5,167.9,27.1,0
19.0,0,1,0,0,1,30.0,94.6,0.0,0.0,0.0,0.0,119.8,58.7,149.0,45.0,4.7,129.6,8.19,82.1,169.2,28.7,0
30.0,0,1,0,0,1,30.3,76.7,0.0,0.0,0.0,0.0,114.5,71.7,122.0,65.0,5.0,120.5,7.19,87.3,167.6,31.1,0
43.0,0,1,0,0,1,38.7,115.6,0.0,0.0,0.0,0.0,109.8,70.6,211.0,35.0,5.4,110.9,4.92,103.7,168.7,36.4,0
37.0,0,1,0,0,1,39.1,124.6,0.0,0.0,0.0,0.0,107.8,72.0,122.0,39.0,5.1,130.9,8.31,114.6,176.9,36.6,0
30.0,0,1,0,0,1,24.5,86.6,0.0,0.0,0.0,0.0,119.2,68.1,158.0,45.0,5.8,82.4,4.25,48.0,143.1,23.5,0
38.0,0,1,0,0,1,48.6,137.5,0.0,0.0,0.0,0.0,113.4,76.4,202.0,57.0,5.2,122.8,8.47,135.7,172.4,45.7,0
23.0,0,1,0,0,1,37.5,110.0,0.0,0.0,0.0,0.0,143.9,83.3,142.0,50.0,5.0,87.5,4.63,115.8,179.9,35.8,0
21.0,0,1,0,0,1,34.3,103.2,0.0,0.0,0.0,0.0,102.6,74.7,214.0,46.0,5.3,130.4,5.49,102.1,176.5,32.8,0
24.0,0,1,0,0,1,33.2,101.8,0.0,0.0,0.0,0.0,120.1,68.7,180.0,46.0,5.3,109.4,16.54,96.4,173.9,31.9,0
20.0,0,1,0,0,1,28.6,95.8,0.0,0.0,0.0,0.0,113.8,74.2,230.0,56.0,4.4,128.7,1.96,85.6,180.5,26.3,0
22.0,0,1,0,0,1,34.1,110.9,0.0,0.0,0.0,0.0,117.6,76.4,136.0,30.0,5.3,84.4,6.88,93.8,168.0,33.2,0
30.0,0,1,0,0,1,37.7,127.1,0.0,0.0,0.0,0.0,139.8,83.8,210.0,44.0,5.5,100.0,0.68,138.7,191.3,37.9,0
20.0,0,1,0,0,1,25.6,85.5,0.0,0.0,0.0,0.0,111.7,62.7,143.0,58.0,5.6,118.8,24.62,72.8,180.3,22.4,0
29.0,0,1,0,0,1,22.1,92.3,0.0,0.0,0.0,0.0,123.4,74.7,216.0,35.0,5.1,81.3,2.55,73.5,185.4,21.4,0
59.0,0,1,0,0,1,42.1,121.9,0.0,0.0,0.0,0.0,125.7,78.8,207.0,61.0,5.2,97.2,3.55,112.0,168.0,39.7,0
19.0,0,1,0,0,1,30.3,99.7,0.0,0.0,0.0,0.0,123.3,81.2,185.0,51.0,5.2,113.1,13.23,82.3,167.9,29.2,0
20.0,0,1,0,0,1,27.8,84.1,0.0,0.0,0.0,0.0,97.5,63.2,186.0,33.0,4.4,125.2,11.92,90.1,183.2,26.9,0
58.0,0,1,0,0,1,29.9,101.4,0.0,0.0,0.0,0.0,97.3,78.1,118.0,36.0,6.1,73.0,5.81,74.1,159.4,29.2,0
25.0,0,1,0,0,1,34.4,82.6,0.0,0.0,0.0,0.0,98.5,71.4,180.0,48.0,5.0,115.6,3.43,83.3,157.8,33.4,0
48.0,0,1,0,0,1,38.4,125.4,0.0,0.0,0.0,0.0,133.8,75.6,166.0,50.0,5.3,91.6,4.01,130.0,188.2,36.7,0
43.0,0,1,0,0,1,36.6,123.8,0.0,0.0,0.0,0.0,125.9,80.6,198.0,33.0,5.6,93.2,8.31,127.3,185.1,37.1,0
24.0,0,1,0,0,1,22.8,86.5,0.0,0.0,0.0,0.0,98.8,67.3,97.0,30.0,5.7,122.1,21.2,75.0,183.7,22.2,0
31.0,0,1,0,0,1,40.8,122.1,0.0,0.0,0.0,0.0,110.3,64.9,163.0,38.0,5.3,137.5,6.13,135.1,183.5,40.1,0
30.0,0,1,0,0,1,35.8,113.4,0.0,0.0,0.0,0.0,106.7,75.1,116.0,39.0,6.1,123.2,6.56,123.7,177.6,39.2,0
31.0,0,1,0,0,1,31.8,99.3,0.0,0.0,0.0,0.0,113.1,61.3,201.0,32.0,5.1,103.2,12.43,104.7,180.5,32.1,0
63.0,0,1,0,0,1,23.9,87.8,0.0,0.0,0.0,0.0,118.2,56.3,218.0,84.0,5.2,89.7,8.58,64.5,168.7,22.7,0
48.0,0,1,0,0,1,25.6,95.6,0.0,0.0,0.0,0.0,130.3,78.3,214.0,43.0,5.6,99.0,3.05,86.4,181.7,26.2,0
32.0,0,1,0,0,1,25.9,99.4,0.0,0.0,0.0,0.0,119.9,78.2,143.0,34.0,5.1,77.8,0.58,92.9,184.2,27.4,0
26.0,0,1,0,0,1,22.9,77.8,0.0,0.0,0.0,0.0,105.3,70.1,105.0,40.0,5.5,131.1,6.18,69.9,176.9,22.3,0
30.0,0,1,0,0,1,24.0,98.1,0.0,0.0,0.0,0.0,112.0,73.5,102.0,36.0,5.6,82.3,7.23,73.3,181.7,22.2,0
43.0,0,1,0,0,1,31.1,107.6,0.0,0.0,0.0,0.0,130.5,79.9,106.0,43.0,6.5,99.4,19.39,99.2,185.9,28.7,0
26.0,0,1,0,0,1,35.3,106.9,0.0,0.0,0.0,0.0,114.9,53.8,116.0,53.0,5.1,92.5,7.09,95.9,169.3,33.5,0
32.0,0,1,0,0,1,27.0,97.4,0.0,0.0,0.0,0.0,127.3,83.1,220.0,54.0,5.1,90.5,3.66,91.2,185.9,26.4,0
22.0,0,1,0,0,1,46.1,126.6,0.0,0.0,0.0,0.0,138.8,81.6,131.0,40.0,5.4,77.5,5.62,106.8,157.7,43.0,0
39.0,0,1,0,0,1,22.2,71.3,0.0,0.0,0.0,0.0,108.0,72.6,210.0,51.0,4.9,120.0,9.19,74.0,184.5,21.7,0
23.0,0,1,0,0,1,33.0,105.8,0.0,0.0,0.0,0.0,107.9,68.4,204.0,45.0,5.2,96.1,9.06,105.5,181.6,32.0,0
20.0,0,1,0,0,1,35.9,114.7,0.0,0.0,0.0,0.0,109.0,57.1,175.0,32.0,5.3,133.5,7.74,126.7,191.9,34.4,0
21.0,0,1,0,0,1,20.6,74.2,0.0,0.0,0.0,0.0,98.7,71.8,125.0,46.0,4.9,133.1,9.65,76.9,178.9,24.0,0
40.0,0,1,0,0,1,23.6,91.4,0.0,0.0,0.0,0.0,130.7,86.8,226.0,45.0,5.8,98.8,6.02,76.6,181.2,23.3,0
21.0,0,1,0,0,1,24.5,90.4,0.0,0.0,0.0,0.0,108.5,72.9,184.0,45.0,5.3,88.4,24.14,73.2,173.4,24.3,0
19.0,0,1,0,0,1,25.8,87.4,0.0,0.0,0.0,0.0,99.3,53.6,158.0,61.0,5.4,100.8,8.94,63.7,159.0,25.2,0
27.0,0,1,0,0,1,27.7,98.1,0.0,0.0,0.0,0.0,115.5,67.4,224.0,41.0,5.2,97.4,58.33,53.7,154.7,22.5,0
64.0,0,1,0,0,1,28.1,85.8,0.0,0.0,0.0,0.0,148.9,87.2,225.0,66.0,5.2,78.5,12.44,63.1,150.0,28.0,0
59.0,0,1,0,0,1,21.3,76.0,0.0,0.0,0.0,0.0,94.2,67.2,179.0,85.0,5.4,98.6,100.34,44.6,151.4,19.5,0
63.0,0,1,0,0,1,35.7,111.6,0.0,0.0,0.0,0.0,109.8,62.4,150.0,42.0,5.3,47.4,4.78,110.7,180.9,33.8,0
65.0,0,1,0,0,1,27.9,101.9,0.0,0.0,0.0,0.0,105.5,71.7,148.0,34.0,5.3,69.9,12.35,81.2,169.9,28.1,0
19.0,0,1,0,0,1,27.9,94.0,0.0,0.0,0.0,0.0,96.5,76.6,179.0,32.0,4.7,133.6,4.27,84.2,171.8,28.5,0
23.0,0,1,0,0,1,31.0,112.3,0.0,0.0,0.0,0.0,113.1,72.9,225.0,40.0,5.0,109.7,8.8,111.1,190.1,30.7,0
41.0,0,1,0,0,1,36.5,116.5,0.0,0.0,0.0,0.0,111.8,69.0,177.0,44.0,6.2,127.6,11.1,104.9,180.9,32.0,0
55.0,0,1,0,0,1,24.7,84.2,0.0,0.0,0.0,0.0,110.8,79.2,135.0,37.0,4.7,127.6,45.26,50.4,161.0,19.4,0
19.0,0,1,0,0,1,26.2,82.3,0.0,0.0,0.0,0.0,114.4,65.8,189.0,47.0,5.1,120.6,6.9,85.8,180.0,26.5,0
30.0,0,1,0,0,1,24.1,82.9,0.0,0.0,0.0,0.0,99.8,68.1,192.0,36.0,5.1,78.2,4.54,82.4,188.2,23.3,0
70.0,0,1,0,0,1,25.0,90.3,0.0,0.0,0.0,0.0,133.9,84.9,259.0,58.0,4.8,74.3,12.6,89.6,192.2,24.3,0
34.0,0,1,0,0,1,38.8,120.8,0.0,0.0,0.0,0.0,113.6,74.5,213.0,42.0,6.1,122.7,12.04,107.7,170.9,36.9,0
67.0,0,1,0,0,1,22.8,85.0,0.0,0.0,0.0,0.0,124.9,68.3,225.0,76.0,5.0,70.9,27.71,67.5,174.2,22.2,0
51.0,0,1,0,0,1,40.4,124.1,0.0,0.0,0.0,0.0,125.3,76.0,136.0,28.0,5.5,118.1,8.29,130.4,183.7,38.7,0
46.0,0,1,0,0,1,24.1,87.4,0.0,0.0,0.0,0.0,148.0,86.0,211.0,66.0,5.7,95.0,7.97,64.2,167.5,22.9,0
43.0,0,1,0,0,1,28.4,98.9,0.0,0.0,0.0,0.0,103.6,69.8,156.0,41.0,5.0,100.9,4.71,87.7,176.4,28.2,0
20.0,0,1,0,0,1,25.5,90.2,0.0,0.0,0.0,0.0,91.6,63.4,136.0,71.0,5.9,112.0,10.65,72.4,172.0,24.5,0
25.0,0,1,0,0,1,39.1,114.9,0.0,0.0,0.0,0.0,112.2,71.3,225.0,42.0,5.2,106.7,10.73,123.3,185.3,35.9,0
29.0,0,1,0,0,1,21.3,80.8,0.0,0.0,0.0,0.0,119.7,82.2,167.0,44.0,5.1,125.9,17.02,57.4,171.2,19.6,0
50.0,0,1,0,0,1,29.5,95.9,0.0,0.0,0.0,0.0,100.7,78.7,196.0,35.0,5.6,88.9,5.79,66.5,158.4,26.5,0
41.0,0,1,0,0,1,29.9,106.9,0.0,0.0,0.0,0.0,125.3,81.2,178.0,46.0,5.2,93.2,25.72,92.9,183.5,27.6,0
38.0,0,1,0,0,1,20.2,89.2,0.0,0.0,0.0,0.0,117.0,74.1,215.0,33.0,5.4,101.7,2.63,60.3,182.5,18.1,0
31.0,0,1,0,0,1,32.2,96.2,0.0,0.0,0.0,0.0,111.0,69.7,205.0,67.0,4.9,120.0,0.3,70.1,150.5,31.0,0
27.0,0,1,0,0,1,23.3,94.1,0.0,0.0,0.0,0.0,127.6,81.0,210.0,34.0,5.2,83.6,5.04,84.4,191.8,22.9,0
25.0,0,1,0,0,1,39.4,126.8,0.0,0.0,0.0,0.0,109.9,73.8,177.0,34.0,5.1,138.5,1.46,132.4,194.1,35.2,0
28.0,0,1,0,0,1,28.1,89.7,0.0,0.0,0.0,0.0,144.9,79.1,138.0,50.0,6.6,122.0,0.39,82.4,170.1,28.5,0
22.0,0,1,0,0,1,38.6,109.4,0.0,0.0,0.0,0.0,114.3,74.0,183.0,39.0,4.6,129.9,8.05,107.4,170.0,37.2,0
48.0,0,1,0,0,1,23.2,79.5,0.0,0.0,0.0,0.0,133.5,75.2,180.0,52.0,5.0,105.9,6.51,52.6,153.1,22.5,0
54.0,0,1,0,0,1,26.7,93.0,0.0,0.0,0.0,0.0,127.8,82.4,213.0,79.0,5.0,111.7,4.35,78.6,172.5,26.4,0
20.0,0,1,0,0,1,28.1,90.6,0.0,0.0,0.0,0.0,116.8,77.5,114.0,38.0,5.9,116.9,12.83,72.8,158.3,29.1,0
21.0,0,1,0,0,1,28.0,94.9,0.0,0.0,0.0,0.0,112.1,68.4,193.0,50.0,4.6,118.6,6.25,71.8,169.1,25.1,0
37.0,0,1,0,0,1,58.6,155.0,0.0,0.0,0.0,0.0,105.4,72.1,178.0,42.0,5.1,126.9,6.06,155.4,167.9,55.1,0
19.0,0,1,0,0,1,22.2,80.9,0.0,0.0,0.0,0.0,114.7,71.9,195.0,64.0,5.6,109.5,0.3,77.1,181.7,23.4,0
48.0,0,1,0,0,1,27.7,99.9,0.0,0.0,0.0,0.0,105.0,67.9,163.0,49.0,5.4,127.8,157.71,79.5,172.6,26.7,0
23.0,0,1,0,0,1,38.0,118.2,0.0,0.0,0.0,0.0,97.3,73.7,229.0,41.0,6.2,106.3,4.56,85.8,154.3,36.1,0
38.0,0,1,0,0,1,23.0,90.0,0.0,0.0,0.0,0.0,112.0,70.6,215.0,43.0,4.9,106.2,5.64,66.8,169.1,23.4,0
33.0,0,1,0,0,1,26.5,95.7,0.0,0.0,0.0,0.0,107.2,76.0,182.0,37.0,5.3,127.7,7.99,89.9,186.8,25.8,0
30.0,0,1,0,0,1,38.9,118.7,0.0,0.0,0.0,0.0,142.5,85.8,173.0,75.0,5.6,133.0,2.54,117.3,185.3,34.2,0
53.0,0,1,0,0,1,28.6,91.7,0.0,0.0,0.0,0.0,117.3,72.4,216.0,31.0,5.6,90.2,9.82,100.0,183.9,29.6,0
19.0,0,1,0,0,1,27.6,88.9,0.0,0.0,0.0,0.0,114.7,84.7,237.0,45.0,4.8,136.8,8.67,79.1,168.3,27.9,0
37.0,0,1,0,0,1,38.0,110.3,0.0,0.0,0.0,0.0,113.9,74.1,109.0,36.0,5.5,137.1,3.74,120.9,180.0,37.3,0
52.0,0,1,0,0,1,23.4,79.7,0.0,0.0,0.0,0.0,102.3,63.5,255.0,87.0,4.7,83.8,3.37,56.1,154.7,23.4,0
23.0,0,1,0,0,1,23.9,80.6,0.0,0.0,0.0,0.0,97.9,63.5,157.0,54.0,5.4,128.4,1.25,75.4,175.5,24.5,0
35.0,0,1,0,0,1,39.8,118.3,0.0,0.0,0.0,0.0,109.1,70.5,195.0,50.0,5.0,119.1,3.46,111.0,169.7,38.6,0
45.0,0,1,0,0,1,25.7,89.8,0.0,0.0,0.0,0.0,106.6,72.7,164.0,44.0,5.1,123.7,13.26,69.7,164.2,25.9,0
24.0,0,1,0,0,1,27.1,91.4,0.0,0.0,0.0,0.0,97.4,68.0,141.0,69.0,5.1,135.5,41.61,85.3,177.3,27.1,0
39.0,0,1,0,0,1,26.3,80.6,0.0,0.0,0.0,0.0,115.8,80.0,200.0,48.0,4.3,104.7,5.17,87.9,169.1,30.8,0
68.0,0,1,0,0,1,31.1,98.4,0.0,0.0,0.0,0.0,98.2,68.6,216.0,30.0,5.7,128.0,6.0,83.4,168.0,29.5,0
75.0,0,1,0,0,1,27.1,94.7,0.0,0.0,0.0,0.0,125.5,76.1,194.0,85.0,6.0,92.4,4.22,69.8,160.7,27.0,0
34.0,0,1,0,0,1,22.6,74.9,0.0,0.0,0.0,0.0,116.2,77.2,224.0,42.0,5.2,104.8,4.86,62.6,171.2,21.4,0
39.0,0,1,0,0,1,47.3,127.3,0.0,0.0,0.0,0.0,98.2,63.8,138.0,41.0,6.1,113.4,30.87,115.6,158.6,46.0,0
29.0,0,1,0,0,1,35.2,112.3,0.0,0.0,0.0,0.0,109.8,79.7,137.0,48.0,5.1,129.1,7.7,81.0,166.6,29.2,0
24.0,0,1,0,0,1,37.7,96.5,0.0,0.0,0.0,0.0,114.4,70.1,168.0,34.0,5.1,128.2,10.23,71.2,153.2,30.3,0
38.0,0,1,0,0,1,39.1,119.5,0.0,0.0,0.0,0.0,114.8,77.0,186.0,47.0,5.9,115.8,3.42,78.6,142.8,38.5,0
37.0,0,1,0,0,1,35.2,118.9,0.0,0.0,0.0,0.0,99.2,72.5,122.0,34.0,5.4,120.0,6.16,116.4,183.4,34.6,0
41.0,0,1,0,0,1,47.1,141.3,0.0,0.0,0.0,0.0,115.2,66.9,183.0,49.0,5.3,110.5,11.36,88.0,140.8,44.4,0
68.0,0,1,0,0,1,25.2,93.4,0.0,0.0,0.0,0.0,122.0,69.1,205.0,51.0,5.1,77.6,11.79,87.0,188.6,24.5,0
51.0,0,1,0,0,1,28.4,100.3,0.0,0.0,0.0,0.0,134.8,82.3,164.0,57.0,5.2,55.9,3.13,97.4,189.3,27.2,0
25.0,0,1,0,0,1,24.3,88.9,0.0,0.0,0.0,0.0,107.0,57.9,155.0,71.0,4.7,91.4,35.19,66.4,168.7,23.3,0
20.0,0,1,0,0,1,50.1,137.2,0.0,0.0,0.0,0.0,113.1,74.8,153.0,43.0,4.6,144.1,51.8,152.7,178.8,47.8,0
34.0,0,1,0,0,1,31.3,109.8,0.0,0.0,0.0,0.0,104.5,67.6,125.0,44.0,8.9,99.1,6.42,108.6,183.5,32.3,0
46.0,0,1,0,0,1,30.0,105.2,0.0,0.0,0.0,0.0,152.7,88.2,135.0,43.0,5.5,106.4,9.17,101.6,181.9,30.7,0
54.0,0,1,0,0,1,27.3,94.9,0.0,0.0,0.0,0.0,124.7,85.2,177.0,36.0,5.1,121.5,10.51,97.0,173.2,32.3,0
21.0,0,1,0,0,1,47.9,142.3,0.0,0.0,0.0,0.0,106.9,74.0,129.0,48.0,4.4,76.8,1.53,114.2,157.7,45.9,0
39.0,0,1,0,0,1,19.4,83.0,0.0,0.0,0.0,0.0,105.4,70.7,116.0,40.0,5.8,110.3,10.76,58.0,173.9,19.2,0
23.0,0,1,0,0,1,28.3,89.9,0.0,0.0,0.0,0.0,103.9,70.2,132.0,54.0,5.5,131.8,5.26,67.9,159.3,26.8,0
38.0,0,1,0,0,1,24.0,86.3,0.0,0.0,0.0,0.0,113.3,76.5,133.0,40.0,4.8,122.8,4.33,40.1,137.9,21.1,0
23.0,0,1,0,0,1,37.2,119.4,0.0,0.0,0.0,0.0,111.1,70.5,176.0,49.0,6.0,97.8,2.24,99.9,166.8,35.9,0
64.0,0,1,0,0,1,26.5,101.7,0.0,0.0,0.0,0.0,128.4,72.2,162.0,33.0,5.0,78.3,9.71,86.3,191.0,23.6,0
46.0,0,1,0,0,1,36.1,104.8,0.0,0.0,0.0,0.0,115.0,77.2,214.0,45.0,5.1,114.6,10.96,71.3,148.2,32.4,0
48.0,0,1,0,0,1,22.1,87.1,0.0,0.0,0.0,0.0,106.1,64.3,153.0,52.0,4.8,81.6,2.17,71.2,182.8,21.3,0
21.0,0,1,0,0,1,28.5,93.6,0.0,0.0,0.0,0.0,109.9,69.5,99.0,49.0,4.6,126.9,3.32,82.0,169.3,28.6,0
20.0,0,1,0,0,1,26.2,97.6,0.0,0.0,0.0,0.0,116.4,74.9,183.0,46.0,4.9,133.6,6.83,87.7,181.3,26.7,0
38.0,0,1,0,0,1,34.2,111.4,0.0,0.0,0.0,0.0,101.7,73.0,178.0,43.0,5.3,124.5,4.68,98.9,172.8,33.1,0
18.0,0,1,0,0,1,22.4,76.3,0.0,0.0,0.0,0.0,124.8,78.9,185.0,47.0,5.4,125.4,3.85,61.8,167.3,22.1,0
21.0,0,1,0,0,1,49.6,154.1,0.0,0.0,0.0,0.0,105.1,48.7,186.0,34.0,5.1,70.1,22.16,125.4,163.0,47.2,0
29.0,0,1,0,0,1,36.1,117.0,0.0,0.0,0.0,0.0,124.0,71.4,181.0,48.0,5.5,80.3,9.26,102.9,173.4,34.2,0
72.0,0,1,0,0,1,30.2,98.7,0.0,0.0,0.0,0.0,109.1,66.5,170.0,65.0,4.8,90.1,13.5,83.4,168.3,29.5,0
46.0,0,1,0,0,1,30.4,104.1,0.0,0.0,0.0,0.0,124.4,74.8,245.0,42.0,7.1,99.9,7.41,99.8,180.3,30.7,0
72.0,0,1,0,0,1,46.6,134.3,0.0,0.0,0.0,0.0,131.0,79.9,186.0,42.0,6.3,77.8,0.3,136.4,170.7,46.8,0
42.0,0,1,0,0,1,27.5,99.2,0.0,0.0,0.0,0.0,133.0,66.0,214.0,60.0,5.2,54.9,10.77,64.4,165.3,23.6,0
29.0,0,1,0,0,1,43.9,126.5,0.0,0.0,0.0,0.0,124.9,65.6,211.0,42.0,6.0,135.4,3.33,141.1,184.7,41.4,0
21.0,0,1,0,0,1,51.4,139.6,0.0,0.0,0.0,0.0,92.6,65.6,150.0,35.0,5.2,127.0,7.66,147.3,173.7,48.8,0
30.0,0,1,0,0,1,31.4,96.4,0.0,0.0,0.0,0.0,137.4,81.2,189.0,75.0,4.8,111.2,33.48,68.1,154.5,28.5,0
71.0,0,1,0,0,1,26.0,89.5,0.0,0.0,0.0,0.0,128.4,77.6,126.0,45.0,5.8,104.2,6.2,82.8,177.1,26.4,0
46.0,0,1,0,0,1,25.7,100.1,0.0,0.0,0.0,0.0,112.2,70.2,211.0,40.0,5.8,83.2,11.91,88.7,184.9,26.0,0
36.0,0,1,0,0,1,37.0,106.3,0.0,0.0,0.0,0.0,109.5,61.3,169.0,34.0,4.8,123.4,150.34,71.9,159.7,28.2,0
21.0,0,1,0,0,1,34.1,102.4,0.0,0.0,0.0,0.0,108.2,66.0,161.0,33.0,5.4,134.6,37.49,94.8,169.6,33.0,0
20.0,0,1,1,0,0,19.5,73.2,0.0,0.0,0.0,0.0,146.6,84.7,159.0,41.0,5.0,127.5,10.86,60.0,178.5,18.8,0
65.0,0,1,1,0,0,40.0,123.1,0.0,0.0,0.0,0.0,135.5,68.9,242.0,42.0,5.4,103.0,26.85,118.3,175.4,38.4,0
21.0,0,1,1,0,0,39.8,134.1,0.0,0.0,0.0,0.0,105.1,68.9,211.0,38.0,5.3,100.5,28.96,140.0,188.9,39.2,0
32.0,0,1,1,0,0,54.1,148.9,0.0,0.0,0.0,0.0,102.9,68.3,162.0,37.0,5.9,133.8,5.15,185.8,188.6,52.2,0
20.0,0,1,1,0,0,29.3,96.2,0.0,0.0,0.0,0.0,106.7,76.3,168.0,39.0,6.0,108.6,3.89,73.7,168.8,25.8,0
38.0,0,1,1,0,0,24.0,81.8,0.0,0.0,0.0,0.0,109.2,62.1,189.0,37.0,5.0,125.4,3.23,76.0,179.3,23.6,0
31.0,0,1,1,0,0,41.3,127.2,0.0,0.0,0.0,0.0,103.3,70.3,191.0,36.0,7.0,114.9,1.16,92.0,153.5,39.0,0
41.0,0,1,1,0,0,38.7,123.4,0.0,0.0,0.0,0.0,113.7,71.8,183.0,32.0,5.3,60.3,1.43,105.9,182.3,31.9,0
33.0,0,1,1,0,0,38.6,116.8,0.0,0.0,0.0,0.0,133.3,82.9,229.0,46.0,5.3,91.9,6.7,98.5,167.2,35.2,0
20.0,0,1,1,0,0,26.7,97.6,0.0,0.0,0.0,0.0,102.9,60.5,201.0,36.0,5.2,132.3,36.53,68.9,165.3,25.2,0
41.0,0,1,1,0,0,30.8,105.4,0.0,0.0,0.0,0.0,117.0,60.9,199.0,52.0,5.4,116.3,1.62,109.2,190.9,30.0,0
26.0,0,1,1,0,0,31.5,107.5,0.0,0.0,0.0,0.0,105.8,70.1,160.0,47.0,4.8,92.4,0.3,107.4,188.2,30.3,0
18.0,0,1,1,0,0,29.6,92.7,0.0,0.0,0.0,0.0,110.1,65.0,120.0,44.0,4.9,127.2,5.04,107.0,188.7,30.1,0
52.0,0,1,1,0,0,35.0,107.8,0.0,0.0,0.0,0.0,116.8,74.4,168.0,38.0,5.9,89.8,9.49,103.1,172.1,34.8,0
31.0,0,1,1,0,0,24.0,89.9,0.0,0.0,0.0,0.0,115.8,89.4,204.0,41.0,5.1,110.2,12.26,69.3,169.0,24.3,0
22.0,0,1,1,0,0,54.1,159.4,0.0,0.0,0.0,0.0,102.7,70.8,168.0,50.0,5.5,137.0,13.35,170.0,182.3,51.1,0
69.0,0,1,1,0,0,21.2,85.5,0.0,0.0,0.0,0.0,128.0,83.8,202.0,40.0,5.0,85.8,9.0,72.9,180.0,22.5,0
49.0,0,1,1,0,0,27.4,97.0,0.0,0.0,0.0,0.0,143.9,86.5,204.0,69.0,5.0,81.6,1.74,99.9,187.8,28.3,0
36.0,0,1,1,0,0,21.7,85.0,0.0,0.0,0.0,0.0,126.1,60.7,163.0,39.0,4.9,71.5,5.5,68.5,176.0,22.1,0
26.0,0,1,1,0,0,25.6,85.1,0.0,0.0,0.0,0.0,112.7,73.6,138.0,54.0,4.8,123.0,30.79,79.4,178.4,25.0,0
32.0,0,1,1,0,0,23.7,82.1,0.0,0.0,0.0,0.0,125.3,74.3,221.0,45.0,5.3,81.9,10.74,80.4,184.7,23.6,0
30.0,0,1,1,0,0,44.7,132.1,0.0,0.0,0.0,0.0,111.0,77.7,127.0,49.0,6.4,108.4,4.36,121.0,174.3,39.8,0
44.0,0,1,1,0,0,30.7,102.5,0.0,0.0,0.0,0.0,150.0,86.0,147.0,75.0,5.1,125.2,26.93,110.1,185.4,32.0,0
61.0,0,1,1,0,0,38.3,112.6,0.0,0.0,0.0,0.0,106.0,68.7,123.0,43.0,5.8,76.3,7.6,121.3,182.7,36.3,0
46.0,0,1,1,0,0,25.3,87.7,0.0,0.0,0.0,0.0,97.5,62.6,161.0,69.0,5.1,99.3,26.6,76.7,174.8,25.1,0
46.0,0,1,1,0,0,29.6,111.4,0.0,0.0,0.0,0.0,122.4,75.5,190.0,36.0,5.3,94.4,4.57,106.0,188.4,29.9,0
62.0,0,1,1,0,0,23.5,89.1,0.0,0.0,0.0,0.0,112.9,58.9,200.0,41.0,5.7,57.2,5.34,72.8,186.5,20.9,0
42.0,0,1,1,0,0,29.6,110.5,0.0,0.0,0.0,0.0,144.0,86.7,214.0,43.0,5.5,57.7,3.75,98.7,184.1,29.1,0
36.0,0,1,1,0,0,56.1,160.9,0.0,0.0,0.0,0.0,117.4,70.4,129.0,45.0,5.5,99.2,11.29,165.5,171.7,56.1,0
54.0,0,1,1,0,0,38.2,117.3,0.0,0.0,0.0,0.0,102.8,65.5,212.0,59.0,4.8,56.1,14.92,98.6,165.4,36.0,0
48.0,0,1,1,0,0,21.9,83.6,0.0,0.0,0.0,0.0,121.5,75.5,140.0,86.0,5.8,93.5,10.85,62.6,171.6,21.3,0
22.0,0,1,1,0,0,25.8,88.2,0.0,0.0,0.0,0.0,110.6,71.4,124.0,55.0,5.6,128.3,6.83,90.7,180.1,28.0,0
30.0,0,1,1,0,0,54.3,154.3,0.0,0.0,0.0,0.0,115.5,76.0,113.0,50.0,4.7,121.9,8.57,162.6,177.8,51.4,0
42.0,0,1,1,0,0,36.8,117.7,0.0,0.0,0.0,0.0,181.3,96.1,255.0,34.0,5.6,90.7,8.57,104.9,166.5,37.8,0
21.0,0,1,1,0,0,33.7,102.1,0.0,0.0,0.0,0.0,110.4,67.1,145.0,40.0,6.1,126.2,39.18,102.1,172.9,34.2,0
38.0,0,1,1,0,0,21.5,83.7,0.0,0.0,0.0,0.0,139.4,83.3,164.0,44.0,5.3,117.5,11.14,75.3,188.5,21.2,0
55.0,0,1,1,0,0,31.3,98.1,0.0,0.0,0.0,0.0,104.4,68.5,155.0,37.0,4.8,113.3,6.99,97.6,179.1,30.4,0
67.0,0,1,1,0,0,28.5,103.3,0.0,0.0,0.0,0.0,111.2,67.5,158.0,58.0,5.6,82.8,13.4,101.4,193.9,27.0,0
41.0,0,1,1,0,0,20.6,75.0,0.0,0.0,0.0,0.0,99.3,67.3,186.0,47.0,5.5,77.8,1.48,52.0,163.1,19.5,0
62.0,0,1,1,0,0,26.5,88.1,0.0,0.0,0.0,0.0,107.6,65.9,190.0,69.0,5.4,64.0,13.6,81.3,174.7,26.6,0
34.0,0,1,1,0,0,32.8,109.0,0.0,0.0,0.0,0.0,114.3,72.5,201.0,41.0,5.3,97.0,30.75,90.5,168.0,32.1,0
46.0,0,1,1,0,0,43.3,130.1,0.0,0.0,0.0,0.0,109.0,74.4,185.0,37.0,5.5,97.0,8.52,129.2,182.1,39.0,0
22.0,0,1,1,0,0,25.4,88.4,0.0,0.0,0.0,0.0,114.6,70.5,175.0,44.0,4.9,66.1,43.3,89.1,176.0,28.8,0
28.0,0,1,1,0,0,36.8,109.3,0.0,0.0,0.0,0.0,108.2,60.1,212.0,52.0,5.2,106.0,10.2,109.8,171.4,37.4,0
44.0,0,1,1,0,0,24.7,83.4,0.0,0.0,0.0,0.0,129.2,80.4,200.0,61.0,6.1,83.5,7.6,57.0,155.9,23.4,0
27.0,0,1,1,0,0,23.7,85.1,0.0,0.0,0.0,0.0,130.4,85.6,132.0,36.0,5.6,115.9,27.21,64.3,168.5,22.7,0
47.0,0,1,1,0,0,36.0,117.5,0.0,0.0,0.0,0.0,121.4,76.0,184.0,37.0,6.0,98.0,3.42,121.6,188.5,34.2,0
33.0,0,1,1,0,0,28.7,100.2,0.0,0.0,0.0,0.0,130.0,79.9,105.0,40.0,5.5,130.7,30.99,85.1,176.0,27.5,0
55.0,0,1,1,0,0,29.3,91.8,0.0,0.0,0.0,0.0,123.7,79.1,128.0,42.0,5.4,75.3,5.88,86.4,173.2,28.8,0
57.0,0,1,1,0,0,43.6,133.8,0.0,0.0,0.0,0.0,93.2,61.9,189.0,30.0,5.6,106.0,14.01,121.8,171.9,41.2,0
30.0,0,1,1,0,0,39.5,135.4,0.0,0.0,0.0,0.0,137.5,81.2,149.0,38.0,5.9,118.2,3.38,127.8,181.9,38.6,0
32.0,0,1,1,0,0,28.6,95.1,0.0,0.0,0.0,0.0,105.3,69.4,232.0,44.0,5.0,124.5,1.46,87.2,173.0,29.1,0
33.0,0,1,1,0,0,27.3,102.3,0.0,0.0,0.0,0.0,105.5,63.5,271.0,41.0,5.5,94.9,8.05,92.5,182.2,27.9,0
20.0,0,1,1,0,0,45.2,140.3,0.0,0.0,0.0,0.0,134.0,81.8,182.0,41.0,5.4,101.5,5.17,128.4,168.1,45.4,0
31.0,0,1,1,0,0,33.9,119.8,0.0,0.0,0.0,0.0,134.0,81.3,154.0,28.0,6.1,109.6,6.88,98.5,170.7,33.8,0
33.0,0,1,1,0,0,28.4,101.2,0.0,0.0,0.0,0.0,113.2,72.3,174.0,38.0,5.6,104.1,7.0,99.5,191.2,27.2,0
34.0,0,1,1,0,0,33.0,114.5,0.0,0.0,0.0,0.0,97.8,64.2,107.0,36.0,5.1,104.3,3.55,116.8,194.1,31.0,0
21.0,0,1,1,0,0,22.4,72.0,0.0,0.0,0.0,0.0,103.4,80.9,168.0,45.0,5.1,135.1,7.88,73.9,183.8,21.9,0
23.0,0,1,1,0,0,23.4,76.1,0.0,0.0,0.0,0.0,109.0,73.0,158.0,35.0,4.8,134.6,0.72,68.1,168.2,24.1,0
79.0,0,1,1,0,0,31.5,63.2,0.0,0.0,0.0,0.0,105.1,59.6,162.0,44.0,5.3,87.9,6.68,91.8,174.0,30.3,0
69.0,0,1,1,0,0,28.6,106.1,0.0,0.0,0.0,0.0,111.3,74.3,195.0,46.0,8.9,94.4,8.41,95.2,187.2,27.2,0
26.0,0,1,1,0,0,35.4,110.9,0.0,0.0,0.0,0.0,96.4,66.2,196.0,38.0,4.7,126.8,4.62,93.6,175.3,30.5,0
61.0,0,1,1,0,0,25.7,80.7,0.0,0.0,0.0,0.0,139.8,94.2,251.0,90.0,5.7,76.6,8.64,59.7,154.0,25.2,0
74.0,0,1,1,0,0,24.0,88.1,0.0,0.0,0.0,0.0,126.7,78.5,191.0,71.0,5.2,99.6,336.87,78.7,185.3,22.9,0
25.0,0,1,1,0,0,26.5,96.9,0.0,0.0,0.0,0.0,124.5,71.3,125.0,25.0,5.2,112.1,0.3,80.8,173.5,26.9,0
29.0,0,1,1,0,0,38.4,113.6,0.0,0.0,0.0,0.0,98.8,68.6,220.0,43.0,5.5,125.0,10.61,134.4,187.2,38.4,0
38.0,0,1,1,0,0,25.2,86.4,0.0,0.0,0.0,0.0,106.2,70.9,221.0,51.0,5.7,107.1,28.81,72.2,171.9,24.4,0
22.0,0,1,1,0,0,26.7,105.6,0.0,0.0,0.0,0.0,128.3,78.1,180.0,42.0,5.6,109.7,5.29,89.4,184.4,26.3,0
61.0,0,1,1,0,0,48.7,129.5,0.0,0.0,0.0,0.0,110.1,64.3,179.0,38.0,5.7,98.2,6.1,125.4,173.8,41.5,0
30.0,0,1,1,0,0,22.7,85.7,0.0,0.0,0.0,0.0,96.6,63.1,167.0,34.0,5.0,139.0,14.32,68.4,168.8,24.0,0
34.0,0,1,1,0,0,23.8,79.9,0.0,0.0,0.0,0.0,136.8,81.0,198.0,38.0,5.2,103.9,3.61,72.8,170.9,24.9,0
71.0,0,1,1,0,0,23.7,89.7,0.0,0.0,0.0,0.0,127.4,80.5,190.0,42.0,5.3,103.9,6.6,74.5,175.5,24.2,0
31.0,0,1,1,0,0,33.2,100.0,0.0,0.0,0.0,0.0,118.8,77.7,177.0,42.0,4.7,124.8,8.12,78.9,158.0,31.6,0
18.0,0,1,1,0,0,25.3,95.0,0.0,0.0,0.0,0.0,125.4,82.1,149.0,31.0,4.9,97.0,2.77,80.5,180.0,24.8,0
21.0,0,1,1,0,0,32.5,106.7,0.0,0.0,0.0,0.0,118.3,76.1,228.0,39.0,5.7,137.7,47.5,111.4,185.0,32.5,0
33.0,0,1,1,0,0,25.9,81.8,0.0,0.0,0.0,0.0,106.1,67.5,181.0,52.0,4.9,128.1,6.98,90.8,191.0,24.9,0
24.0,0,1,1,0,0,52.1,154.4,0.0,0.0,0.0,0.0,117.5,71.6,168.0,59.0,5.0,112.3,6.72,140.1,170.2,48.4,0
58.0,0,1,1,0,0,37.2,114.9,0.0,0.0,0.0,0.0,116.7,79.0,216.0,70.0,5.4,111.5,11.05,97.4,167.2,34.9,0
33.0,0,1,1,0,0,21.5,81.6,0.0,0.0,0.0,0.0,107.0,67.7,98.0,33.0,5.2,90.7,27.37,63.1,170.8,21.6,0
44.0,0,1,1,0,0,25.6,90.5,0.0,0.0,0.0,0.0,183.8,95.5,158.0,46.0,5.2,83.1,6.61,75.6,158.8,30.0,0
42.0,0,1,1,0,0,45.9,126.6,0.0,0.0,0.0,0.0,88.8,64.7,195.0,41.0,5.5,123.8,13.05,129.8,174.4,42.7,0
29.0,0,1,1,0,0,22.2,76.2,0.0,0.0,0.0,0.0,110.4,87.5,234.0,91.0,5.1,96.6,11.19,56.9,151.6,24.8,0
29.0,0,1,1,0,0,24.8,100.0,0.0,0.0,0.0,0.0,130.5,85.1,208.0,76.0,5.2,129.5,27.28,78.3,174.5,25.7,0
30.0,0,1,1,0,0,21.9,82.3,0.0,0.0,0.0,0.0,112.1,76.1,176.0,50.0,5.4,112.5,9.01,74.2,185.9,21.5,0
65.0,0,1,1,0,0,27.6,101.1,0.0,0.0,0.0,0.0,119.5,59.8,219.0,62.0,5.0,84.1,8.1,80.8,175.3,26.3,0
24.0,0,1,1,0,0,27.0,79.6,0.0,0.0,0.0,0.0,111.6,75.8,163.0,40.0,4.5,89.5,6.46,82.3,171.1,28.1,0
51.0,0,1,1,0,0,41.0,136.2,0.0,0.0,0.0,0.0,108.3,73.4,157.0,40.0,5.3,110.7,11.68,140.5,187.9,39.8,0
42.0,0,1,1,0,0,42.1,121.3,0.0,0.0,0.0,0.0,106.8,75.3,156.0,33.0,5.1,111.8,6.81,117.5,170.1,40.6,0
32.0,0,1,1,0,0,30.1,98.3,0.0,0.0,0.0,0.0,112.9,73.0,126.0,42.0,5.1,119.1,5.94,92.3,176.9,29.5,0
24.0,0,1,1,0,0,21.1,76.5,0.0,0.0,0.0,0.0,89.0,64.7,165.0,34.0,5.0,139.0,8.29,73.4,187.3,20.9,0
33.0,0,1,1,0,0,24.6,80.5,0.0,0.0,0.0,0.0,110.0,71.3,181.0,51.0,6.0,107.1,10.15,73.2,168.2,25.9,0
28.0,0,1,1,0,0,22.7,80.1,0.0,0.0,0.0,0.0,109.8,69.6,136.0,48.0,4.9,102.9,9.59,59.4,174.3,19.6,0
65.0,0,1,1,0,0,24.2,84.9,0.0,0.0,0.0,0.0,106.6,65.6,224.0,42.0,5.6,119.8,5.29,83.8,186.4,24.1,0
32.0,0,1,1,0,0,39.8,121.2,0.0,0.0,0.0,0.0,98.3,68.7,182.0,42.0,5.3,117.0,11.31,108.5,171.7,36.8,0
70.0,0,1,1,0,0,41.3,129.4,0.0,0.0,0.0,0.0,152.2,81.1,182.0,42.0,5.0,96.5,8.42,128.1,179.1,39.9,0
29.0,0,1,1,0,0,40.0,115.5,0.0,0.0,0.0,0.0,141.0,82.8,226.0,45.0,5.3,93.6,0.3,134.0,186.4,38.6,0
47.0,0,1,1,0,0,28.2,91.0,0.0,0.0,0.0,0.0,110.4,71.2,174.0,45.0,5.7,83.6,6.84,84.6,171.0,28.9,0
30.0,0,1,1,0,0,22.2,77.0,0.0,0.0,0.0,0.0,100.0,73.4,184.0,47.0,5.8,76.0,11.51,67.7,175.8,21.9,0
48.0,0,1,1,0,0,37.0,115.7,0.0,0.0,0.0,0.0,135.9,89.0,169.0,52.0,5.8,65.4,9.81,100.7,167.3,36.0,0
27.0,0,1,1,0,0,32.5,108.1,0.0,0.0,0.0,0.0,124.3,78.1,226.0,33.0,4.6,102.4,24.01,107.6,190.1,29.8,0
41.0,0,1,1,0,0,56.0,143.5,0.0,0.0,0.0,0.0,99.4,75.6,211.0,39.0,5.3,116.9,12.78,170.5,175.2,55.6,0
26.0,0,1,1,0,0,42.3,123.0,0.0,0.0,0.0,0.0,129.3,74.7,134.0,47.0,4.5,136.1,5.75,122.9,174.6,40.3,0
39.0,0,1,1,0,0,24.9,91.1,0.0,0.0,0.0,0.0,122.2,81.7,182.0,41.0,5.3,98.5,2.4,78.3,176.0,25.3,0
19.0,0,1,1,0,0,25.9,83.1,0.0,0.0,0.0,0.0,107.5,69.8,197.0,39.0,4.7,131.8,29.82,71.3,168.8,25.0,0
49.0,0,1,1,0,0,30.7,112.7,0.0,0.0,0.0,0.0,108.8,60.8,155.0,36.0,5.6,115.7,10.45,98.8,179.8,30.6,0
36.0,0,1,1,0,0,44.3,133.4,0.0,0.0,0.0,0.0,102.4,66.5,198.0,39.0,6.0,84.8,4.53,143.2,184.1,42.2,0
35.0,0,1,1,0,0,33.0,103.8,0.0,0.0,0.0,0.0,136.6,81.1,166.0,43.0,4.4,129.8,3.89,97.3,176.0,31.4,0
31.0,0,1,1,0,0,20.5,86.6,0.0,0.0,0.0,0.0,132.5,81.4,204.0,39.0,5.3,96.3,6.59,85.2,189.2,23.8,0
61.0,0,1,1,0,0,33.9,108.9,0.0,0.0,0.0,0.0,125.3,66.6,161.0,62.0,4.8,102.9,3.4,97.4,174.1,32.1,0
41.0,0,1,1,0,0,27.5,94.6,0.0,0.0,0.0,0.0,104.0,71.5,167.0,66.0,5.5,67.9,2.58,87.5,175.7,28.4,0
44.0,0,1,1,0,0,28.3,93.2,0.0,0.0,0.0,0.0,127.6,83.6,193.0,47.0,5.7,72.4,8.03,90.3,182.7,27.0,0
29.0,0,1,1,0,0,32.4,108.6,0.0,0.0,0.0,0.0,126.0,69.0,170.0,44.0,5.0,122.2,9.35,98.7,175.9,31.9,0
37.0,0,1,1,0,0,33.9,109.0,0.0,0.0,0.0,0.0,117.6,74.8,158.0,35.0,5.0,128.3,6.3,113.0,185.8,32.7,0
33.0,0,1,1,0,0,30.7,103.6,0.0,0.0,0.0,0.0,131.1,80.5,226.0,59.0,5.2,70.9,5.19,100.6,183.6,29.9,0
20.0,0,1,1,0,0,22.8,84.7,0.0,0.0,0.0,0.0,95.1,64.4,167.0,43.0,5.1,118.2,7.4,74.1,182.9,22.2,0
33.0,0,1,1,0,0,28.3,97.4,0.0,0.0,0.0,0.0,141.7,89.2,202.0,43.0,5.8,96.1,7.63,89.4,180.2,27.5,0
25.0,0,1,1,0,0,38.4,110.1,0.0,0.0,0.0,0.0,113.3,78.0,138.0,32.0,5.7,96.4,3.82,95.7,162.4,36.3,0
48.0,0,1,1,0,0,25.9,93.7,0.0,0.0,0.0,0.0,108.8,78.6,213.0,47.0,5.2,106.1,13.86,53.0,144.2,25.5,0
32.0,0,1,1,0,0,38.3,126.3,0.0,0.0,0.0,0.0,126.7,77.9,168.0,34.0,5.3,80.9,10.36,122.3,183.9,36.2,0
28.0,0,1,1,0,0,40.9,117.4,0.0,0.0,0.0,0.0,110.7,73.3,133.0,37.0,4.8,132.1,11.37,105.5,165.1,38.7,0
48.0,0,1,1,0,0,29.8,105.2,0.0,0.0,0.0,0.0,128.7,75.9,217.0,45.0,5.7,97.1,7.88,91.1,185.4,26.5,0
61.0,0,1,1,0,0,39.8,117.6,0.0,0.0,0.0,0.0,124.6,80.7,198.0,47.0,5.3,113.8,7.55,117.3,174.9,38.3,0
56.0,0,1,1,0,0,26.0,93.0,0.0,0.0,0.0,0.0,118.8,79.4,206.0,64.0,5.5,115.3,3.83,86.2,188.3,24.3,0
69.0,0,1,1,0,0,25.6,94.6,0.0,0.0,0.0,0.0,110.2,75.0,102.0,33.0,5.0,91.0,4.83,90.1,188.7,25.3,0
31.0,0,1,1,0,0,25.2,83.3,0.0,0.0,0.0,0.0,105.2,66.1,215.0,57.0,4.8,132.8,2.87,83.8,189.2,23.4,0
36.0,0,1,1,0,0,21.6,91.7,0.0,0.0,0.0,0.0,113.5,64.9,212.0,45.0,5.1,121.7,31.72,64.8,169.3,22.6,0
27.0,0,1,1,0,0,31.1,99.1,0.0,0.0,0.0,0.0,96.4,66.1,162.0,44.0,5.2,113.3,5.48,98.9,177.3,31.4,0
31.0,0,1,1,0,0,32.8,106.4,0.0,0.0,0.0,0.0,128.0,79.0,159.0,40.0,5.3,79.6,10.62,99.4,177.7,31.5,0
20.0,0,1,1,0,0,52.5,140.2,0.0,0.0,0.0,0.0,109.4,75.8,165.0,29.0,5.0,135.3,11.16,124.9,157.1,50.6,0
30.0,0,1,1,0,0,31.0,97.6,0.0,0.0,0.0,0.0,112.6,68.7,192.0,30.0,4.9,94.4,0.8,86.4,169.4,30.1,0
31.0,0,1,1,0,0,27.1,98.6,0.0,0.0,0.0,0.0,128.2,66.0,161.0,35.0,5.0,96.1,7.94,79.8,173.3,26.6,0
21.0,0,1,1,0,0,24.8,92.2,0.0,0.0,0.0,0.0,107.5,72.1,116.0,39.0,4.7,109.1,8.13,78.2,177.3,24.9,0
19.0,0,1,1,0,0,27.4,87.8,0.0,0.0,0.0,0.0,105.7,79.5,171.0,51.0,4.9,93.2,18.58,83.3,176.7,26.7,0
19.0,0,1,1,0,0,20.7,73.6,0.0,0.0,0.0,0.0,101.1,56.9,144.0,49.0,5.1,118.6,2.33,59.3,168.5,20.9,0
24.0,0,1,1,0,0,44.1,115.8,0.0,0.0,0.0,0.0,111.7,55.4,117.0,46.0,5.4,128.4,8.64,150.0,183.9,44.4,0
51.0,0,1,1,0,0,32.4,108.0,0.0,0.0,0.0,0.0,127.1,85.2,206.0,51.0,5.4,125.6,9.57,87.9,168.8,30.9,0
29.0,0,1,1,0,0,25.1,89.5,0.0,0.0,0.0,0.0,114.6,71.9,112.0,36.0,4.9,77.4,0.3,86.6,187.1,24.7,0
22.0,0,1,1,0,0,26.2,93.3,0.0,0.0,0.0,0.0,99.5,67.2,179.0,38.0,5.6,118.5,14.07,73.2,170.4,25.2,0
31.0,0,1,1,0,0,33.9,109.4,0.0,0.0,0.0,0.0,122.8,78.3,151.0,40.0,5.0,130.0,9.26,95.8,182.2,28.9,0
33.0,0,1,1,0,0,34.8,116.0,0.0,0.0,0.0,0.0,121.9,73.6,196.0,35.0,5.2,79.2,44.28,114.0,185.6,33.1,0
34.0,0,1,1,0,0,32.0,93.7,0.0,0.0,0.0,0.0,125.2,77.1,176.0,47.0,5.5,78.7,4.89,99.7,177.5,31.6,0
18.0,0,1,1,0,0,25.9,85.6,0.0,0.0,0.0,0.0,125.6,67.1,141.0,37.0,5.1,107.3,6.63,86.4,186.2,24.9,0
43.0,0,1,1,0,0,41.9,111.6,0.0,0.0,0.0,0.0,115.1,75.2,110.0,35.0,6.6,132.7,40.9,124.0,173.4,41.3,0
55.0,0,1,1,0,0,25.5,84.7,0.0,0.0,0.0,0.0,110.4,66.2,216.0,51.0,5.4,71.0,38.55,86.0,190.8,23.6,0
25.0,0,1,1,0,0,20.4,75.8,0.0,0.0,0.0,0.0,107.3,57.5,129.0,59.0,4.7,70.6,11.74,53.9,165.1,19.8,0
69.0,0,1,1,0,0,35.2,123.0,0.0,0.0,0.0,0.0,118.6,74.9,200.0,32.0,5.2,66.5,8.03,109.5,180.0,33.8,0
42.0,0,1,1,0,0,39.4,121.2,0.0,0.0,0.0,0.0,121.5,80.4,171.0,32.0,5.5,134.7,8.1,111.2,172.7,37.3,0
35.0,0,1,1,0,0,28.4,92.4,0.0,0.0,0.0,0.0,131.0,76.8,198.0,42.0,5.6,90.8,1.75,71.4,167.6,25.4,0
35.0,0,1,1,0,0,22.5,87.5,0.0,0.0,0.0,0.0,119.1,75.6,166.0,34.0,5.0,98.7,30.41,79.5,186.7,22.8,0
32.0,0,1,1,0,0,35.0,101.7,0.0,0.0,0.0,0.0,103.7,71.1,184.0,37.0,4.7,108.9,7.29,106.3,178.3,33.4,0
22.0,0,1,1,0,0,26.2,81.2,0.0,0.0,0.0,0.0,105.1,73.2,152.0,41.0,4.7,137.6,12.06,80.9,170.3,27.9,0
43.0,0,1,1,0,0,23.1,80.9,0.0,0.0,0.0,0.0,114.5,67.5,194.0,51.0,5.4,89.9,10.91,66.0,169.0,23.1,0
33.0,0,1,1,0,0,36.1,125.8,0.0,0.0,0.0,0.0,132.9,82.9,164.0,41.0,5.3,103.0,8.39,111.4,177.1,35.5,0
39.0,0,1,1,0,0,20.1,76.2,0.0,0.0,0.0,0.0,124.9,75.2,95.0,41.0,4.9,77.8,3.73,64.4,182.7,19.3,0
55.0,0,1,1,0,0,36.8,110.0,0.0,0.0,0.0,0.0,128.9,87.6,118.0,48.0,5.2,69.2,0.3,123.9,189.9,34.4,0
55.0,0,1,1,0,0,32.7,112.8,0.0,0.0,0.0,0.0,112.8,80.0,167.0,38.0,4.9,104.3,10.96,95.3,176.5,30.6,0
54.0,0,1,1,0,0,40.7,131.6,0.0,0.0,0.0,0.0,110.0,78.5,205.0,33.0,5.1,89.0,7.8,129.1,172.5,43.4,0
28.0,0,1,1,0,0,29.1,96.4,0.0,0.0,0.0,0.0,129.3,79.8,118.0,44.0,5.1,106.0,3.91,95.9,180.6,29.4,0
29.0,0,1,1,0,0,28.0,97.0,0.0,0.0,0.0,0.0,108.8,70.9,201.0,34.0,5.2,129.8,0.79,89.4,179.2,27.8,0
49.0,0,1,1,0,0,31.4,78.6,0.0,0.0,0.0,0.0,137.6,81.7,224.0,48.0,6.3,125.6,10.17,101.0,187.9,28.6,0
30.0,0,1,1,0,0,36.1,108.8,0.0,0.0,0.0,0.0,117.4,74.2,189.0,35.0,5.2,129.0,33.32,117.5,179.6,36.4,0
31.0,0,1,1,0,0,23.1,89.2,0.0,0.0,0.0,0.0,105.5,73.4,199.0,36.0,5.2,103.4,5.44,77.8,185.7,22.6,0
35.0,0,1,1,0,0,25.3,85.9,0.0,0.0,0.0,0.0,111.5,76.2,161.0,71.0,6.0,96.4,2.89,70.0,169.7,24.3,0
36.0,0,1,1,0,0,30.9,102.3,0.0,0.0,0.0,0.0,129.1,78.6,157.0,65.0,5.8,90.2,2.9,88.1,172.3,29.7,0
45.0,0,1,1,0,0,32.8,108.6,0.0,0.0,0.0,0.0,142.9,82.6,218.0,44.0,5.8,117.0,15.74,87.4,168.7,30.7,0
26.0,0,1,1,0,0,47.3,136.3,0.0,0.0,0.0,0.0,128.1,86.2,115.0,38.0,5.2,140.7,1.79,141.5,177.4,45.0,0
19.0,0,1,1,0,0,23.8,91.7,0.0,0.0,0.0,0.0,103.7,69.8,218.0,44.0,4.9,132.1,41.47,74.5,179.8,23.0,0
57.0,0,1,1,0,0,32.5,102.8,0.0,0.0,0.0,0.0,140.8,82.8,234.0,45.0,5.9,69.3,8.87,75.5,152.7,32.4,0
49.0,0,1,1,0,0,47.1,131.5,0.0,0.0,0.0,0.0,111.7,72.7,145.0,40.0,5.8,73.3,2.86,131.9,169.4,46.0,0
43.0,0,1,1,0,0,27.8,93.4,0.0,0.0,0.0,0.0,127.5,74.8,134.0,45.0,5.3,105.9,8.3,77.6,168.7,27.3,0
22.0,0,1,1,0,0,47.2,133.2,0.0,0.0,0.0,0.0,96.4,69.9,131.0,41.0,6.2,135.2,9.14,134.2,172.1,45.3,0
22.0,0,1,1,0,0,30.4,98.5,0.0,0.0,0.0,0.0,109.6,76.3,165.0,35.0,8.3,119.0,7.97,75.9,158.2,30.3,0
32.0,0,1,1,0,0,28.9,107.0,0.0,0.0,0.0,0.0,115.5,75.8,214.0,42.0,5.2,94.6,1.84,94.7,186.5,27.2,0
38.0,0,1,1,0,0,45.6,130.9,0.0,0.0,0.0,0.0,126.1,79.4,204.0,43.0,5.6,117.4,10.63,128.8,169.8,44.7,0
40.0,0,1,1,0,0,31.4,106.8,0.0,0.0,0.0,0.0,133.0,86.6,181.0,43.0,5.0,121.8,5.07,90.8,170.1,31.4,0
45.0,0,1,1,0,0,30.7,102.6,0.0,0.0,0.0,0.0,132.5,79.4,111.0,35.0,4.8,111.8,3.06,102.7,188.3,29.0,0
51.0,0,1,1,0,0,28.4,102.0,0.0,0.0,0.0,0.0,137.8,73.2,206.0,30.0,5.2,76.8,1.7,94.6,185.5,27.5,0
43.0,0,1,1,0,0,27.1,107.0,0.0,0.0,0.0,0.0,108.9,80.9,120.0,40.0,5.3,88.7,9.99,65.6,158.9,26.0,0
30.0,0,1,1,0,0,34.8,105.3,0.0,0.0,0.0,0.0,102.1,61.1,182.0,41.0,7.2,120.0,8.53,66.7,149.4,29.9,0
34.0,0,1,1,0,0,42.5,120.9,0.0,0.0,0.0,0.0,119.9,77.9,168.0,47.0,5.5,89.7,14.95,144.7,187.6,41.1,0
68.0,0,1,1,0,0,27.3,93.3,0.0,0.0,0.0,0.0,131.6,70.8,176.0,46.0,5.7,80.2,10.35,71.9,171.9,24.3,0
52.0,0,1,1,0,0,34.3,110.5,0.0,0.0,0.0,0.0,127.4,77.6,138.0,30.0,6.5,112.0,24.51,110.9,180.5,34.0,0
40.0,0,1,1,0,0,28.7,102.7,0.0,0.0,0.0,0.0,130.5,44.9,152.0,54.0,6.0,94.1,6.6,85.5,175.0,27.9,0
58.0,0,1,1,0,0,25.9,88.7,0.0,0.0,0.0,0.0,110.4,72.9,218.0,40.0,5.9,110.6,12.55,64.2,157.9,25.8,0
58.0,0,1,1,0,0,32.4,105.8,0.0,0.0,0.0,0.0,119.1,81.6,207.0,47.0,5.1,99.9,9.33,113.0,188.0,32.0,0
29.0,0,1,1,0,0,37.0,117.7,0.0,0.0,0.0,0.0,126.5,83.6,149.0,46.0,4.9,118.1,10.36,118.7,182.1,35.8,0
26.0,0,1,1,0,0,30.3,97.5,0.0,0.0,0.0,0.0,141.3,86.4,202.0,39.0,6.3,88.9,10.5,78.2,164.6,28.9,0
30.0,0,1,1,0,0,38.0,125.9,0.0,0.0,0.0,0.0,140.5,79.2,138.0,39.0,5.4,67.8,1.0,109.5,177.6,34.7,0
61.0,0,1,1,0,0,23.5,83.7,0.0,0.0,0.0,0.0,126.0,63.5,186.0,62.0,5.9,51.5,9.73,71.0,175.7,23.0,0
18.0,0,1,1,0,0,24.5,83.5,0.0,0.0,0.0,0.0,94.3,62.2,157.0,55.0,4.8,87.3,5.51,78.1,178.0,24.6,0
58.0,0,1,1,0,0,22.1,89.3,0.0,0.0,0.0,0.0,144.9,76.4,171.0,56.0,5.5,103.9,35.8,58.8,169.9,20.4,0
52.0,0,1,1,0,0,33.1,119.7,0.0,0.0,0.0,0.0,112.7,72.3,103.0,35.0,6.1,98.2,6.37,106.7,181.9,32.3,0
18.0,0,1,1,0,0,31.0,106.7,0.0,0.0,0.0,0.0,109.9,83.7,131.0,42.0,4.4,114.9,37.21,85.3,170.0,29.5,0
20.0,0,1,1,0,0,25.4,87.2,0.0,0.0,0.0,0.0,122.1,79.3,166.0,61.0,5.7,119.1,27.75,76.6,169.1,26.8,0
25.0,0,1,1,0,0,27.7,90.6,0.0,0.0,0.0,0.0,110.6,73.0,224.0,42.0,5.2,126.5,8.27,90.3,181.8,27.3,0
40.0,0,1,1,0,0,31.3,105.3,0.0,0.0,0.0,0.0,132.7,79.8,201.0,73.0,5.4,59.0,11.7,58.2,140.2,29.6,0
43.0,0,1,1,0,0,24.0,92.4,0.0,0.0,0.0,0.0,122.3,73.3,199.0,31.0,5.1,94.4,2.66,68.7,169.3,24.0,0
77.0,0,1,1,0,0,26.3,97.0,0.0,0.0,0.0,0.0,145.9,88.8,157.0,40.0,6.2,71.0,16.24,91.3,178.4,28.7,0
34.0,0,1,1,0,0,29.8,107.1,0.0,0.0,0.0,0.0,125.6,77.0,202.0,44.0,4.7,104.1,8.17,89.8,171.8,30.4,0
19.0,0,1,1,0,0,43.7,127.6,0.0,0.0,0.0,0.0,103.1,71.1,167.0,25.0,6.1,127.5,27.75,136.0,182.3,40.9,0
32.0,0,1,1,0,0,23.3,84.1,0.0,0.0,0.0,0.0,113.2,68.7,121.0,46.0,5.0,110.7,3.45,76.9,178.3,24.2,0
31.0,0,1,1,0,0,26.3,86.7,0.0,0.0,0.0,0.0,136.5,81.4,179.0,73.0,5.3,81.1,49.1,93.1,192.0,25.3,0
64.0,0,1,1,0,0,26.6,81.8,0.0,0.0,0.0,0.0,108.5,70.0,160.0,70.0,4.7,100.4,50.09,81.2,174.0,26.8,0
36.0,0,1,1,0,0,27.1,96.2,0.0,0.0,0.0,0.0,124.9,87.0,155.0,37.0,5.2,81.7,137.89,77.8,173.1,26.0,0
33.0,0,1,1,0,0,27.4,94.6,0.0,0.0,0.0,0.0,118.3,65.1,204.0,37.0,4.8,93.3,1.28,95.2,184.7,27.9,0
63.0,0,1,1,0,0,23.7,92.2,0.0,0.0,0.0,0.0,103.9,69.4,204.0,57.0,6.0,66.1,10.44,61.6,164.9,22.6,0
26.0,0,1,1,0,0,26.2,101.4,0.0,0.0,0.0,0.0,146.7,87.0,130.0,53.0,5.0,113.4,5.93,90.9,188.6,25.6,0
30.0,0,1,1,0,0,31.8,103.6,0.0,0.0,0.0,0.0,117.4,76.6,202.0,45.0,6.4,70.0,2.15,96.6,177.4,30.7,0
23.0,0,1,1,0,0,27.9,94.6,0.0,0.0,0.0,0.0,111.5,74.3,212.0,41.0,5.3,86.1,4.7,78.9,172.0,26.7,0
30.0,0,1,1,0,0,34.5,104.2,0.0,0.0,0.0,0.0,129.8,79.1,171.0,43.0,5.1,117.0,9.07,94.4,167.0,33.8,0
31.0,0,1,1,0,0,25.0,80.3,0.0,0.0,0.0,0.0,107.8,72.9,164.0,44.0,4.9,110.0,34.71,82.6,179.0,25.8,0
60.0,0,1,1,0,0,38.5,111.9,0.0,0.0,0.0,0.0,109.1,73.5,177.0,39.0,4.8,82.6,6.27,112.3,175.4,36.5,0
39.0,0,1,1,0,0,24.2,75.8,0.0,0.0,0.0,0.0,130.5,81.3,185.0,37.0,5.2,98.0,7.8,63.3,158.9,25.1,0
40.0,0,1,1,0,0,26.4,97.4,0.0,0.0,0.0,0.0,109.6,76.5,233.0,68.0,5.5,107.6,9.32,98.7,190.0,27.3,0
32.0,0,1,1,0,0,26.1,86.7,0.0,0.0,0.0,0.0,116.7,74.8,180.0,38.0,5.5,102.4,26.38,67.9,175.1,22.1,0
28.0,0,1,1,0,0,25.6,100.3,0.0,0.0,0.0,0.0,140.0,87.0,187.0,43.0,5.6,113.5,17.88,84.9,182.9,25.4,0
41.0,0,1,1,0,0,32.7,110.0,0.0,0.0,0.0,0.0,116.8,74.9,166.0,41.0,5.5,122.5,8.2,76.1,168.2,26.9,0
23.0,0,1,1,0,0,39.6,113.2,0.0,0.0,0.0,0.0,101.4,70.8,135.0,33.0,5.4,63.1,9.5,107.8,167.7,38.3,0
50.0,0,1,1,0,0,35.8,102.5,0.0,0.0,0.0,0.0,106.7,69.0,222.0,31.0,4.9,118.0,7.43,69.8,140.1,35.6,0
19.0,0,1,1,0,0,38.7,118.7,0.0,0.0,0.0,0.0,109.1,75.7,180.0,40.0,4.9,126.1,9.68,122.8,181.6,37.2,0
34.0,0,1,1,0,0,28.7,101.0,0.0,0.0,0.0,0.0,122.3,84.4,175.0,46.0,5.9,78.1,2.75,104.2,182.1,31.4,0
46.0,0,1,1,0,0,26.7,88.0,0.0,0.0,0.0,0.0,109.1,70.7,181.0,37.0,4.6,113.1,2.91,54.1,162.2,20.6,0
32.0,0,1,1,0,0,39.1,115.5,0.0,0.0,0.0,0.0,106.3,66.2,170.0,40.0,5.7,100.2,37.91,118.8,177.0,37.9,0
59.0,0,1,1,0,0,27.4,99.7,0.0,0.0,0.0,0.0,141.3,86.0,156.0,47.0,5.7,82.2,5.41,91.9,179.9,28.4,0
72.0,0,1,1,0,0,38.4,123.3,0.0,0.0,0.0,0.0,108.3,55.5,203.0,91.0,5.3,68.2,56.75,85.8,153.8,36.3,0
45.0,0,1,1,0,0,23.7,94.3,0.0,0.0,0.0,0.0,121.1,74.2,168.0,49.0,5.2,107.2,3.53,68.2,172.3,23.0,0
41.0,0,1,1,0,0,29.1,95.1,0.0,0.0,0.0,0.0,99.1,71.5,177.0,39.0,5.1,138.5,43.18,104.0,189.1,29.1,0
32.0,0,1,1,0,0,33.5,103.0,0.0,0.0,0.0,0.0,117.4,71.8,169.0,40.0,4.7,125.1,4.37,107.6,179.6,33.4,0
62.0,0,1,1,0,0,23.5,92.6,0.0,0.0,0.0,0.0,125.9,82.0,210.0,42.0,5.9,88.9,8.44,61.1,172.6,20.5,0
32.0,0,1,1,0,0,29.5,105.3,0.0,0.0,0.0,0.0,117.8,74.1,129.0,47.0,7.0,95.3,8.65,89.0,175.7,28.8,0
33.0,0,1,1,0,0,34.2,115.9,0.0,0.0,0.0,0.0,129.1,80.7,155.0,36.0,5.0,99.9,9.86,104.2,177.4,33.1,0
37.0,0,1,1,0,0,25.3,94.3,0.0,0.0,0.0,0.0,117.4,75.7,172.0,50.0,5.4,114.3,9.37,68.1,173.1,22.7,0
59.0,0,1,1,0,0,33.6,108.5,0.0,0.0,0.0,0.0,107.2,67.8,180.0,72.0,5.8,93.0,12.14,77.9,155.2,32.3,0
22.0,0,1,1,0,0,24.7,83.3,0.0,0.0,0.0,0.0,113.0,71.3,150.0,45.0,5.0,131.3,41.03,73.0,169.4,25.4,0
23.0,0,1,1,0,0,38.5,113.6,0.0,0.0,0.0,0.0,108.8,68.1,164.0,42.0,5.0,131.9,7.41,113.4,173.1,37.8,0
28.0,0,1,1,0,0,35.3,112.2,0.0,0.0,0.0,0.0,118.6,78.2,130.0,39.0,5.9,83.6,4.7,120.0,188.4,33.8,0
48.0,0,1,1,0,0,35.7,117.9,0.0,0.0,0.0,0.0,105.8,66.6,221.0,43.0,5.6,84.8,7.93,116.2,182.7,34.8,0
56.0,0,1,1,0,0,22.4,83.4,0.0,0.0,0.0,0.0,122.2,75.3,225.0,34.0,5.5,102.2,6.51,79.7,182.6,23.9,0
23.0,0,1,1,0,0,33.3,101.4,0.0,0.0,0.0,0.0,103.7,67.1,147.0,42.0,5.0,121.7,0.3,115.7,185.3,33.7,0
44.0,0,1,1,0,0,38.5,119.3,0.0,0.0,0.0,0.0,112.0,55.1,171.0,55.0,5.3,118.8,6.98,124.0,183.1,37.0,0
55.0,0,1,1,0,0,37.8,119.0,0.0,0.0,0.0,0.0,112.9,62.5,153.0,46.0,5.8,98.2,7.0,108.1,168.8,37.9,0
30.0,0,1,1,0,0,41.0,125.7,0.0,0.0,0.0,0.0,131.0,81.7,228.0,42.0,6.2,136.1,10.43,99.0,159.3,39.0,0
32.0,0,1,1,0,0,26.5,89.6,0.0,0.0,0.0,0.0,120.0,76.4,200.0,36.0,4.8,125.2,0.3,78.2,170.4,26.9,0
59.0,0,1,1,0,0,37.3,118.4,0.0,0.0,0.0,0.0,98.7,71.3,186.0,36.0,4.8,102.4,1.56,91.2,159.3,35.9,0
19.0,0,1,1,0,0,32.5,94.7,0.0,0.0,0.0,0.0,127.5,69.4,163.0,35.0,5.2,124.1,7.38,80.9,174.8,26.5,0
23.0,0,1,1,0,0,27.8,91.9,0.0,0.0,0.0,0.0,113.3,75.7,121.0,46.0,5.1,128.2,12.35,88.6,184.1,26.1,0
31.0,0,1,1,0,0,40.5,130.1,0.0,0.0,0.0,0.0,106.7,64.3,181.0,41.0,5.3,99.9,0.3,143.4,188.1,40.5,0
60.0,0,1,1,0,0,51.0,149.2,0.0,0.0,0.0,0.0,158.9,97.9,167.0,47.0,7.2,130.5,12.27,162.5,184.4,47.8,0
46.0,0,1,1,0,0,28.3,100.4,0.0,0.0,0.0,0.0,113.7,75.4,156.0,39.0,4.9,134.9,7.21,91.5,178.3,28.8,0
30.0,0,1,1,0,0,33.5,109.5,0.0,0.0,0.0,0.0,126.7,79.0,212.0,40.0,5.9,103.5,9.59,117.3,185.0,34.3,0
62.0,0,1,1,0,0,24.4,91.0,0.0,0.0,0.0,0.0,108.4,65.5,238.0,51.0,5.5,74.4,7.49,83.6,185.0,24.4,0
33.0,0,1,1,0,0,27.9,91.6,0.0,0.0,0.0,0.0,111.6,70.3,122.0,38.0,5.0,124.3,8.0,80.8,185.5,23.5,0
30.0,0,1,1,0,0,28.9,104.7,0.0,0.0,0.0,0.0,129.1,84.7,197.0,38.0,5.5,105.9,11.57,83.4,180.2,25.7,0
31.0,0,1,1,0,0,32.6,109.6,0.0,0.0,0.0,0.0,101.9,64.5,127.0,38.0,5.2,128.7,5.75,77.5,168.5,27.3,0
32.0,0,1,1,0,0,22.9,79.3,0.0,0.0,0.0,0.0,108.1,65.5,191.0,62.0,5.2,110.2,6.37,65.5,169.3,22.9,0
33.0,0,1,1,0,0,27.0,80.9,0.0,0.0,0.0,0.0,109.2,70.4,132.0,60.0,4.4,103.3,1.65,77.7,169.1,27.2,0
30.0,0,1,1,0,0,34.0,115.2,0.0,0.0,0.0,0.0,129.7,85.6,118.0,30.0,5.1,103.0,31.6,105.7,180.2,32.5,0
34.0,0,1,1,0,0,24.5,75.0,0.0,0.0,0.0,0.0,110.2,73.6,162.0,44.0,4.8,117.5,35.8,67.1,167.9,23.8,0
20.0,0,1,1,0,0,22.4,89.0,0.0,0.0,0.0,0.0,110.7,71.0,169.0,42.0,5.7,90.2,5.17,76.3,184.8,22.3,0
68.0,0,1,1,0,0,24.2,92.4,0.0,0.0,0.0,0.0,105.7,66.8,114.0,40.0,5.3,94.8,14.99,77.1,175.0,25.2,0
70.0,0,1,1,0,0,37.1,119.4,0.0,0.0,0.0,0.0,124.2,79.4,213.0,64.0,5.2,100.6,7.38,102.5,169.1,35.8,0
59.0,0,1,1,0,0,23.2,80.0,0.0,0.0,0.0,0.0,129.7,88.8,148.0,40.0,5.3,99.4,10.05,81.2,181.1,24.8,0
27.0,0,1,1,0,0,41.8,127.8,0.0,0.0,0.0,0.0,124.2,77.8,187.0,42.0,6.1,104.5,32.5,141.1,184.2,41.6,0
23.0,0,1,1,0,0,40.6,119.3,0.0,0.0,0.0,0.0,137.0,82.4,159.0,37.0,5.7,117.6,7.47,123.2,181.1,37.6,0
51.0,0,1,1,0,0,39.6,113.1,0.0,0.0,0.0,0.0,129.2,80.2,203.0,54.0,5.7,87.6,5.6,140.6,190.8,38.6,0
71.0,0,1,1,0,0,38.9,126.2,0.0,0.0,0.0,0.0,127.4,84.8,192.0,42.0,6.4,100.1,4.84,134.8,190.8,37.0,0
21.0,0,1,1,0,0,24.1,92.3,0.0,0.0,0.0,0.0,99.7,69.6,129.0,47.0,5.3,131.0,2.9,73.4,174.9,24.0,0
34.0,0,1,1,0,0,29.5,96.3,0.0,0.0,0.0,0.0,110.4,66.9,164.0,34.0,5.1,95.5,6.76,87.0,181.6,26.4,0
32.0,0,1,1,0,0,23.1,84.8,0.0,0.0,0.0,0.0,122.2,72.8,222.0,56.0,5.1,76.1,10.1,73.0,180.4,22.4,0
29.0,0,1,1,0,0,35.6,108.6,0.0,0.0,0.0,0.0,113.1,71.2,177.0,40.0,5.3,142.5,8.73,107.6,173.7,35.7,0
63.0,0,1,1,0,0,27.8,101.0,0.0,0.0,0.0,0.0,106.2,82.9,168.0,63.0,5.6,105.2,2.92,58.9,146.3,27.5,0
33.0,0,1,1,0,0,23.0,76.7,0.0,0.0,0.0,0.0,116.7,74.4,166.0,33.0,4.5,118.6,7.15,62.4,170.4,21.5,0
59.0,0,1,1,0,0,32.0,101.8,0.0,0.0,0.0,0.0,133.3,87.3,184.0,40.0,5.1,76.9,5.25,96.0,176.2,30.9,0
43.0,0,1,1,0,0,27.4,96.0,0.0,0.0,0.0,0.0,140.3,82.1,183.0,43.0,5.6,94.6,3.94,91.8,180.2,28.3,0
71.0,0,1,1,0,0,26.7,93.0,0.0,0.0,0.0,0.0,123.7,78.4,196.0,64.0,4.9,98.7,6.63,72.6,168.8,25.5,0
24.0,0,1,1,0,0,35.5,114.7,0.0,0.0,0.0,0.0,134.4,77.4,169.0,46.0,5.2,140.0,10.64,94.0,172.6,31.5,0
33.0,0,1,1,0,0,35.1,115.2,0.0,0.0,0.0,0.0,112.9,76.8,208.0,49.0,5.1,97.7,11.82,109.9,181.7,33.3,0
20.0,0,1,1,0,0,38.0,109.8,0.0,0.0,0.0,0.0,107.3,68.7,153.0,33.0,5.0,121.8,49.61,102.7,165.3,37.6,0
29.0,0,1,1,0,0,36.9,115.1,0.0,0.0,0.0,0.0,110.7,75.9,196.0,55.0,5.7,100.1,36.57,89.3,169.0,31.3,0
49.0,0,1,1,0,0,26.1,88.5,0.0,0.0,0.0,0.0,132.2,59.3,188.0,49.0,5.8,83.5,28.68,78.8,174.0,26.0,0
34.0,0,1,1,0,0,40.0,116.6,0.0,0.0,0.0,0.0,112.7,69.3,133.0,37.0,5.1,115.9,6.0,83.4,158.7,33.1,0
34.0,0,1,1,0,0,21.3,85.4,0.0,0.0,0.0,0.0,108.9,74.1,198.0,37.0,5.6,112.8,3.97,71.3,187.0,20.4,0
35.0,0,1,1,0,0,26.1,97.6,0.0,0.0,0.0,0.0,111.6,72.6,140.0,50.0,5.0,111.8,6.06,80.9,175.2,26.4,0
35.0,0,1,1,0,0,31.7,92.0,0.0,0.0,0.0,0.0,127.6,97.5,217.0,38.0,4.9,110.9,6.65,87.3,169.3,30.5,0
31.0,0,1,1,0,0,22.5,95.5,0.0,0.0,0.0,0.0,118.0,53.2,96.0,38.0,5.2,77.6,7.46,72.5,181.9,21.9,0
34.0,0,1,1,0,0,28.2,94.7,0.0,0.0,0.0,0.0,116.0,67.1,167.0,37.0,5.2,144.0,26.69,99.9,185.0,29.2,0
20.0,0,1,1,0,0,37.7,111.0,0.0,0.0,0.0,0.0,109.2,72.2,211.0,46.0,5.2,131.2,12.41,125.8,186.2,36.3,0
29.0,0,1,1,0,0,34.2,113.0,0.0,0.0,0.0,0.0,98.1,69.6,177.0,55.0,4.7,99.6,0.58,105.9,181.4,32.2,0
62.0,0,1,1,0,0,34.9,106.3,0.0,0.0,0.0,0.0,141.5,76.3,234.0,62.0,5.9,70.7,92.62,95.7,169.2,33.4,0
19.0,0,1,1,0,0,26.0,88.8,0.0,0.0,0.0,0.0,102.2,72.8,163.0,28.0,4.8,126.2,1.38,79.9,173.3,26.6,0
25.0,0,1,1,0,0,34.9,112.7,0.0,0.0,0.0,0.0,126.5,74.2,170.0,64.0,12.1,131.0,16.05,101.0,164.6,37.3,0
33.0,0,1,1,0,0,28.3,104.6,0.0,0.0,0.0,0.0,130.9,84.3,249.0,54.0,5.4,74.5,4.85,85.3,177.3,27.1,0
28.0,0,1,1,0,0,32.5,104.3,0.0,0.0,0.0,0.0,116.3,69.5,157.0,30.0,5.0,139.3,1.35,105.4,192.2,28.5,0
70.0,0,1,1,0,0,21.7,90.3,0.0,0.0,0.0,0.0,117.6,72.0,214.0,61.0,5.0,46.2,8.78,66.2,178.2,20.9,0
40.0,0,1,1,0,0,37.0,108.2,0.0,0.0,0.0,0.0,107.7,74.5,166.0,38.0,5.0,124.4,2.85,113.7,174.7,37.2,0
21.0,0,1,1,0,0,40.0,124.6,0.0,0.0,0.0,0.0,124.3,78.1,213.0,40.0,5.7,65.9,24.79,124.9,183.7,37.0,0
27.0,0,1,1,0,0,28.2,102.3,0.0,0.0,0.0,0.0,120.1,75.7,199.0,39.0,5.5,100.5,3.09,96.7,184.1,28.5,0
41.0,0,1,1,0,0,23.6,91.2,0.0,0.0,0.0,0.0,94.1,56.5,206.0,54.0,5.0,83.7,30.55,69.2,167.8,24.6,0
21.0,0,1,1,0,0,44.3,125.1,0.0,0.0,0.0,0.0,109.3,76.9,95.0,42.0,4.7,133.1,7.92,123.6,169.5,43.0,0
43.0,0,1,1,0,0,43.9,134.1,0.0,0.0,0.0,0.0,112.1,84.0,170.0,35.0,5.4,102.7,10.63,150.1,186.2,43.3,0
41.0,0,1,1,0,0,27.2,94.2,0.0,0.0,0.0,0.0,134.0,83.1,169.0,51.0,4.4,107.7,12.55,77.0,170.8,26.4,0
30.0,0,1,1,0,0,26.6,69.4,0.0,0.0,0.0,0.0,97.7,66.3,230.0,48.0,4.8,90.6,7.82,75.9,175.0,24.8,0
20.0,0,1,1,0,0,38.7,120.2,0.0,0.0,0.0,0.0,100.2,63.9,157.0,48.0,6.1,137.5,6.68,138.9,194.2,36.8,0
31.0,0,1,1,0,0,26.6,91.3,0.0,0.0,0.0,0.0,111.7,69.6,180.0,46.0,5.6,116.9,8.14,68.5,158.0,27.4,0
44.0,0,1,1,0,0,48.8,133.2,0.0,0.0,0.0,0.0,126.1,87.0,129.0,38.0,5.1,101.0,3.36,143.0,174.8,46.8,0
66.0,0,1,1,0,0,33.7,104.0,0.0,0.0,0.0,0.0,99.6,68.0,216.0,40.0,5.6,102.7,9.17,88.3,155.9,36.3,0
62.0,0,1,1,0,0,39.1,110.7,0.0,0.0,0.0,0.0,114.8,73.1,246.0,46.0,5.4,74.0,5.6,119.0,172.8,39.9,0
33.0,0,1,1,0,0,40.4,111.9,0.0,0.0,0.0,0.0,98.0,65.5,121.0,42.0,4.8,119.4,11.11,102.4,167.8,36.4,0
52.0,0,1,1,0,0,24.0,80.3,0.0,0.0,0.0,0.0,107.6,62.5,150.0,35.0,6.1,135.2,10.16,62.5,167.1,22.4,0
22.0,0,1,1,0,0,36.2,106.9,0.0,0.0,0.0,0.0,115.1,73.5,206.0,39.0,5.9,88.3,14.14,93.7,165.0,34.4,0
60.0,0,1,1,0,0,32.2,103.2,0.0,0.0,0.0,0.0,129.3,81.7,204.0,34.0,5.8,108.3,13.38,108.3,186.9,31.0,0
59.0,0,1,1,0,0,24.4,90.4,0.0,0.0,0.0,0.0,108.0,71.6,145.0,44.0,5.4,97.2,30.94,62.3,162.5,23.6,0
32.0,0,1,1,0,0,29.0,101.6,0.0,0.0,0.0,0.0,127.2,76.4,175.0,52.0,5.2,111.5,7.11,89.1,173.9,29.5,0
70.0,0,1,1,0,0,32.6,109.4,0.0,0.0,0.0,0.0,134.8,86.2,214.0,45.0,5.7,70.7,11.12,82.5,169.8,28.6,0
61.0,0,1,1,0,0,29.4,107.2,0.0,0.0,0.0,0.0,125.0,77.9,208.0,46.0,4.9,87.0,48.96,86.0,173.1,28.7,0
20.0,0,1,1,0,0,38.5,123.3,0.0,0.0,0.0,0.0,118.7,74.4,186.0,43.0,5.4,76.0,3.15,136.8,192.0,37.1,0
24.0,0,1,1,0,0,24.5,81.6,0.0,0.0,0.0,0.0,110.4,73.1,202.0,44.0,4.9,122.4,9.08,54.3,150.0,24.1,0
31.0,0,1,1,0,0,24.8,92.0,0.0,0.0,0.0,0.0,126.5,75.6,161.0,44.0,5.1,87.3,9.85,71.9,169.3,25.1,0
32.0,0,1,1,0,0,25.2,84.6,0.0,0.0,0.0,0.0,113.9,64.7,196.0,65.0,5.3,124.9,32.4,82.2,182.7,24.6,0
20.0,0,1,1,0,0,37.1,108.3,0.0,0.0,0.0,0.0,104.9,70.3,180.0,39.0,4.8,124.1,41.99,117.7,180.3,36.2,0
21.0,0,1,1,0,0,36.7,130.3,0.0,0.0,0.0,0.0,105.0,72.6,158.0,38.0,5.7,104.2,19.58,103.7,180.8,31.7,0
28.0,0,1,1,0,0,38.2,110.3,0.0,0.0,0.0,0.0,102.3,69.4,177.0,39.0,4.7,100.5,8.36,109.4,175.0,35.7,0
61.0,0,1,1,0,0,20.5,77.2,0.0,0.0,0.0,0.0,118.1,77.2,121.0,55.0,4.5,97.4,14.57,55.5,165.0,20.4,0
36.0,0,1,1,0,0,38.9,115.8,0.0,0.0,0.0,0.0,93.5,73.7,158.0,37.0,6.1,131.1,8.42,131.8,184.8,38.6,0
28.0,0,1,1,0,0,36.7,111.8,0.0,0.0,0.0,0.0,104.6,72.1,242.0,49.0,5.2,71.8,11.28,112.8,180.0,34.8,0
28.0,0,1,1,0,0,26.4,88.6,0.0,0.0,0.0,0.0,110.9,67.8,197.0,42.0,4.8,103.5,4.36,67.0,156.2,27.4,0
44.0,0,1,1,0,0,25.8,91.8,0.0,0.0,0.0,0.0,104.8,74.0,176.0,48.0,5.4,75.9,1.46,83.9,181.6,25.4,0
20.0,0,1,1,0,0,30.5,97.2,0.0,0.0,0.0,0.0,107.7,70.4,158.0,49.0,5.3,137.5,6.15,74.5,159.4,29.3,0
70.0,0,1,1,0,0,33.6,108.1,0.0,0.0,0.0,0.0,135.2,85.2,178.0,41.0,5.2,97.2,8.42,96.7,173.5,32.1,0
31.0,0,1,1,0,0,38.6,118.9,0.0,0.0,0.0,0.0,127.5,77.4,157.0,44.0,4.5,89.3,3.55,119.0,176.7,38.1,0
31.0,0,1,1,0,0,24.9,82.2,0.0,0.0,0.0,0.0,115.3,78.0,175.0,43.0,5.3,113.6,9.9,74.6,171.7,25.3,0
26.0,0,1,1,0,0,23.2,78.8,0.0,0.0,0.0,0.0,105.1,72.6,250.0,70.0,5.1,66.0,10.07,63.1,161.2,24.3,0
38.0,0,1,1,0,0,27.9,94.7,0.0,0.0,0.0,0.0,104.8,71.3,187.0,38.0,5.3,118.3,5.51,75.1,165.2,27.5,0
47.0,0,1,1,0,0,44.6,139.8,0.0,0.0,0.0,0.0,111.8,76.5,198.0,39.0,4.8,117.1,9.05,151.7,189.2,42.4,0
18.0,0,1,1,0,0,33.6,100.1,0.0,0.0,0.0,0.0,110.8,66.0,196.0,36.0,4.7,121.1,5.44,115.5,187.6,32.8,0
40.0,0,1,1,0,0,30.4,103.2,0.0,0.0,0.0,0.0,147.6,76.2,215.0,74.0,5.0,61.2,9.04,78.4,165.1,28.8,0
67.0,0,1,1,0,0,26.4,93.1,0.0,0.0,0.0,0.0,125.5,79.9,187.0,38.0,4.7,126.5,1.74,75.0,172.8,25.1,0
33.0,0,1,1,0,0,23.4,86.0,0.0,0.0,0.0,0.0,108.4,72.7,174.0,38.0,5.3,105.2,3.94,73.2,183.2,21.8,0
38.0,0,1,1,0,0,28.3,91.3,0.0,0.0,0.0,0.0,104.0,64.4,128.0,37.0,5.1,123.6,79.41,83.5,171.4,28.4,0
23.0,0,1,1,0,0,42.1,121.7,0.0,0.0,0.0,0.0,117.5,71.6,111.0,25.0,5.0,128.2,12.9,120.0,173.3,40.0,0
29.0,0,1,1,0,0,36.9,112.6,0.0,0.0,0.0,0.0,130.3,80.7,183.0,42.0,5.6,95.3,33.42,118.8,180.4,36.5,0
18.0,0,1,1,0,0,34.1,106.6,0.0,0.0,0.0,0.0,98.3,71.3,198.0,42.0,5.0,134.1,8.1,108.0,180.3,33.2,0
57.0,0,1,1,0,0,25.0,92.3,0.0,0.0,0.0,0.0,136.8,77.3,187.0,40.0,5.1,84.6,5.22,72.6,172.6,24.4,0
33.0,0,1,1,0,0,47.9,140.0,0.0,0.0,0.0,0.0,120.1,65.2,207.0,39.0,5.7,103.7,6.72,133.9,173.2,44.6,0
68.0,0,1,1,0,0,26.4,77.8,0.0,0.0,0.0,0.0,130.7,78.8,190.0,58.0,4.5,92.1,10.98,73.4,168.1,26.0,0
34.0,0,1,1,0,0,34.2,112.5,0.0,0.0,0.0,0.0,109.7,72.5,113.0,37.0,5.0,119.2,9.56,127.3,193.1,34.2,0
21.0,0,1,1,0,0,28.7,100.4,0.0,0.0,0.0,0.0,117.0,82.3,214.0,33.0,4.4,128.9,7.65,93.1,183.8,27.6,0
21.0,0,1,1,0,0,38.6,127.6,0.0,0.0,0.0,0.0,114.8,77.4,192.0,56.0,5.5,99.3,9.4,124.1,174.2,40.9,0
20.0,0,1,1,0,0,31.1,97.6,0.0,0.0,0.0,0.0,108.6,70.6,163.0,41.0,5.4,121.5,35.42,96.7,179.1,30.1,0
59.0,0,1,1,0,0,35.3,109.6,0.0,0.0,0.0,0.0,144.5,84.7,147.0,42.0,5.2,84.3,46.12,91.8,165.2,33.6,0
41.0,0,1,1,0,0,29.6,100.8,0.0,0.0,0.0,0.0,133.2,71.5,242.0,39.0,8.5,91.1,37.42,110.4,197.3,28.4,0
34.0,0,1,1,0,0,34.4,115.9,0.0,0.0,0.0,0.0,117.0,73.7,142.0,36.0,4.7,87.4,0.3,109.6,184.1,32.3,0
19.0,0,1,1,0,0,24.4,89.7,0.0,0.0,0.0,0.0,130.7,84.0,200.0,44.0,5.7,85.6,5.2,77.2,183.7,22.9,0
42.0,0,1,1,0,0,21.1,74.3,0.0,0.0,0.0,0.0,114.3,68.2,100.0,41.0,4.9,122.3,0.3,74.3,183.2,22.1,0
24.0,0,1,1,0,0,20.8,81.8,0.0,0.0,0.0,0.0,137.0,81.6,162.0,42.0,4.7,105.9,7.45,67.0,179.0,20.9,0
24.0,0,1,1,0,0,40.3,107.9,0.0,0.0,0.0,0.0,116.7,75.9,203.0,40.0,4.9,126.9,5.93,121.2,177.9,38.3,0
32.0,0,1,1,0,0,27.0,85.3,0.0,0.0,0.0,0.0,111.7,81.5,208.0,40.0,5.6,125.3,12.01,68.1,166.7,24.5,0
33.0,0,1,1,0,0,19.6,73.3,0.0,0.0,0.0,0.0,140.4,79.6,170.0,49.0,5.5,68.9,6.56,52.5,158.0,21.0,0
49.0,0,1,1,0,0,52.4,144.6,0.0,0.0,0.0,0.0,130.5,76.4,200.0,50.0,5.9,93.9,7.23,142.7,172.8,47.8,0
47.0,0,1,1,0,0,34.8,105.0,0.0,0.0,0.0,0.0,108.2,70.9,153.0,55.0,4.7,127.8,113.82,98.8,168.9,34.6,0
32.0,0,1,1,0,0,29.3,99.2,0.0,0.0,0.0,0.0,101.9,72.7,173.0,63.0,5.3,80.1,6.05,91.9,178.4,28.9,0
48.0,0,1,1,0,0,23.1,80.0,0.0,0.0,0.0,0.0,140.5,78.7,194.0,40.0,5.9,76.5,9.21,93.9,187.3,26.8,0
63.0,0,1,1,0,0,24.9,92.2,0.0,0.0,0.0,0.0,136.3,70.1,165.0,43.0,6.4,68.5,9.98,85.3,181.3,26.0,0
30.0,0,1,1,0,0,25.2,91.3,0.0,0.0,0.0,0.0,113.9,74.9,213.0,48.0,4.8,101.6,3.25,83.0,178.5,26.1,0
22.0,0,1,1,0,0,32.3,107.9,0.0,0.0,0.0,0.0,132.3,80.3,162.0,49.0,4.9,116.9,4.33,108.0,188.4,30.4,0
34.0,0,1,1,0,0,28.9,94.4,0.0,0.0,0.0,0.0,102.4,72.5,167.0,40.0,5.2,104.2,6.0,60.4,148.8,27.3,0
69.0,0,1,1,0,0,30.5,108.8,0.0,0.0,0.0,0.0,114.0,73.9,175.0,43.0,5.8,84.9,8.11,101.7,184.8,29.8,0
31.0,0,1,1,0,0,32.3,111.2,0.0,0.0,0.0,0.0,124.2,81.2,192.0,38.0,5.8,96.1,4.92,115.1,192.7,31.0,0
32.0,0,1,1,0,0,27.8,103.4,0.0,0.0,0.0,0.0,141.8,84.8,170.0,37.0,4.9,98.5,101.86,81.3,173.4,27.0,0
34.0,0,1,1,0,0,25.1,79.7,0.0,0.0,0.0,0.0,106.6,69.9,131.0,35.0,4.9,94.4,8.29,71.4,170.5,24.5,0
44.0,0,1,1,0,0,21.2,89.4,0.0,0.0,0.0,0.0,126.5,76.7,183.0,43.0,4.9,100.8,12.46,58.1,169.3,20.3,0
32.0,0,1,1,0,0,37.7,120.1,0.0,0.0,0.0,0.0,101.2,69.2,213.0,35.0,5.3,103.7,6.41,104.4,171.2,35.6,0
72.0,0,1,1,0,0,25.5,96.5,0.0,0.0,0.0,0.0,141.4,75.6,109.0,69.0,5.9,56.9,9.93,85.8,183.1,25.6,0
31.0,0,1,1,0,0,22.9,87.3,0.0,0.0,0.0,0.0,113.5,71.5,181.0,45.0,4.7,99.5,10.74,76.1,183.5,22.6,0
64.0,0,1,1,0,0,38.4,107.3,0.0,0.0,0.0,0.0,115.3,65.6,179.0,40.0,5.7,101.8,9.59,100.6,168.9,35.3,0
21.0,0,1,1,0,0,29.6,98.3,0.0,0.0,0.0,0.0,112.3,76.9,153.0,70.0,5.4,91.3,7.74,96.1,172.7,32.2,0
49.0,0,1,1,0,0,28.2,95.4,0.0,0.0,0.0,0.0,114.6,68.5,180.0,57.0,6.5,106.1,9.79,76.9,169.5,26.8,0
28.0,0,1,1,0,0,41.6,137.8,0.0,0.0,0.0,0.0,108.7,70.4,110.0,45.0,4.8,135.2,48.0,114.1,169.7,39.6,0
47.0,0,1,1,0,0,32.9,115.9,0.0,0.0,0.0,0.0,128.7,74.4,102.0,32.0,5.7,90.6,3.76,104.7,172.8,35.1,0
29.0,0,1,1,0,0,22.8,89.3,0.0,0.0,0.0,0.0,114.5,75.4,220.0,36.0,5.1,128.7,7.74,65.1,168.4,23.0,0
22.0,0,1,1,0,0,28.0,89.9,0.0,0.0,0.0,0.0,119.8,71.8,171.0,53.0,4.8,100.1,4.07,71.2,169.1,24.9,0
19.0,0,1,1,0,0,27.8,88.1,0.0,0.0,0.0,0.0,107.0,73.1,165.0,49.0,3.9,131.5,5.38,77.8,168.6,27.4,0
38.0,0,1,1,0,0,23.6,88.1,0.0,0.0,0.0,0.0,133.1,84.5,175.0,53.0,5.0,85.6,2.26,81.3,181.4,24.7,0
22.0,0,1,1,0,0,27.0,97.7,0.0,0.0,0.0,0.0,122.7,82.8,178.0,36.0,5.1,126.4,11.51,91.8,184.6,26.9,0
47.0,0,1,1,0,0,36.5,130.1,0.0,0.0,0.0,0.0,138.7,82.5,183.0,36.0,6.2,70.8,53.01,112.1,179.0,35.0,0
58.0,0,1,1,0,0,48.7,133.8,0.0,0.0,0.0,0.0,140.1,75.2,191.0,38.0,5.9,87.9,4.28,125.9,168.6,44.3,0
19.0,0,1,1,0,0,30.3,98.5,0.0,0.0,0.0,0.0,133.4,81.0,192.0,53.0,4.9,84.5,19.51,104.3,182.0,31.5,0
32.0,0,1,1,0,0,26.1,80.9,0.0,0.0,0.0,0.0,105.2,58.5,139.0,50.0,4.6,136.5,3.71,77.3,175.4,25.1,0
69.0,0,1,1,0,0,22.2,85.7,0.0,0.0,0.0,0.0,109.7,67.5,158.0,42.0,5.7,105.4,3.66,72.5,175.5,23.5,0
28.0,0,1,1,0,0,38.2,112.5,0.0,0.0,0.0,0.0,106.5,66.3,98.0,33.0,5.2,126.1,9.38,112.8,172.1,38.1,0
28.0,0,1,1,0,0,32.2,101.7,0.0,0.0,0.0,0.0,133.4,65.3,131.0,43.0,4.6,107.0,15.36,92.1,169.2,32.2,0
29.0,0,1,1,0,0,30.3,99.3,0.0,0.0,0.0,0.0,111.0,81.7,205.0,39.0,4.6,128.0,4.3,96.7,180.3,29.7,0
23.0,0,1,1,0,0,30.0,101.2,0.0,0.0,0.0,0.0,128.0,76.2,183.0,47.0,5.7,69.0,3.69,103.2,184.2,30.4,0
45.0,0,1,1,0,0,27.6,84.1,0.0,0.0,0.0,0.0,138.9,83.7,136.0,50.0,6.6,71.7,9.24,100.8,189.5,28.1,0
30.0,0,1,1,0,0,23.6,79.8,0.0,0.0,0.0,0.0,111.9,72.1,190.0,48.0,4.8,101.0,37.73,72.3,170.0,25.0,0
47.0,0,1,1,0,0,26.1,99.5,0.0,0.0,0.0,0.0,129.4,67.1,220.0,71.0,5.3,101.3,4.38,58.8,150.6,25.9,0
30.0,0,1,1,0,0,26.3,93.6,0.0,0.0,0.0,0.0,127.6,78.8,205.0,58.0,5.2,84.8,8.35,79.9,175.4,26.0,0
61.0,0,1,1,0,0,24.6,90.3,0.0,0.0,0.0,0.0,121.5,66.6,161.0,71.0,5.4,130.2,4.31,68.0,165.0,25.0,0
23.0,0,1,1,0,0,36.1,114.5,0.0,0.0,0.0,0.0,107.4,68.8,163.0,46.0,5.4,120.9,14.03,90.4,158.0,36.2,0
60.0,0,1,1,0,0,30.2,106.2,0.0,0.0,0.0,0.0,109.5,72.7,200.0,52.0,5.7,113.7,9.6,82.1,166.5,29.6,0
34.0,0,1,1,0,0,36.4,93.4,0.0,0.0,0.0,0.0,128.4,79.5,120.0,28.0,6.1,120.1,6.0,125.2,187.1,35.8,0
22.0,0,1,1,0,0,35.9,117.0,0.0,0.0,0.0,0.0,104.2,70.5,161.0,32.0,4.9,104.0,1.91,120.3,187.4,34.2,0
40.0,0,1,1,0,0,24.8,94.6,0.0,0.0,0.0,0.0,118.7,72.1,195.0,45.0,6.0,76.1,6.56,50.1,142.8,24.5,0
40.0,0,1,1,0,0,26.8,95.6,0.0,0.0,0.0,0.0,147.7,87.5,199.0,55.0,5.6,78.6,6.32,97.0,186.1,28.0,0
37.0,0,1,1,0,0,31.1,107.6,0.0,0.0,0.0,0.0,121.6,68.3,185.0,47.0,7.7,95.3,2.83,109.4,187.9,31.0,0
19.0,0,1,1,0,0,31.6,107.6,0.0,0.0,0.0,0.0,105.6,69.5,236.0,62.0,5.2,129.1,2.71,100.1,182.3,30.1,0
30.0,0,1,1,0,0,25.5,100.5,0.0,0.0,0.0,0.0,96.7,70.9,216.0,39.0,5.2,105.6,4.58,86.2,188.7,24.2,0
30.0,0,1,1,0,0,37.0,110.5,0.0,0.0,0.0,0.0,115.2,76.4,158.0,53.0,4.7,124.1,5.93,122.3,181.6,37.1,0
22.0,0,1,1,0,0,24.6,84.0,0.0,0.0,0.0,0.0,110.2,71.3,171.0,44.0,5.0,128.1,12.73,73.0,173.5,24.3,0
31.0,0,1,1,0,0,46.0,136.2,0.0,0.0,0.0,0.0,123.9,78.6,218.0,55.0,5.6,92.2,4.47,113.7,162.8,42.9,0
42.0,0,1,1,0,0,37.7,113.9,0.0,0.0,0.0,0.0,108.9,72.8,222.0,36.0,5.5,101.7,1.67,131.8,189.1,36.8,0
54.0,1,0,0,0,1,30.2,103.0,0.0,0.0,1.0,0.0,118.6,74.6,202.0,68.0,6.0,62.2,10.04,57.0,157.0,23.1,0
43.0,1,0,0,0,1,37.9,111.6,0.0,0.0,1.0,0.0,121.5,79.2,215.0,38.0,6.0,97.2,2.6,92.4,154.6,38.6,0
30.0,1,0,0,0,1,27.9,89.9,0.0,0.0,1.0,0.0,104.3,59.1,182.0,38.0,4.9,62.3,10.31,68.4,167.3,24.4,0
52.0,1,0,0,0,1,29.5,99.6,0.0,0.0,1.0,0.0,110.3,67.8,118.0,61.0,5.0,87.9,12.58,74.2,163.0,27.9,0
32.0,1,0,0,0,1,25.8,79.4,0.0,0.0,1.0,0.0,111.6,79.8,165.0,48.0,5.6,128.2,10.49,57.4,150.8,25.2,0
30.0,1,0,0,0,1,56.4,156.2,0.0,0.0,1.0,0.0,103.7,62.7,205.0,35.0,5.4,123.9,7.12,145.0,171.6,49.3,0
47.0,1,0,0,0,1,22.8,84.9,0.0,0.0,1.0,0.0,130.5,77.5,162.0,60.0,5.6,93.7,8.79,62.5,166.7,22.5,0
71.0,1,0,0,0,1,30.9,99.9,0.0,0.0,1.0,0.0,130.9,81.5,196.0,57.0,5.3,60.7,10.94,73.6,159.4,29.0,0
32.0,1,0,0,0,1,25.1,83.3,0.0,0.0,1.0,0.0,114.0,75.5,214.0,36.0,5.3,126.1,398.51,60.9,159.7,23.9,0
28.0,1,0,0,0,1,32.8,98.2,0.0,0.0,1.0,0.0,117.0,58.7,188.0,108.0,5.3,113.4,25.32,55.9,138.8,29.0,0
28.0,1,0,0,0,1,40.8,116.9,0.0,0.0,1.0,0.0,118.9,78.2,179.0,76.0,5.1,123.7,8.9,96.1,156.2,39.4,0
24.0,1,0,0,0,1,48.3,132.8,0.0,0.0,1.0,0.0,111.9,68.3,218.0,37.0,5.3,126.3,17.4,116.7,158.3,46.6,0
63.0,1,0,0,0,1,33.0,105.7,0.0,0.0,1.0,0.0,126.4,72.6,198.0,42.0,5.9,67.4,8.97,81.0,158.6,32.2,0
48.0,1,0,0,0,1,36.3,98.6,0.0,0.0,1.0,0.0,107.1,78.5,194.0,50.0,5.7,113.8,0.3,101.6,167.4,36.3,0
37.0,1,0,0,0,1,21.7,66.2,0.0,0.0,1.0,0.0,159.2,86.9,225.0,40.0,5.5,101.4,21.54,52.0,159.0,20.6,0
33.0,1,0,0,0,1,44.5,124.2,0.0,0.0,1.0,0.0,106.3,64.4,203.0,78.0,6.2,100.4,8.06,110.2,159.4,43.4,0
48.0,1,0,0,0,1,41.8,125.8,0.0,0.0,1.0,0.0,129.6,80.8,221.0,43.0,5.4,111.4,4.31,140.3,185.2,40.9,0
56.0,1,0,0,0,1,25.7,92.6,0.0,0.0,1.0,0.0,108.6,76.0,179.0,63.0,5.3,80.0,7.78,62.3,162.1,23.7,0
56.0,1,0,0,0,1,26.4,98.0,0.0,0.0,1.0,0.0,130.6,80.0,197.0,40.0,5.4,70.9,23.91,81.3,188.0,23.0,0
47.0,1,0,0,0,1,28.9,99.3,0.0,0.0,1.0,0.0,129.0,92.7,234.0,37.0,6.2,97.3,13.06,69.5,154.4,29.2,0
72.0,1,0,0,0,1,40.6,116.9,0.0,0.0,1.0,0.0,111.5,71.1,182.0,51.0,6.1,79.2,10.5,92.1,157.4,37.2,0
28.0,1,0,0,0,1,23.8,79.7,0.0,0.0,1.0,0.0,103.0,74.1,156.0,29.0,5.8,119.5,6.49,56.1,152.2,24.2,0
37.0,1,0,0,0,1,33.7,106.8,0.0,0.0,1.0,0.0,101.8,70.2,176.0,40.0,5.3,97.9,13.7,83.5,159.9,32.6,0
69.0,1,0,0,0,1,30.4,105.0,0.0,0.0,1.0,0.0,126.5,51.2,185.0,66.0,5.6,78.4,8.7,81.6,170.1,28.2,0
66.0,1,0,0,0,1,35.0,96.6,0.0,0.0,1.0,0.0,113.5,80.7,216.0,39.0,5.4,91.8,31.47,77.4,150.9,34.0,0
51.0,1,0,0,0,1,38.6,102.1,0.0,0.0,1.0,0.0,104.3,62.5,178.0,40.0,5.6,61.4,5.19,94.0,158.5,37.4,0
32.0,1,0,0,0,1,28.6,95.7,0.0,0.0,1.0,0.0,110.8,57.9,308.0,135.0,5.2,73.2,15.59,58.3,151.0,25.6,0
20.0,1,0,0,0,1,28.8,90.8,0.0,0.0,1.0,0.0,113.3,72.7,172.0,44.0,5.5,124.4,16.68,91.5,179.0,28.6,0
32.0,1,0,0,0,1,41.1,116.3,0.0,0.0,1.0,0.0,113.5,67.9,168.0,45.0,5.5,99.5,5.56,97.8,157.6,39.4,0
73.0,1,0,0,0,1,24.6,92.6,0.0,0.0,1.0,0.0,126.7,82.2,248.0,70.0,6.1,81.8,9.25,52.5,145.7,24.7,0
61.0,1,0,0,0,1,44.3,133.0,0.0,0.0,1.0,0.0,126.0,79.8,226.0,70.0,5.9,55.3,10.47,122.9,172.8,41.2,0
79.0,1,0,0,0,1,25.2,87.2,0.0,0.0,1.0,0.0,102.5,71.3,223.0,98.0,5.2,82.7,10.98,60.8,157.7,24.4,0
52.0,1,0,0,0,1,40.3,120.2,0.0,0.0,1.0,0.0,106.0,71.6,188.0,37.0,4.9,123.4,8.73,94.2,154.1,39.7,0
35.0,1,0,0,0,1,25.5,84.5,0.0,0.0,1.0,0.0,117.4,90.2,181.0,50.0,4.9,94.9,11.7,48.7,156.9,19.8,0
53.0,1,0,0,0,1,44.6,121.8,0.0,0.0,1.0,0.0,126.5,77.8,199.0,60.0,6.0,84.5,12.03,108.0,158.1,43.2,0
38.0,1,0,0,0,1,40.0,105.7,0.0,0.0,1.0,0.0,108.9,60.1,164.0,53.0,5.3,113.7,7.97,95.7,158.7,38.0,0
70.0,1,0,0,0,1,28.3,91.4,0.0,0.0,1.0,0.0,122.0,69.5,129.0,49.0,5.2,88.9,7.14,73.1,165.1,26.8,0
31.0,1,0,0,0,1,29.4,93.8,0.0,0.0,1.0,0.0,127.3,83.3,196.0,51.0,4.5,105.0,5.93,74.8,162.7,28.2,0
61.0,1,0,0,0,1,33.7,104.3,0.0,0.0,1.0,0.0,108.7,74.0,169.0,40.0,4.6,127.2,15.61,61.8,137.1,32.9,0
26.0,1,0,0,0,1,34.4,96.6,0.0,0.0,1.0,0.0,106.3,66.0,106.0,41.0,5.2,127.9,44.79,77.0,157.0,31.2,0
21.0,1,0,0,0,1,40.8,116.9,0.0,0.0,1.0,0.0,112.0,66.6,173.0,43.0,5.1,127.4,39.16,94.7,157.9,38.0,0
18.0,1,0,0,0,1,26.4,81.3,0.0,0.0,1.0,0.0,110.4,75.5,178.0,48.0,5.4,125.7,44.13,70.1,164.6,25.9,0
49.0,1,0,0,0,1,25.3,82.7,0.0,0.0,1.0,0.0,99.0,64.5,174.0,32.0,5.7,106.2,9.84,61.6,158.7,24.4,0
39.0,1,0,0,0,1,23.8,78.3,0.0,0.0,1.0,0.0,128.9,85.2,234.0,45.0,5.5,108.6,10.89,52.7,151.3,23.0,0
42.0,1,0,0,0,1,25.8,93.5,0.0,0.0,1.0,0.0,102.3,73.5,165.0,46.0,5.3,101.9,6.97,66.7,158.1,26.7,0
34.0,1,0,0,0,1,22.7,71.9,0.0,0.0,1.0,0.0,107.4,70.9,197.0,53.0,5.0,112.2,6.46,52.3,165.6,19.1,0
45.0,1,0,0,0,1,27.5,86.6,0.0,0.0,1.0,0.0,112.8,67.5,265.0,35.0,5.6,94.1,5.97,68.9,157.7,27.7,0
31.0,1,0,0,0,1,22.9,83.4,0.0,0.0,1.0,0.0,122.3,77.0,159.0,37.0,5.4,93.3,35.52,59.8,159.9,23.4,0
69.0,1,0,0,0,1,26.6,97.2,0.0,0.0,1.0,0.0,106.6,72.7,227.0,39.0,5.9,69.4,10.25,73.4,175.6,23.8,0
32.0,1,0,0,0,1,50.3,137.3,0.0,0.0,1.0,0.0,109.7,65.9,176.0,32.0,5.9,116.7,9.03,113.9,158.5,45.4,0
44.0,1,0,0,0,1,33.7,106.4,0.0,0.0,1.0,0.0,110.1,74.2,167.0,62.0,5.9,100.1,1.19,67.0,142.4,33.0,0
30.0,1,0,0,0,1,42.6,114.5,0.0,0.0,1.0,0.0,102.1,68.8,196.0,41.0,5.4,129.9,12.69,103.4,158.3,41.3,0
35.0,1,0,0,0,1,32.3,100.0,0.0,0.0,1.0,0.0,126.7,83.4,294.0,51.0,6.2,109.8,11.48,87.5,166.8,31.4,0
30.0,1,0,0,0,1,37.3,116.5,0.0,0.0,1.0,0.0,115.3,75.5,171.0,47.0,5.3,68.4,7.33,113.8,178.8,35.6,0
55.0,1,0,0,0,1,28.0,99.1,0.0,0.0,1.0,0.0,126.5,79.0,173.0,41.0,4.6,83.9,4.24,85.5,178.5,26.8,0
33.0,1,0,0,0,1,34.7,91.6,0.0,0.0,1.0,0.0,119.0,75.9,215.0,42.0,5.4,122.4,29.9,99.5,169.9,34.5,0
63.0,1,0,0,0,1,28.3,113.1,0.0,0.0,1.0,0.0,129.2,83.2,195.0,65.0,5.8,86.5,7.52,74.3,165.7,27.1,0
25.0,1,0,0,0,1,40.1,131.4,0.0,0.0,1.0,0.0,103.5,70.7,175.0,37.0,5.0,110.0,8.46,142.6,189.4,39.8,0
29.0,1,0,0,0,1,28.9,90.3,0.0,0.0,1.0,0.0,126.0,79.0,178.0,84.0,5.0,93.3,3.66,75.5,164.6,27.9,0
40.0,1,0,0,0,1,32.4,101.0,0.0,0.0,1.0,0.0,102.2,65.4,165.0,48.0,5.0,89.8,8.37,69.4,162.9,26.2,0
36.0,1,0,0,0,1,24.1,72.9,0.0,0.0,1.0,0.0,108.5,64.3,161.0,52.0,6.3,110.1,8.81,55.0,158.3,21.9,0
73.0,1,0,0,0,1,37.1,117.3,0.0,0.0,1.0,0.0,122.4,78.1,204.0,38.0,6.1,55.3,9.51,92.4,162.3,35.1,0
50.0,1,0,0,0,1,46.8,126.4,0.0,0.0,1.0,0.0,107.4,74.0,142.0,37.0,6.1,127.9,29.25,107.6,162.5,40.7,0
18.0,1,0,0,0,1,23.7,80.6,0.0,0.0,1.0,0.0,104.0,74.3,128.0,48.0,5.4,117.7,37.15,55.8,153.7,23.6,0
73.0,1,0,0,0,1,38.4,112.2,0.0,0.0,1.0,0.0,166.1,92.7,186.0,92.0,5.3,102.2,1.63,86.1,151.6,37.5,0
38.0,1,0,0,0,1,40.3,107.5,0.0,0.0,1.0,0.0,109.6,72.5,204.0,50.0,5.3,128.1,3.38,94.3,162.5,35.7,0
57.0,1,0,0,0,1,29.4,92.3,0.0,0.0,1.0,0.0,123.7,75.6,193.0,56.0,6.2,85.3,4.61,78.7,162.9,29.7,0
75.0,1,0,0,0,1,29.5,105.8,0.0,0.0,1.0,0.0,106.0,55.5,160.0,58.0,5.7,62.6,10.25,63.2,151.5,27.5,0
48.0,1,0,0,0,1,26.1,92.5,0.0,0.0,1.0,0.0,106.2,83.6,180.0,49.0,5.4,72.6,15.04,62.7,157.1,25.4,0
33.0,1,0,0,0,1,32.5,104.4,0.0,0.0,1.0,0.0,129.4,81.9,230.0,89.0,6.2,97.1,39.33,72.0,151.3,31.4,0
74.0,1,0,0,0,1,34.5,114.2,0.0,0.0,1.0,0.0,116.2,67.3,154.0,81.0,5.3,75.1,3.38,69.7,157.8,28.0,0
38.0,1,0,0,0,1,37.7,118.5,0.0,0.0,1.0,0.0,119.5,76.1,122.0,60.0,5.7,48.9,3.7,89.8,165.3,32.9,0
63.0,1,0,0,0,1,26.2,98.5,0.0,0.0,1.0,0.0,101.7,68.3,189.0,56.0,5.1,98.4,13.33,56.2,149.5,25.1,0
21.0,1,0,0,0,1,41.5,118.6,0.0,0.0,1.0,0.0,95.9,64.7,167.0,41.0,4.8,79.6,25.67,119.6,170.5,41.1,0
31.0,1,0,0,0,1,41.1,117.7,0.0,0.0,1.0,0.0,114.6,74.8,233.0,37.0,5.3,100.6,38.66,99.1,157.8,39.8,0
47.0,1,0,0,0,1,27.5,94.7,0.0,0.0,1.0,0.0,130.1,80.9,200.0,94.0,5.2,101.5,9.11,63.2,152.0,27.4,0
33.0,1,0,0,0,1,37.2,97.7,0.0,0.0,1.0,0.0,115.4,76.9,142.0,40.0,4.9,106.5,12.17,102.5,168.7,36.0,0
58.0,1,0,0,0,1,37.4,111.6,0.0,0.0,1.0,0.0,132.6,76.7,218.0,63.0,5.6,73.3,10.3,117.3,181.5,35.6,0
29.0,1,0,0,0,1,23.4,75.4,0.0,0.0,1.0,0.0,125.9,74.4,175.0,44.0,5.5,125.7,44.98,51.8,151.1,22.7,0
36.0,1,0,0,0,1,47.6,137.3,0.0,0.0,1.0,0.0,133.0,82.0,224.0,42.0,5.6,91.5,6.16,136.4,173.0,45.6,0
70.0,1,0,0,0,1,36.2,116.1,0.0,0.0,1.0,0.0,152.8,86.3,174.0,44.0,5.9,69.3,5.29,92.0,162.1,35.0,0
37.0,1,0,0,0,1,24.3,83.4,0.0,0.0,1.0,0.0,116.5,79.5,195.0,55.0,4.9,101.0,6.87,75.1,177.5,23.8,0
61.0,1,0,0,0,1,30.4,97.7,0.0,0.0,1.0,0.0,110.1,68.0,147.0,93.0,5.1,79.9,40.79,90.7,174.8,29.7,0
57.0,1,0,0,0,1,41.7,118.8,0.0,0.0,1.0,0.0,135.1,89.1,236.0,88.0,6.0,99.3,7.89,98.0,155.1,40.7,0
48.0,1,0,0,0,1,28.8,102.4,0.0,0.0,1.0,0.0,121.9,77.9,200.0,74.0,5.7,70.3,12.57,96.1,182.6,28.8,0
43.0,1,0,0,0,1,23.4,78.6,0.0,0.0,1.0,0.0,126.4,81.3,182.0,92.0,4.8,98.6,53.39,63.8,165.3,23.4,0
37.0,1,0,0,0,1,29.5,101.8,0.0,0.0,1.0,0.0,111.4,77.3,147.0,40.0,5.5,71.1,14.57,72.5,159.8,28.4,0
31.0,1,0,0,0,1,22.9,78.6,0.0,0.0,1.0,0.0,116.8,70.0,206.0,42.0,5.3,81.9,3.35,49.6,149.2,22.3,0
50.0,1,0,0,0,1,22.2,73.9,0.0,0.0,1.0,0.0,111.3,67.5,219.0,58.0,5.3,121.0,9.02,45.1,150.8,19.8,0
72.0,1,0,0,0,1,20.3,72.5,0.0,0.0,1.0,0.0,128.2,72.7,191.0,71.0,5.6,89.5,8.57,55.0,164.9,20.2,0
39.0,1,0,0,0,1,37.1,110.3,0.0,0.0,1.0,0.0,127.4,82.3,226.0,48.0,8.0,86.4,4.63,94.6,159.6,37.1,0
22.0,1,0,0,0,1,32.1,99.2,0.0,0.0,1.0,0.0,113.0,77.4,194.0,103.0,5.5,109.2,15.21,77.9,156.7,31.7,0
19.0,1,0,0,0,1,23.6,79.1,0.0,0.0,1.0,0.0,93.5,65.1,205.0,47.0,4.6,126.0,1.54,70.4,170.9,24.1,0
21.0,1,0,0,0,1,34.4,101.7,0.0,0.0,1.0,0.0,107.2,72.6,168.0,46.0,4.7,110.8,4.64,94.9,164.7,35.0,0
50.0,1,0,0,0,1,28.5,94.4,0.0,0.0,1.0,0.0,113.8,74.4,235.0,62.0,5.6,87.6,3.89,73.7,159.4,29.0,0
25.0,1,0,0,0,1,42.8,124.3,0.0,0.0,1.0,0.0,112.9,74.2,217.0,58.0,6.0,76.2,10.0,96.9,155.1,40.3,0
71.0,1,0,0,0,1,27.1,95.3,0.0,0.0,1.0,0.0,125.8,73.8,260.0,86.0,9.8,79.5,11.74,55.6,154.4,23.3,0
22.0,1,0,0,0,1,30.8,107.0,0.0,0.0,1.0,0.0,108.8,65.3,142.0,51.0,4.5,108.1,6.94,76.2,157.1,30.9,0
67.0,1,0,0,0,1,38.8,133.6,0.0,0.0,1.0,0.0,133.4,69.6,192.0,40.0,6.0,95.6,6.3,121.7,181.9,36.8,0
34.0,1,0,0,0,1,23.6,95.8,0.0,0.0,1.0,0.0,103.1,69.3,176.0,56.0,5.5,103.7,8.46,56.2,153.0,24.0,0
59.0,1,0,0,0,1,21.2,69.3,0.0,0.0,1.0,0.0,106.8,72.0,237.0,72.0,6.3,59.0,8.08,40.4,157.7,16.3,0
50.0,1,0,0,0,1,33.1,110.7,0.0,0.0,1.0,0.0,113.2,74.8,180.0,37.0,5.0,70.8,4.54,72.5,156.4,29.6,0
36.0,1,0,0,0,1,22.5,82.1,0.0,0.0,1.0,0.0,99.2,68.8,221.0,83.0,5.4,67.8,9.03,51.7,153.4,21.9,0
64.0,1,0,0,0,1,25.2,94.2,0.0,0.0,1.0,0.0,106.2,80.3,182.0,86.0,5.4,89.0,29.81,54.6,156.5,22.3,0
65.0,1,0,0,0,1,19.9,72.8,0.0,0.0,1.0,0.0,107.6,73.1,210.0,59.0,5.7,118.2,5.12,44.6,151.0,19.6,0
34.0,1,0,0,0,1,27.6,87.2,0.0,0.0,1.0,0.0,124.7,78.5,185.0,48.0,4.8,129.9,35.6,72.2,164.4,26.7,0
53.0,1,0,0,0,1,25.6,93.1,0.0,0.0,1.0,0.0,118.3,78.6,171.0,52.0,5.5,87.8,7.99,49.4,144.7,23.6,0
22.0,1,0,0,0,1,22.1,83.5,0.0,0.0,1.0,0.0,128.2,79.3,250.0,45.0,5.5,128.7,12.98,70.3,173.4,23.4,0
35.0,1,0,0,0,1,25.5,93.2,0.0,0.0,1.0,0.0,112.1,61.9,133.0,62.0,5.1,102.1,9.89,83.0,179.5,25.8,0
33.0,1,0,0,0,1,47.5,128.5,0.0,0.0,1.0,0.0,104.2,73.1,169.0,56.0,5.9,123.2,10.33,125.9,166.0,45.7,0
47.0,1,0,0,0,1,37.0,109.0,0.0,0.0,1.0,0.0,104.9,76.8,116.0,39.0,5.7,54.3,13.53,100.3,171.4,34.1,0
72.0,1,0,0,0,1,25.2,93.1,0.0,0.0,1.0,0.0,124.5,77.5,187.0,68.0,5.4,71.4,6.82,60.9,160.3,23.7,0
30.0,1,0,0,0,1,22.2,81.4,0.0,0.0,1.0,0.0,108.1,79.0,161.0,36.0,5.4,124.7,18.07,52.5,151.1,23.0,0
45.0,1,0,0,0,1,24.2,81.4,0.0,0.0,1.0,0.0,117.0,71.6,147.0,85.0,5.6,95.9,7.97,54.6,150.2,24.2,0
32.0,1,0,0,0,1,25.3,94.9,0.0,0.0,1.0,0.0,103.7,73.3,172.0,55.0,5.3,97.7,4.01,61.7,155.3,25.6,0
33.0,1,0,0,0,1,40.2,114.9,0.0,0.0,1.0,0.0,107.0,70.9,179.0,44.0,4.9,120.3,7.59,95.2,158.5,37.9,0
51.0,1,0,0,0,1,34.5,106.8,0.0,0.0,1.0,0.0,121.7,76.3,214.0,89.0,5.1,69.4,10.1,96.4,170.3,33.2,0
63.0,1,0,0,0,1,35.3,108.6,0.0,0.0,1.0,0.0,111.4,76.6,193.0,39.0,5.7,92.8,11.25,75.0,149.2,33.7,0
44.0,1,0,0,0,1,33.6,103.3,0.0,0.0,1.0,0.0,135.1,78.3,169.0,42.0,5.5,111.2,10.31,71.8,149.7,32.0,0
73.0,1,0,0,0,1,24.7,89.8,0.0,0.0,1.0,0.0,127.2,77.7,210.0,115.0,5.6,70.7,6.65,58.5,153.8,24.7,0
28.0,1,0,0,0,1,32.6,106.6,0.0,0.0,1.0,0.0,110.7,71.3,176.0,51.0,5.8,114.9,9.92,90.2,171.2,30.8,0
69.0,1,0,0,0,1,25.9,86.7,0.0,0.0,1.0,0.0,123.7,77.0,249.0,59.0,4.8,97.6,8.02,58.3,154.6,24.4,0
67.0,1,0,0,0,1,32.1,106.0,0.0,0.0,1.0,0.0,122.4,76.9,216.0,58.0,5.6,84.3,5.55,68.9,152.1,29.8,0
62.0,1,0,0,0,1,31.1,100.4,0.0,0.0,1.0,0.0,117.7,76.0,154.0,36.0,5.6,107.1,3.85,76.0,158.5,30.3,0
18.0,1,0,0,0,1,26.0,86.1,0.0,0.0,1.0,0.0,126.6,71.5,189.0,43.0,5.3,102.7,9.81,72.5,164.4,26.8,0
57.0,1,0,0,0,1,23.2,82.2,0.0,0.0,1.0,0.0,129.2,86.0,219.0,60.0,5.1,73.3,9.18,67.3,164.9,24.7,0
34.0,1,0,0,0,1,40.6,113.5,0.0,0.0,1.0,0.0,125.7,79.1,169.0,40.0,5.7,100.6,12.94,99.3,159.6,39.0,0
71.0,1,0,0,0,1,25.0,93.3,0.0,0.0,1.0,0.0,121.8,70.1,206.0,71.0,6.1,68.6,2.76,60.6,158.9,24.0,0
39.0,1,0,0,0,1,26.7,95.1,0.0,0.0,1.0,0.0,126.2,77.7,192.0,95.0,6.1,58.3,14.33,63.2,154.4,26.5,0
35.0,1,0,0,0,1,27.2,96.2,0.0,0.0,1.0,0.0,106.7,71.3,166.0,85.0,4.9,72.5,3.25,81.0,176.3,26.1,0
31.0,1,0,0,0,1,41.1,117.9,0.0,0.0,1.0,0.0,123.3,76.5,215.0,63.0,5.9,122.3,1.15,94.4,154.1,39.7,0
33.0,1,0,0,0,1,26.2,78.1,0.0,0.0,1.0,0.0,130.0,78.0,208.0,45.0,3.9,119.9,10.99,60.6,150.1,26.9,0
53.0,1,0,0,0,1,22.0,87.6,0.0,0.0,1.0,0.0,136.2,83.9,188.0,34.0,5.8,92.8,10.29,47.2,149.1,21.3,0
49.0,1,0,0,0,1,38.8,109.9,0.0,0.0,1.0,0.0,107.5,70.2,168.0,49.0,5.3,76.0,6.99,87.7,165.2,32.1,0
33.0,1,0,0,0,1,49.3,135.2,0.0,0.0,1.0,0.0,123.6,77.3,184.0,63.0,5.8,77.4,10.52,111.1,152.7,47.6,0
32.0,1,0,0,0,1,35.3,105.6,0.0,0.0,1.0,0.0,128.0,83.8,200.0,36.0,7.4,126.1,12.18,95.8,185.1,28.0,0
51.0,1,0,0,0,1,33.1,106.6,0.0,0.0,1.0,0.0,133.8,81.2,170.0,33.0,4.6,104.4,8.33,91.0,175.3,29.6,0
50.0,1,0,0,0,1,27.8,87.6,0.0,0.0,1.0,0.0,124.5,85.2,219.0,65.0,5.6,88.5,13.84,63.2,153.7,26.8,0
56.0,1,0,0,0,1,30.9,84.9,0.0,0.0,1.0,0.0,123.3,79.9,204.0,36.0,6.4,69.5,12.5,65.9,146.5,30.7,0
55.0,1,0,0,0,1,27.0,95.2,0.0,0.0,1.0,0.0,109.5,74.3,204.0,89.0,5.5,99.2,9.17,62.0,151.4,27.1,0
44.0,1,0,0,0,1,25.2,85.6,0.0,0.0,1.0,0.0,128.8,77.4,224.0,37.0,6.9,94.8,12.23,47.6,151.6,20.7,0
28.0,1,0,0,0,1,37.2,103.9,0.0,0.0,1.0,0.0,124.7,76.6,180.0,43.0,5.5,118.9,9.21,97.1,162.3,36.9,0
67.0,1,0,0,0,1,37.5,117.9,0.0,0.0,1.0,0.0,144.7,89.7,140.0,51.0,5.4,62.0,7.48,95.3,162.4,36.1,0
40.0,1,0,0,0,1,28.2,87.1,0.0,0.0,1.0,0.0,114.2,71.4,193.0,61.0,4.9,93.7,3.81,87.9,180.8,26.9,0
72.0,1,0,0,0,1,28.1,89.9,0.0,0.0,1.0,0.0,116.8,82.9,161.0,88.0,4.9,74.3,3.32,75.4,169.2,26.3,0
49.0,1,0,0,0,1,39.6,122.7,0.0,0.0,1.0,0.0,103.1,69.7,190.0,88.0,5.7,113.7,15.57,82.6,156.2,33.8,0
31.0,1,0,0,0,1,25.9,85.3,0.0,0.0,1.0,0.0,104.8,72.1,209.0,53.0,5.4,105.6,10.14,48.6,154.7,20.3,0
67.0,1,0,0,0,1,28.3,80.3,0.0,0.0,1.0,0.0,111.2,71.9,157.0,51.0,6.2,64.2,4.16,69.4,157.9,27.8,0
47.0,1,0,0,0,1,49.8,141.6,0.0,0.0,1.0,0.0,133.0,82.6,168.0,48.0,5.2,89.5,10.61,127.9,165.3,46.8,0
74.0,1,0,0,0,1,20.5,80.7,0.0,0.0,1.0,0.0,119.3,79.4,184.0,66.0,5.7,111.8,7.14,44.2,164.7,16.3,0
33.0,1,0,0,0,1,25.7,84.0,0.0,0.0,1.0,0.0,108.1,72.7,166.0,32.0,5.3,86.4,8.97,71.5,166.5,25.8,0
56.0,1,0,0,0,1,26.2,87.1,0.0,0.0,1.0,0.0,125.7,62.9,220.0,45.0,5.4,77.8,2.21,67.3,158.5,26.8,0
43.0,1,0,0,0,1,40.3,117.5,0.0,0.0,1.0,0.0,109.9,67.6,175.0,40.0,5.9,94.8,9.3,99.8,168.2,35.3,0
65.0,1,0,0,0,1,25.2,90.9,0.0,0.0,1.0,0.0,128.9,69.5,199.0,52.0,5.1,88.4,5.1,74.0,172.1,25.0,0
70.0,1,0,0,0,1,23.5,93.4,0.0,0.0,1.0,0.0,128.2,79.4,195.0,59.0,6.6,63.2,13.71,52.4,175.5,17.0,0
63.0,1,0,0,0,1,44.8,135.2,0.0,0.0,1.0,0.0,110.7,75.9,255.0,45.0,5.8,100.4,17.04,113.4,162.3,43.0,0
70.0,1,0,0,0,1,29.0,98.4,0.0,0.0,1.0,0.0,96.7,64.7,176.0,46.0,5.9,104.2,10.24,70.8,158.5,28.2,0
48.0,1,0,0,0,1,35.2,114.5,0.0,0.0,1.0,0.0,125.1,75.7,212.0,31.0,5.5,77.5,31.1,82.2,154.2,34.6,0
76.0,1,0,0,0,1,25.7,93.8,0.0,0.0,1.0,0.0,110.5,61.7,170.0,44.0,5.8,73.9,12.87,58.9,152.0,25.5,0
31.0,1,0,0,0,1,23.6,82.9,0.0,0.0,1.0,0.0,140.7,80.6,204.0,57.0,5.9,113.5,6.08,55.9,150.4,24.7,0
71.0,1,0,0,0,1,35.1,103.4,0.0,0.0,1.0,0.0,111.5,79.8,232.0,41.0,5.4,72.9,14.47,78.7,153.3,33.5,0
34.0,1,0,0,0,1,33.6,92.3,0.0,0.0,1.0,0.0,115.1,72.5,186.0,39.0,5.2,128.0,5.76,73.9,152.5,31.8,0
54.0,1,0,0,0,1,32.8,101.6,0.0,0.0,1.0,0.0,108.6,71.3,168.0,69.0,5.3,101.3,8.25,87.5,164.8,32.2,0
36.0,1,0,0,0,1,22.9,73.4,0.0,0.0,1.0,0.0,111.3,71.6,162.0,71.0,5.6,120.5,6.89,51.5,153.2,22.0,0
45.0,1,0,0,0,1,28.7,97.4,0.0,0.0,1.0,0.0,137.3,77.4,147.0,87.0,5.2,89.7,8.03,79.2,172.5,26.6,0
28.0,1,0,0,0,1,30.6,87.9,0.0,0.0,1.0,0.0,114.4,58.2,230.0,46.0,5.9,125.1,9.56,82.4,167.2,29.5,0
22.0,1,0,0,0,1,21.0,67.4,0.0,0.0,1.0,0.0,109.7,63.4,178.0,81.0,5.0,105.0,8.55,49.4,153.5,21.0,0
51.0,1,0,0,0,1,26.8,96.4,0.0,0.0,1.0,0.0,112.1,77.9,228.0,44.0,9.1,110.0,29.5,66.5,160.0,26.0,0
71.0,1,0,0,0,1,25.4,99.2,0.0,0.0,1.0,0.0,108.6,67.0,229.0,54.0,4.9,101.1,23.07,66.8,159.2,26.4,0
45.0,1,0,0,0,1,37.1,107.5,0.0,0.0,1.0,0.0,111.6,75.4,214.0,40.0,5.9,108.5,8.34,78.5,156.8,31.9,0
73.0,1,0,0,0,1,25.9,76.9,0.0,0.0,1.0,0.0,147.6,77.7,231.0,42.0,6.3,96.1,6.34,58.3,150.1,25.9,0
67.0,1,0,0,0,1,28.2,93.6,0.0,0.0,1.0,0.0,128.0,73.5,202.0,40.0,6.9,61.2,4.95,73.4,168.8,25.7,0
69.0,1,0,0,0,1,31.1,106.1,0.0,0.0,1.0,0.0,123.5,75.6,156.0,87.0,5.8,104.0,4.05,69.9,154.3,29.3,0
26.0,1,0,0,0,1,22.7,88.0,0.0,0.0,1.0,0.0,108.3,77.1,185.0,37.0,5.9,80.5,5.01,49.0,146.8,22.7,0
20.0,1,0,0,0,1,35.5,97.3,0.0,0.0,1.0,0.0,126.9,75.1,156.0,76.0,6.0,107.7,27.77,80.6,157.5,32.5,0
57.0,1,0,0,0,1,23.3,90.4,0.0,0.0,1.0,0.0,104.5,75.7,204.0,42.0,5.9,96.6,9.22,61.5,160.3,23.9,0
41.0,1,0,0,0,1,53.9,142.4,0.0,0.0,1.0,0.0,102.9,72.4,164.0,40.0,4.9,104.3,33.07,115.9,154.3,48.7,0
72.0,1,0,0,0,1,26.5,92.7,0.0,0.0,1.0,0.0,122.8,78.9,95.0,73.0,5.3,51.3,10.2,63.1,158.2,25.2,0
64.0,1,0,0,0,1,33.0,95.9,0.0,0.0,1.0,0.0,133.3,82.3,153.0,40.0,4.9,97.3,4.03,79.3,156.1,32.6,0
35.0,1,0,0,0,1,28.0,95.6,0.0,0.0,1.0,0.0,126.6,81.1,195.0,49.0,6.2,103.7,5.65,55.6,158.6,22.1,0
70.0,1,0,0,0,1,47.0,134.0,0.0,0.0,1.0,0.0,111.1,72.9,225.0,38.0,5.7,52.4,7.47,93.3,154.0,39.3,0
35.0,1,0,0,0,1,38.5,121.7,0.0,0.0,1.0,0.0,132.5,82.7,205.0,52.0,5.5,71.3,12.82,105.5,167.7,37.5,0
35.0,1,0,0,0,1,24.2,88.4,0.0,0.0,1.0,0.0,133.1,84.1,233.0,55.0,5.0,84.3,11.85,60.8,157.8,24.4,0
24.0,1,0,0,0,1,47.8,128.8,0.0,0.0,1.0,0.0,96.1,72.1,177.0,67.0,6.1,114.3,25.86,101.2,150.6,44.6,0
53.0,1,0,0,0,1,46.2,124.4,0.0,0.0,1.0,0.0,109.5,70.5,176.0,75.0,6.0,104.3,8.73,111.9,157.5,45.1,0
32.0,1,0,0,0,1,20.5,81.2,0.0,0.0,1.0,0.0,123.5,76.7,188.0,50.0,5.2,90.3,8.3,51.1,158.3,20.4,0
41.0,1,0,0,0,1,22.5,74.0,0.0,0.0,1.0,0.0,113.1,71.3,135.0,73.0,5.8,101.3,7.33,56.5,158.5,22.5,0
55.0,1,0,0,0,1,39.6,106.5,0.0,0.0,1.0,0.0,107.1,71.4,205.0,51.0,6.0,106.0,7.0,96.3,158.2,38.5,0
75.0,1,0,0,0,1,23.1,80.3,0.0,0.0,1.0,0.0,128.7,78.2,162.0,79.0,5.3,122.0,8.89,43.2,154.9,18.0,0
39.0,1,0,0,0,1,37.7,106.7,0.0,0.0,1.0,0.0,120.1,75.3,183.0,45.0,5.6,100.1,3.41,94.0,157.3,38.0,0
57.0,1,0,0,0,1,39.4,111.6,0.0,0.0,1.0,0.0,110.3,71.2,221.0,57.0,5.9,80.1,5.65,81.6,157.7,32.8,0
31.0,1,0,0,0,1,32.0,100.1,0.0,0.0,1.0,0.0,110.0,78.2,108.0,48.0,6.0,102.9,44.24,75.2,153.3,32.0,0
59.0,1,0,0,0,1,22.0,58.4,0.0,0.0,1.0,0.0,126.6,72.6,233.0,82.0,5.4,49.3,7.11,53.0,157.6,21.3,0
39.0,1,0,0,0,1,38.8,111.4,0.0,0.0,1.0,0.0,129.4,82.3,199.0,50.0,4.9,126.7,17.16,86.4,151.5,37.6,0
48.0,1,0,0,0,1,37.1,127.1,0.0,0.0,1.0,0.0,108.0,76.1,163.0,40.0,5.8,59.3,6.01,89.9,155.8,37.1,0
35.0,1,0,0,0,1,37.0,102.3,0.0,0.0,1.0,0.0,108.7,68.7,162.0,87.0,5.2,135.1,11.81,78.6,151.8,34.1,0
40.0,1,0,0,0,1,27.0,95.6,0.0,0.0,1.0,0.0,105.3,70.3,201.0,24.0,5.2,97.7,0.3,89.9,187.7,25.5,0
61.0,1,0,0,0,1,43.9,118.8,0.0,0.0,1.0,0.0,138.1,83.6,228.0,36.0,5.8,106.3,7.21,96.9,151.8,42.1,0
73.0,1,0,0,0,1,29.0,94.1,0.0,0.0,1.0,0.0,135.5,75.7,148.0,80.0,7.2,57.5,8.8,77.6,167.5,27.6,0
50.0,1,0,0,0,1,33.8,100.8,0.0,0.0,1.0,0.0,109.5,74.8,177.0,44.0,5.6,74.8,56.78,77.6,164.7,28.6,0
51.0,1,0,0,0,1,40.9,129.3,0.0,0.0,1.0,0.0,116.9,81.6,192.0,79.0,6.2,100.2,7.56,97.3,159.5,38.2,0
67.0,1,0,0,0,1,26.0,87.9,0.0,0.0,1.0,0.0,106.9,75.0,237.0,53.0,4.9,89.4,8.12,52.7,141.5,26.3,0
37.0,1,0,0,0,1,38.0,115.4,0.0,0.0,1.0,0.0,124.4,78.6,175.0,40.0,4.9,96.5,3.8,94.5,158.9,37.4,0
51.0,1,0,0,0,1,31.5,103.0,0.0,0.0,1.0,0.0,126.1,78.7,188.0,57.0,5.1,96.4,8.07,78.6,158.5,31.3,0
36.0,1,0,0,0,1,31.2,92.9,0.0,0.0,1.0,0.0,108.7,74.7,185.0,43.0,5.2,76.3,11.97,56.3,157.3,22.7,0
68.0,1,0,0,0,1,26.6,83.9,0.0,0.0,1.0,0.0,122.7,74.2,124.0,95.0,5.5,56.9,3.48,65.0,160.2,25.3,0
55.0,1,0,0,0,1,43.2,124.0,0.0,0.0,1.0,0.0,144.7,92.5,180.0,48.0,4.8,76.9,916.96,102.8,162.7,38.8,0
48.0,1,0,0,0,1,25.6,83.7,0.0,0.0,1.0,0.0,139.4,69.5,197.0,56.0,5.6,115.0,5.45,66.2,159.4,26.0,0
42.0,1,0,0,0,1,32.6,101.4,0.0,0.0,1.0,0.0,119.1,66.5,173.0,44.0,5.4,100.9,33.74,77.2,157.0,31.3,0
66.0,1,0,0,0,1,23.3,80.7,0.0,0.0,1.0,0.0,121.6,73.3,217.0,94.0,5.5,95.2,6.85,52.8,153.0,22.6,0
67.0,1,0,0,0,1,27.8,86.4,0.0,0.0,1.0,0.0,112.0,78.0,178.0,81.0,5.6,75.0,5.23,69.1,160.6,26.8,0
73.0,1,0,0,0,1,30.3,105.0,0.0,0.0,1.0,0.0,139.8,85.1,185.0,57.0,5.2,59.0,38.62,95.1,181.3,28.9,0
38.0,1,0,0,0,1,31.8,91.5,0.0,0.0,1.0,0.0,118.8,73.7,211.0,40.0,5.9,92.7,7.77,82.6,164.5,30.5,0
43.0,1,0,0,0,1,23.1,90.7,0.0,0.0,1.0,0.0,103.8,72.9,193.0,60.0,4.9,95.7,15.12,50.4,151.5,22.0,0
34.0,1,0,0,0,1,26.2,84.8,0.0,0.0,1.0,0.0,116.5,80.6,221.0,43.0,5.3,111.9,13.57,52.7,156.8,21.4,0
36.0,1,0,0,0,1,34.1,107.1,0.0,0.0,1.0,0.0,93.1,72.5,220.0,55.0,5.9,72.7,10.75,66.3,153.2,28.2,0
39.0,1,0,0,0,1,35.6,106.5,0.0,0.0,1.0,0.0,91.3,61.9,112.0,35.0,5.4,99.8,6.93,98.8,165.3,36.2,0
59.0,1,0,0,0,1,22.5,83.6,0.0,0.0,1.0,0.0,90.6,67.0,205.0,71.0,6.1,48.5,249.82,47.3,156.9,19.2,0
56.0,1,0,0,0,1,36.9,110.7,0.0,0.0,1.0,0.0,127.9,78.5,276.0,30.0,5.5,98.7,3.48,90.9,162.3,34.5,0
70.0,1,0,0,0,1,29.2,96.7,0.0,0.0,1.0,0.0,134.3,97.0,209.0,63.0,5.2,80.3,7.15,72.4,157.9,29.0,0
63.0,1,0,0,0,1,33.7,94.1,0.0,0.0,1.0,0.0,118.8,73.2,191.0,58.0,5.8,110.2,6.36,78.0,153.7,33.0,0
48.0,1,0,0,0,1,27.6,88.7,0.0,0.0,1.0,0.0,111.8,72.9,154.0,46.0,5.5,74.5,5.97,72.8,162.1,27.7,0
36.0,1,0,0,0,1,22.0,76.4,0.0,0.0,1.0,0.0,106.3,76.1,168.0,47.0,4.7,129.5,4.06,63.3,166.6,22.8,0
36.0,1,0,0,0,1,32.9,98.7,0.0,0.0,1.0,0.0,127.9,79.8,200.0,43.0,6.6,118.9,5.66,80.6,157.1,32.7,0
73.0,1,0,0,0,1,22.6,90.7,0.0,0.0,1.0,0.0,109.2,73.8,243.0,40.0,6.6,72.4,7.93,51.7,152.9,22.1,0
29.0,1,0,0,0,1,20.9,69.7,0.0,0.0,1.0,0.0,132.0,75.9,237.0,40.0,5.5,114.9,19.82,53.4,158.3,21.3,0
50.0,1,0,0,0,1,22.4,75.5,0.0,0.0,1.0,0.0,132.9,85.8,236.0,75.0,6.1,110.8,16.81,48.4,148.5,21.9,0
60.0,1,0,0,0,1,24.3,59.7,0.0,0.0,1.0,0.0,100.1,68.4,183.0,47.0,5.3,90.5,6.96,55.9,158.5,22.2,0
48.0,1,0,0,0,1,48.1,127.4,0.0,0.0,1.0,0.0,108.7,72.9,173.0,39.0,11.6,108.5,3.15,116.8,156.1,47.9,0
41.0,1,0,0,0,1,37.7,107.4,0.0,0.0,1.0,0.0,133.5,81.1,176.0,38.0,5.6,101.6,0.3,79.7,158.2,31.9,0
24.0,1,0,0,0,1,47.1,147.0,0.0,0.0,1.0,0.0,103.5,67.7,228.0,81.0,5.5,106.1,6.58,107.1,152.6,46.0,0
52.0,1,0,0,0,1,34.2,109.0,0.0,0.0,1.0,0.0,113.7,73.8,180.0,45.0,5.7,112.3,9.98,94.3,168.0,33.4,0
48.0,1,0,0,0,1,34.3,109.0,0.0,0.0,1.0,0.0,100.1,70.2,176.0,90.0,6.0,88.0,13.24,79.9,158.5,31.8,0
30.0,1,0,0,0,1,20.3,71.3,0.0,0.0,1.0,0.0,111.5,72.7,231.0,40.0,5.3,114.3,8.02,40.5,142.2,20.0,0
79.0,1,0,0,0,1,28.3,91.6,0.0,0.0,1.0,0.0,99.7,66.8,205.0,113.0,5.8,58.1,44.38,64.3,156.0,26.4,0
55.0,1,0,0,0,1,26.7,78.1,0.0,0.0,1.0,0.0,128.3,77.6,207.0,36.0,5.9,55.7,8.42,62.9,156.3,25.8,0
44.0,1,0,0,0,1,39.0,118.6,0.0,0.0,1.0,0.0,119.3,79.6,121.0,59.0,5.7,101.1,5.2,102.8,158.2,41.1,0
31.0,1,0,0,0,1,45.0,125.4,0.0,0.0,1.0,0.0,107.6,75.2,243.0,84.0,4.9,116.1,7.28,90.7,156.6,37.0,0
35.0,1,0,0,0,1,38.2,121.0,0.0,0.0,1.0,0.0,128.4,99.5,167.0,39.0,4.9,115.7,11.06,88.3,156.5,36.1,0
50.0,1,0,0,0,1,29.6,97.9,0.0,0.0,1.0,0.0,129.6,76.4,177.0,72.0,5.4,99.1,3.61,74.2,156.1,30.5,0
36.0,1,0,0,0,1,45.4,124.7,0.0,0.0,1.0,0.0,131.1,73.1,183.0,84.0,6.0,110.4,8.21,95.6,150.5,42.2,0
76.0,1,0,0,0,1,21.8,86.4,0.0,0.0,1.0,0.0,132.7,74.9,214.0,90.0,5.5,69.0,4.51,52.2,158.2,20.8,0
75.0,1,0,0,0,1,21.6,80.5,0.0,0.0,1.0,0.0,105.3,64.1,161.0,78.0,5.5,91.2,10.7,52.2,159.0,20.6,0
45.0,1,0,0,0,1,50.8,139.6,0.0,0.0,1.0,0.0,108.7,71.9,157.0,58.0,5.9,114.0,6.6,138.0,173.4,45.9,0
34.0,1,0,0,0,1,23.5,76.4,0.0,0.0,1.0,0.0,95.2,66.2,213.0,71.0,5.5,82.9,8.6,53.1,153.7,22.5,0
77.0,1,0,0,0,1,27.5,99.1,0.0,0.0,1.0,0.0,131.0,78.7,161.0,70.0,5.5,66.6,23.15,72.5,163.2,27.2,0
34.0,1,0,0,0,1,39.6,100.4,0.0,0.0,1.0,0.0,115.5,64.5,202.0,41.0,5.9,112.5,2.92,93.7,158.1,37.5,0
55.0,1,0,0,0,1,31.6,99.8,0.0,0.0,1.0,0.0,98.1,71.1,163.0,55.0,5.0,113.4,9.9,85.2,167.2,30.5,0
66.0,1,0,0,0,1,23.4,92.7,0.0,0.0,1.0,0.0,112.3,72.5,217.0,51.0,5.5,101.3,3.43,57.3,157.9,23.0,0
21.0,1,0,0,0,1,33.4,113.4,0.0,0.0,1.0,0.0,103.6,70.2,194.0,48.0,5.2,103.5,6.58,57.3,142.8,28.1,0
18.0,1,0,0,0,1,28.8,89.4,0.0,0.0,1.0,0.0,109.4,78.2,174.0,51.0,4.6,127.5,7.59,64.6,159.9,25.3,0
34.0,1,0,0,0,1,36.3,107.2,0.0,0.0,1.0,0.0,107.1,66.4,195.0,94.0,5.4,121.7,11.32,80.6,158.0,32.3,0
55.0,1,0,0,0,1,37.8,109.4,0.0,0.0,1.0,0.0,119.3,81.6,196.0,41.0,5.7,95.2,8.53,67.6,149.7,30.2,0
68.0,1,0,0,0,1,27.8,98.0,0.0,0.0,1.0,0.0,100.2,56.8,168.0,27.0,5.8,101.6,3.56,84.9,174.1,28.0,0
33.0,1,0,0,0,1,23.0,78.8,0.0,0.0,1.0,0.0,122.0,77.6,212.0,33.0,5.5,120.7,8.81,54.4,157.5,21.9,0
40.0,1,0,0,0,1,32.5,100.0,0.0,0.0,1.0,0.0,112.3,74.7,214.0,36.0,5.2,91.7,6.44,75.9,157.1,30.7,0
35.0,1,0,0,0,1,26.1,102.4,0.0,0.0,1.0,0.0,133.5,86.3,249.0,38.0,5.4,124.5,10.16,58.2,150.8,25.6,0
71.0,1,0,0,0,1,37.4,103.9,0.0,0.0,1.0,0.0,126.4,75.1,181.0,78.0,5.6,81.0,10.02,88.3,157.3,35.7,0
71.0,1,0,0,0,1,37.0,101.8,0.0,0.0,1.0,0.0,113.2,68.0,160.0,38.0,6.4,90.1,4.39,87.9,158.1,35.2,0
35.0,1,0,0,0,1,30.3,101.3,0.0,0.0,1.0,0.0,128.7,80.3,155.0,55.0,5.6,123.3,11.31,65.2,147.6,29.9,0
70.0,1,0,0,0,1,28.4,91.5,0.0,0.0,1.0,0.0,125.9,80.3,177.0,41.0,12.4,107.4,2.53,79.7,159.0,31.5,0
44.0,1,0,0,0,1,26.5,80.0,0.0,0.0,1.0,0.0,134.3,86.5,224.0,66.0,6.7,93.6,7.08,61.8,158.3,24.7,0
71.0,1,0,0,0,1,24.5,94.7,0.0,0.0,1.0,0.0,133.5,80.1,218.0,57.0,5.7,74.4,9.73,67.4,159.0,26.7,0
64.0,1,0,0,0,1,38.2,120.4,0.0,0.0,1.0,0.0,106.1,72.4,233.0,80.0,5.6,93.5,26.62,93.7,159.4,36.9,0
40.0,1,0,0,0,1,30.2,96.1,0.0,0.0,1.0,0.0,115.0,80.4,194.0,40.0,5.6,99.0,1.92,66.8,150.8,29.4,0
69.0,1,0,0,0,1,24.0,80.0,0.0,0.0,1.0,0.0,125.0,73.7,205.0,100.0,5.7,47.2,2.2,47.6,159.4,18.7,0
61.0,1,0,0,0,1,33.1,111.6,0.0,0.0,1.0,0.0,126.9,78.5,185.0,70.0,6.3,98.0,8.06,81.1,158.2,32.4,0
28.0,1,0,0,0,1,35.5,114.3,0.0,0.0,1.0,0.0,129.6,80.2,221.0,49.0,5.7,80.4,7.13,90.9,164.5,33.6,0
35.0,1,0,0,0,1,33.7,100.9,0.0,0.0,1.0,0.0,107.2,70.3,112.0,41.0,5.7,128.6,1.77,96.8,170.3,33.4,0
54.0,1,0,0,0,1,39.1,116.4,0.0,0.0,1.0,0.0,127.6,83.5,236.0,32.0,5.0,108.7,8.94,86.9,154.4,36.5,0
47.0,1,0,0,0,1,22.2,71.9,0.0,0.0,1.0,0.0,117.2,79.7,179.0,53.0,6.2,61.0,26.8,37.5,159.7,14.7,0
35.0,1,0,0,0,1,46.4,129.1,0.0,0.0,1.0,0.0,102.3,69.7,146.0,41.0,5.2,115.4,7.69,108.4,156.4,44.3,0
59.0,1,0,0,0,1,29.5,105.8,0.0,0.0,1.0,0.0,123.3,75.6,197.0,61.0,5.7,78.5,0.3,72.7,159.5,28.6,0
33.0,1,0,0,0,1,24.1,88.0,0.0,0.0,1.0,0.0,124.7,83.8,134.0,50.0,5.3,86.9,6.82,59.4,167.9,21.1,0
22.0,1,0,0,0,1,25.8,88.5,0.0,0.0,1.0,0.0,101.2,70.3,125.0,41.0,5.3,113.7,13.02,74.5,168.3,26.3,0
52.0,1,0,0,0,1,38.8,112.5,0.0,0.0,1.0,0.0,109.6,65.1,166.0,52.0,5.5,75.4,7.37,95.6,159.7,37.5,0
64.0,1,0,0,0,1,43.0,116.5,0.0,0.0,1.0,0.0,129.6,77.5,169.0,72.0,5.4,110.9,10.23,120.3,167.9,42.7,0
59.0,1,0,0,0,1,27.9,94.5,0.0,0.0,1.0,0.0,111.7,74.1,230.0,71.0,5.6,71.6,10.09,76.6,165.0,28.1,0
43.0,1,0,0,0,1,37.7,116.8,0.0,0.0,1.0,0.0,128.7,76.9,211.0,35.0,5.9,98.3,13.18,78.1,147.0,36.1,0
35.0,1,0,0,0,1,29.2,94.1,0.0,0.0,1.0,0.0,117.4,73.3,238.0,64.0,5.5,88.9,50.86,66.5,152.0,28.8,0
30.0,1,0,0,0,1,29.3,91.6,0.0,0.0,1.0,0.0,165.0,94.8,179.0,61.0,5.0,79.0,8.45,62.7,154.4,26.3,0
34.0,1,0,0,0,1,40.6,109.2,0.0,0.0,1.0,0.0,118.2,64.7,175.0,38.0,5.3,105.0,2.48,118.7,172.0,40.1,0
66.0,1,0,0,0,1,26.8,94.8,0.0,0.0,1.0,0.0,135.4,72.4,148.0,92.0,6.3,76.5,11.94,69.7,167.1,24.9,0
58.0,1,0,0,0,1,40.6,105.8,0.0,0.0,1.0,0.0,109.2,82.6,195.0,43.0,5.7,88.5,10.84,98.1,168.8,34.4,0
36.0,1,0,0,0,1,34.5,102.2,0.0,0.0,1.0,0.0,113.3,75.7,178.0,44.0,5.5,107.4,9.31,63.6,145.8,29.9,0
30.0,1,0,0,0,1,51.4,146.6,0.0,0.0,1.0,0.0,133.4,74.4,93.0,75.0,5.9,122.8,7.5,115.5,153.5,49.0,0
31.0,1,0,0,0,1,26.7,86.5,0.0,0.0,1.0,0.0,97.0,79.6,138.0,64.0,5.1,101.0,42.01,67.9,160.1,26.5,0
44.0,1,0,0,0,1,58.7,144.0,0.0,0.0,1.0,0.0,131.6,88.2,236.0,37.0,5.8,113.9,9.97,130.0,150.3,57.5,0
67.0,1,0,0,0,1,30.8,110.8,0.0,0.0,1.0,0.0,131.0,78.5,211.0,50.0,5.5,75.5,5.91,75.0,158.7,29.8,0
44.0,1,0,0,0,1,28.9,89.5,0.0,0.0,1.0,0.0,125.4,82.5,188.0,44.0,5.3,72.8,14.31,66.7,152.2,28.8,0
44.0,1,0,0,0,1,46.9,126.1,0.0,0.0,1.0,0.0,116.8,77.2,278.0,38.0,5.4,109.2,11.36,98.9,151.1,43.3,0
52.0,1,0,0,0,1,27.6,84.7,0.0,0.0,1.0,0.0,126.7,76.0,193.0,58.0,5.7,58.9,10.72,54.2,153.6,23.0,0
35.0,1,0,0,0,1,23.9,95.3,0.0,0.0,1.0,0.0,98.9,58.5,161.0,66.0,5.4,86.2,0.3,65.6,170.3,22.6,0
53.0,1,0,0,0,1,31.5,98.3,0.0,0.0,1.0,0.0,147.4,92.5,159.0,75.0,5.8,115.7,10.93,68.5,157.4,27.6,0
30.0,1,0,0,0,1,27.0,91.5,0.0,0.0,1.0,0.0,111.2,86.6,226.0,41.0,5.1,132.9,9.25,96.8,183.8,28.7,0
21.0,1,0,0,0,1,26.4,85.1,0.0,0.0,1.0,0.0,102.9,66.9,180.0,63.0,4.9,126.8,2.14,71.2,166.8,25.6,0
63.0,1,0,0,0,1,22.9,81.7,0.0,0.0,1.0,0.0,108.4,75.0,254.0,45.0,7.4,92.5,12.19,57.7,155.5,23.9,0
38.0,1,0,0,0,1,35.7,116.6,0.0,0.0,1.0,0.0,109.8,72.3,148.0,41.0,5.7,79.1,8.5,86.2,152.9,36.9,0
65.0,1,0,0,0,1,35.9,123.6,0.0,0.0,1.0,0.0,123.2,57.1,177.0,42.0,6.0,71.8,9.91,109.6,180.3,33.7,0
32.0,1,0,0,0,1,33.6,101.1,0.0,0.0,1.0,0.0,106.2,81.3,174.0,36.0,5.4,119.8,7.47,99.8,171.8,33.8,0
50.0,1,0,0,0,1,27.2,101.2,0.0,0.0,1.0,0.0,107.9,60.7,186.0,45.0,5.4,85.9,15.05,81.6,176.2,26.3,0
69.0,1,0,0,0,1,26.4,94.5,0.0,0.0,1.0,0.0,130.3,82.6,175.0,60.0,5.9,64.3,1.97,72.1,165.0,26.5,0
71.0,1,0,0,0,1,25.8,93.1,0.0,0.0,1.0,0.0,124.6,65.4,168.0,96.0,5.7,97.9,10.41,57.0,151.2,24.9,0
72.0,1,0,0,0,1,25.1,93.1,0.0,0.0,1.0,0.0,103.7,66.7,200.0,94.0,5.4,104.9,14.11,57.6,157.0,23.4,0
44.0,1,0,0,0,1,26.6,87.7,0.0,0.0,1.0,0.0,102.6,67.1,166.0,40.0,4.7,132.7,9.42,84.4,175.3,27.5,0
79.0,1,0,0,0,1,22.2,71.4,0.0,0.0,1.0,0.0,131.3,80.5,170.0,64.0,5.1,82.2,7.84,60.8,166.2,22.0,0
50.0,1,0,0,0,1,26.1,85.0,0.0,0.0,1.0,0.0,101.1,65.3,170.0,71.0,9.1,46.3,4.88,55.6,157.4,22.5,0
22.0,1,0,0,0,1,27.1,90.6,0.0,0.0,1.0,0.0,106.8,68.6,156.0,50.0,6.4,79.5,2.38,66.1,157.4,26.7,0
65.0,1,0,0,0,1,21.4,83.8,0.0,0.0,1.0,0.0,132.3,93.2,188.0,48.0,5.4,97.1,40.23,47.4,150.9,20.8,0
66.0,1,0,0,0,1,41.8,119.7,0.0,0.0,1.0,0.0,115.0,69.0,218.0,108.0,9.0,74.4,7.33,91.5,157.5,36.9,0
71.0,1,0,0,0,1,21.5,89.5,0.0,0.0,1.0,0.0,104.4,66.7,187.0,65.0,5.4,75.8,4.8,53.2,162.4,20.2,0
30.0,1,0,0,0,1,46.0,138.5,0.0,0.0,1.0,0.0,134.3,77.8,179.0,42.0,5.7,125.5,12.1,112.3,159.6,44.1,0
68.0,1,0,0,0,1,25.3,84.2,0.0,0.0,1.0,0.0,124.5,82.6,161.0,37.0,5.4,85.2,11.22,49.1,151.2,21.5,0
49.0,1,0,0,0,1,37.0,95.8,0.0,0.0,1.0,0.0,116.1,79.3,178.0,38.0,6.3,88.3,33.81,89.6,160.4,34.8,0
50.0,1,0,0,0,1,32.1,106.7,0.0,0.0,1.0,0.0,115.6,85.7,225.0,46.0,6.2,67.6,677.38,80.2,162.5,30.4,0
26.0,1,0,0,0,1,34.9,103.8,0.0,0.0,1.0,0.0,99.9,68.9,175.0,57.0,5.4,127.0,7.07,80.9,155.7,33.4,0
51.0,1,0,0,0,1,24.8,70.9,0.0,0.0,1.0,0.0,89.9,67.0,172.0,66.0,5.7,92.5,14.9,60.3,158.0,24.2,0
70.0,1,0,0,0,1,30.0,103.4,0.0,0.0,1.0,0.0,105.1,72.3,199.0,44.0,6.8,92.7,12.51,75.2,162.6,28.4,0
42.0,1,0,0,0,1,29.0,96.4,0.0,0.0,1.0,0.0,122.9,74.9,165.0,58.0,5.4,84.5,11.5,88.3,179.2,27.5,0
42.0,1,0,0,0,1,55.9,149.1,0.0,0.0,1.0,0.0,114.1,74.5,165.0,43.0,4.9,104.0,2.57,136.5,155.9,56.2,0
30.0,1,0,0,0,1,35.4,101.5,0.0,0.0,1.0,0.0,121.5,79.6,183.0,67.0,5.1,131.4,6.55,83.0,157.6,33.4,0
35.0,1,0,0,0,1,26.1,91.4,0.0,0.0,1.0,0.0,132.7,84.7,198.0,39.0,5.0,106.7,51.59,83.5,182.8,25.0,0
25.0,1,0,0,0,1,30.8,93.5,0.0,0.0,1.0,0.0,104.4,58.7,139.0,34.0,5.3,80.6,20.31,65.3,158.8,25.9,0
46.0,1,0,0,0,1,48.6,129.5,0.0,0.0,1.0,0.0,105.6,71.4,168.0,40.0,5.2,85.8,9.13,108.1,153.1,46.1,0
57.0,1,0,0,0,1,47.6,138.8,0.0,0.0,1.0,0.0,107.2,67.8,113.0,42.0,5.3,120.9,8.1,107.6,154.7,45.0,0
74.0,1,0,0,0,1,37.3,116.1,0.0,0.0,1.0,0.0,147.6,87.8,139.0,41.0,5.8,92.6,7.04,98.9,172.5,33.2,0
30.0,1,0,0,0,1,27.8,86.2,0.0,0.0,1.0,0.0,108.7,66.5,129.0,63.0,5.1,125.8,11.07,67.9,158.6,27.0,0
45.0,1,0,0,0,1,25.0,90.5,0.0,0.0,1.0,0.0,111.0,71.0,245.0,60.0,5.4,108.7,4.8,76.9,175.4,25.0,0
47.0,1,0,0,0,1,33.2,96.2,0.0,0.0,1.0,0.0,141.8,88.6,166.0,70.0,5.6,100.2,7.29,83.4,157.8,33.5,0
24.0,1,0,0,0,1,41.7,124.4,0.0,0.0,1.0,0.0,138.9,82.7,230.0,45.0,5.1,107.4,7.85,96.6,160.3,37.6,0
68.0,1,0,0,0,1,28.2,97.2,0.0,0.0,1.0,0.0,116.1,78.9,182.0,65.0,5.4,80.5,8.1,64.7,158.5,25.8,0
68.0,1,0,0,0,1,31.4,98.8,0.0,0.0,1.0,0.0,159.1,89.9,234.0,51.0,5.6,62.7,9.41,79.9,167.5,28.5,0
70.0,1,0,0,0,1,26.9,94.3,0.0,0.0,1.0,0.0,141.2,73.3,172.0,49.0,5.9,67.6,9.34,58.7,159.7,23.0,0
41.0,1,0,0,0,1,33.6,99.2,0.0,0.0,1.0,0.0,103.8,81.1,202.0,46.0,5.9,68.8,9.94,87.7,157.8,35.2,0
33.0,1,0,0,0,1,34.2,106.7,0.0,0.0,1.0,0.0,108.5,65.8,183.0,48.0,5.3,117.4,4.06,91.8,153.4,39.0,0
58.0,1,0,0,0,1,38.1,108.6,0.0,0.0,1.0,0.0,128.1,74.3,212.0,46.0,5.3,132.0,11.36,119.0,175.4,38.7,0
21.0,1,0,0,0,1,26.6,81.6,0.0,0.0,1.0,0.0,107.7,75.1,172.0,42.0,5.9,116.5,10.15,75.1,165.2,27.5,0
32.0,1,0,0,0,1,28.0,99.4,0.0,0.0,1.0,0.0,109.4,51.1,184.0,69.0,5.3,78.0,0.81,83.7,175.0,27.3,0
21.0,1,0,0,0,1,43.1,119.2,0.0,0.0,1.0,0.0,110.0,71.2,184.0,41.0,5.0,127.1,7.12,100.9,157.7,40.6,0
22.0,1,0,0,0,1,46.6,131.8,0.0,0.0,1.0,0.0,124.0,81.7,168.0,42.0,5.1,93.7,8.45,123.5,167.5,44.0,0
74.0,1,0,0,0,1,31.8,99.0,0.0,0.0,1.0,0.0,98.8,70.3,163.0,44.0,5.7,69.1,2.59,68.8,152.0,29.8,0
62.0,1,0,0,0,1,23.9,84.7,0.0,0.0,1.0,0.0,113.7,74.5,194.0,46.0,5.8,72.9,5.21,57.2,159.4,22.5,0
61.0,1,0,0,0,1,34.5,106.5,0.0,0.0,1.0,0.0,125.0,78.4,246.0,43.0,5.2,93.6,58.56,104.0,181.8,31.5,0
72.0,1,0,0,0,1,23.5,80.7,0.0,0.0,1.0,0.0,114.4,71.8,158.0,69.0,6.2,68.7,56.95,42.7,157.7,17.2,0
60.0,1,0,0,0,1,26.2,84.1,0.0,0.0,1.0,0.0,128.0,82.3,200.0,70.0,5.6,39.3,11.63,45.4,146.2,21.2,0
37.0,1,0,0,0,1,28.4,86.5,0.0,0.0,1.0,0.0,114.5,76.0,188.0,42.0,4.8,96.7,54.27,73.7,159.1,29.1,0
42.0,1,0,0,0,1,22.2,83.1,0.0,0.0,1.0,0.0,117.8,74.3,168.0,75.0,5.9,93.0,4.77,62.9,164.9,23.1,0
44.0,1,0,0,0,1,39.8,125.2,0.0,0.0,1.0,0.0,125.3,81.3,202.0,78.0,5.5,96.7,25.25,95.2,158.5,37.9,0
55.0,1,0,0,0,1,23.7,87.4,0.0,0.0,1.0,0.0,120.7,53.5,193.0,61.0,5.6,68.0,2.76,56.1,153.6,23.8,0
47.0,1,0,0,0,1,25.1,91.4,0.0,0.0,1.0,0.0,111.0,62.9,182.0,44.0,5.5,106.9,5.58,60.8,155.7,25.1,0
66.0,1,0,0,0,1,26.1,86.2,0.0,0.0,1.0,0.0,137.8,82.9,202.0,56.0,5.6,64.9,9.96,68.6,164.6,25.3,0
36.0,1,0,0,0,1,21.1,71.4,0.0,0.0,1.0,0.0,131.1,77.7,180.0,62.0,5.8,102.4,13.95,42.6,142.3,21.0,0
75.0,1,0,0,0,1,24.7,89.4,0.0,0.0,1.0,0.0,121.6,69.9,172.0,44.0,4.6,83.5,29.12,49.9,140.2,25.4,0
38.0,1,0,0,0,1,27.4,93.5,0.0,0.0,1.0,0.0,107.3,68.6,165.0,52.0,5.5,73.3,8.59,67.2,158.9,26.6,0
31.0,1,0,0,0,1,52.7,144.8,0.0,0.0,1.0,0.0,111.1,73.4,147.0,47.0,4.6,121.2,9.82,133.6,168.5,47.1,0
22.0,1,0,0,0,1,29.2,97.5,0.0,0.0,1.0,0.0,118.0,67.4,151.0,70.0,5.4,103.1,11.74,70.2,157.8,28.2,0
49.0,1,0,0,0,1,25.2,81.5,0.0,0.0,1.0,0.0,129.2,82.3,178.0,95.0,5.8,74.4,7.51,57.0,154.1,24.0,0
72.0,1,0,0,0,1,41.0,117.7,0.0,0.0,1.0,0.0,148.8,89.4,177.0,72.0,6.1,70.3,8.22,109.5,168.3,38.7,0
61.0,1,0,0,0,1,23.3,79.1,0.0,0.0,1.0,0.0,97.0,59.2,202.0,69.0,6.2,59.7,7.88,59.7,162.2,22.7,0
33.0,1,0,0,0,1,24.2,88.9,0.0,0.0,1.0,0.0,145.0,63.4,234.0,37.0,5.3,95.9,6.59,67.7,172.9,22.6,0
48.0,1,0,0,0,1,38.1,111.3,0.0,0.0,1.0,0.0,123.5,78.2,199.0,47.0,5.4,124.6,4.87,85.1,153.7,36.0,0
40.0,1,0,0,0,1,23.3,84.4,0.0,0.0,1.0,0.0,122.5,75.2,217.0,42.0,5.6,91.3,13.0,56.6,158.5,22.5,0
43.0,1,0,0,0,1,25.2,75.1,0.0,0.0,1.0,0.0,138.4,88.3,205.0,70.0,6.0,104.9,7.37,60.4,164.8,22.2,0
65.0,1,0,0,0,1,24.8,89.2,0.0,0.0,1.0,0.0,121.6,76.6,145.0,61.0,5.2,107.2,7.0,64.0,162.9,24.1,0
70.0,1,0,0,0,1,25.9,93.5,0.0,0.0,1.0,0.0,154.0,84.8,162.0,75.0,6.3,63.3,26.02,68.5,167.0,24.6,0
20.0,1,0,0,0,1,33.8,97.9,0.0,0.0,1.0,0.0,114.0,89.6,165.0,54.0,5.4,73.2,6.49,82.5,157.4,33.3,0
36.0,1,0,0,0,1,34.9,106.9,0.0,0.0,1.0,0.0,114.0,73.8,167.0,75.0,5.1,113.1,31.04,92.5,166.3,33.4,0
41.0,1,0,0,0,1,32.9,93.0,0.0,0.0,1.0,0.0,122.2,76.5,179.0,75.0,5.7,80.1,5.57,83.8,162.6,31.7,0
64.0,1,0,0,0,1,29.3,97.4,0.0,0.0,1.0,0.0,113.9,69.0,159.0,57.0,5.4,97.6,5.68,80.6,169.1,28.2,0
35.0,1,0,0,0,1,25.6,87.6,0.0,0.0,1.0,0.0,102.1,71.8,223.0,58.0,5.0,96.9,10.02,55.7,151.4,24.3,0
53.0,1,0,0,0,1,23.9,74.7,0.0,0.0,1.0,0.0,124.7,50.1,155.0,103.0,5.7,100.9,11.62,57.5,158.6,22.9,0
46.0,1,0,0,0,1,55.3,156.0,0.0,0.0,1.0,0.0,110.1,73.1,204.0,46.0,5.0,122.5,8.1,181.9,184.6,53.4,0
52.0,0,1,0,1,0,22.5,81.7,0.0,0.0,0.0,0.0,124.1,78.6,208.0,33.0,5.6,137.3,34.35,61.0,167.7,21.7,0
70.0,0,1,0,1,0,23.9,90.7,0.0,0.0,0.0,0.0,94.2,62.8,106.0,45.0,4.9,91.6,8.1,71.6,177.9,22.6,0
46.0,0,1,0,1,0,28.9,99.2,0.0,0.0,0.0,0.0,128.0,80.1,140.0,49.0,5.1,93.8,7.73,97.4,185.0,28.5,0
37.0,0,1,0,1,0,36.7,117.3,0.0,0.0,0.0,0.0,106.2,72.6,224.0,50.0,5.1,76.6,7.87,111.0,184.0,32.8,0
41.0,0,1,0,1,0,21.3,80.0,0.0,0.0,0.0,0.0,145.1,88.9,167.0,44.0,4.8,94.9,10.43,61.5,171.2,21.0,0
37.0,0,1,0,1,0,32.5,97.9,0.0,0.0,0.0,0.0,123.3,83.9,214.0,79.0,5.1,109.6,9.41,99.4,175.2,32.4,0
65.0,0,1,0,1,0,24.9,94.4,0.0,0.0,0.0,0.0,100.4,67.2,185.0,35.0,5.3,105.5,24.37,99.2,193.8,26.4,0
19.0,0,1,0,1,0,33.1,102.5,0.0,0.0,0.0,0.0,130.1,82.2,163.0,57.0,4.7,127.9,7.27,74.5,159.1,29.4,0
38.0,0,1,0,1,0,32.6,104.0,0.0,0.0,0.0,0.0,125.6,84.3,183.0,35.0,4.6,114.9,3.42,102.5,167.6,36.5,0
66.0,0,1,0,1,0,23.1,85.6,0.0,0.0,0.0,0.0,110.9,59.4,183.0,69.0,4.6,99.7,46.58,53.2,152.9,22.8,0
48.0,0,1,0,1,0,34.5,116.6,0.0,0.0,0.0,0.0,104.1,67.2,140.0,35.0,5.2,121.5,5.53,128.0,187.4,36.4,0
44.0,0,1,0,1,0,31.0,97.5,0.0,0.0,0.0,0.0,100.9,63.4,124.0,36.0,5.0,73.6,18.08,89.9,173.2,30.0,0
60.0,0,1,0,1,0,29.8,99.3,0.0,0.0,0.0,0.0,112.0,67.3,160.0,41.0,5.4,95.1,7.23,90.0,173.7,29.8,0
25.0,0,1,0,1,0,22.3,77.8,0.0,0.0,0.0,0.0,105.5,70.6,150.0,33.0,4.6,145.2,8.79,76.3,186.9,21.8,0
44.0,0,1,0,1,0,37.6,112.5,0.0,0.0,0.0,0.0,102.8,68.2,204.0,50.0,5.9,116.6,5.29,109.6,171.6,37.2,0
55.0,0,1,0,1,0,31.9,107.3,0.0,0.0,0.0,0.0,149.9,90.1,203.0,40.0,4.9,91.4,3.06,100.1,180.8,30.6,0
70.0,0,1,0,1,0,28.1,102.3,0.0,0.0,0.0,0.0,121.6,66.0,189.0,35.0,4.7,95.0,12.55,99.1,192.7,26.7,0
28.0,0,1,0,1,0,27.6,88.1,0.0,0.0,0.0,0.0,107.9,68.1,191.0,40.0,4.8,107.6,0.3,100.8,187.1,28.8,0
77.0,0,1,0,1,0,20.2,84.3,0.0,0.0,0.0,0.0,144.8,69.4,167.0,47.0,5.5,79.0,0.89,62.0,177.2,19.8,0
30.0,0,1,0,1,0,26.0,84.7,0.0,0.0,0.0,0.0,110.3,62.7,153.0,45.0,5.1,138.0,24.09,84.8,183.3,25.3,0
34.0,0,1,0,1,0,29.1,95.4,0.0,0.0,0.0,0.0,118.1,78.7,188.0,49.0,5.8,122.4,6.18,88.2,176.9,28.2,0
58.0,0,1,0,1,0,26.7,87.7,0.0,0.0,0.0,0.0,136.3,88.9,179.0,35.0,5.3,98.8,7.03,89.5,184.9,26.2,0
33.0,0,1,0,1,0,47.0,141.1,0.0,0.0,0.0,0.0,110.0,79.8,232.0,45.0,5.7,105.2,6.17,122.6,168.7,43.1,0
23.0,0,1,0,1,0,49.4,136.1,0.0,0.0,0.0,0.0,116.6,76.0,206.0,67.0,5.3,99.2,6.83,158.9,186.0,45.9,0
61.0,0,1,0,1,0,32.6,111.2,0.0,0.0,0.0,0.0,127.1,75.5,125.0,44.0,5.5,116.1,8.48,101.0,176.0,32.6,0
25.0,0,1,0,1,0,29.0,108.6,0.0,0.0,0.0,0.0,102.3,69.3,115.0,45.0,4.7,126.6,7.82,82.7,181.6,25.1,0
38.0,0,1,0,1,0,20.8,79.8,0.0,0.0,0.0,0.0,112.8,69.5,167.0,63.0,5.1,94.6,34.16,67.8,175.9,21.9,0
20.0,0,1,0,1,0,21.4,75.9,0.0,0.0,0.0,0.0,104.8,59.4,170.0,39.0,4.7,129.2,8.77,68.1,182.9,20.4,0
26.0,0,1,0,1,0,33.6,101.8,0.0,0.0,0.0,0.0,112.1,61.9,197.0,64.0,5.0,94.0,9.77,95.6,170.6,32.8,0
18.0,0,1,0,1,0,21.1,86.5,0.0,0.0,0.0,0.0,116.1,77.1,230.0,41.0,4.8,112.7,7.5,50.3,179.1,15.7,0
49.0,0,1,0,1,0,24.4,99.8,0.0,0.0,0.0,0.0,120.5,58.9,184.0,47.0,5.1,65.8,12.36,85.6,187.1,24.5,0
28.0,0,1,0,1,0,23.5,86.7,0.0,0.0,0.0,0.0,141.0,80.6,235.0,40.0,4.8,81.7,12.03,81.9,183.6,24.3,0
28.0,0,1,0,1,0,34.3,112.2,0.0,0.0,0.0,0.0,106.9,60.5,164.0,37.0,4.5,131.4,12.03,113.2,183.4,33.7,0
57.0,0,1,0,1,0,28.6,97.1,0.0,0.0,0.0,0.0,115.2,75.3,204.0,41.0,5.8,78.8,14.13,92.6,176.3,29.8,0
26.0,0,1,0,1,0,27.3,97.5,0.0,0.0,0.0,0.0,108.8,71.9,172.0,31.0,4.6,79.0,0.3,87.8,175.0,28.7,0
62.0,0,1,0,1,0,23.1,86.1,0.0,0.0,0.0,0.0,109.1,58.3,211.0,54.0,5.6,117.1,3.17,70.5,172.6,23.7,0
20.0,0,1,0,1,0,23.9,83.2,0.0,0.0,0.0,0.0,101.9,66.7,146.0,33.0,4.9,129.4,10.35,84.7,187.6,24.1,0
57.0,0,1,0,1,0,23.6,87.3,0.0,0.0,0.0,0.0,118.8,78.7,236.0,44.0,5.1,92.9,6.7,70.0,176.1,22.6,0
21.0,0,1,0,1,0,36.1,110.3,0.0,0.0,0.0,0.0,105.4,72.1,141.0,55.0,5.5,113.1,4.69,100.1,182.6,30.0,0
22.0,0,1,0,1,0,22.1,88.2,0.0,0.0,0.0,0.0,113.4,59.6,155.0,35.0,5.5,137.3,6.0,66.0,168.6,23.2,0
26.0,0,1,0,1,0,33.1,100.8,0.0,0.0,0.0,0.0,96.2,66.6,145.0,44.0,4.5,113.1,6.71,91.8,159.1,36.3,0
19.0,0,1,0,1,0,23.0,80.9,0.0,0.0,0.0,0.0,96.0,64.6,157.0,31.0,5.5,97.9,8.2,62.7,165.5,22.9,0
60.0,0,1,0,1,0,23.3,94.9,0.0,0.0,0.0,0.0,123.5,81.6,223.0,36.0,4.9,93.5,1.8,63.4,186.7,18.2,0
34.0,0,1,0,1,0,27.2,87.6,0.0,0.0,0.0,0.0,108.8,73.6,194.0,50.0,5.0,122.1,12.3,75.4,167.2,27.0,0
71.0,0,1,0,1,0,23.0,81.9,0.0,0.0,0.0,0.0,97.2,65.9,211.0,43.0,4.7,87.4,6.77,86.1,195.5,22.5,0
41.0,0,1,0,1,0,54.5,140.1,0.0,0.0,0.0,0.0,101.4,70.3,215.0,49.0,6.0,105.5,6.24,171.6,181.0,52.4,0
41.0,0,1,0,1,0,25.7,84.9,0.0,0.0,0.0,0.0,118.1,72.9,194.0,39.0,5.3,96.3,25.86,71.6,167.9,25.4,0
21.0,0,1,0,1,0,32.9,101.8,0.0,0.0,0.0,0.0,116.7,76.4,164.0,46.0,5.2,122.9,6.77,108.0,182.8,32.3,0
29.0,0,1,0,1,0,28.5,90.9,0.0,0.0,0.0,0.0,107.2,66.5,148.0,45.0,5.3,133.1,11.66,88.7,173.1,29.6,0
30.0,0,1,0,1,0,35.9,115.8,0.0,0.0,0.0,0.0,134.4,84.4,139.0,46.0,5.0,121.9,9.61,99.4,177.9,31.4,0
73.0,0,1,0,1,0,20.0,78.4,0.0,0.0,0.0,0.0,107.4,68.8,116.0,38.0,4.9,79.8,35.59,59.6,176.3,19.2,0
61.0,0,1,0,1,0,25.3,95.8,0.0,0.0,0.0,0.0,141.3,84.0,221.0,47.0,4.9,98.5,8.36,82.4,182.5,24.7,0
68.0,0,1,0,1,0,28.3,92.8,0.0,0.0,0.0,0.0,128.6,80.2,229.0,51.0,5.5,97.7,10.73,69.3,165.0,25.4,0
42.0,0,1,0,1,0,24.2,99.9,0.0,0.0,0.0,0.0,121.3,75.4,206.0,40.0,5.2,97.0,8.62,73.1,175.0,23.9,0
21.0,0,1,0,1,0,21.7,77.3,0.0,0.0,0.0,0.0,122.6,76.9,146.0,40.0,5.6,126.8,3.43,71.3,183.5,21.2,0
35.0,0,1,0,1,0,31.9,95.1,0.0,0.0,0.0,0.0,122.4,82.0,202.0,33.0,4.7,116.5,0.62,86.4,168.2,30.5,0
33.0,0,1,0,1,0,31.0,106.4,0.0,0.0,0.0,0.0,110.6,71.7,178.0,35.0,5.0,136.0,3.5,106.2,188.5,29.9,0
43.0,0,1,0,1,0,28.3,97.5,0.0,0.0,0.0,0.0,120.0,95.4,125.0,49.0,4.9,121.1,7.34,90.0,177.1,28.7,0
24.0,0,1,0,1,0,35.4,106.6,0.0,0.0,0.0,0.0,108.0,69.5,195.0,44.0,4.9,108.2,9.03,109.6,174.7,35.9,0
22.0,0,1,0,1,0,24.4,81.7,0.0,0.0,0.0,0.0,103.1,58.4,189.0,44.0,5.1,78.4,13.46,75.6,177.9,23.9,0
44.0,0,1,0,1,0,37.8,118.9,0.0,0.0,0.0,0.0,125.5,72.6,161.0,46.0,5.0,84.9,11.87,130.1,187.4,37.0,0
33.0,0,1,0,1,0,48.5,137.0,0.0,0.0,0.0,0.0,153.0,82.7,143.0,30.0,5.5,128.3,6.52,141.2,179.0,44.1,0
34.0,0,1,0,1,0,27.8,94.7,0.0,0.0,0.0,0.0,132.9,76.7,172.0,49.0,4.7,92.4,8.11,88.4,179.4,27.5,0
43.0,0,1,0,1,0,27.6,89.3,0.0,0.0,0.0,0.0,126.4,64.8,165.0,49.0,5.0,90.1,9.28,77.7,172.3,26.2,0
44.0,0,1,0,1,0,38.0,118.1,0.0,0.0,0.0,0.0,121.0,76.7,187.0,39.0,5.4,71.5,8.03,78.7,145.6,37.1,0
22.0,0,1,0,1,0,35.5,108.7,0.0,0.0,0.0,0.0,104.4,62.7,181.0,42.0,4.7,132.1,48.7,101.1,169.4,35.2,0
45.0,0,1,0,1,0,28.2,59.7,0.0,0.0,0.0,0.0,104.2,60.2,139.0,45.0,5.2,120.7,2.28,84.5,175.9,27.3,0
48.0,0,1,0,1,0,25.6,96.6,0.0,0.0,0.0,0.0,128.5,72.3,210.0,64.0,4.8,92.2,7.67,70.3,168.5,24.8,0
22.0,0,1,0,1,0,40.4,110.9,0.0,0.0,0.0,0.0,105.8,69.4,169.0,54.0,5.7,112.7,4.4,119.9,173.8,39.7,0
25.0,0,1,0,1,0,28.8,99.9,0.0,0.0,0.0,0.0,107.3,72.9,120.0,46.0,5.5,93.1,22.66,92.2,181.3,28.1,0
22.0,0,1,0,1,0,40.1,118.4,0.0,0.0,0.0,0.0,107.8,77.1,183.0,50.0,5.2,128.1,47.58,138.7,188.1,39.2,0
37.0,0,1,0,1,0,37.6,115.1,0.0,0.0,0.0,0.0,103.1,75.2,127.0,45.0,5.4,121.1,11.95,104.3,172.2,35.2,0
27.0,0,1,0,1,0,22.9,95.4,0.0,0.0,0.0,0.0,133.4,82.2,236.0,63.0,4.8,105.7,6.84,67.1,170.3,23.1,0
22.0,0,1,0,1,0,37.7,112.0,0.0,0.0,0.0,0.0,128.5,76.9,187.0,41.0,5.6,93.6,5.52,88.7,165.5,32.4,0
33.0,0,1,0,1,0,20.6,74.5,0.0,0.0,0.0,0.0,105.3,66.3,114.0,39.0,5.1,121.7,9.82,61.2,171.9,20.7,0
32.0,0,1,0,1,0,24.8,97.4,0.0,0.0,0.0,0.0,140.4,75.8,207.0,41.0,6.0,106.3,51.19,82.8,187.8,23.5,0
60.0,0,1,0,1,0,23.3,88.2,0.0,0.0,0.0,0.0,118.2,61.6,211.0,56.0,5.1,88.2,57.56,73.9,182.1,22.3,0
22.0,0,1,0,1,0,23.0,77.9,0.0,0.0,0.0,0.0,128.7,68.2,136.0,38.0,4.8,86.6,44.86,53.0,167.0,19.0,0
38.0,0,1,0,1,0,31.5,106.7,0.0,0.0,0.0,0.0,134.9,98.5,192.0,58.0,4.9,142.0,13.35,79.4,158.7,31.5,0
27.0,0,1,0,1,0,25.0,83.0,0.0,0.0,0.0,0.0,106.6,70.7,183.0,75.0,4.7,120.2,9.7,67.3,182.3,20.2,0
32.0,0,1,0,1,0,31.4,100.3,0.0,0.0,0.0,0.0,127.2,76.9,141.0,54.0,5.2,105.1,8.61,85.2,169.5,29.7,0
48.0,0,1,0,1,0,32.7,110.2,0.0,0.0,0.0,0.0,112.0,67.2,160.0,34.0,5.6,113.8,3.59,118.7,191.7,32.3,0
24.0,0,1,0,1,0,31.0,95.3,0.0,0.0,0.0,0.0,114.0,69.5,177.0,43.0,5.1,59.3,34.51,89.3,171.7,30.3,0
30.0,0,1,0,1,0,28.3,84.8,0.0,0.0,0.0,0.0,130.5,76.0,205.0,51.0,4.9,100.9,8.97,87.3,173.6,29.0,0
56.0,0,1,0,1,0,50.4,141.0,0.0,0.0,0.0,0.0,105.5,68.1,173.0,48.0,5.1,78.4,45.11,150.6,177.7,47.7,0
62.0,0,1,0,1,0,26.4,87.8,0.0,0.0,0.0,0.0,131.5,76.1,209.0,64.0,5.8,79.0,11.15,66.8,155.6,27.6,0
37.0,0,1,0,1,0,41.3,125.2,0.0,0.0,0.0,0.0,126.2,70.6,214.0,47.0,5.5,108.2,2.81,136.6,186.9,39.1,0
21.0,0,1,0,1,0,37.1,106.3,0.0,0.0,0.0,0.0,108.9,76.0,149.0,67.0,4.8,143.5,8.1,129.3,188.6,36.4,0
34.0,0,1,0,1,0,38.0,128.2,0.0,0.0,0.0,0.0,110.7,73.4,168.0,40.0,5.0,85.2,3.91,134.6,188.8,37.8,0
21.0,0,1,0,1,0,24.3,78.5,0.0,0.0,0.0,0.0,108.4,73.0,158.0,49.0,4.8,138.4,14.38,60.5,167.8,21.5,0
45.0,0,1,0,1,0,41.6,126.3,0.0,0.0,0.0,0.0,129.6,76.7,190.0,38.0,5.4,82.5,54.4,108.8,166.5,39.3,0
33.0,0,1,0,1,0,25.4,91.7,0.0,0.0,0.0,0.0,104.5,75.1,142.0,36.0,4.8,108.2,10.77,76.1,172.8,25.5,0
75.0,0,1,0,1,0,28.2,104.6,0.0,0.0,0.0,0.0,105.2,51.7,89.0,43.0,5.5,105.0,7.99,76.3,168.2,27.0,0
30.0,0,1,0,1,0,19.7,80.2,0.0,0.0,0.0,0.0,106.6,59.6,193.0,69.0,4.5,111.1,7.57,65.9,184.6,19.3,0
22.0,0,1,0,1,0,26.8,89.6,0.0,0.0,0.0,0.0,137.2,86.0,196.0,43.0,4.8,103.5,6.58,92.4,186.3,26.6,0
38.0,0,1,0,1,0,23.1,71.7,0.0,0.0,0.0,0.0,125.0,70.3,166.0,57.0,4.4,92.7,14.41,45.5,158.3,18.2,0
22.0,0,1,0,1,0,27.2,95.7,0.0,0.0,0.0,0.0,101.1,62.0,134.0,48.0,5.6,88.1,13.49,98.3,191.6,26.8,0
33.0,0,1,0,1,0,20.3,84.5,0.0,0.0,0.0,0.0,134.8,102.2,136.0,50.0,5.3,118.1,14.95,57.8,170.4,19.9,0
49.0,0,1,0,1,0,36.0,123.7,0.0,0.0,0.0,0.0,99.7,67.4,144.0,69.0,4.9,134.2,34.7,91.8,170.0,31.8,0
26.0,0,1,0,1,0,26.0,86.0,0.0,0.0,0.0,0.0,115.6,70.0,171.0,42.0,5.5,119.8,10.84,71.0,168.1,25.1,0
30.0,0,1,0,1,0,21.8,91.1,0.0,0.0,0.0,0.0,116.4,76.0,174.0,39.0,5.0,122.4,13.23,72.1,184.5,21.2,0
69.0,0,1,0,1,0,28.1,97.8,0.0,0.0,0.0,0.0,130.4,78.4,216.0,57.0,4.8,90.7,17.2,84.9,176.1,27.4,0
24.0,0,1,0,1,0,42.0,135.9,0.0,0.0,0.0,0.0,110.4,68.2,159.0,43.0,4.8,123.1,3.14,126.3,174.6,41.4,0
33.0,0,1,0,1,0,30.8,101.4,0.0,0.0,0.0,0.0,112.1,74.9,160.0,38.0,5.2,124.2,6.89,81.9,165.4,29.9,0
18.0,0,1,0,1,0,28.3,88.2,0.0,0.0,0.0,0.0,110.4,75.4,164.0,43.0,4.8,137.2,8.52,70.3,167.0,25.2,0
39.0,0,1,0,1,0,42.4,128.2,0.0,0.0,0.0,0.0,128.1,76.7,183.0,39.0,5.2,114.2,6.86,120.9,174.6,39.7,0
30.0,0,1,0,1,0,38.4,119.7,0.0,0.0,0.0,0.0,121.4,72.0,153.0,80.0,4.8,100.8,7.07,99.8,165.5,36.4,0
76.0,0,1,0,1,0,30.1,101.0,0.0,0.0,0.0,0.0,117.4,72.3,154.0,49.0,5.1,55.1,10.7,87.1,172.6,29.2,0
56.0,0,1,0,1,0,20.8,73.3,0.0,0.0,0.0,0.0,111.3,73.6,149.0,51.0,5.5,81.8,6.57,50.7,157.1,20.6,0
24.0,0,1,0,1,0,29.7,96.8,0.0,0.0,0.0,0.0,100.6,86.3,166.0,36.0,4.6,106.7,7.89,94.6,180.8,28.9,0
32.0,0,1,0,1,0,25.1,94.7,0.0,0.0,0.0,0.0,107.5,69.8,166.0,41.0,5.6,83.0,27.23,88.9,192.7,23.9,0
72.0,0,1,0,1,0,24.6,92.3,0.0,0.0,0.0,0.0,115.8,65.1,160.0,50.0,5.0,79.8,11.44,65.4,171.8,22.2,0
52.0,0,1,0,1,0,37.9,121.0,0.0,0.0,0.0,0.0,108.8,77.8,195.0,45.0,4.2,91.6,5.59,135.8,189.9,37.7,0
21.0,0,1,0,1,0,25.6,83.9,0.0,0.0,0.0,0.0,113.1,71.9,209.0,55.0,5.8,131.0,149.42,73.3,173.0,24.5,0
25.0,0,1,0,1,0,23.3,83.7,0.0,0.0,0.0,0.0,131.9,84.4,165.0,40.0,5.4,99.9,10.31,76.2,185.2,22.2,0
29.0,0,1,0,1,0,25.9,84.1,0.0,0.0,0.0,0.0,114.4,68.0,208.0,29.0,4.9,84.6,20.27,78.9,172.8,26.4,0
42.0,0,1,0,1,0,18.9,83.4,0.0,0.0,0.0,0.0,143.7,85.3,147.0,33.0,5.2,99.0,4.45,70.4,186.5,20.3,0
28.0,0,1,0,1,0,43.5,121.6,0.0,0.0,0.0,0.0,103.6,62.3,177.0,50.0,5.7,98.1,6.09,146.9,185.4,42.7,0
37.0,0,1,0,1,0,32.8,99.4,0.0,0.0,0.0,0.0,112.2,79.0,193.0,44.0,5.2,110.8,6.55,93.3,168.3,32.9,0
37.0,0,1,0,1,0,45.4,131.9,0.0,0.0,0.0,0.0,110.8,67.8,160.0,45.0,6.6,98.4,2.27,123.6,169.1,43.2,0
71.0,0,1,0,1,0,27.7,95.3,0.0,0.0,0.0,0.0,131.3,73.8,201.0,50.0,5.0,82.3,27.65,73.2,165.0,26.9,0
29.0,0,1,0,1,0,29.5,92.1,0.0,0.0,0.0,0.0,116.6,64.4,212.0,40.0,5.5,81.2,52.49,100.3,184.1,29.6,0
20.0,0,1,0,1,0,27.9,97.0,0.0,0.0,0.0,0.0,110.9,72.8,215.0,52.0,5.3,58.6,12.1,95.7,189.0,26.8,0
34.0,0,1,0,1,0,21.0,78.5,0.0,0.0,0.0,0.0,118.4,68.7,130.0,63.0,4.7,100.1,6.28,64.3,175.8,20.8,0
64.0,0,1,0,1,0,28.4,101.6,0.0,0.0,0.0,0.0,123.6,71.6,172.0,33.0,4.7,111.2,9.1,84.7,176.2,27.3,0
50.0,0,1,0,1,0,39.8,102.2,0.0,0.0,0.0,0.0,110.5,73.9,176.0,37.0,5.2,94.2,4.75,108.3,169.0,37.9,0
22.0,0,1,0,1,0,25.1,85.3,0.0,0.0,0.0,0.0,136.0,84.9,188.0,54.0,4.6,129.5,10.83,75.6,173.4,25.2,0
32.0,0,1,0,1,0,22.0,77.9,0.0,0.0,0.0,0.0,105.5,74.1,213.0,49.0,4.6,107.8,14.62,53.3,170.6,18.3,0
28.0,0,1,0,1,0,27.8,94.1,0.0,0.0,0.0,0.0,120.5,78.2,113.0,33.0,5.3,104.7,5.88,88.6,181.2,27.0,0
64.0,0,1,0,1,0,23.3,87.9,0.0,0.0,0.0,0.0,135.9,79.6,210.0,81.0,5.5,96.8,29.96,81.0,187.1,23.2,0
28.0,0,1,0,1,0,30.5,102.5,0.0,0.0,0.0,0.0,104.4,67.5,182.0,35.0,5.0,103.0,5.3,95.2,174.9,31.1,0
73.0,0,1,0,1,0,22.4,91.1,0.0,0.0,0.0,0.0,111.7,71.9,191.0,47.0,4.8,86.6,98.74,61.3,168.3,21.6,0
20.0,0,1,0,1,0,42.8,123.1,0.0,0.0,0.0,0.0,108.4,75.1,181.0,45.0,5.7,135.4,14.52,96.3,157.8,38.7,0
20.0,0,1,0,1,0,46.5,127.6,0.0,0.0,0.0,0.0,143.0,86.2,189.0,44.0,4.9,128.6,5.02,124.8,165.6,45.5,0
22.0,0,1,0,1,0,47.0,125.7,0.0,0.0,0.0,0.0,116.1,77.4,190.0,45.0,5.7,133.1,1.77,131.2,170.9,44.9,0
34.0,0,1,0,1,0,25.0,91.3,0.0,0.0,0.0,0.0,110.8,69.5,141.0,51.0,5.4,61.3,12.06,70.1,170.3,24.2,0
30.0,0,1,0,1,0,31.3,107.4,0.0,0.0,0.0,0.0,97.2,74.4,138.0,42.0,4.9,90.3,1.11,103.7,183.4,30.8,0
27.0,0,1,0,1,0,30.4,98.2,0.0,0.0,0.0,0.0,133.4,87.0,216.0,37.0,5.1,107.6,7.55,97.7,178.6,30.6,0
18.0,0,1,0,1,0,26.5,99.3,0.0,0.0,0.0,0.0,108.5,68.0,96.0,42.0,4.6,124.7,30.31,82.9,185.0,24.2,0
21.0,0,1,0,1,0,24.1,82.0,0.0,0.0,0.0,0.0,115.5,75.5,167.0,30.0,4.8,112.1,12.81,58.8,155.1,24.5,0
71.0,0,1,0,1,0,21.8,87.0,0.0,0.0,0.0,0.0,131.6,78.1,154.0,36.0,5.2,101.3,4.72,60.3,168.0,21.4,0
49.0,0,1,0,1,0,23.7,84.4,0.0,0.0,0.0,0.0,113.0,58.1,184.0,40.0,5.4,127.8,17.37,66.6,166.9,23.9,0
51.0,0,1,0,1,0,23.4,86.8,0.0,0.0,0.0,0.0,125.2,79.0,245.0,38.0,4.9,100.7,7.2,77.9,185.0,22.8,0
43.0,0,1,0,1,0,25.3,89.3,0.0,0.0,0.0,0.0,131.2,79.8,223.0,46.0,5.6,106.0,19.8,80.7,180.1,24.9,0
62.0,0,1,0,1,0,25.4,103.9,0.0,0.0,0.0,0.0,108.8,67.9,160.0,45.0,5.0,89.1,5.24,93.1,192.2,25.2,0
32.0,0,1,0,1,0,34.1,109.0,0.0,0.0,0.0,0.0,114.4,58.2,164.0,68.0,4.9,71.4,34.38,80.3,165.2,29.4,0
65.0,0,1,0,1,0,27.4,88.7,0.0,0.0,0.0,0.0,124.0,74.2,155.0,38.0,4.7,98.8,4.22,87.6,180.9,26.8,0
45.0,0,1,0,1,0,26.7,85.9,0.0,0.0,0.0,0.0,128.5,78.9,172.0,70.0,4.9,77.1,11.46,82.2,174.0,27.2,0
67.0,0,1,0,1,0,31.2,111.6,0.0,0.0,0.0,0.0,125.0,79.1,122.0,59.0,5.7,109.1,6.08,84.7,168.6,29.8,0
33.0,0,1,0,1,0,26.2,95.3,0.0,0.0,0.0,0.0,127.0,81.8,203.0,42.0,6.2,98.0,6.76,87.9,185.5,25.6,0
28.0,0,1,0,1,0,23.7,90.2,0.0,0.0,0.0,0.0,107.8,68.3,131.0,43.0,5.1,74.8,12.03,78.4,179.8,24.3,0
79.0,0,1,0,1,0,31.8,108.1,0.0,0.0,0.0,0.0,97.3,68.7,161.0,49.0,4.8,111.4,7.05,84.9,169.4,29.6,0
38.0,0,1,0,1,0,21.7,81.8,0.0,0.0,0.0,0.0,106.5,71.0,159.0,43.0,5.0,68.2,7.31,70.7,180.9,21.6,0
21.0,0,1,0,1,0,23.1,80.8,0.0,0.0,0.0,0.0,110.5,69.6,173.0,75.0,4.7,80.5,15.41,64.0,169.8,22.2,0
34.0,0,1,0,1,0,23.4,82.4,0.0,0.0,0.0,0.0,93.6,68.6,149.0,57.0,4.8,94.3,6.31,71.4,172.8,23.9,0
30.0,0,1,0,1,0,29.9,96.6,0.0,0.0,0.0,0.0,122.3,66.0,170.0,41.0,4.9,102.3,5.55,88.3,175.9,28.5,0
35.0,0,1,0,1,0,25.1,87.9,0.0,0.0,0.0,0.0,116.4,71.9,118.0,65.0,4.9,112.2,5.81,75.4,167.4,26.9,0
35.0,0,1,0,1,0,28.2,90.3,0.0,0.0,0.0,0.0,106.2,53.8,155.0,51.0,5.4,76.5,31.85,80.7,173.5,26.8,0
42.0,0,1,0,1,0,29.6,101.2,0.0,0.0,0.0,0.0,140.4,88.3,125.0,37.0,5.4,93.5,3.83,105.8,193.2,28.3,0
37.0,0,1,0,1,0,27.7,86.0,0.0,0.0,0.0,0.0,96.8,71.4,167.0,34.0,5.5,86.9,6.93,88.1,182.4,26.5,0
36.0,0,1,0,1,0,34.4,101.1,0.0,0.0,0.0,0.0,103.0,68.4,175.0,39.0,4.3,79.5,4.63,107.6,176.4,34.6,0
42.0,0,1,0,1,0,29.7,76.2,0.0,0.0,0.0,0.0,118.9,80.5,225.0,49.0,5.9,111.9,27.83,58.6,138.3,30.6,0
20.0,0,1,0,1,0,50.7,151.4,0.0,0.0,0.0,0.0,115.8,81.9,162.0,47.0,4.8,134.5,6.62,166.9,184.6,49.0,0
68.0,0,1,0,1,0,26.8,106.9,0.0,0.0,0.0,0.0,123.4,79.3,161.0,85.0,5.3,109.9,7.3,79.8,174.7,26.1,0
62.0,0,1,0,1,0,35.6,114.5,0.0,0.0,0.0,0.0,126.0,72.3,253.0,44.0,5.1,105.3,5.84,127.5,180.0,39.3,0
64.0,0,1,0,1,0,26.9,95.5,0.0,0.0,0.0,0.0,129.5,81.7,205.0,49.0,4.5,96.5,9.56,79.2,174.3,26.1,0
31.0,0,1,0,1,0,43.1,134.6,0.0,0.0,0.0,0.0,125.6,81.7,162.0,40.0,5.1,135.6,10.83,123.6,173.6,41.0,0
56.0,0,1,0,1,0,29.8,106.7,0.0,0.0,0.0,0.0,111.5,72.0,174.0,51.0,5.6,67.0,4.0,76.9,165.6,28.1,0
63.0,0,1,0,1,0,29.3,102.6,0.0,0.0,0.0,0.0,128.5,78.6,217.0,58.0,5.5,74.9,23.74,71.7,156.8,29.2,0
27.0,0,1,0,1,0,28.1,103.5,0.0,0.0,0.0,0.0,149.3,91.3,219.0,45.0,4.9,109.4,12.46,92.7,178.8,29.0,0
31.0,0,1,0,1,0,24.0,86.3,0.0,0.0,0.0,0.0,106.8,67.9,206.0,50.0,5.1,74.5,6.17,73.2,178.2,23.0,0
48.0,0,1,0,1,0,20.1,80.7,0.0,0.0,0.0,0.0,139.5,80.2,199.0,51.0,5.4,91.9,0.4,58.3,170.5,20.1,0
78.0,0,1,0,1,0,21.6,83.5,0.0,0.0,0.0,0.0,99.8,64.0,269.0,65.0,4.6,90.8,9.22,67.7,176.6,21.7,0
38.0,0,1,0,1,0,31.3,106.3,0.0,0.0,0.0,0.0,111.1,76.1,191.0,47.0,5.2,96.2,11.08,87.5,169.4,30.5,0
33.0,0,1,0,1,0,21.5,88.8,0.0,0.0,0.0,0.0,113.2,74.7,116.0,32.0,4.8,105.5,6.43,73.0,185.3,21.3,0
79.0,0,1,0,1,0,25.4,96.7,0.0,0.0,0.0,0.0,109.0,74.7,175.0,59.0,5.3,72.9,13.66,73.5,173.8,24.3,0
26.0,0,1,0,1,0,26.4,103.2,0.0,0.0,0.0,0.0,119.1,73.8,195.0,33.0,4.8,98.7,11.64,77.5,174.2,25.5,0
29.0,0,1,0,1,0,38.1,120.0,0.0,0.0,0.0,0.0,128.4,77.1,220.0,37.0,9.1,99.1,3.34,123.6,179.3,38.4,0
21.0,0,1,0,1,0,24.8,85.1,0.0,0.0,0.0,0.0,104.1,66.7,152.0,36.0,5.6,132.8,36.67,73.3,172.2,24.7,0
22.0,0,1,0,1,0,29.1,109.0,0.0,0.0,0.0,0.0,116.7,55.7,167.0,63.0,5.3,110.4,13.59,81.2,172.4,27.3,0
49.0,0,1,0,1,0,34.0,108.9,0.0,0.0,0.0,0.0,119.0,63.8,203.0,33.0,4.9,102.2,5.72,120.4,191.9,32.7,0
21.0,0,1,0,1,0,39.4,107.5,0.0,0.0,0.0,0.0,122.7,81.3,218.0,60.0,4.9,125.5,1.04,102.8,165.3,37.6,0
68.0,0,1,0,1,0,43.3,132.3,0.0,0.0,0.0,0.0,102.6,70.2,122.0,35.0,4.9,110.6,10.15,139.2,181.1,42.4,0
73.0,0,1,0,1,0,25.0,87.0,0.0,0.0,0.0,0.0,132.5,79.3,236.0,47.0,5.2,77.8,1.39,80.5,180.6,24.7,0
35.0,0,1,0,1,0,25.8,84.1,0.0,0.0,0.0,0.0,106.0,67.6,200.0,40.0,4.6,107.4,32.12,77.2,172.8,25.9,0
32.0,0,1,0,1,0,27.6,94.5,0.0,0.0,0.0,0.0,118.4,83.6,200.0,42.0,5.1,128.7,15.87,67.7,162.5,25.6,0
55.0,0,1,0,1,0,23.4,87.1,0.0,0.0,0.0,0.0,128.6,78.9,184.0,32.0,5.6,111.2,6.23,76.8,185.3,22.4,0
46.0,0,1,0,1,0,22.1,86.1,0.0,0.0,0.0,0.0,122.4,70.9,200.0,43.0,4.8,94.8,7.19,71.7,182.7,21.5,0
21.0,0,1,0,1,0,27.7,102.3,0.0,0.0,0.0,0.0,100.9,72.0,170.0,51.0,5.2,112.1,24.86,65.8,169.7,22.8,0
29.0,0,1,0,1,0,24.7,92.8,0.0,0.0,0.0,0.0,110.2,72.1,190.0,40.0,5.5,101.5,22.59,91.8,188.4,25.9,0
66.0,0,1,0,1,0,32.9,113.1,0.0,0.0,0.0,0.0,114.1,74.7,161.0,48.0,5.1,100.8,5.42,111.5,188.7,31.3,0
58.0,0,1,0,1,0,28.3,107.3,0.0,0.0,0.0,0.0,149.7,85.6,227.0,43.0,6.3,74.4,44.92,96.4,187.1,27.6,0
37.0,0,1,0,1,0,22.0,56.4,0.0,0.0,0.0,0.0,112.1,72.6,198.0,50.0,5.8,140.4,6.25,78.2,185.8,22.7,0
27.0,0,1,0,1,0,28.1,99.8,0.0,0.0,0.0,0.0,115.9,75.6,216.0,51.0,4.5,87.6,5.38,78.4,177.3,25.0,0
21.0,0,1,0,1,0,22.6,84.5,0.0,0.0,0.0,0.0,106.1,68.8,179.0,64.0,5.5,125.5,8.29,78.1,181.0,23.8,0
20.0,0,1,0,1,0,53.0,145.3,0.0,0.0,0.0,0.0,106.1,68.9,150.0,44.0,5.2,135.0,15.4,163.8,179.5,50.9,0
44.0,0,1,0,1,0,37.9,110.3,0.0,0.0,0.0,0.0,105.0,72.4,129.0,43.0,4.9,103.0,5.09,112.0,170.6,38.5,0
69.0,0,1,0,1,0,28.6,102.2,0.0,0.0,0.0,0.0,131.9,80.1,170.0,37.0,5.0,89.0,5.18,91.4,182.0,27.6,0
24.0,0,1,0,1,0,26.4,84.7,0.0,0.0,0.0,0.0,118.8,72.3,133.0,40.0,4.8,136.5,0.4,94.4,188.5,26.6,0
79.0,0,1,0,1,0,22.6,88.2,0.0,0.0,0.0,0.0,124.6,78.0,225.0,42.0,5.4,93.0,5.32,70.9,180.7,21.7,0
26.0,0,1,0,1,0,48.3,143.7,0.0,0.0,0.0,0.0,100.8,57.4,124.0,56.0,5.7,113.6,10.77,140.8,176.7,45.1,0
39.0,0,1,0,1,0,22.5,88.1,0.0,0.0,0.0,0.0,126.8,73.8,201.0,41.0,5.2,80.6,14.41,67.7,174.2,22.3,0
38.0,0,1,0,1,0,36.3,108.1,0.0,0.0,0.0,0.0,125.1,77.0,159.0,61.0,5.9,125.2,10.49,98.9,169.3,34.5,0
29.0,0,1,0,1,0,28.9,91.1,0.0,0.0,0.0,0.0,102.7,70.4,181.0,60.0,4.8,112.7,5.68,87.2,174.7,28.6,0
58.0,0,1,0,1,0,42.8,135.9,0.0,0.0,0.0,0.0,138.9,85.6,169.0,39.0,7.5,88.0,11.34,137.2,180.8,42.0,0
23.0,0,1,0,1,0,25.7,97.5,0.0,0.0,0.0,0.0,107.9,68.2,181.0,62.0,5.1,76.0,38.68,95.4,186.5,27.4,0
34.0,0,1,0,1,0,34.0,107.7,0.0,0.0,0.0,0.0,114.7,69.6,191.0,48.0,4.8,94.8,3.51,111.7,184.1,33.0,0
29.0,0,1,0,1,0,23.6,91.7,0.0,0.0,0.0,0.0,98.1,65.6,115.0,34.0,5.0,128.4,3.77,81.6,185.7,23.7,0
40.0,0,1,0,1,0,32.9,116.6,0.0,0.0,0.0,0.0,112.7,75.8,154.0,46.0,4.9,99.7,7.18,95.2,169.1,33.3,0
29.0,0,1,0,1,0,21.7,70.1,0.0,0.0,0.0,0.0,111.8,69.0,182.0,40.0,4.8,135.7,2.29,70.0,181.5,21.2,0
49.0,0,1,0,1,0,28.1,92.2,0.0,0.0,0.0,0.0,95.0,69.7,141.0,62.0,5.9,98.3,1.78,101.8,189.0,28.5,0
69.0,0,1,0,1,0,21.4,81.9,0.0,0.0,0.0,0.0,107.3,69.7,115.0,39.0,5.6,86.4,1.08,61.3,170.9,21.0,0
67.0,0,1,0,1,0,24.6,86.4,0.0,0.0,0.0,0.0,109.3,64.0,191.0,52.0,4.8,93.9,7.83,71.1,175.8,23.0,0
74.0,0,1,0,1,0,24.8,96.8,0.0,0.0,0.0,0.0,126.5,59.2,179.0,92.0,4.6,68.8,10.01,83.0,181.8,25.1,0
34.0,0,1,0,1,0,32.5,111.0,0.0,0.0,0.0,0.0,111.1,73.2,112.0,40.0,6.0,120.6,11.33,72.8,155.4,30.1,0
27.0,0,1,0,1,0,24.2,79.9,0.0,0.0,0.0,0.0,129.4,86.7,201.0,40.0,5.2,128.2,0.84,73.0,171.6,24.8,0
24.0,0,1,0,1,0,29.1,100.2,0.0,0.0,0.0,0.0,115.9,63.7,171.0,31.0,6.6,65.2,4.79,89.3,180.6,27.4,0
50.0,0,1,0,1,0,30.4,95.8,0.0,0.0,0.0,0.0,107.2,70.6,193.0,37.0,4.8,96.1,6.44,85.8,170.4,29.6,0
70.0,0,1,0,1,0,37.5,119.3,0.0,0.0,0.0,0.0,108.6,66.8,170.0,53.0,5.6,96.4,5.66,95.0,175.1,31.0,0
59.0,0,1,0,1,0,25.7,89.3,0.0,0.0,0.0,0.0,132.1,77.4,202.0,52.0,5.0,73.3,6.59,70.4,168.6,24.8,0
23.0,0,1,0,1,0,29.3,109.0,0.0,0.0,0.0,0.0,108.3,73.3,176.0,35.0,5.0,84.2,10.51,89.3,175.1,29.1,0
21.0,0,1,0,1,0,21.8,84.9,0.0,0.0,0.0,0.0,130.6,84.1,241.0,44.0,4.8,126.7,14.07,67.0,178.0,21.2,0
74.0,0,1,0,1,0,29.0,97.4,0.0,0.0,0.0,0.0,107.3,67.5,163.0,36.0,5.3,83.2,21.01,92.0,179.2,28.6,0
27.0,0,1,0,1,0,25.9,85.4,0.0,0.0,0.0,0.0,104.6,60.9,152.0,41.0,4.9,73.5,16.1,65.6,157.9,26.3,0
59.0,0,1,0,1,0,42.1,120.4,0.0,0.0,0.0,0.0,128.8,80.5,164.0,30.0,6.2,110.8,8.13,143.8,187.6,40.8,0
69.0,0,1,0,1,0,24.5,98.1,0.0,0.0,0.0,0.0,106.8,69.7,135.0,41.0,5.4,92.0,71.84,70.6,172.6,23.7,0
71.0,0,1,0,1,0,35.8,114.5,0.0,0.0,0.0,0.0,158.5,86.9,230.0,52.0,7.3,63.7,5.37,107.9,183.6,32.0,0
53.0,0,1,0,1,0,26.7,91.9,0.0,0.0,0.0,0.0,113.0,71.5,191.0,107.0,5.1,75.9,11.24,72.3,167.8,25.7,0
22.0,0,1,0,1,0,28.5,93.7,0.0,0.0,0.0,0.0,153.2,92.2,157.0,50.0,5.0,91.7,6.98,83.6,178.9,26.1,0
31.0,0,1,0,1,0,25.7,100.2,0.0,0.0,0.0,0.0,113.2,62.8,177.0,48.0,5.1,130.9,4.43,85.5,183.4,25.4,0
24.0,0,1,0,1,0,21.9,81.3,0.0,0.0,0.0,0.0,122.0,77.9,180.0,72.0,5.7,102.9,8.4,69.9,177.2,22.3,0
62.0,0,1,0,1,0,21.9,81.8,0.0,0.0,0.0,0.0,137.1,82.8,161.0,47.0,4.7,95.3,11.83,78.7,190.0,21.8,0
25.0,0,1,0,1,0,25.3,84.0,0.0,0.0,0.0,0.0,133.9,81.1,194.0,52.0,4.8,116.0,31.38,69.3,168.4,24.4,0
30.0,0,1,0,1,0,39.6,119.1,0.0,0.0,0.0,0.0,99.6,76.1,162.0,60.0,5.2,104.5,42.81,118.1,180.7,36.2,0
39.0,0,1,0,1,0,29.1,102.9,0.0,0.0,0.0,0.0,111.8,72.5,188.0,47.0,5.0,117.1,4.41,89.0,173.3,29.6,0
55.0,0,1,0,1,0,30.4,110.7,0.0,0.0,0.0,0.0,128.9,74.5,178.0,44.0,5.2,87.1,7.7,92.1,176.5,29.5,0
24.0,0,1,0,1,0,41.2,127.8,0.0,0.0,0.0,0.0,122.0,78.1,129.0,40.0,4.6,138.1,0.3,121.9,174.7,39.9,0
33.0,0,1,0,1,0,33.7,116.7,0.0,0.0,0.0,0.0,110.0,72.7,153.0,62.0,6.6,100.1,7.49,120.5,191.1,33.0,0
62.0,0,1,0,1,0,19.9,81.8,0.0,0.0,0.0,0.0,115.3,68.7,231.0,81.0,5.6,80.9,6.47,56.7,172.2,19.1,0
46.0,0,1,0,1,0,34.4,121.4,0.0,0.0,0.0,0.0,98.4,64.9,166.0,50.0,6.1,96.4,5.12,103.9,174.2,34.2,0
19.0,0,1,0,1,0,37.0,105.3,0.0,0.0,0.0,0.0,108.2,74.4,197.0,41.0,6.4,139.2,6.69,113.3,174.7,37.1,0
34.0,0,1,0,1,0,27.4,97.1,0.0,0.0,0.0,0.0,138.8,83.4,200.0,56.0,4.8,90.9,24.4,73.7,168.5,26.0,0
35.0,0,1,0,1,0,32.4,94.2,0.0,0.0,0.0,0.0,114.7,70.1,166.0,35.0,4.8,119.0,12.24,111.1,186.9,31.8,0
63.0,0,1,0,1,0,28.1,94.5,0.0,0.0,0.0,0.0,124.8,82.0,152.0,46.0,4.6,85.5,23.97,78.5,171.1,26.8,0
32.0,0,1,0,1,0,36.8,117.5,0.0,0.0,0.0,0.0,118.3,72.0,113.0,30.0,5.2,98.0,23.03,105.7,174.5,34.7,0
31.0,0,1,0,1,0,26.6,95.3,0.0,0.0,0.0,0.0,106.4,68.4,165.0,36.0,4.9,105.0,6.94,96.4,187.7,27.4,0
21.0,0,1,0,1,0,45.9,128.9,0.0,0.0,0.0,0.0,102.7,69.8,112.0,53.0,4.4,120.2,19.27,101.1,153.1,43.2,0
27.0,0,1,0,1,0,28.0,83.5,0.0,0.0,0.0,0.0,108.3,69.9,154.0,38.0,4.7,138.8,12.81,77.3,168.0,27.4,0
21.0,0,1,0,1,0,27.4,88.8,0.0,0.0,0.0,0.0,103.7,64.0,124.0,46.0,4.7,108.1,54.56,77.6,171.7,26.3,0
35.0,0,1,0,1,0,35.1,124.8,0.0,0.0,0.0,0.0,106.9,71.9,173.0,42.0,5.2,91.4,22.07,107.1,179.6,33.2,0
71.0,0,1,0,1,0,31.3,105.3,0.0,0.0,0.0,0.0,109.5,69.9,186.0,45.0,4.5,85.2,3.15,110.0,188.9,30.8,0
47.0,0,1,0,1,0,41.7,127.6,0.0,0.0,0.0,0.0,95.6,63.8,204.0,43.0,5.0,136.0,3.13,115.9,172.2,39.1,0
57.0,0,1,0,1,0,23.9,88.3,0.0,0.0,0.0,0.0,109.5,58.1,182.0,56.0,4.7,98.5,21.8,73.6,181.6,22.3,0
37.0,0,1,0,1,0,26.4,92.1,0.0,0.0,0.0,0.0,94.7,58.5,133.0,58.0,4.8,99.9,6.84,88.9,186.5,25.5,0
33.0,0,1,0,1,0,33.2,112.1,0.0,0.0,0.0,0.0,113.8,69.5,108.0,42.0,5.1,134.7,12.55,113.3,190.0,31.4,0
68.0,0,1,0,1,0,23.0,85.9,0.0,0.0,0.0,0.0,109.8,70.5,175.0,45.0,5.0,79.1,7.55,61.0,165.1,22.4,0
23.0,0,1,0,1,0,26.8,94.1,0.0,0.0,0.0,0.0,111.8,51.2,184.0,50.0,5.1,73.7,5.44,79.7,176.1,25.7,0
21.0,0,1,0,1,0,24.8,81.3,0.0,0.0,0.0,0.0,106.3,68.7,101.0,46.0,5.6,123.6,11.34,61.3,158.8,24.3,0
72.0,0,1,0,1,0,37.9,120.6,0.0,0.0,0.0,0.0,135.1,80.2,219.0,45.0,4.7,66.4,5.84,119.2,184.5,35.0,0
38.0,0,1,0,1,0,37.9,121.7,0.0,0.0,0.0,0.0,114.1,75.2,162.0,49.0,5.8,104.5,347.35,112.3,181.3,34.2,0
48.0,0,1,0,1,0,30.1,99.6,0.0,0.0,0.0,0.0,129.6,79.8,171.0,51.0,4.9,130.1,4.9,100.7,184.4,29.6,0
33.0,0,1,0,1,0,28.4,108.9,0.0,0.0,0.0,0.0,142.5,85.3,159.0,49.0,4.8,71.6,11.1,78.9,167.3,28.2,0
47.0,0,1,0,1,0,52.9,149.2,0.0,0.0,0.0,0.0,145.8,89.0,124.0,37.0,5.4,64.1,10.39,149.9,172.6,50.3,0
31.0,0,1,0,1,0,41.6,120.0,0.0,0.0,0.0,0.0,125.1,75.6,102.0,41.0,5.3,118.9,7.99,133.9,182.5,40.2,0
40.0,0,1,0,1,0,40.9,132.3,0.0,0.0,0.0,0.0,113.7,75.0,193.0,44.0,5.0,68.7,11.04,124.8,189.0,34.9,0
42.0,0,1,0,1,0,43.0,118.4,0.0,0.0,0.0,0.0,111.5,73.4,154.0,88.0,5.2,106.0,3.57,93.2,151.9,40.4,0
36.0,0,1,0,1,0,36.0,118.7,0.0,0.0,0.0,0.0,129.1,79.0,222.0,58.0,5.6,94.2,8.51,112.3,180.7,34.4,0
31.0,0,1,0,1,0,37.4,117.3,0.0,0.0,0.0,0.0,137.2,86.2,213.0,48.0,6.3,108.8,12.6,97.1,162.7,36.7,0
70.0,0,1,0,1,0,27.6,85.5,0.0,0.0,0.0,0.0,113.8,74.8,167.0,44.0,5.5,110.6,10.24,80.7,175.2,26.3,0
29.0,0,1,0,1,0,25.8,86.0,0.0,0.0,0.0,0.0,107.4,76.8,176.0,33.0,5.5,132.6,11.22,76.7,174.0,25.3,0
37.0,0,1,0,1,0,30.1,101.4,0.0,0.0,0.0,0.0,113.3,70.7,136.0,43.0,5.0,94.8,9.48,89.8,176.6,28.8,0
21.0,0,1,0,1,0,24.5,84.0,0.0,0.0,0.0,0.0,94.3,64.8,151.0,55.0,4.7,109.9,10.46,84.9,189.1,23.8,0
79.0,0,1,0,1,0,27.2,93.1,0.0,0.0,0.0,0.0,127.8,66.5,167.0,38.0,5.2,87.3,9.2,81.3,176.2,26.2,0
56.0,0,1,0,1,0,38.3,119.1,0.0,0.0,0.0,0.0,115.6,76.0,118.0,34.0,4.7,93.2,2.51,115.6,171.0,39.5,0
20.0,0,1,0,1,0,25.7,97.7,0.0,0.0,0.0,0.0,103.2,52.1,181.0,54.0,5.3,124.3,2.3,71.1,168.3,25.1,0
62.0,0,1,0,1,0,33.1,101.7,0.0,0.0,0.0,0.0,137.6,82.4,165.0,83.0,5.7,91.1,8.96,70.5,150.4,31.2,0
19.0,0,1,0,1,0,43.5,112.4,0.0,0.0,0.0,0.0,138.5,83.1,123.0,43.0,5.0,110.3,6.22,141.9,186.3,40.9,0
32.0,0,1,0,1,0,23.2,76.5,0.0,0.0,0.0,0.0,106.6,70.2,185.0,50.0,4.5,134.0,8.78,70.4,174.9,23.0,0
45.0,0,1,0,1,0,36.3,104.3,0.0,0.0,0.0,0.0,107.6,79.1,187.0,53.0,6.3,126.0,42.14,111.4,179.7,34.5,0
24.0,0,1,0,1,0,26.6,94.1,0.0,0.0,0.0,0.0,135.6,64.3,194.0,39.0,5.1,94.0,7.72,94.8,189.2,26.5,0
27.0,0,1,0,1,0,30.5,112.4,0.0,0.0,0.0,0.0,104.6,69.6,129.0,35.0,5.3,131.3,5.14,93.2,174.5,30.6,0
29.0,0,1,0,1,0,23.4,86.9,0.0,0.0,0.0,0.0,130.5,80.1,200.0,51.0,5.0,72.1,13.71,74.6,177.8,23.6,0
35.0,0,1,0,1,0,40.5,108.6,0.0,0.0,0.0,0.0,125.4,78.7,109.0,43.0,5.3,98.5,0.3,111.5,171.1,38.1,0
32.0,0,1,0,1,0,29.1,93.7,0.0,0.0,0.0,0.0,102.4,72.5,171.0,50.0,5.3,116.6,46.21,96.2,182.5,28.9,0
33.0,0,1,0,1,0,31.1,108.1,0.0,0.0,0.0,0.0,101.8,69.0,180.0,41.0,5.5,118.5,7.85,103.5,186.6,29.7,0
48.0,0,1,0,1,0,37.8,115.0,0.0,0.0,0.0,0.0,107.6,67.3,223.0,54.0,5.4,99.1,6.19,108.4,173.1,36.2,0
30.0,0,1,0,1,0,26.3,93.0,0.0,0.0,0.0,0.0,110.4,73.7,111.0,36.0,5.6,103.4,4.36,88.5,184.2,26.1,0
78.0,0,1,0,1,0,26.4,95.6,0.0,0.0,0.0,0.0,127.4,80.3,192.0,91.0,6.0,93.4,8.61,77.2,173.1,25.8,0
34.0,0,1,0,1,0,29.1,95.2,0.0,0.0,0.0,0.0,127.0,73.1,195.0,91.0,5.1,134.9,16.8,71.7,158.1,28.7,0
62.0,0,1,0,1,0,25.4,91.3,0.0,0.0,0.0,0.0,134.9,82.6,189.0,38.0,5.2,107.3,10.27,74.4,173.8,24.6,0
20.0,0,1,0,1,0,27.9,101.3,0.0,0.0,0.0,0.0,111.7,76.3,154.0,45.0,4.8,107.2,5.93,80.5,180.6,24.7,0
48.0,0,1,0,1,0,26.1,91.8,0.0,0.0,0.0,0.0,119.6,71.4,149.0,70.0,5.0,65.2,28.33,65.5,157.1,26.5,0
25.0,0,1,0,1,0,30.4,98.8,0.0,0.0,0.0,0.0,112.2,63.9,145.0,45.0,4.9,128.7,5.54,82.0,167.9,29.1,0
43.0,0,1,0,1,0,27.6,93.9,0.0,0.0,0.0,0.0,108.8,60.1,199.0,62.0,5.0,98.3,6.14,95.7,188.1,27.1,0
31.0,0,1,0,1,0,25.9,98.4,0.0,0.0,0.0,0.0,120.6,68.1,191.0,51.0,5.0,95.3,8.14,87.0,186.8,24.9,0
50.0,0,1,0,1,0,24.4,97.0,0.0,0.0,0.0,0.0,128.0,85.7,123.0,42.0,5.0,93.6,6.44,78.3,179.1,24.4,0
70.0,0,1,0,1,0,29.1,102.6,0.0,0.0,0.0,0.0,131.1,86.5,159.0,53.0,5.3,95.8,5.16,91.6,178.7,28.7,0
71.0,0,1,0,1,0,28.1,99.2,0.0,0.0,0.0,0.0,122.9,78.0,166.0,64.0,5.2,80.5,6.94,92.7,184.9,27.1,0
26.0,0,1,0,1,0,26.3,97.2,0.0,0.0,0.0,0.0,110.5,73.2,185.0,46.0,4.6,104.3,9.89,67.6,173.3,22.5,0
62.0,0,1,0,1,0,26.6,95.2,0.0,0.0,0.0,0.0,105.4,64.2,169.0,46.0,5.4,60.8,4.38,83.7,182.1,25.2,0
24.0,0,1,0,1,0,29.4,101.8,0.0,0.0,0.0,0.0,116.2,75.4,186.0,47.0,5.7,56.2,1.59,104.9,182.4,31.5,0
44.0,0,1,0,1,0,35.4,116.2,0.0,0.0,0.0,0.0,103.9,70.5,196.0,63.0,5.4,92.0,5.09,121.5,188.1,34.3,0
48.0,0,1,0,1,0,31.2,102.8,0.0,0.0,0.0,0.0,98.6,67.4,107.0,44.0,4.9,61.5,6.25,93.1,172.4,31.3,0
66.0,0,1,0,1,0,28.2,99.5,0.0,0.0,0.0,0.0,127.4,81.0,178.0,77.0,6.6,89.4,9.69,87.3,180.2,26.9,0
62.0,0,1,0,1,0,23.8,95.7,0.0,0.0,0.0,0.0,102.1,69.3,175.0,36.0,5.3,85.1,10.68,74.9,179.4,23.3,0
29.0,0,1,0,1,0,24.2,80.0,0.0,0.0,0.0,0.0,105.3,62.2,163.0,43.0,4.9,135.9,11.03,73.4,175.4,23.9,0
35.0,0,1,0,1,0,23.5,78.0,0.0,0.0,0.0,0.0,106.8,68.1,171.0,87.0,5.2,119.8,8.08,46.6,142.8,22.8,0
61.0,0,1,0,1,0,27.4,96.1,0.0,0.0,0.0,0.0,129.5,76.5,131.0,45.0,4.8,99.9,3.46,80.4,173.0,26.9,0
55.0,0,1,0,1,0,22.4,80.2,0.0,0.0,0.0,0.0,112.9,80.2,237.0,45.0,6.2,104.1,32.0,77.1,185.2,22.5,0
26.0,0,1,0,1,0,22.0,74.4,0.0,0.0,0.0,0.0,96.8,62.7,123.0,46.0,4.9,138.8,23.51,51.7,159.2,20.4,0
34.0,0,1,0,1,0,49.8,136.3,0.0,0.0,0.0,0.0,114.7,78.9,190.0,63.0,5.0,93.3,6.53,138.2,168.6,48.6,0
36.0,0,1,0,1,0,24.4,83.3,0.0,0.0,0.0,0.0,112.2,70.8,211.0,53.0,5.0,100.4,8.35,85.2,182.3,25.6,0
20.0,0,1,0,1,0,47.3,132.8,0.0,0.0,0.0,0.0,109.4,69.8,184.0,37.0,4.8,95.0,3.21,140.4,174.7,46.0,0
74.0,0,1,0,1,0,22.8,87.0,0.0,0.0,0.0,0.0,129.8,79.2,208.0,50.0,4.7,104.3,6.12,66.1,173.5,22.0,0
36.0,0,1,0,1,0,37.3,124.2,0.0,0.0,0.0,0.0,125.8,75.2,145.0,74.0,5.0,95.5,5.67,114.2,181.3,34.7,0
61.0,0,1,0,1,0,26.2,96.2,0.0,0.0,0.0,0.0,111.2,72.0,156.0,42.0,5.5,130.6,8.93,85.7,179.9,26.5,0
42.0,0,1,0,1,0,46.8,132.5,0.0,0.0,0.0,0.0,118.3,67.9,163.0,40.0,5.1,87.9,4.6,156.2,184.3,46.0,0
32.0,0,1,0,1,0,24.3,91.1,0.0,0.0,0.0,0.0,110.1,70.0,173.0,52.0,5.1,109.6,14.91,63.2,173.2,21.1,0
40.0,0,1,0,1,0,37.0,119.6,0.0,0.0,0.0,0.0,125.8,77.7,144.0,30.0,5.2,88.6,35.88,96.6,160.8,37.4,0
22.0,0,1,0,1,0,21.7,76.8,0.0,0.0,0.0,0.0,108.6,73.5,187.0,34.0,5.7,88.1,34.47,55.1,168.9,19.3,0
31.0,0,1,0,1,0,22.1,90.5,0.0,0.0,0.0,0.0,137.6,83.2,141.0,55.0,5.4,130.0,9.65,80.4,186.2,23.2,0
21.0,0,1,0,1,0,23.9,95.9,0.0,0.0,0.0,0.0,105.2,71.0,121.0,42.0,5.0,106.2,12.52,85.4,184.9,25.0,0
60.0,0,1,0,1,0,30.0,108.4,0.0,0.0,0.0,0.0,127.1,66.7,209.0,55.0,5.7,76.0,5.7,101.7,188.7,28.6,0
22.0,0,1,0,1,0,38.8,122.1,0.0,0.0,0.0,0.0,116.5,72.5,195.0,49.0,4.9,100.4,3.54,104.4,170.3,36.0,0
71.0,0,1,0,1,0,25.8,92.9,0.0,0.0,0.0,0.0,131.9,78.6,200.0,65.0,5.6,71.2,0.3,69.8,167.5,24.9,0
21.0,0,1,0,1,0,25.2,85.1,0.0,0.0,0.0,0.0,110.9,68.1,201.0,53.0,5.4,95.9,12.19,60.8,156.4,24.8,0
21.0,0,1,0,1,0,18.6,69.0,0.0,0.0,0.0,0.0,108.2,69.0,170.0,61.0,5.2,126.2,7.08,53.1,167.5,18.9,0
27.0,0,1,0,0,1,26.4,85.0,0.0,0.0,1.0,0.0,110.8,75.2,181.0,34.0,4.4,125.7,5.78,91.4,179.2,28.5,0
70.0,0,1,0,0,1,27.0,95.9,0.0,0.0,1.0,0.0,115.3,79.0,222.0,41.0,5.4,66.4,11.03,77.8,167.7,27.7,0
49.0,0,1,0,0,1,29.2,102.0,0.0,0.0,1.0,0.0,112.9,57.0,178.0,66.0,5.0,66.9,7.2,88.3,176.7,28.3,0
62.0,0,1,0,0,1,31.0,101.5,0.0,0.0,1.0,0.0,116.2,75.5,222.0,55.0,6.4,115.0,6.52,88.8,170.4,30.6,0
36.0,0,1,0,0,1,41.3,127.6,0.0,0.0,1.0,0.0,112.6,81.4,224.0,47.0,5.5,95.1,9.21,134.8,183.5,40.0,0
56.0,0,1,0,0,1,28.3,95.0,0.0,0.0,1.0,0.0,111.1,84.0,130.0,46.0,5.3,86.4,723.76,41.3,146.5,19.2,0
23.0,0,1,0,0,1,30.4,109.5,0.0,0.0,1.0,0.0,113.6,78.2,102.0,41.0,5.6,72.2,1.22,94.0,179.8,29.1,0
42.0,0,1,0,0,1,24.3,91.3,0.0,0.0,1.0,0.0,149.5,90.5,241.0,51.0,5.4,76.4,3.35,87.3,190.9,24.0,0
50.0,0,1,0,0,1,37.4,121.4,0.0,0.0,1.0,0.0,128.8,73.9,203.0,36.0,5.1,114.9,7.03,123.6,182.7,37.0,0
62.0,0,1,0,0,1,22.6,77.7,0.0,0.0,1.0,0.0,114.1,60.5,191.0,77.0,5.0,114.4,7.5,71.4,178.1,22.5,0
56.0,0,1,0,0,1,25.9,103.1,0.0,0.0,1.0,0.0,105.5,74.2,268.0,45.0,5.5,74.3,5.96,79.8,180.6,24.5,0
73.0,0,1,0,0,1,38.8,121.0,0.0,0.0,1.0,0.0,148.5,88.1,175.0,50.0,6.3,68.9,6.24,126.3,180.3,38.8,0
20.0,0,1,0,0,1,23.9,79.7,0.0,0.0,1.0,0.0,111.1,71.2,99.0,46.0,5.9,132.2,10.81,77.6,174.9,25.4,0
65.0,0,1,0,0,1,26.8,95.7,0.0,0.0,1.0,0.0,129.5,99.0,202.0,58.0,5.7,88.3,8.38,85.8,176.9,27.4,0
27.0,0,1,0,0,1,24.5,78.9,0.0,0.0,1.0,0.0,114.0,69.7,189.0,39.0,5.0,134.8,29.01,60.9,154.4,25.5,0
61.0,0,1,0,0,1,38.1,121.7,0.0,0.0,1.0,0.0,133.6,82.9,188.0,47.0,8.3,83.4,11.89,115.2,179.5,35.7,0
46.0,0,1,0,0,1,28.6,104.1,0.0,0.0,1.0,0.0,105.6,67.8,116.0,40.0,5.3,72.7,4.1,106.3,190.0,29.5,0
35.0,0,1,0,0,1,28.5,71.6,0.0,0.0,1.0,0.0,116.6,74.9,230.0,68.0,5.6,70.6,8.85,95.9,184.5,28.2,0
21.0,0,1,0,0,1,23.7,82.7,0.0,0.0,1.0,0.0,103.5,76.8,161.0,34.0,5.8,93.1,1.29,78.9,182.0,23.8,0
59.0,0,1,0,0,1,36.1,111.2,0.0,0.0,1.0,0.0,127.3,83.5,190.0,44.0,5.1,64.7,6.45,99.1,170.7,34.0,0
34.0,0,1,0,0,1,23.9,83.9,0.0,0.0,1.0,0.0,108.5,69.7,174.0,39.0,5.1,113.7,36.91,59.2,154.0,25.0,0
43.0,0,1,0,0,1,21.9,81.5,0.0,0.0,1.0,0.0,110.9,69.5,167.0,73.0,4.9,131.1,39.62,70.4,176.5,22.6,0
59.0,0,1,0,0,1,35.1,111.5,0.0,0.0,1.0,0.0,133.2,85.4,241.0,37.0,6.8,64.4,4.85,102.1,168.9,35.8,0
20.0,0,1,0,0,1,40.9,116.4,0.0,0.0,1.0,0.0,110.1,80.1,174.0,54.0,5.6,118.8,26.08,75.4,145.2,35.7,0
53.0,0,1,0,0,1,26.4,77.9,0.0,0.0,1.0,0.0,107.8,74.6,179.0,64.0,9.6,90.1,5.5,74.5,168.8,26.1,0
42.0,0,1,0,0,1,30.8,100.4,0.0,0.0,1.0,0.0,128.3,84.0,255.0,35.0,6.9,61.2,6.56,109.0,188.0,30.8,0
32.0,0,1,0,0,1,25.4,81.3,0.0,0.0,1.0,0.0,117.3,74.8,293.0,43.0,6.0,69.0,9.29,91.5,188.3,25.8,0
70.0,0,1,0,0,1,35.6,113.1,0.0,0.0,1.0,0.0,127.5,90.8,177.0,85.0,5.3,96.7,9.22,92.7,172.6,31.1,0
34.0,0,1,0,0,1,29.4,94.0,0.0,0.0,1.0,0.0,108.7,72.0,170.0,51.0,4.6,129.0,10.63,81.6,165.4,29.8,0
50.0,0,1,0,0,1,34.7,114.2,0.0,0.0,1.0,0.0,111.8,69.3,168.0,53.0,5.9,124.0,7.51,74.3,149.3,33.4,0
48.0,0,1,0,0,1,21.3,80.7,0.0,0.0,1.0,0.0,112.1,73.2,143.0,51.0,5.9,121.5,4.12,56.9,168.8,20.0,0
34.0,0,1,0,0,1,38.7,111.8,0.0,0.0,1.0,0.0,101.7,72.8,265.0,42.0,5.5,106.9,28.85,134.4,181.8,40.7,0
18.0,0,1,0,0,1,37.5,119.6,0.0,0.0,1.0,0.0,124.6,77.0,177.0,60.0,5.6,135.1,8.82,112.0,176.6,35.9,0
37.0,0,1,0,0,1,31.7,106.6,0.0,0.0,1.0,0.0,104.8,65.8,162.0,35.0,6.4,68.3,18.63,86.2,171.2,29.4,0
62.0,0,1,0,0,1,28.0,99.8,0.0,0.0,1.0,0.0,123.5,80.9,190.0,46.0,5.6,79.6,8.07,85.1,176.8,27.2,0
66.0,0,1,0,0,1,23.0,84.0,0.0,0.0,1.0,0.0,113.2,74.6,170.0,47.0,5.1,77.7,9.46,64.8,166.6,23.4,0
43.0,0,1,0,0,1,29.3,89.1,0.0,0.0,1.0,0.0,128.1,81.0,182.0,53.0,5.6,88.4,34.47,90.8,172.4,30.6,0
76.0,0,1,0,0,1,34.1,115.2,0.0,0.0,1.0,0.0,150.1,87.0,203.0,46.0,5.8,78.5,8.48,115.8,190.6,31.9,0
70.0,0,1,0,0,1,52.3,148.0,0.0,0.0,1.0,0.0,127.9,81.5,155.0,79.0,5.1,84.7,9.35,166.5,182.4,50.0,0
40.0,0,1,0,0,1,40.2,129.5,0.0,0.0,1.0,0.0,141.5,86.3,143.0,36.0,5.6,83.0,20.59,133.6,183.1,39.9,0
71.0,0,1,0,0,1,27.5,100.9,0.0,0.0,1.0,0.0,107.3,88.5,177.0,35.0,4.9,110.5,28.73,89.8,181.1,27.4,0
67.0,0,1,0,0,1,31.1,102.9,0.0,0.0,1.0,0.0,143.8,86.6,207.0,75.0,5.6,57.8,1.26,106.5,184.0,31.4,0
31.0,0,1,0,0,1,30.5,95.6,0.0,0.0,1.0,0.0,92.9,68.0,132.0,41.0,4.7,129.2,6.3,99.1,183.8,29.3,0
53.0,0,1,0,0,1,37.1,106.2,0.0,0.0,1.0,0.0,114.3,74.7,204.0,46.0,5.4,87.2,7.47,109.3,172.6,36.7,0
62.0,0,1,0,0,1,34.6,121.2,0.0,0.0,1.0,0.0,133.1,81.1,241.0,38.0,5.9,65.5,7.0,103.3,179.9,31.9,0
21.0,0,1,0,0,1,28.1,94.3,0.0,0.0,1.0,0.0,131.9,80.3,224.0,41.0,5.6,103.3,12.85,80.1,167.7,28.5,0
20.0,0,1,0,0,1,36.2,111.0,0.0,0.0,1.0,0.0,128.6,79.5,115.0,47.0,5.3,95.5,10.84,101.7,172.1,34.3,0
20.0,0,1,0,0,1,27.4,89.1,0.0,0.0,1.0,0.0,103.7,62.0,225.0,120.0,5.1,124.9,4.29,69.2,165.1,25.4,0
33.0,0,1,0,0,1,26.8,87.0,0.0,0.0,1.0,0.0,102.9,73.1,199.0,57.0,4.8,134.7,0.57,73.4,167.9,26.0,0
51.0,0,1,0,0,1,23.9,89.5,0.0,0.0,1.0,0.0,119.1,55.5,119.0,57.0,4.8,125.7,1.96,68.8,174.4,22.6,0
45.0,0,1,0,0,1,32.0,108.6,0.0,0.0,1.0,0.0,140.9,83.1,192.0,40.0,5.4,67.7,9.9,70.1,154.7,29.3,0
40.0,0,1,0,0,1,23.5,90.5,0.0,0.0,1.0,0.0,109.0,77.5,91.0,42.0,5.4,68.3,5.93,72.9,173.1,24.3,0
20.0,0,1,0,0,1,24.1,91.8,0.0,0.0,1.0,0.0,144.1,85.2,221.0,41.0,5.1,106.7,4.46,76.5,179.2,23.8,0
30.0,0,1,0,0,1,22.5,84.4,0.0,0.0,1.0,0.0,106.9,79.2,169.0,48.0,5.2,119.7,7.35,56.3,164.7,20.8,0
45.0,0,1,0,0,1,46.4,137.9,0.0,0.0,1.0,0.0,106.8,73.4,189.0,71.0,5.3,130.6,9.0,118.3,168.2,41.8,0
48.0,0,1,0,0,1,28.6,106.5,0.0,0.0,1.0,0.0,114.6,73.7,166.0,40.0,6.9,72.7,9.86,88.0,182.1,26.5,0
41.0,0,1,0,0,1,25.8,99.1,0.0,0.0,1.0,0.0,118.5,76.3,184.0,36.0,5.4,98.0,7.78,88.0,180.5,27.0,0
51.0,0,1,0,0,1,33.7,104.4,0.0,0.0,1.0,0.0,141.9,76.5,199.0,62.0,5.4,96.2,5.56,83.2,160.9,32.1,0
32.0,0,1,0,0,1,24.7,80.2,0.0,0.0,1.0,0.0,129.7,78.8,188.0,42.0,4.8,125.5,6.78,81.6,176.9,26.1,0
31.0,0,1,0,0,1,34.0,111.7,0.0,0.0,1.0,0.0,112.4,68.5,158.0,41.0,5.1,101.3,8.63,104.0,182.6,31.2,0
29.0,0,1,0,0,1,36.5,119.2,0.0,0.0,1.0,0.0,105.3,74.4,227.0,40.0,5.1,108.6,8.36,94.6,167.6,33.7,0
50.0,0,1,0,0,1,28.8,110.3,0.0,0.0,1.0,0.0,134.0,78.9,179.0,96.0,5.3,93.4,6.12,74.1,159.0,29.3,0
71.0,0,1,0,0,1,29.6,104.2,0.0,0.0,1.0,0.0,127.2,79.4,193.0,55.0,5.4,64.1,5.99,93.5,185.0,27.3,0
34.0,0,1,0,0,1,32.1,94.2,0.0,0.0,1.0,0.0,111.5,71.4,196.0,87.0,5.0,78.8,7.96,67.4,149.6,30.1,0
29.0,0,1,0,0,1,33.8,124.3,0.0,0.0,1.0,0.0,105.9,73.5,161.0,36.0,4.8,116.9,12.87,80.3,158.1,32.1,0
65.0,0,1,0,0,1,21.8,82.9,0.0,0.0,1.0,0.0,117.1,75.1,187.0,56.0,5.2,77.4,7.8,67.5,179.4,21.0,0
51.0,0,1,0,0,1,24.1,83.1,0.0,0.0,1.0,0.0,122.2,79.2,241.0,40.0,5.4,96.4,9.55,68.1,165.3,24.9,0
19.0,0,1,0,0,1,34.3,107.6,0.0,0.0,1.0,0.0,103.1,66.9,207.0,40.0,5.8,89.8,81.94,110.1,179.5,34.2,0
55.0,0,1,0,0,1,37.1,112.0,0.0,0.0,1.0,0.0,114.5,77.0,179.0,27.0,6.3,114.7,2.39,126.6,187.7,35.9,0
56.0,0,1,0,0,1,28.7,92.2,0.0,0.0,1.0,0.0,113.7,75.6,148.0,45.0,4.9,124.4,9.3,102.9,192.3,27.8,0
35.0,0,1,0,0,1,49.7,131.8,0.0,0.0,1.0,0.0,140.6,79.8,107.0,61.0,5.3,131.0,2.22,138.0,171.0,47.2,0
48.0,0,1,0,0,1,41.3,122.5,0.0,0.0,1.0,0.0,115.9,74.5,169.0,53.0,5.1,78.7,5.31,123.2,174.9,40.3,0
68.0,0,1,0,0,1,28.4,99.4,0.0,0.0,1.0,0.0,112.0,79.4,151.0,37.0,5.1,98.1,15.42,87.2,172.9,29.2,0
37.0,0,1,0,0,1,35.1,111.5,0.0,0.0,1.0,0.0,115.9,72.8,149.0,46.0,5.2,108.8,2.45,87.7,159.1,34.6,0
25.0,0,1,0,0,1,22.9,79.7,0.0,0.0,1.0,0.0,131.9,82.5,166.0,37.0,5.5,104.6,1.14,85.5,181.1,26.1,0
39.0,0,1,0,0,1,25.6,80.4,0.0,0.0,1.0,0.0,106.1,69.8,209.0,51.0,6.0,85.1,10.86,66.3,162.4,25.1,0
56.0,0,1,0,0,1,36.0,114.5,0.0,0.0,1.0,0.0,120.3,74.6,224.0,45.0,5.9,67.5,19.46,126.4,189.1,35.4,0
43.0,0,1,0,0,1,44.0,132.0,0.0,0.0,1.0,0.0,123.8,81.8,174.0,33.0,5.3,126.5,14.83,106.3,160.1,41.5,0
46.0,0,1,0,0,1,41.0,115.9,0.0,0.0,1.0,0.0,119.3,97.9,185.0,66.0,4.8,122.4,9.78,107.2,166.9,38.5,0
21.0,0,1,0,0,1,31.7,98.2,0.0,0.0,1.0,0.0,104.4,71.6,126.0,37.0,5.5,127.9,9.12,93.2,172.4,31.4,0
66.0,0,1,0,0,1,40.4,127.3,0.0,0.0,1.0,0.0,118.8,72.7,134.0,36.0,5.2,61.6,3.81,129.3,184.8,37.9,0
38.0,0,1,0,0,1,24.0,99.3,0.0,0.0,1.0,0.0,109.3,72.5,198.0,41.0,6.2,73.2,11.54,85.7,193.4,22.9,0
59.0,0,1,0,0,1,28.6,105.7,0.0,0.0,1.0,0.0,120.9,72.3,153.0,37.0,6.4,90.3,5.72,96.6,186.8,27.7,0
59.0,0,1,0,0,1,26.1,70.1,0.0,0.0,1.0,0.0,108.0,71.4,188.0,46.0,5.3,65.6,47.67,77.5,178.8,24.2,0
23.0,0,1,0,0,1,19.7,78.1,0.0,0.0,1.0,0.0,120.1,75.3,140.0,39.0,5.3,103.7,3.45,58.2,178.2,18.3,0
46.0,0,1,0,0,1,29.0,109.6,0.0,0.0,1.0,0.0,123.1,70.7,202.0,43.0,5.8,97.6,8.47,103.8,187.4,29.6,0
72.0,0,1,0,0,1,25.0,84.1,0.0,0.0,1.0,0.0,128.3,59.4,220.0,58.0,5.3,58.1,8.46,59.5,154.3,25.0,0
36.0,0,1,0,0,1,22.6,76.7,0.0,0.0,1.0,0.0,113.7,70.8,263.0,50.0,5.7,69.0,10.43,56.2,153.1,24.0,0
19.0,0,1,0,0,1,24.7,81.3,0.0,0.0,1.0,0.0,106.7,74.0,203.0,41.0,4.8,128.7,10.9,64.6,158.4,25.8,0
43.0,0,1,0,0,1,35.2,104.5,0.0,0.0,1.0,0.0,107.4,82.8,180.0,43.0,6.0,114.4,3.01,108.9,176.1,35.1,0
53.0,0,1,0,0,1,40.7,122.2,0.0,0.0,1.0,0.0,118.4,75.3,172.0,47.0,5.9,93.7,7.56,117.9,174.6,38.7,0
52.0,0,1,0,0,1,27.1,95.6,0.0,0.0,1.0,0.0,128.5,72.5,184.0,48.0,5.5,97.0,3.4,61.5,157.7,24.7,0
70.0,0,1,0,0,1,41.4,123.3,0.0,0.0,1.0,0.0,128.4,70.2,162.0,25.0,5.6,53.5,9.5,142.7,187.4,40.6,0
60.0,0,1,0,0,1,32.0,110.5,0.0,0.0,1.0,0.0,135.5,78.1,117.0,35.0,6.1,76.5,31.93,95.2,170.6,32.7,0
77.0,0,1,0,0,1,32.1,108.9,0.0,0.0,1.0,0.0,131.7,76.3,202.0,50.0,6.5,68.0,0.3,98.0,179.0,30.6,0
53.0,0,1,0,0,1,25.8,94.1,0.0,0.0,1.0,0.0,110.9,78.4,253.0,45.0,4.8,113.4,9.32,82.7,181.4,25.1,0
29.0,0,1,0,0,1,28.4,90.1,0.0,0.0,1.0,0.0,106.3,71.8,227.0,44.0,5.7,105.1,7.3,78.7,167.8,28.0,0
50.0,0,1,0,0,1,31.2,104.3,0.0,0.0,1.0,0.0,137.4,81.9,171.0,36.0,5.3,75.2,11.53,78.0,163.0,29.4,0
32.0,0,1,0,0,1,26.6,93.7,0.0,0.0,1.0,0.0,137.7,78.1,176.0,42.0,5.2,117.8,6.28,58.0,146.2,27.2,0
35.0,0,1,0,0,1,27.2,90.9,0.0,0.0,1.0,0.0,108.3,66.0,172.0,42.0,5.7,122.3,7.77,63.4,153.7,26.8,0
43.0,0,1,0,0,1,33.0,100.6,0.0,0.0,1.0,0.0,111.8,81.4,175.0,36.0,5.8,117.7,2.65,92.4,167.7,32.9,0
23.0,0,1,0,0,1,25.6,88.1,0.0,0.0,1.0,0.0,113.6,76.9,193.0,47.0,5.5,108.2,7.55,56.1,152.1,24.2,0
35.0,0,1,0,0,1,30.3,101.7,0.0,0.0,1.0,0.0,112.7,83.6,110.0,36.0,5.7,115.4,3.44,84.8,171.5,28.8,0
57.0,0,1,0,0,1,27.7,99.2,0.0,0.0,1.0,0.0,124.8,78.7,204.0,80.0,5.2,100.8,6.6,65.6,153.0,28.0,0
49.0,0,1,0,0,1,36.9,115.2,0.0,0.0,1.0,0.0,104.9,71.1,162.0,41.0,5.2,103.5,39.46,126.4,186.3,36.4,0
22.0,0,1,0,0,1,45.4,124.9,0.0,0.0,1.0,0.0,107.9,72.0,118.0,52.0,5.8,124.8,4.78,118.0,167.8,41.9,0
76.0,0,1,0,0,1,23.8,87.9,0.0,0.0,1.0,0.0,112.2,69.2,200.0,54.0,5.1,64.2,35.54,69.7,168.7,24.5,0
18.0,0,1,0,0,1,28.2,96.7,0.0,0.0,1.0,0.0,118.1,79.1,194.0,33.0,5.5,132.1,160.26,62.8,155.9,25.8,0
57.0,0,1,0,0,1,40.1,116.5,0.0,0.0,1.0,0.0,111.8,71.8,177.0,44.0,5.0,111.0,10.0,108.4,165.3,39.7,0
28.0,0,1,0,0,1,22.9,78.0,0.0,0.0,1.0,0.0,104.6,69.8,151.0,40.0,5.4,110.3,4.88,76.4,185.3,22.2,0
36.0,0,1,0,0,1,29.9,93.7,0.0,0.0,1.0,0.0,111.9,73.1,228.0,43.0,5.1,106.0,4.86,81.0,167.6,28.8,0
32.0,0,1,0,0,1,28.5,84.1,0.0,0.0,1.0,0.0,122.1,88.2,172.0,36.0,5.6,97.5,0.87,67.4,153.9,28.5,0
67.0,0,1,0,0,1,37.2,121.3,0.0,0.0,1.0,0.0,146.2,85.6,175.0,46.0,5.2,96.0,9.44,117.7,182.0,35.5,0
71.0,0,1,0,0,1,29.8,107.3,0.0,0.0,1.0,0.0,123.2,60.9,214.0,48.0,4.9,66.4,2.64,96.8,182.8,29.0,0
77.0,0,1,0,0,1,30.1,109.3,0.0,0.0,1.0,0.0,148.1,82.0,112.0,31.0,5.4,74.9,5.12,87.3,172.1,29.5,0
72.0,0,1,0,0,1,31.7,106.5,0.0,0.0,1.0,0.0,129.1,77.0,172.0,36.0,5.3,102.1,2.8,101.2,190.1,28.0,0
29.0,0,1,0,0,1,35.0,105.8,0.0,0.0,1.0,0.0,112.5,80.5,117.0,38.0,5.1,118.2,4.97,91.5,169.2,32.0,0
36.0,0,1,0,0,1,33.0,102.8,0.0,0.0,1.0,0.0,115.7,74.7,199.0,42.0,5.7,128.2,10.61,90.1,167.6,32.1,0
73.0,0,1,0,0,1,36.3,125.3,0.0,0.0,1.0,0.0,108.5,69.5,196.0,37.0,5.5,79.6,1.08,97.7,167.9,34.6,0
32.0,0,1,0,0,1,27.1,92.3,0.0,0.0,1.0,0.0,114.7,69.4,204.0,44.0,5.2,111.2,9.92,73.3,167.7,26.1,0
22.0,0,1,0,0,1,28.0,90.4,0.0,0.0,1.0,0.0,127.9,77.4,193.0,57.0,5.5,94.5,33.67,63.6,145.4,30.1,0
54.0,0,1,0,0,1,36.0,117.6,0.0,0.0,1.0,0.0,131.3,87.0,264.0,43.0,5.5,96.4,3.23,102.5,173.2,34.2,0
57.0,0,1,0,0,1,38.1,119.1,0.0,0.0,1.0,0.0,104.0,69.2,176.0,40.0,6.0,124.3,6.02,122.8,180.1,37.9,0
66.0,0,1,0,0,1,31.3,105.7,0.0,0.0,1.0,0.0,129.4,77.7,211.0,42.0,6.4,66.6,3.77,107.9,188.4,30.4,0
24.0,0,1,0,0,1,32.7,94.2,0.0,0.0,1.0,0.0,102.1,68.3,165.0,46.0,5.1,116.2,7.58,97.3,170.8,33.4,0
51.0,0,1,0,0,1,37.6,120.3,0.0,0.0,1.0,0.0,111.1,76.1,194.0,40.0,6.2,112.8,9.86,120.1,182.3,36.1,0
48.0,0,1,0,0,1,22.6,86.9,0.0,0.0,1.0,0.0,111.0,75.4,181.0,39.0,6.1,88.9,4.29,80.9,184.0,23.9,0
22.0,0,1,0,0,1,32.5,109.1,0.0,0.0,1.0,0.0,130.6,80.5,195.0,64.0,4.9,103.6,7.59,95.9,173.8,31.7,0
24.0,0,1,0,0,1,35.6,106.5,0.0,0.0,1.0,0.0,113.1,73.9,200.0,37.0,5.3,88.0,10.07,80.2,150.5,35.4,0
38.0,0,1,0,0,1,29.8,100.6,0.0,0.0,1.0,0.0,149.5,104.7,249.0,46.0,6.1,96.7,9.05,100.9,187.8,28.6,0
24.0,0,1,0,0,1,27.9,97.3,0.0,0.0,1.0,0.0,111.3,71.2,180.0,39.0,4.8,92.5,8.69,87.2,180.2,26.9,0
52.0,0,1,0,0,1,43.4,131.1,0.0,0.0,1.0,0.0,142.1,87.8,172.0,36.0,9.0,67.1,5.15,129.1,176.8,41.3,0
55.0,0,1,0,0,1,38.0,119.4,0.0,0.0,1.0,0.0,120.0,77.5,168.0,44.0,5.2,122.9,8.94,123.7,185.4,36.0,0
29.0,0,1,0,0,1,27.7,100.7,0.0,0.0,1.0,0.0,103.4,74.8,148.0,53.0,4.9,136.3,12.81,79.0,171.8,26.7,0
19.0,0,1,0,0,1,30.0,92.5,0.0,0.0,1.0,0.0,99.6,70.9,182.0,46.0,5.1,95.2,57.38,86.6,173.1,28.9,0
67.0,0,1,0,0,1,37.5,119.8,0.0,0.0,1.0,0.0,135.8,84.8,217.0,41.0,6.0,96.8,7.49,128.4,185.1,37.5,0
69.0,0,1,0,0,1,23.0,102.0,0.0,0.0,1.0,0.0,103.8,68.1,188.0,39.0,5.3,69.6,13.2,70.4,173.8,23.3,0
55.0,0,1,0,0,1,23.0,94.3,0.0,0.0,1.0,0.0,132.5,82.6,175.0,39.0,5.5,64.8,5.46,80.9,183.3,24.1,0
56.0,0,1,0,0,1,26.1,87.9,0.0,0.0,1.0,0.0,121.1,74.1,94.0,38.0,5.3,84.5,8.06,60.3,151.2,26.4,0
65.0,0,1,0,0,1,26.2,97.4,0.0,0.0,1.0,0.0,109.7,71.9,243.0,73.0,5.7,57.4,9.6,90.5,187.4,25.8,0
68.0,0,1,0,0,1,23.8,89.4,0.0,0.0,1.0,0.0,136.1,86.4,168.0,40.0,5.6,72.5,6.5,50.4,148.5,22.9,0
33.0,0,1,0,0,1,29.0,100.1,0.0,0.0,1.0,0.0,128.5,77.7,233.0,42.0,5.0,125.6,7.04,87.6,177.6,27.8,0
45.0,0,1,0,0,1,29.4,111.1,0.0,0.0,1.0,0.0,130.7,78.9,189.0,54.0,5.0,89.9,7.93,95.9,179.2,29.9,0
21.0,0,1,0,0,1,22.9,69.7,0.0,0.0,1.0,0.0,117.2,89.3,199.0,47.0,5.2,117.1,1.56,64.6,164.4,23.9,0
77.0,0,1,0,0,1,21.3,81.0,0.0,0.0,1.0,0.0,139.4,67.5,212.0,69.0,5.5,55.4,29.0,65.1,172.6,21.9,0
74.0,0,1,0,0,1,22.8,80.1,0.0,0.0,1.0,0.0,108.3,64.6,234.0,45.0,5.2,59.3,8.2,66.8,172.6,22.4,0
26.0,0,1,0,0,1,28.5,102.3,0.0,0.0,1.0,0.0,110.0,73.6,174.0,38.0,5.5,100.8,1.85,103.4,192.6,27.9,0
43.0,0,1,0,0,1,29.7,91.6,0.0,0.0,1.0,0.0,131.2,76.6,172.0,44.0,5.2,77.6,2.91,84.4,173.9,27.9,0
24.0,0,1,0,0,1,34.1,105.6,0.0,0.0,1.0,0.0,94.1,68.6,143.0,35.0,5.0,133.9,11.64,96.1,169.3,33.5,0
34.0,0,1,0,0,1,20.3,77.0,0.0,0.0,1.0,0.0,108.9,72.2,181.0,65.0,5.7,92.8,2.09,64.9,169.3,22.6,0
49.0,0,1,0,0,1,39.8,128.2,0.0,0.0,1.0,0.0,106.6,68.0,85.0,48.0,5.6,99.1,9.28,124.1,177.2,39.5,0
40.0,0,1,0,0,1,28.1,91.8,0.0,0.0,1.0,0.0,115.2,81.6,250.0,40.0,5.1,127.9,13.49,80.9,181.9,24.4,0
71.0,0,1,0,0,1,40.8,123.9,0.0,0.0,1.0,0.0,110.4,68.2,198.0,32.0,5.6,104.8,7.81,84.3,151.5,36.7,0
69.0,0,1,0,0,1,28.7,100.7,0.0,0.0,1.0,0.0,149.6,86.9,184.0,47.0,5.1,54.9,40.7,83.6,171.9,28.3,0
20.0,0,1,0,0,1,38.8,110.1,0.0,0.0,1.0,0.0,100.9,62.4,145.0,39.0,5.0,132.8,8.53,98.9,164.8,36.4,0
62.0,0,1,0,0,1,26.2,90.7,0.0,0.0,1.0,0.0,111.5,65.0,192.0,66.0,5.6,111.5,3.38,79.3,169.6,27.6,0
79.0,0,1,0,0,1,35.3,106.0,0.0,0.0,1.0,0.0,113.3,73.1,172.0,109.0,5.6,70.8,10.76,86.1,158.9,34.1,0
29.0,0,1,0,0,1,25.0,92.9,0.0,0.0,1.0,0.0,106.7,71.3,202.0,55.0,5.0,123.3,7.79,81.7,181.0,24.9,0
33.0,0,1,0,0,1,23.9,85.7,0.0,0.0,1.0,0.0,120.4,74.0,161.0,43.0,5.0,116.3,5.07,76.0,173.6,25.2,0
33.0,0,1,0,0,1,25.6,97.7,0.0,0.0,1.0,0.0,111.6,76.7,175.0,35.0,5.8,61.6,8.83,86.2,182.6,25.9,0
56.0,0,1,0,0,1,27.9,104.1,0.0,0.0,1.0,0.0,125.7,70.9,252.0,51.0,5.6,90.2,4.76,77.1,169.7,26.8,0
59.0,0,1,0,0,1,29.4,100.5,0.0,0.0,1.0,0.0,129.9,82.9,153.0,46.0,5.3,71.8,14.43,101.5,187.6,28.8,0
64.0,0,1,0,0,1,25.4,88.0,0.0,0.0,1.0,0.0,129.8,66.9,164.0,46.0,5.3,84.2,10.06,78.0,180.4,24.0,0
62.0,0,1,0,0,1,41.7,129.1,0.0,0.0,1.0,0.0,129.4,70.3,161.0,57.0,7.3,103.4,4.95,119.0,176.9,38.0,0
57.0,0,1,0,0,1,40.4,123.8,0.0,0.0,1.0,0.0,114.4,87.6,208.0,39.0,5.3,84.5,6.11,93.9,153.1,40.1,0
73.0,0,1,0,0,1,22.5,85.5,0.0,0.0,1.0,0.0,131.4,78.8,180.0,71.0,5.6,54.8,11.23,67.4,178.0,21.3,0
34.0,0,1,0,0,1,36.9,107.9,0.0,0.0,1.0,0.0,116.1,79.6,190.0,55.0,5.7,88.9,4.51,101.8,170.1,35.2,0
65.0,0,1,0,0,1,29.2,103.1,0.0,0.0,1.0,0.0,132.3,84.0,158.0,35.0,5.5,100.6,5.23,101.4,183.5,30.1,0
40.0,0,1,0,0,1,22.8,85.5,0.0,0.0,1.0,0.0,129.8,75.2,228.0,65.0,6.3,95.3,2.38,52.5,153.4,22.3,0
74.0,0,1,0,0,1,39.6,126.5,0.0,0.0,1.0,0.0,136.2,89.8,206.0,56.0,5.9,60.8,5.76,130.6,184.9,38.2,0
21.0,0,1,0,0,1,21.0,91.3,0.0,0.0,1.0,0.0,130.2,78.3,130.0,36.0,5.5,94.5,7.04,78.3,188.4,22.1,0
25.0,0,1,0,0,1,28.8,98.0,0.0,0.0,1.0,0.0,128.2,73.1,122.0,36.0,4.6,93.9,1.53,75.3,171.0,25.8,0
20.0,0,1,0,0,1,28.4,96.0,0.0,0.0,1.0,0.0,114.4,76.5,199.0,50.0,6.1,125.6,7.68,92.4,182.0,27.9,0
74.0,0,1,0,0,1,28.4,99.5,0.0,0.0,1.0,0.0,127.1,61.9,164.0,81.0,5.1,61.6,0.3,89.1,179.8,27.6,0
26.0,0,1,0,0,1,34.6,121.7,0.0,0.0,1.0,0.0,145.0,86.2,195.0,31.0,5.3,109.6,7.42,116.6,186.2,33.6,0
44.0,0,1,0,0,1,34.5,119.8,0.0,0.0,1.0,0.0,106.9,74.6,199.0,47.0,5.2,93.5,7.25,93.3,173.1,31.1,0
61.0,0,1,0,0,1,34.3,104.6,0.0,0.0,1.0,0.0,102.4,68.6,162.0,57.0,5.4,112.4,7.21,102.4,174.8,33.5,0
47.0,0,1,0,0,1,25.5,85.5,0.0,0.0,1.0,0.0,109.1,77.4,205.0,74.0,5.3,122.5,12.72,80.9,177.6,25.6,0
65.0,0,1,0,0,1,21.6,84.6,0.0,0.0,1.0,0.0,118.7,71.9,153.0,57.0,8.5,52.5,10.4,60.8,167.2,21.8,0
20.0,0,1,0,0,1,21.0,75.9,0.0,0.0,1.0,0.0,101.5,71.6,155.0,49.0,4.8,120.7,9.01,58.3,168.0,20.7,0
21.0,0,1,0,0,1,47.1,146.7,0.0,0.0,1.0,0.0,102.1,69.7,196.0,50.0,5.2,102.5,12.07,153.5,184.8,44.9,0
34.0,0,1,0,0,1,49.9,142.3,0.0,0.0,1.0,0.0,113.4,70.1,165.0,43.0,4.6,129.2,5.36,149.2,181.6,45.2,0
22.0,0,1,0,0,1,20.2,72.9,0.0,0.0,1.0,0.0,130.9,82.9,170.0,36.0,4.8,124.6,8.64,34.4,134.7,18.9,0
62.0,0,1,0,0,1,24.9,88.4,0.0,0.0,1.0,0.0,120.9,67.4,255.0,47.0,6.0,80.5,1.26,64.3,162.3,24.4,0
50.0,0,1,0,0,1,28.6,95.6,0.0,0.0,1.0,0.0,107.7,69.8,215.0,38.0,5.6,70.9,3.49,75.3,159.7,29.5,0
58.0,0,1,0,0,1,25.4,95.3,0.0,0.0,1.0,0.0,118.7,76.5,210.0,62.0,5.6,110.8,42.48,83.4,180.7,25.5,0
21.0,0,1,0,0,1,27.4,86.7,0.0,0.0,1.0,0.0,109.4,72.8,203.0,57.0,4.8,130.4,41.85,85.4,176.5,27.4,0
29.0,0,1,0,0,1,23.5,88.9,0.0,0.0,1.0,0.0,128.1,75.9,160.0,32.0,5.6,107.7,4.12,48.4,157.3,19.6,0
62.0,0,1,0,0,1,19.6,80.1,0.0,0.0,1.0,0.0,143.8,78.8,176.0,60.0,5.4,81.7,4.59,65.6,181.1,20.0,0
28.0,0,1,0,0,1,55.6,154.3,0.0,0.0,1.0,0.0,115.0,69.2,228.0,45.0,5.4,125.6,29.51,149.1,165.2,54.6,0
28.0,0,1,0,0,1,27.5,99.6,0.0,0.0,1.0,0.0,100.9,67.4,172.0,38.0,4.5,129.0,3.38,83.8,172.7,28.1,0
68.0,0,1,0,0,1,43.7,133.9,0.0,0.0,1.0,0.0,105.0,72.5,180.0,88.0,5.0,107.6,10.12,122.9,172.8,41.2,0
37.0,0,1,0,0,1,23.3,92.7,0.0,0.0,1.0,0.0,110.7,70.8,150.0,44.0,5.1,109.3,8.4,45.1,172.2,15.2,0
23.0,0,1,0,0,1,27.1,96.9,0.0,0.0,1.0,0.0,106.6,73.5,219.0,43.0,4.4,84.3,4.88,71.6,167.0,25.7,0
59.0,0,1,0,0,1,32.0,114.9,0.0,0.0,1.0,0.0,149.5,88.6,234.0,62.0,5.2,61.8,23.18,98.1,176.6,31.5,0
40.0,0,1,0,0,1,48.0,125.8,0.0,0.0,1.0,0.0,104.1,74.3,184.0,37.0,5.3,115.5,5.19,140.4,183.4,41.7,0
39.0,0,1,0,0,1,28.8,91.4,0.0,0.0,1.0,0.0,106.1,67.4,217.0,54.0,4.9,105.8,5.3,86.4,172.8,28.9,0
36.0,0,1,0,0,1,24.7,86.8,0.0,0.0,1.0,0.0,111.8,75.2,178.0,42.0,4.7,103.3,8.64,76.6,176.6,24.6,0
40.0,0,1,0,0,1,31.3,101.2,0.0,0.0,1.0,0.0,111.4,61.6,187.0,53.0,6.8,124.5,9.42,90.0,172.6,30.2,0
68.0,0,1,0,0,1,25.4,102.0,0.0,0.0,1.0,0.0,131.8,79.8,206.0,62.0,5.7,66.1,0.3,81.6,182.7,24.4,0
21.0,0,1,0,0,1,27.9,107.8,0.0,0.0,1.0,0.0,142.2,87.9,187.0,39.0,5.1,89.6,4.44,95.6,188.5,26.9,0
51.0,0,1,0,0,1,35.8,123.6,0.0,0.0,1.0,0.0,138.1,83.2,221.0,50.0,5.7,64.3,9.44,115.1,182.7,34.5,0
20.0,0,1,0,0,1,30.4,95.0,0.0,0.0,1.0,0.0,110.5,67.9,137.0,39.0,5.1,100.5,6.03,88.1,175.8,28.5,0
33.0,0,1,0,0,1,31.2,104.2,0.0,0.0,1.0,0.0,126.5,78.4,157.0,50.0,6.1,75.6,4.97,91.3,169.7,31.7,0
23.0,0,1,0,0,1,27.7,88.1,0.0,0.0,1.0,0.0,130.7,84.6,171.0,45.0,5.6,112.4,6.94,79.4,171.7,26.9,0
21.0,0,1,0,0,1,38.6,104.5,0.0,0.0,1.0,0.0,111.8,73.1,130.0,51.0,4.2,126.6,2.79,108.8,170.6,37.4,0
36.0,0,1,0,0,1,38.5,123.2,0.0,0.0,1.0,0.0,129.0,82.2,180.0,48.0,5.2,100.9,7.27,99.3,171.3,33.8,0
47.0,0,1,0,0,1,30.7,107.9,0.0,0.0,1.0,0.0,107.7,73.4,140.0,83.0,6.4,96.1,39.55,85.2,171.0,29.2,0
52.0,0,1,0,0,1,31.8,106.1,0.0,0.0,1.0,0.0,150.7,71.7,142.0,49.0,5.1,49.2,38.11,70.2,151.3,30.7,0
22.0,0,1,0,0,1,23.5,79.1,0.0,0.0,1.0,0.0,123.2,73.8,208.0,38.0,4.8,69.3,11.17,59.6,158.2,23.8,0
55.0,0,1,0,0,1,21.8,93.2,0.0,0.0,1.0,0.0,136.5,83.1,178.0,46.0,6.0,91.2,9.43,63.9,171.9,21.6,0
31.0,0,1,0,0,1,38.4,116.7,0.0,0.0,1.0,0.0,101.2,67.6,200.0,40.0,5.3,124.9,12.02,89.7,154.6,37.5,0
32.0,0,1,0,0,1,27.0,90.2,0.0,0.0,1.0,0.0,125.6,87.6,300.0,38.0,5.8,93.9,2.51,61.6,152.0,26.7,0
59.0,0,1,0,0,1,42.3,123.9,0.0,0.0,1.0,0.0,109.2,72.5,220.0,40.0,5.7,95.5,7.15,104.7,162.7,39.5,0
59.0,0,1,0,0,1,27.0,108.0,0.0,0.0,1.0,0.0,125.8,77.7,175.0,40.0,5.7,101.2,5.68,86.0,182.8,25.7,0
30.0,0,1,0,0,1,23.4,91.2,0.0,0.0,1.0,0.0,106.5,74.6,156.0,43.0,4.9,73.1,29.42,79.7,179.9,24.6,0
74.0,0,1,0,0,1,31.4,99.0,0.0,0.0,1.0,0.0,129.7,69.2,204.0,41.0,5.5,45.1,10.32,83.2,168.1,29.4,0
54.0,0,1,0,0,1,21.9,85.2,0.0,0.0,1.0,0.0,112.3,71.7,157.0,74.0,6.7,78.0,6.6,50.9,153.2,21.7,0
56.0,0,1,0,0,1,33.1,113.0,0.0,0.0,1.0,0.0,117.4,76.6,199.0,50.0,5.8,75.1,10.0,97.2,172.6,32.6,0
34.0,0,1,0,0,1,24.8,94.4,0.0,0.0,1.0,0.0,119.3,61.7,144.0,50.0,6.5,72.3,7.13,89.3,186.7,25.6,0
20.0,0,1,0,0,1,39.5,119.0,0.0,0.0,1.0,0.0,100.3,68.9,199.0,39.0,5.8,117.2,9.12,110.8,164.8,40.8,0
36.0,0,1,0,0,1,34.9,113.2,0.0,0.0,1.0,0.0,115.0,71.5,129.0,35.0,5.0,131.3,4.52,114.7,179.8,35.5,0
64.0,0,1,0,0,1,33.8,110.4,0.0,0.0,1.0,0.0,140.9,85.0,257.0,66.0,5.7,77.2,9.51,93.2,166.7,33.5,0
32.0,0,1,0,0,1,27.8,91.5,0.0,0.0,1.0,0.0,122.1,74.6,175.0,42.0,5.7,109.7,7.92,68.1,160.6,26.4,0
21.0,0,1,0,0,1,26.8,85.3,0.0,0.0,1.0,0.0,111.9,70.4,145.0,35.0,5.4,125.3,5.76,80.6,172.6,27.1,0
68.0,0,1,0,0,1,23.1,87.3,0.0,0.0,1.0,0.0,145.6,85.3,217.0,47.0,5.5,70.9,12.81,61.3,159.0,24.3,0
22.0,0,1,0,0,1,27.8,91.1,0.0,0.0,1.0,0.0,125.2,62.5,218.0,55.0,5.5,96.9,26.96,76.4,167.7,27.2,0
31.0,0,1,0,0,1,28.0,93.6,0.0,0.0,1.0,0.0,121.5,76.7,117.0,42.0,5.4,105.7,8.94,81.1,174.9,26.5,0
31.0,0,1,0,0,1,51.5,139.9,0.0,0.0,1.0,0.0,120.2,76.6,191.0,34.0,5.0,120.9,0.61,160.6,184.7,47.1,0
33.0,0,1,0,0,1,29.9,101.7,0.0,0.0,1.0,0.0,160.1,93.2,191.0,58.0,5.0,73.4,10.03,102.9,188.7,28.9,0
67.0,0,1,0,0,1,38.5,116.6,0.0,0.0,1.0,0.0,101.1,67.0,218.0,52.0,6.1,88.5,3.86,112.5,177.8,35.6,0
31.0,0,1,0,0,1,20.2,66.4,0.0,0.0,1.0,0.0,112.5,77.5,178.0,81.0,5.2,107.1,5.46,51.7,161.9,19.7,0
71.0,0,1,0,0,1,27.5,98.1,0.0,0.0,1.0,0.0,155.4,87.0,171.0,70.0,5.8,89.1,37.7,73.9,168.5,26.0,0
36.0,0,1,0,0,1,30.5,107.6,0.0,0.0,1.0,0.0,118.0,74.5,201.0,36.0,6.1,103.6,7.51,95.0,189.3,26.5,0
29.0,0,1,0,0,1,24.0,93.9,0.0,0.0,1.0,0.0,118.9,76.4,200.0,38.0,5.5,111.9,13.37,82.3,185.1,24.0,0
31.0,0,1,0,0,1,45.3,133.9,0.0,0.0,1.0,0.0,132.6,84.4,169.0,43.0,6.2,120.9,9.67,143.2,177.4,45.5,0
27.0,0,1,0,0,1,45.5,137.9,0.0,0.0,1.0,0.0,128.6,80.0,159.0,36.0,5.0,130.3,8.87,126.5,175.6,41.0,0
49.0,0,1,0,0,1,30.6,102.3,0.0,0.0,1.0,0.0,96.9,66.8,181.0,33.0,5.0,106.6,4.63,60.6,160.1,23.6,0
31.0,0,1,0,0,1,43.2,136.6,0.0,0.0,1.0,0.0,104.5,86.9,190.0,36.0,5.5,131.1,41.1,138.3,182.5,41.5,0
49.0,0,1,0,0,1,29.3,101.6,0.0,0.0,1.0,0.0,124.4,83.0,192.0,48.0,5.7,89.1,0.3,70.6,159.3,27.8,0
62.0,0,1,0,0,1,30.0,93.1,0.0,0.0,1.0,0.0,112.9,79.6,218.0,45.0,5.1,89.2,9.56,83.8,171.3,28.6,0
44.0,0,1,0,0,1,24.3,85.3,0.0,0.0,1.0,0.0,127.9,77.1,185.0,53.0,5.0,99.3,4.36,76.7,174.2,25.3,0
34.0,0,1,0,0,1,32.2,107.5,0.0,0.0,1.0,0.0,131.9,82.6,206.0,42.0,4.9,92.7,4.23,113.2,183.9,33.5,0
69.0,0,1,0,0,1,27.5,93.4,0.0,0.0,1.0,0.0,120.5,78.9,204.0,36.0,5.9,101.7,6.01,76.9,168.2,27.2,0
48.0,0,1,0,0,1,36.7,113.9,0.0,0.0,1.0,0.0,119.1,76.0,219.0,36.0,6.0,100.0,9.55,87.9,154.1,37.0,0
73.0,0,1,0,0,1,30.2,105.1,0.0,0.0,1.0,0.0,141.5,83.6,123.0,40.0,5.5,91.4,40.84,92.9,183.4,27.6,0
60.0,0,1,0,0,1,20.6,79.8,0.0,0.0,1.0,0.0,118.8,77.4,173.0,78.0,4.8,119.1,7.07,55.5,170.5,19.1,0
18.0,0,1,0,0,1,40.6,116.7,0.0,0.0,1.0,0.0,114.6,77.0,160.0,41.0,4.8,124.8,7.8,132.1,184.7,38.7,0
63.0,0,1,0,0,1,56.9,160.8,0.0,0.0,1.0,0.0,130.3,83.4,191.0,68.0,6.8,71.1,50.74,135.7,160.4,52.7,0
23.0,0,1,0,0,1,39.0,130.9,0.0,0.0,1.0,0.0,106.7,70.8,103.0,39.0,4.9,62.3,4.03,112.3,177.3,35.7,0
21.0,0,1,0,0,1,38.8,114.6,0.0,0.0,1.0,0.0,112.2,71.2,188.0,46.0,5.0,108.4,35.39,115.1,173.1,38.4,0
31.0,0,1,0,0,1,47.4,128.8,0.0,0.0,1.0,0.0,130.1,79.7,247.0,64.0,6.1,116.4,5.23,102.6,154.8,42.8,0
38.0,0,1,0,0,1,26.1,89.5,0.0,0.0,1.0,0.0,129.8,78.6,194.0,66.0,6.0,85.3,8.42,73.3,168.0,26.0,0
23.0,0,1,0,0,1,39.3,121.5,0.0,0.0,1.0,0.0,96.7,64.5,203.0,49.0,5.4,81.9,2.02,90.9,153.7,38.5,0
32.0,0,1,0,0,1,36.1,87.1,0.0,0.0,1.0,0.0,111.8,74.0,141.0,41.0,5.1,120.5,26.84,118.5,184.4,34.9,0
53.0,0,1,0,0,1,28.6,109.1,0.0,0.0,1.0,0.0,139.0,76.4,226.0,50.0,5.9,75.7,5.28,84.1,174.0,27.8,0
30.0,0,1,0,0,1,28.5,88.5,0.0,0.0,1.0,0.0,114.6,67.3,254.0,97.0,5.8,113.2,14.23,65.6,151.6,28.5,0
33.0,0,1,0,0,1,29.5,96.0,0.0,0.0,1.0,0.0,108.6,70.5,155.0,48.0,4.7,88.7,12.85,86.1,174.3,28.3,0
23.0,0,1,0,0,1,49.4,142.1,0.0,0.0,1.0,0.0,112.1,70.9,223.0,44.0,5.3,95.4,6.65,159.8,181.9,48.3,0
52.0,0,1,0,0,1,27.8,88.7,0.0,0.0,1.0,0.0,108.7,72.9,180.0,40.0,4.9,64.0,7.31,77.9,168.9,27.3,0
46.0,0,1,0,0,1,29.6,102.9,0.0,0.0,1.0,0.0,116.7,76.5,177.0,38.0,5.9,101.7,8.86,84.9,168.6,29.9,0
65.0,0,1,0,0,1,29.7,92.8,0.0,0.0,1.0,0.0,120.6,58.4,159.0,73.0,5.8,73.5,12.81,70.0,157.6,28.2,0
23.0,0,1,0,0,1,27.3,102.8,0.0,0.0,1.0,0.0,122.2,71.0,162.0,44.0,4.3,116.8,6.66,82.2,179.4,25.6,0
27.0,0,1,0,0,1,28.2,99.2,0.0,0.0,1.0,0.0,98.1,65.6,173.0,36.0,4.8,124.7,14.31,88.8,172.0,30.0,0
52.0,0,1,0,0,1,27.0,91.2,0.0,0.0,1.0,0.0,124.0,79.7,183.0,61.0,4.8,99.3,3.92,95.1,186.1,27.4,0
68.0,0,1,0,0,1,30.5,103.1,0.0,0.0,1.0,0.0,129.4,79.2,230.0,45.0,6.0,81.3,8.95,96.4,180.9,29.4,0
63.0,0,1,0,0,1,49.9,142.8,0.0,0.0,1.0,0.0,121.1,81.9,170.0,42.0,5.6,100.0,11.75,153.5,181.8,46.4,0
44.0,0,1,0,0,1,26.8,98.8,0.0,0.0,1.0,0.0,127.4,77.5,191.0,77.0,4.7,125.9,8.29,68.2,162.6,25.8,0
29.0,0,1,0,0,1,40.6,109.4,0.0,0.0,1.0,0.0,112.6,81.0,242.0,54.0,4.8,118.7,7.16,137.6,175.2,44.8,0
63.0,0,1,0,0,1,29.5,100.5,0.0,0.0,1.0,0.0,114.3,78.2,189.0,36.0,5.9,96.6,9.47,86.8,173.9,28.7,0
40.0,0,1,0,0,1,24.9,90.4,0.0,0.0,1.0,0.0,112.5,72.5,225.0,48.0,4.9,71.4,2.25,92.5,187.5,26.3,0
60.0,0,1,0,0,1,41.0,125.7,0.0,0.0,1.0,0.0,117.8,82.5,220.0,43.0,6.3,101.8,8.6,131.0,178.0,41.3,0
36.0,0,1,0,0,1,26.8,87.1,0.0,0.0,1.0,0.0,104.8,49.7,213.0,47.0,4.6,122.1,11.57,77.5,179.0,24.2,0
23.0,0,1,0,0,1,38.3,117.6,0.0,0.0,1.0,0.0,109.9,58.0,176.0,49.0,5.2,73.9,3.11,136.8,188.8,38.4,0
31.0,0,1,0,0,1,22.5,82.5,0.0,0.0,1.0,0.0,113.2,77.5,232.0,41.0,4.8,116.3,31.35,70.3,174.0,23.2,0
43.0,0,1,0,0,1,29.6,88.9,0.0,0.0,1.0,0.0,139.8,86.3,148.0,57.0,5.6,117.7,10.45,95.0,178.8,29.7,0
66.0,0,1,0,0,1,28.7,95.9,0.0,0.0,1.0,0.0,110.9,72.4,163.0,39.0,5.6,121.6,4.66,91.0,181.1,27.8,0
46.0,0,1,0,0,1,38.8,129.4,0.0,0.0,1.0,0.0,105.1,68.3,160.0,45.0,5.1,99.7,6.11,125.6,182.4,37.7,0
42.0,0,1,0,0,1,25.8,86.5,0.0,0.0,1.0,0.0,116.6,74.1,163.0,33.0,4.9,130.3,5.74,71.4,168.0,25.3,0
22.0,0,1,0,0,1,40.4,117.0,0.0,0.0,1.0,0.0,110.5,76.2,178.0,33.0,5.0,96.9,8.06,122.2,178.0,38.6,0
20.0,0,1,0,0,1,27.0,93.3,0.0,0.0,1.0,0.0,122.0,89.7,173.0,33.0,6.3,133.7,9.52,64.7,166.9,23.2,0
30.0,0,1,0,0,1,28.2,92.2,0.0,0.0,1.0,0.0,112.6,72.0,195.0,41.0,4.7,133.8,3.93,80.2,169.6,27.9,0
29.0,0,1,0,0,1,34.7,113.6,0.0,0.0,1.0,0.0,125.8,78.1,171.0,63.0,5.4,109.3,5.6,103.8,175.6,33.7,0
31.0,0,1,0,0,1,42.2,126.5,0.0,0.0,1.0,0.0,137.8,85.4,197.0,53.0,5.7,118.7,11.99,108.5,172.6,36.4,0
69.0,0,1,0,0,1,29.0,91.6,0.0,0.0,1.0,0.0,130.1,81.7,156.0,67.0,5.1,99.1,9.96,79.7,164.6,29.4,0
32.0,0,1,0,0,1,22.1,81.7,0.0,0.0,1.0,0.0,99.8,68.4,148.0,33.0,5.3,120.9,11.75,71.4,168.6,25.1,0
46.0,0,1,0,0,1,31.2,91.8,0.0,0.0,1.0,0.0,115.3,71.8,184.0,40.0,5.3,115.1,34.16,89.6,172.8,30.0,0
71.0,0,1,0,0,1,26.1,93.9,0.0,0.0,1.0,0.0,129.3,71.9,189.0,48.0,4.8,83.5,3.2,85.8,181.3,26.1,0
57.0,0,1,0,0,1,25.1,88.2,0.0,0.0,1.0,0.0,110.4,70.7,198.0,46.0,5.8,89.2,22.41,70.0,168.9,24.5,0
44.0,0,1,0,0,1,31.5,96.1,0.0,0.0,1.0,0.0,119.6,77.7,134.0,77.0,6.0,72.9,9.35,94.0,173.4,31.3,0
72.0,0,1,0,0,1,22.5,88.7,0.0,0.0,1.0,0.0,128.9,79.8,182.0,43.0,5.8,87.3,1.73,79.3,190.4,21.9,0
70.0,0,1,0,0,1,22.6,90.9,0.0,0.0,1.0,0.0,113.3,72.6,139.0,38.0,5.9,69.5,11.65,61.6,165.2,22.6,0
72.0,0,1,0,0,1,24.3,92.8,0.0,0.0,1.0,0.0,135.3,83.9,167.0,31.0,8.7,96.1,8.56,75.7,173.1,25.3,0
32.0,1,0,0,1,0,41.1,120.7,0.0,0.0,0.0,0.0,104.4,76.5,180.0,43.0,5.1,99.0,13.93,94.8,153.6,40.2,0
41.0,1,0,0,1,0,41.2,126.0,0.0,0.0,0.0,0.0,116.6,73.9,223.0,43.0,5.6,71.1,5.74,105.4,160.6,40.9,0
61.0,1,0,0,1,0,30.7,106.4,0.0,0.0,0.0,0.0,132.1,80.4,185.0,38.0,5.6,93.4,13.84,70.0,151.6,30.4,0
31.0,1,0,0,1,0,35.2,114.5,0.0,0.0,0.0,0.0,114.6,77.8,226.0,42.0,5.4,130.4,44.95,102.3,173.4,34.0,0
68.0,1,0,0,1,0,23.9,82.7,0.0,0.0,0.0,0.0,111.7,69.9,172.0,57.0,5.3,73.3,45.13,48.2,149.1,21.7,0
62.0,1,0,0,1,0,27.8,87.7,0.0,0.0,0.0,0.0,128.7,75.7,237.0,54.0,5.1,86.6,9.61,72.3,164.8,26.6,0
36.0,1,0,0,1,0,53.8,150.8,0.0,0.0,0.0,0.0,110.8,65.6,228.0,63.0,5.5,56.0,7.69,109.5,155.1,45.5,0
33.0,1,0,0,1,0,30.4,93.5,0.0,0.0,0.0,0.0,110.6,70.6,157.0,64.0,5.0,103.6,3.77,77.3,158.3,30.9,0
36.0,1,0,0,1,0,27.0,85.8,0.0,0.0,0.0,0.0,126.8,82.2,165.0,64.0,6.3,84.3,2.13,65.1,155.0,27.1,0
27.0,1,0,0,1,0,26.2,101.6,0.0,0.0,0.0,0.0,89.5,60.1,173.0,51.0,5.7,141.0,30.59,95.0,189.8,26.4,0
64.0,1,0,0,1,0,23.3,81.2,0.0,0.0,0.0,0.0,117.1,82.1,175.0,40.0,5.6,94.2,55.0,59.3,158.8,23.5,0
46.0,1,0,0,1,0,25.6,87.8,0.0,0.0,0.0,0.0,125.6,70.1,179.0,59.0,6.2,65.7,15.14,61.5,156.4,25.2,0
33.0,1,0,0,1,0,55.4,150.9,0.0,0.0,0.0,0.0,94.8,71.1,245.0,40.0,6.0,118.3,13.44,113.7,152.6,48.8,0
78.0,1,0,0,1,0,27.1,98.9,0.0,0.0,0.0,0.0,95.9,69.5,195.0,38.0,4.6,95.6,7.94,72.1,169.6,25.1,0
73.0,1,0,0,1,0,19.3,82.0,0.0,0.0,0.0,0.0,133.1,69.9,210.0,86.0,5.7,80.8,42.2,57.4,167.5,20.4,0
31.0,1,0,0,1,0,22.4,75.4,0.0,0.0,0.0,0.0,120.8,70.6,114.0,33.0,5.1,76.5,6.08,52.5,154.4,22.0,0
54.0,1,0,0,1,0,34.5,88.6,0.0,0.0,0.0,0.0,108.8,78.5,147.0,50.0,5.8,103.0,2.7,81.2,158.2,32.5,0
55.0,1,0,0,1,0,22.7,82.7,0.0,0.0,0.0,0.0,140.6,86.1,187.0,99.0,6.3,72.7,4.33,53.0,152.7,22.7,0
38.0,1,0,0,1,0,24.9,76.5,0.0,0.0,0.0,0.0,105.5,66.2,208.0,76.0,5.3,100.7,4.98,50.8,153.5,21.6,0
30.0,1,0,0,1,0,20.7,74.0,0.0,0.0,0.0,0.0,108.5,71.3,152.0,53.0,4.7,111.4,4.53,54.5,159.9,21.3,0
68.0,1,0,0,1,0,30.6,100.1,0.0,0.0,0.0,0.0,130.2,84.6,167.0,38.0,4.3,84.7,14.47,55.8,153.7,23.6,0
30.0,1,0,0,1,0,26.6,87.6,0.0,0.0,0.0,0.0,130.1,70.1,198.0,57.0,5.6,85.7,6.67,81.4,170.7,27.9,0
37.0,1,0,0,1,0,32.8,101.2,0.0,0.0,0.0,0.0,104.3,79.4,166.0,51.0,5.8,128.7,7.34,84.7,159.8,33.2,0
31.0,1,0,0,1,0,24.3,81.4,0.0,0.0,0.0,0.0,111.5,65.7,179.0,39.0,4.6,132.9,23.53,66.6,168.7,23.4,0
25.0,1,0,0,1,0,39.1,114.2,0.0,0.0,0.0,0.0,99.3,64.5,203.0,53.0,4.9,68.2,10.97,96.5,157.6,38.8,0
49.0,1,0,0,1,0,25.5,91.6,0.0,0.0,0.0,0.0,117.9,75.1,235.0,57.0,5.9,101.3,13.35,61.8,152.4,26.6,0
76.0,1,0,0,1,0,25.7,83.1,0.0,0.0,0.0,0.0,109.4,73.7,229.0,102.0,5.4,73.7,17.33,55.6,150.8,24.4,0
44.0,1,0,0,1,0,37.5,115.1,0.0,0.0,0.0,0.0,103.2,66.3,162.0,45.0,5.1,115.6,24.92,97.0,167.6,34.5,0
45.0,1,0,0,1,0,24.2,81.2,0.0,0.0,0.0,0.0,108.3,69.1,161.0,37.0,5.4,95.5,9.21,53.5,147.8,24.5,0
69.0,1,0,0,1,0,25.8,83.0,0.0,0.0,0.0,0.0,121.1,70.8,109.0,40.0,5.6,80.8,6.36,68.8,164.9,25.3,0
71.0,1,0,0,1,0,24.0,92.4,0.0,0.0,0.0,0.0,130.5,80.9,129.0,42.0,5.0,83.0,34.59,70.4,176.5,22.6,0
36.0,1,0,0,1,0,22.8,78.8,0.0,0.0,0.0,0.0,125.9,77.0,217.0,41.0,4.9,136.1,13.75,52.2,153.9,22.0,0
32.0,1,0,0,1,0,34.6,106.0,0.0,0.0,0.0,0.0,131.8,74.0,154.0,55.0,6.8,104.0,8.06,94.4,169.2,33.0,0
56.0,1,0,0,1,0,37.2,108.3,0.0,0.0,0.0,0.0,151.5,59.6,250.0,85.0,5.9,55.9,41.15,69.5,152.9,29.7,0
43.0,1,0,0,1,0,41.6,118.9,0.0,0.0,0.0,0.0,110.0,85.3,251.0,39.0,7.5,114.1,6.68,103.6,160.3,40.3,0
35.0,1,0,0,1,0,51.5,139.9,0.0,0.0,0.0,0.0,109.8,72.8,134.0,53.0,5.1,108.6,11.42,141.7,169.6,49.3,0
34.0,1,0,0,1,0,29.8,84.7,0.0,0.0,0.0,0.0,101.7,64.6,151.0,54.0,6.0,122.7,8.39,62.3,154.8,26.0,0
79.0,1,0,0,1,0,22.0,86.3,0.0,0.0,0.0,0.0,123.0,77.4,190.0,52.0,5.3,86.5,6.58,58.8,153.4,25.0,0
60.0,1,0,0,1,0,30.1,100.7,0.0,0.0,0.0,0.0,113.2,64.9,218.0,65.0,5.1,87.2,6.33,82.8,169.2,28.9,0
33.0,1,0,0,1,0,24.2,87.6,0.0,0.0,0.0,0.0,99.5,66.9,188.0,54.0,5.1,66.1,9.23,66.8,174.7,21.9,0
73.0,1,0,0,1,0,29.5,98.3,0.0,0.0,0.0,0.0,150.5,88.7,167.0,77.0,5.9,88.0,7.14,86.4,174.7,28.3,0
32.0,1,0,0,1,0,24.9,84.6,0.0,0.0,0.0,0.0,110.5,79.4,192.0,32.0,6.0,129.3,55.0,64.1,163.0,24.1,0
62.0,1,0,0,1,0,26.8,92.2,0.0,0.0,0.0,0.0,126.2,73.7,166.0,51.0,5.5,86.6,7.4,79.9,174.2,26.3,0
35.0,1,0,0,1,0,22.6,86.3,0.0,0.0,0.0,0.0,101.5,59.9,108.0,44.0,5.5,131.2,9.35,61.2,167.6,21.8,0
67.0,1,0,0,1,0,47.6,132.3,0.0,0.0,0.0,0.0,113.1,73.2,249.0,77.0,5.6,75.1,2.4,93.4,149.0,42.1,0
31.0,1,0,0,1,0,29.4,69.8,0.0,0.0,0.0,0.0,116.2,75.4,162.0,59.0,5.9,125.0,10.85,59.3,151.6,25.8,0
71.0,1,0,0,1,0,36.9,119.8,0.0,0.0,0.0,0.0,104.7,73.6,236.0,54.0,5.5,95.5,8.35,87.3,156.5,35.7,0
37.0,1,0,0,1,0,36.7,104.0,0.0,0.0,0.0,0.0,134.3,83.1,185.0,43.0,6.0,87.4,2.88,86.2,164.5,31.8,0
64.0,1,0,0,1,0,30.9,94.7,0.0,0.0,0.0,0.0,97.7,70.2,147.0,38.0,5.7,102.8,14.74,72.4,156.0,29.7,0
53.0,1,0,0,1,0,36.5,101.3,0.0,0.0,0.0,0.0,120.7,81.3,251.0,37.0,5.3,93.5,8.39,69.3,146.9,32.1,0
28.0,1,0,0,1,0,25.9,88.8,0.0,0.0,0.0,0.0,112.6,77.7,182.0,57.0,4.9,127.9,12.28,85.2,177.7,27.0,0
36.0,1,0,0,1,0,24.6,81.5,0.0,0.0,0.0,0.0,112.2,67.4,173.0,61.0,5.4,98.2,39.95,43.7,151.5,19.0,0
21.0,1,0,0,1,0,26.6,86.1,0.0,0.0,0.0,0.0,131.9,91.4,181.0,52.0,5.4,89.1,8.55,59.6,164.7,22.0,0
30.0,1,0,0,1,0,29.5,86.6,0.0,0.0,0.0,0.0,129.0,83.6,178.0,40.0,5.4,117.2,7.68,80.5,167.1,28.8,0
32.0,1,0,0,1,0,33.2,101.2,0.0,0.0,0.0,0.0,112.4,95.1,179.0,41.0,5.4,86.8,30.62,78.8,161.9,30.1,0
28.0,1,0,0,1,0,25.1,90.6,0.0,0.0,0.0,0.0,122.8,79.4,160.0,52.0,5.3,93.1,3.9,69.1,168.3,24.4,0
33.0,1,0,0,1,0,23.3,77.9,0.0,0.0,0.0,0.0,109.2,73.9,166.0,47.0,4.1,125.2,9.06,48.5,151.9,21.0,0
60.0,1,0,0,1,0,30.7,95.7,0.0,0.0,0.0,0.0,144.2,90.7,193.0,88.0,5.4,115.7,5.2,68.6,153.6,29.1,0
27.0,1,0,0,1,0,31.7,104.5,0.0,0.0,0.0,0.0,96.4,65.3,187.0,43.0,5.6,109.0,71.42,72.3,158.6,28.7,0
43.0,1,0,0,1,0,36.2,112.9,0.0,0.0,0.0,0.0,115.8,71.1,159.0,63.0,5.3,81.6,41.05,81.3,154.0,34.3,0
27.0,1,0,0,1,0,54.1,146.7,0.0,0.0,0.0,0.0,127.2,81.7,196.0,48.0,7.2,127.6,28.03,122.4,158.0,49.0,0
55.0,1,0,0,1,0,38.0,112.3,0.0,0.0,0.0,0.0,113.0,63.2,207.0,43.0,5.3,88.2,10.82,92.6,164.6,34.2,0
63.0,1,0,0,1,0,41.3,128.2,0.0,0.0,0.0,0.0,130.2,74.5,146.0,43.0,5.1,76.0,12.33,109.8,169.0,38.4,0
45.0,1,0,0,1,0,37.7,113.8,0.0,0.0,0.0,0.0,108.6,73.2,224.0,40.0,5.1,125.7,20.32,121.0,180.4,37.2,0
36.0,1,0,0,1,0,36.2,115.4,0.0,0.0,0.0,0.0,128.1,68.6,224.0,67.0,5.3,81.6,6.56,73.3,171.1,25.0,0
42.0,1,0,0,1,0,23.5,73.9,0.0,0.0,0.0,0.0,108.0,66.1,173.0,42.0,4.8,93.2,11.73,66.1,172.8,22.1,0
41.0,1,0,0,1,0,22.6,74.5,0.0,0.0,0.0,0.0,127.7,75.1,226.0,42.0,5.7,97.7,9.46,55.9,158.2,22.3,0
37.0,1,0,0,1,0,35.5,104.8,0.0,0.0,0.0,0.0,109.8,71.1,181.0,42.0,5.7,114.2,49.53,84.4,154.2,35.5,0
77.0,1,0,0,1,0,32.9,107.2,0.0,0.0,0.0,0.0,147.5,87.5,241.0,72.0,5.2,127.6,51.34,95.6,172.1,32.3,0
52.0,1,0,0,1,0,21.2,77.2,0.0,0.0,0.0,0.0,109.4,62.9,156.0,47.0,5.4,73.7,9.76,48.2,152.7,20.7,0
48.0,1,0,0,1,0,42.4,126.9,0.0,0.0,0.0,0.0,114.1,59.1,188.0,49.0,5.0,114.7,11.15,98.4,164.6,36.3,0
40.0,1,0,0,1,0,28.9,92.5,0.0,0.0,0.0,0.0,132.5,82.4,184.0,45.0,8.2,82.5,6.03,78.9,171.6,26.8,0
35.0,1,0,0,1,0,36.1,110.0,0.0,0.0,0.0,0.0,97.3,65.1,175.0,44.0,5.7,129.2,13.23,80.9,154.9,33.7,0
57.0,1,0,0,1,0,29.0,100.8,0.0,0.0,0.0,0.0,106.9,78.5,224.0,48.0,5.4,102.4,6.23,80.0,169.6,27.8,0
34.0,1,0,0,1,0,29.6,95.7,0.0,0.0,0.0,0.0,106.4,57.8,134.0,41.0,4.7,131.2,9.36,70.1,169.1,24.5,0
63.0,1,0,0,1,0,21.7,91.3,0.0,0.0,0.0,0.0,131.9,85.2,253.0,65.0,5.8,99.0,12.45,44.1,146.3,20.6,0
35.0,1,0,0,1,0,33.8,85.1,0.0,0.0,0.0,0.0,108.0,72.5,182.0,39.0,5.5,90.6,9.1,75.3,151.0,33.0,0
34.0,1,0,0,1,0,40.0,120.2,0.0,0.0,0.0,0.0,121.3,63.7,166.0,64.0,6.1,108.4,12.34,109.0,164.9,40.1,0
77.0,1,0,0,1,0,28.7,97.7,0.0,0.0,0.0,0.0,126.9,82.7,225.0,36.0,5.3,87.4,4.54,93.1,183.0,27.8,0
25.0,1,0,0,1,0,29.3,88.5,0.0,0.0,0.0,0.0,103.1,66.0,183.0,47.0,5.4,96.7,7.43,112.7,193.7,30.0,0
42.0,1,0,0,1,0,25.5,84.3,0.0,0.0,0.0,0.0,115.7,72.2,160.0,52.0,5.3,115.5,7.43,84.7,170.5,29.1,0
31.0,1,0,0,1,0,39.8,116.0,0.0,0.0,0.0,0.0,102.1,63.2,188.0,46.0,4.5,140.0,9.63,103.7,167.1,37.1,0
36.0,1,0,0,1,0,28.9,91.3,0.0,0.0,0.0,0.0,115.9,85.0,151.0,41.0,5.2,135.0,15.99,81.3,170.7,27.9,0
34.0,1,0,0,1,0,44.8,119.0,0.0,0.0,0.0,0.0,143.4,82.7,106.0,43.0,5.4,126.8,4.69,93.5,156.5,38.2,0
63.0,1,0,0,1,0,23.3,91.4,0.0,0.0,0.0,0.0,140.9,93.6,208.0,98.0,5.6,103.8,11.79,54.1,149.7,24.2,0
35.0,1,0,0,1,0,25.4,74.1,0.0,0.0,0.0,0.0,127.1,76.5,174.0,81.0,4.9,67.7,32.91,59.9,154.7,25.0,0
69.0,1,0,0,1,0,28.2,98.9,0.0,0.0,0.0,0.0,107.6,69.5,227.0,81.0,5.2,75.0,3.92,71.4,160.4,27.8,0
45.0,1,0,0,1,0,40.6,91.3,0.0,0.0,0.0,0.0,111.8,76.6,183.0,42.0,5.9,112.9,7.08,111.0,166.4,40.1,0
51.0,1,0,0,1,0,25.1,90.5,0.0,0.0,0.0,0.0,96.3,67.4,205.0,49.0,5.0,105.6,6.4,55.2,164.8,20.3,0
70.0,1,0,0,1,0,34.2,112.9,0.0,0.0,0.0,0.0,107.6,69.0,214.0,54.0,5.9,47.7,9.01,79.9,154.6,33.4,0
55.0,1,0,0,1,0,23.7,77.2,0.0,0.0,0.0,0.0,121.7,76.9,162.0,53.0,5.6,85.1,6.64,59.9,162.2,22.8,0
35.0,1,0,0,1,0,26.8,94.9,0.0,0.0,0.0,0.0,103.8,61.0,183.0,52.0,4.8,98.0,9.8,73.0,169.0,25.6,0
68.0,1,0,0,1,0,26.6,96.9,0.0,0.0,0.0,0.0,104.1,72.5,140.0,51.0,4.6,120.5,7.54,76.2,180.5,23.4,0
33.0,1,0,0,1,0,23.5,85.0,0.0,0.0,0.0,0.0,108.6,71.1,167.0,66.0,5.6,122.0,9.62,60.5,157.9,24.3,0
78.0,1,0,0,1,0,24.9,94.5,0.0,0.0,0.0,0.0,104.3,65.9,166.0,67.0,5.0,74.6,7.85,78.3,179.7,24.3,0
62.0,1,0,0,1,0,35.7,118.2,0.0,0.0,0.0,0.0,124.3,81.4,221.0,70.0,5.9,94.9,9.78,72.1,148.2,32.8,0
72.0,1,0,0,1,0,29.3,93.3,0.0,0.0,0.0,0.0,122.5,71.7,140.0,62.0,5.6,98.9,2.34,83.6,174.2,27.5,0
50.0,1,0,0,1,0,29.2,98.8,0.0,0.0,0.0,0.0,87.4,69.3,244.0,46.0,4.6,89.8,8.86,68.0,157.0,27.6,0
48.0,1,0,0,1,0,32.9,115.2,0.0,0.0,0.0,0.0,108.5,63.8,204.0,36.0,5.5,117.9,9.09,103.9,181.7,31.5,0
61.0,1,0,0,1,0,35.2,113.1,0.0,0.0,0.0,0.0,143.4,73.1,175.0,49.0,5.3,62.7,5.63,109.9,175.4,35.7,0
60.0,1,0,0,1,0,55.5,157.6,0.0,0.0,0.0,0.0,105.0,66.9,177.0,43.0,6.1,44.9,10.48,133.5,158.6,53.1,0
29.0,1,0,0,1,0,30.5,84.0,0.0,0.0,0.0,0.0,105.7,70.0,125.0,47.0,5.2,120.7,13.44,83.9,167.9,29.8,0
76.0,1,0,0,1,0,32.3,106.2,0.0,0.0,0.0,0.0,131.9,61.3,124.0,79.0,5.8,72.9,5.17,82.0,162.9,30.9,0
31.0,1,0,0,1,0,19.8,79.3,0.0,0.0,0.0,0.0,117.9,66.9,157.0,60.0,4.5,75.2,7.81,46.3,157.8,18.6,0
53.0,1,0,0,1,0,48.8,147.4,0.0,0.0,0.0,0.0,113.1,74.3,165.0,50.0,4.9,64.0,9.96,113.7,159.4,44.8,0
76.0,1,0,0,1,0,30.2,89.5,0.0,0.0,0.0,0.0,124.8,67.5,137.0,67.0,5.2,104.0,8.26,89.4,176.9,28.6,0
23.0,1,0,0,1,0,27.5,82.9,0.0,0.0,0.0,0.0,113.2,80.6,152.0,64.0,5.4,74.7,10.6,64.1,153.5,27.2,0
23.0,1,0,0,1,0,24.6,93.3,0.0,0.0,0.0,0.0,112.4,66.0,161.0,48.0,5.0,129.5,6.76,70.5,170.5,24.2,0
56.0,1,0,0,1,0,39.8,104.1,0.0,0.0,0.0,0.0,128.5,79.0,220.0,70.0,6.0,101.2,8.09,86.2,155.9,35.4,0
54.0,1,0,0,1,0,29.9,102.4,0.0,0.0,0.0,0.0,105.8,67.2,106.0,84.0,5.1,93.3,5.81,70.0,157.4,28.3,0
63.0,1,0,0,1,0,25.2,88.4,0.0,0.0,0.0,0.0,116.9,76.1,184.0,48.0,5.7,75.1,10.88,47.1,155.3,19.5,0
49.0,1,0,0,1,0,26.5,76.6,0.0,0.0,0.0,0.0,111.2,69.4,191.0,47.0,5.2,127.3,5.44,66.3,159.3,26.1,0
51.0,1,0,0,1,0,32.1,88.2,0.0,0.0,0.0,0.0,129.2,82.1,217.0,44.0,5.3,71.2,3.07,83.7,166.4,30.2,0
35.0,1,0,0,1,0,42.5,122.4,0.0,0.0,0.0,0.0,114.0,73.7,148.0,40.0,6.3,106.3,10.55,83.1,154.7,34.7,0
57.0,1,0,0,1,0,28.2,87.8,0.0,0.0,0.0,0.0,100.4,64.4,205.0,89.0,5.3,84.8,10.49,71.5,164.7,26.4,0
77.0,1,0,0,1,0,25.6,97.2,0.0,0.0,0.0,0.0,125.2,73.1,197.0,75.0,6.5,72.0,13.99,68.2,165.0,25.0,0
31.0,1,0,0,1,0,31.9,96.0,0.0,0.0,0.0,0.0,135.2,80.3,168.0,55.0,5.7,81.8,29.76,71.2,153.3,30.3,0
55.0,1,0,0,1,0,50.9,139.2,0.0,0.0,0.0,0.0,127.9,75.6,199.0,67.0,5.4,64.1,3.6,125.7,159.1,49.7,0
61.0,1,0,0,1,0,26.5,94.2,0.0,0.0,0.0,0.0,118.0,59.6,199.0,78.0,5.9,93.9,8.56,63.9,158.1,25.6,0
73.0,1,0,0,1,0,40.7,128.9,0.0,0.0,0.0,0.0,98.4,63.1,214.0,71.0,5.2,75.2,10.82,91.5,155.2,38.0,0
42.0,1,0,0,1,0,24.8,85.0,0.0,0.0,0.0,0.0,94.4,58.1,191.0,53.0,5.6,111.3,8.5,44.1,152.3,19.0,0
45.0,1,0,0,1,0,33.6,99.7,0.0,0.0,0.0,0.0,112.1,74.1,245.0,43.0,5.1,101.4,19.02,91.4,168.1,32.3,0
38.0,1,0,0,1,0,32.0,110.5,0.0,0.0,0.0,0.0,96.6,57.0,198.0,47.0,5.6,98.0,13.0,88.7,165.2,32.5,0
42.0,1,0,0,1,0,31.3,78.1,0.0,0.0,0.0,0.0,111.5,81.5,199.0,49.0,5.6,92.1,6.72,89.2,183.0,26.6,0
44.0,1,0,0,1,0,23.8,80.6,0.0,0.0,0.0,0.0,117.3,71.9,212.0,47.0,8.0,69.0,10.96,46.0,140.1,23.5,0
37.0,1,0,0,1,0,24.9,93.3,0.0,0.0,0.0,0.0,109.0,71.4,197.0,42.0,4.9,124.1,4.72,82.0,172.3,27.6,0
24.0,1,0,0,1,0,23.0,88.8,0.0,0.0,0.0,0.0,106.8,64.2,173.0,35.0,5.8,118.9,10.52,68.2,173.4,22.7,0
62.0,1,0,0,1,0,48.5,134.6,0.0,0.0,0.0,0.0,100.6,66.5,151.0,57.0,5.5,98.8,7.95,119.3,159.9,46.7,0
43.0,1,0,0,1,0,26.9,88.3,0.0,0.0,0.0,0.0,127.0,75.1,202.0,51.0,5.4,77.3,7.46,54.2,162.3,20.6,0
31.0,1,0,0,1,0,26.0,93.5,0.0,0.0,0.0,0.0,124.6,78.0,104.0,27.0,5.5,92.9,0.3,88.0,182.5,26.4,0
70.0,1,0,0,1,0,28.6,98.8,0.0,0.0,0.0,0.0,123.9,75.0,264.0,90.0,5.6,95.7,7.0,65.5,156.4,26.8,0
66.0,1,0,0,1,0,25.8,94.0,0.0,0.0,0.0,0.0,136.5,77.1,115.0,83.0,5.4,73.7,6.07,71.3,168.1,25.2,0
75.0,1,0,0,1,0,46.1,109.8,0.0,0.0,0.0,0.0,134.5,72.6,223.0,43.0,5.6,67.2,5.27,109.0,159.0,43.1,0
56.0,1,0,0,1,0,26.3,104.0,0.0,0.0,0.0,0.0,116.4,71.4,219.0,41.0,6.4,127.0,42.23,73.5,168.4,25.9,0
19.0,1,0,0,1,0,37.5,98.9,0.0,0.0,0.0,0.0,99.8,66.3,170.0,33.0,5.2,122.9,9.34,88.0,157.3,35.6,0
79.0,1,0,0,1,0,27.2,103.1,0.0,0.0,0.0,0.0,117.7,69.8,175.0,68.0,5.1,89.9,6.63,78.2,173.7,25.9,0
32.0,1,0,0,1,0,41.6,120.2,0.0,0.0,0.0,0.0,134.3,80.1,219.0,90.0,5.8,73.3,7.01,103.5,162.2,39.4,0
60.0,1,0,0,1,0,22.9,86.0,0.0,0.0,0.0,0.0,133.9,69.4,138.0,42.0,5.6,78.5,10.16,75.0,177.8,23.7,0
30.0,1,0,0,1,0,44.0,137.3,0.0,0.0,0.0,0.0,99.8,68.5,200.0,33.0,4.6,128.3,11.81,113.3,169.7,39.3,0
66.0,1,0,0,1,0,29.5,94.8,0.0,0.0,0.0,0.0,106.9,67.6,234.0,56.0,4.8,87.0,13.22,72.4,159.6,28.4,0
49.0,1,0,0,1,0,58.2,155.8,0.0,0.0,0.0,0.0,108.0,73.8,219.0,53.0,5.8,58.6,12.12,146.1,160.2,56.9,0
36.0,1,0,0,1,0,44.3,123.0,0.0,0.0,0.0,0.0,111.4,69.2,174.0,50.0,5.1,118.0,7.87,112.2,167.4,40.0,0
49.0,1,0,0,1,0,62.5,162.6,0.0,0.0,0.0,0.0,117.2,79.5,125.0,45.0,6.2,105.8,8.43,149.0,159.1,58.9,0
31.0,1,0,0,1,0,25.7,85.0,0.0,0.0,0.0,0.0,106.5,67.8,165.0,45.0,4.2,125.6,11.3,68.9,168.5,24.3,0
31.0,1,0,0,1,0,25.2,88.8,0.0,0.0,0.0,0.0,126.2,74.3,227.0,53.0,5.0,110.5,2.89,67.3,165.1,24.7,0
48.0,1,0,0,1,0,21.2,70.9,0.0,0.0,0.0,0.0,126.7,72.3,183.0,49.0,5.1,100.3,7.8,63.5,168.7,22.3,0
39.0,1,0,0,1,0,48.0,128.2,0.0,0.0,0.0,0.0,104.7,65.9,205.0,50.0,5.2,91.7,2.0,126.8,168.5,44.7,0
34.0,1,0,0,1,0,40.5,118.1,0.0,0.0,0.0,0.0,97.9,64.0,163.0,38.0,6.2,114.1,5.47,93.2,157.9,37.4,0
35.0,1,0,0,1,0,22.6,78.6,0.0,0.0,0.0,0.0,129.5,95.1,201.0,53.0,5.5,122.7,8.79,50.9,166.9,18.3,0
63.0,1,0,0,1,0,35.0,115.2,0.0,0.0,0.0,0.0,98.5,69.9,224.0,81.0,5.8,91.3,46.1,82.7,153.8,34.9,0
34.0,1,0,0,1,0,24.7,72.6,0.0,0.0,0.0,0.0,126.4,76.2,209.0,46.0,5.2,111.8,8.57,58.9,153.7,24.9,0
34.0,1,0,0,1,0,40.9,118.8,0.0,0.0,0.0,0.0,114.1,71.5,155.0,47.0,5.2,117.8,10.62,114.7,167.1,41.1,0
72.0,1,0,0,1,0,34.8,111.8,0.0,0.0,0.0,0.0,122.9,80.1,176.0,83.0,5.8,114.5,7.24,82.6,158.9,32.7,0
45.0,1,0,0,1,0,23.5,86.1,0.0,0.0,0.0,0.0,104.9,75.8,217.0,43.0,4.9,95.6,7.07,66.9,165.1,24.6,0
47.0,1,0,0,1,0,46.8,130.8,0.0,0.0,0.0,0.0,120.4,67.1,185.0,93.0,6.4,41.5,5.67,110.7,158.1,44.3,0
42.0,1,0,0,1,0,25.0,78.6,0.0,0.0,0.0,0.0,123.5,69.4,176.0,51.0,4.9,79.3,9.47,56.8,152.6,24.4,0
37.0,1,0,0,1,0,22.2,72.2,0.0,0.0,0.0,0.0,103.3,58.3,153.0,38.0,5.2,114.3,12.09,49.1,151.6,21.3,0
63.0,1,0,0,1,0,33.2,97.6,0.0,0.0,0.0,0.0,114.9,71.5,194.0,60.0,5.2,118.0,6.36,90.1,168.1,31.9,0
36.0,1,0,0,1,0,36.5,108.4,0.0,0.0,0.0,0.0,107.1,70.5,148.0,46.0,5.3,121.2,5.53,91.8,162.9,34.6,0
33.0,1,0,0,1,0,57.5,153.0,0.0,0.0,0.0,0.0,121.0,87.4,164.0,46.0,6.0,87.6,43.05,130.3,154.8,54.4,0
71.0,1,0,0,1,0,48.0,124.0,0.0,0.0,0.0,0.0,114.3,65.4,178.0,86.0,5.8,101.9,5.15,103.6,156.2,42.5,0
32.0,1,0,0,1,0,25.3,84.9,0.0,0.0,0.0,0.0,106.8,70.9,201.0,42.0,5.5,138.2,8.02,80.0,173.0,26.7,0
24.0,1,0,0,1,0,30.5,103.3,0.0,0.0,0.0,0.0,112.8,72.8,180.0,53.0,5.2,129.8,47.62,75.2,159.7,29.5,0
32.0,1,0,0,1,0,46.6,131.9,0.0,0.0,0.0,0.0,127.5,79.6,206.0,47.0,5.6,105.5,43.54,99.8,151.1,43.7,0
66.0,1,0,0,1,0,23.0,86.5,0.0,0.0,0.0,0.0,126.1,66.5,153.0,57.0,4.8,109.3,5.99,58.7,162.8,22.1,0
63.0,1,0,0,1,0,23.5,90.2,0.0,0.0,0.0,0.0,102.4,71.5,192.0,37.0,4.7,109.0,11.66,80.9,188.5,22.8,0
20.0,1,0,0,1,0,24.4,84.2,0.0,0.0,0.0,0.0,107.1,70.2,131.0,33.0,5.4,123.0,4.27,57.9,153.7,24.5,0
32.0,1,0,0,1,0,44.7,123.6,0.0,0.0,0.0,0.0,129.9,75.5,111.0,55.0,5.2,112.1,6.25,94.6,155.2,39.3,0
20.0,1,0,0,1,0,29.6,97.5,0.0,0.0,0.0,0.0,92.7,77.4,202.0,57.0,5.7,127.0,9.69,51.5,135.2,28.2,0
34.0,1,0,0,1,0,29.6,93.1,0.0,0.0,0.0,0.0,148.6,84.9,188.0,63.0,5.3,59.3,7.33,68.5,151.3,29.9,0
20.0,1,0,0,1,0,24.6,81.1,0.0,0.0,0.0,0.0,107.2,80.2,206.0,61.0,5.0,98.1,30.57,66.7,168.1,23.6,0
39.0,1,0,0,1,0,50.7,133.1,0.0,0.0,0.0,0.0,124.7,81.5,156.0,69.0,5.7,108.6,12.6,94.6,149.9,42.1,0
27.0,1,0,0,1,0,48.6,104.5,0.0,0.0,0.0,0.0,112.3,71.1,169.0,51.0,4.5,117.1,4.35,129.8,167.8,46.1,0
43.0,1,0,0,1,0,34.8,113.4,0.0,0.0,0.0,0.0,106.2,68.5,155.0,32.0,5.0,131.3,8.95,88.3,162.5,33.4,0
39.0,1,0,0,1,0,28.1,101.2,0.0,0.0,0.0,0.0,112.6,66.8,201.0,35.0,4.9,76.1,9.11,87.9,190.3,24.3,0
46.0,1,0,0,1,0,25.5,90.3,0.0,0.0,0.0,0.0,121.6,67.7,234.0,50.0,4.9,79.5,35.44,65.1,156.2,26.7,0
38.0,1,0,0,1,0,27.7,87.3,0.0,0.0,0.0,0.0,104.4,64.6,184.0,66.0,5.4,90.1,15.8,63.0,162.0,24.0,0
29.0,1,0,0,1,0,49.3,142.9,0.0,0.0,0.0,0.0,103.3,69.6,176.0,53.0,4.9,104.3,12.49,168.3,195.0,44.3,0
51.0,1,0,0,1,0,43.1,130.5,0.0,0.0,0.0,0.0,136.7,79.9,250.0,69.0,6.6,102.6,9.62,102.3,156.6,41.7,0
69.0,1,0,0,1,0,41.0,124.9,0.0,0.0,0.0,0.0,102.4,71.9,188.0,52.0,5.5,101.2,11.72,98.0,156.4,40.1,0
20.0,1,0,0,1,0,21.6,77.6,0.0,0.0,0.0,0.0,98.9,68.5,177.0,51.0,5.2,131.7,71.1,55.0,159.8,21.5,0
28.0,1,0,0,1,0,28.4,98.7,0.0,0.0,0.0,0.0,108.2,71.5,197.0,41.0,6.5,128.5,13.52,75.9,166.6,27.3,0
25.0,1,0,0,1,0,23.7,82.5,0.0,0.0,0.0,0.0,112.4,71.2,199.0,77.0,5.7,77.5,8.8,60.8,159.4,23.9,0
36.0,1,0,0,1,0,28.6,88.5,0.0,0.0,0.0,0.0,109.0,70.4,165.0,53.0,10.7,111.0,9.8,63.8,159.6,25.1,0
25.0,1,0,0,1,0,42.4,120.9,0.0,0.0,0.0,0.0,126.8,74.2,168.0,59.0,4.7,88.2,7.61,92.8,152.3,40.0,0
30.0,1,0,0,1,0,31.6,98.7,0.0,0.0,0.0,0.0,110.4,73.2,176.0,40.0,4.8,137.3,32.94,74.2,156.3,30.4,0
54.0,1,0,0,1,0,19.1,69.4,0.0,0.0,0.0,0.0,139.0,81.8,207.0,85.0,5.3,100.3,8.8,53.9,166.3,19.5,0
70.0,1,0,0,1,0,36.2,117.5,0.0,0.0,0.0,0.0,126.3,78.4,163.0,45.0,5.5,87.5,101.83,91.9,162.7,34.7,0
63.0,1,0,0,1,0,21.3,72.2,0.0,0.0,0.0,0.0,126.2,79.0,236.0,85.0,4.9,88.3,5.58,65.0,175.0,21.2,0
48.0,1,0,0,1,0,26.7,87.7,0.0,0.0,0.0,0.0,107.9,71.7,181.0,61.0,5.4,90.5,6.42,65.3,156.5,26.7,0
33.0,1,0,0,1,0,32.8,99.3,0.0,0.0,0.0,0.0,119.0,76.1,169.0,41.0,5.1,114.0,9.86,85.8,165.5,31.3,0
56.0,1,0,0,1,0,28.1,90.0,0.0,0.0,0.0,0.0,124.2,78.0,180.0,66.0,5.0,72.6,7.0,63.6,153.0,27.2,0
30.0,1,0,0,1,0,27.3,94.4,0.0,0.0,0.0,0.0,138.4,81.8,125.0,48.0,4.8,116.4,11.99,69.1,158.2,27.6,0
72.0,1,0,0,1,0,29.1,85.2,0.0,0.0,0.0,0.0,145.7,66.6,204.0,31.0,6.1,90.8,38.96,66.3,152.6,28.5,0
56.0,1,0,0,1,0,49.7,137.3,0.0,0.0,0.0,0.0,120.5,77.0,206.0,41.0,5.4,119.3,9.93,122.9,161.0,47.4,0
66.0,1,0,0,1,0,29.5,98.5,0.0,0.0,0.0,0.0,129.0,89.2,201.0,64.0,5.6,84.0,5.78,77.7,165.1,28.5,0
65.0,1,0,0,1,0,23.4,83.8,0.0,0.0,0.0,0.0,111.6,78.4,143.0,40.0,5.6,101.0,7.97,63.6,166.9,22.8,0
28.0,1,0,0,1,0,42.1,127.0,0.0,0.0,0.0,0.0,122.1,81.4,223.0,41.0,5.5,102.6,7.47,113.7,168.0,40.3,0
49.0,1,0,0,1,0,53.7,147.0,0.0,0.0,0.0,0.0,116.1,81.0,192.0,39.0,6.1,106.5,8.54,140.2,158.3,56.0,0
20.0,1,0,0,1,0,23.2,77.4,0.0,0.0,0.0,0.0,116.3,77.4,125.0,47.0,5.0,128.5,40.54,58.9,158.4,23.5,0
62.0,1,0,0,1,0,26.0,92.4,0.0,0.0,0.0,0.0,127.4,63.9,256.0,45.0,4.8,88.7,8.72,69.8,167.1,25.0,0
67.0,1,0,0,1,0,33.8,108.4,0.0,0.0,0.0,0.0,107.4,73.2,213.0,56.0,5.3,100.0,9.61,72.9,149.5,32.6,0
73.0,1,0,0,1,0,29.4,102.0,0.0,0.0,0.0,0.0,158.7,96.3,131.0,49.0,5.2,91.1,10.5,79.5,162.4,30.1,0
52.0,1,0,0,1,0,24.9,90.6,0.0,0.0,0.0,0.0,109.0,74.4,226.0,59.0,5.0,95.2,12.17,67.8,169.2,23.7,0
29.0,1,0,0,1,0,43.5,121.3,0.0,0.0,0.0,0.0,112.9,62.1,187.0,53.0,5.8,105.1,12.29,98.5,155.4,40.8,0
60.0,1,0,0,1,0,39.9,121.7,0.0,0.0,0.0,0.0,124.9,76.3,217.0,52.0,5.5,77.9,7.29,125.2,181.5,38.0,0
26.0,1,0,0,1,0,22.5,83.8,0.0,0.0,0.0,0.0,113.2,71.6,133.0,39.0,5.7,111.5,10.3,77.6,187.9,22.0,0
72.0,1,0,0,1,0,24.4,95.3,0.0,0.0,0.0,0.0,106.5,62.7,219.0,45.0,4.9,82.6,8.01,70.5,174.4,23.2,0
67.0,1,0,0,1,0,26.2,95.2,0.0,0.0,0.0,0.0,127.4,69.2,184.0,56.0,5.5,90.8,8.06,65.4,162.1,24.9,0
33.0,1,0,0,1,0,26.6,92.1,0.0,0.0,0.0,0.0,109.8,50.3,222.0,47.0,5.5,77.9,12.01,70.6,165.0,25.9,0
49.0,1,0,0,1,0,26.3,85.7,0.0,0.0,0.0,0.0,103.9,68.9,146.0,51.0,5.5,112.6,4.39,58.3,151.4,25.4,0
28.0,1,0,0,1,0,32.5,101.1,0.0,0.0,0.0,0.0,128.3,64.5,127.0,60.0,5.1,119.5,6.9,83.7,159.0,33.1,0
38.0,1,0,0,1,0,31.8,95.0,0.0,0.0,0.0,0.0,110.1,73.0,185.0,46.0,5.2,74.3,13.37,85.3,162.5,32.3,0
62.0,1,0,0,1,0,30.2,110.5,0.0,0.0,0.0,0.0,106.5,63.6,245.0,47.0,5.0,74.7,7.54,90.4,175.3,29.4,0
35.0,1,0,0,1,0,26.2,85.1,0.0,0.0,0.0,0.0,104.7,64.1,176.0,40.0,5.9,59.7,13.29,60.6,162.6,22.9,0
67.0,1,0,0,1,0,27.8,99.7,0.0,0.0,0.0,0.0,137.0,74.4,192.0,50.0,5.9,99.8,10.36,67.5,157.9,27.1,0
62.0,1,0,0,1,0,24.6,86.8,0.0,0.0,0.0,0.0,129.6,80.6,214.0,79.0,5.6,64.9,30.31,68.6,167.3,24.5,0
35.0,1,0,0,1,0,22.3,79.8,0.0,0.0,0.0,0.0,103.9,63.4,157.0,40.0,5.2,96.2,4.36,49.7,149.9,22.1,0
28.0,1,0,0,1,0,27.7,97.8,0.0,0.0,0.0,0.0,135.3,81.2,180.0,41.0,5.1,82.5,7.46,76.3,168.8,26.8,0
35.0,1,0,0,1,0,30.2,102.5,0.0,0.0,0.0,0.0,109.9,75.9,213.0,40.0,4.6,105.9,7.23,82.0,168.4,28.9,0
42.0,1,0,0,1,0,19.7,71.5,0.0,0.0,0.0,0.0,134.8,65.3,157.0,69.0,6.2,62.6,5.88,45.4,150.1,20.1,0
35.0,1,0,0,1,0,26.5,86.1,0.0,0.0,0.0,0.0,125.5,81.3,178.0,36.0,4.8,126.9,7.96,78.0,174.6,25.6,0
47.0,1,0,0,1,0,26.3,92.1,0.0,0.0,0.0,0.0,106.8,73.3,199.0,61.0,5.3,133.5,47.78,73.3,168.6,25.8,0
34.0,1,0,0,1,0,46.0,126.0,0.0,0.0,0.0,0.0,97.6,68.9,241.0,77.0,5.6,111.6,10.52,109.0,158.5,43.4,0
49.0,1,0,0,1,0,35.3,83.0,0.0,0.0,0.0,0.0,134.7,81.6,182.0,37.0,5.3,110.0,3.32,89.9,159.4,35.4,0
33.0,1,0,0,1,0,27.1,86.9,0.0,0.0,0.0,0.0,112.0,70.1,178.0,87.0,5.9,118.2,4.27,64.6,157.6,26.0,0
33.0,1,0,0,1,0,23.4,73.3,0.0,0.0,0.0,0.0,104.7,71.8,187.0,72.0,4.9,126.1,19.29,55.3,154.4,23.2,0
47.0,1,0,0,1,0,43.5,115.5,0.0,0.0,0.0,0.0,108.2,70.2,238.0,64.0,5.5,101.9,6.09,99.2,152.7,42.5,0
21.0,1,0,0,1,0,40.7,117.9,0.0,0.0,0.0,0.0,111.9,74.7,181.0,54.0,4.7,123.1,2.08,100.1,158.6,39.8,0
31.0,1,0,0,1,0,34.6,105.4,0.0,0.0,0.0,0.0,104.3,76.4,171.0,50.0,5.3,108.5,12.08,88.8,165.0,32.6,0
24.0,1,0,0,1,0,27.3,80.7,0.0,0.0,0.0,0.0,109.4,69.0,197.0,47.0,4.9,107.7,8.31,83.9,175.1,27.4,0
36.0,1,0,0,1,0,26.5,86.9,0.0,0.0,0.0,0.0,153.6,98.6,228.0,51.0,4.9,127.9,5.92,74.2,176.8,23.7,0
74.0,1,0,0,1,0,28.0,94.6,0.0,0.0,0.0,0.0,116.9,67.9,225.0,110.0,5.3,64.4,10.89,65.0,153.2,27.7,0
78.0,1,0,0,1,0,34.4,109.1,0.0,0.0,0.0,0.0,127.0,72.6,192.0,46.0,5.2,73.4,11.5,91.4,164.8,33.7,0
30.0,1,0,0,1,0,29.9,99.7,0.0,0.0,0.0,0.0,119.5,78.9,140.0,38.0,5.5,121.0,5.6,79.7,168.2,28.2,0
34.0,1,0,0,1,0,26.5,78.6,0.0,0.0,0.0,0.0,95.0,64.5,174.0,73.0,5.2,94.0,6.1,69.6,165.2,25.5,0
79.0,1,0,0,1,0,21.5,73.8,0.0,0.0,0.0,0.0,154.8,88.5,121.0,53.0,5.7,96.1,7.41,43.1,158.9,17.1,0
30.0,1,0,0,1,0,55.0,127.2,0.0,0.0,0.0,0.0,107.3,72.8,161.0,48.0,5.1,123.8,13.66,147.8,169.0,51.7,0
56.0,1,0,0,1,0,42.8,130.8,0.0,0.0,0.0,0.0,128.8,76.6,207.0,48.0,5.1,89.8,4.48,105.3,171.3,35.9,0
26.0,1,0,0,1,0,22.8,88.7,0.0,0.0,0.0,0.0,129.2,84.8,197.0,60.0,8.1,101.4,11.79,63.6,168.6,22.4,0
63.0,1,0,0,1,0,28.5,88.6,0.0,0.0,0.0,0.0,123.4,68.6,188.0,85.0,7.7,80.4,14.35,77.4,167.5,27.6,0
59.0,1,0,0,1,0,24.5,92.0,0.0,0.0,0.0,0.0,128.9,75.3,173.0,31.0,4.3,102.0,5.74,54.7,165.4,20.0,0
31.0,1,0,0,1,0,27.7,98.9,0.0,0.0,0.0,0.0,104.0,70.3,163.0,43.0,4.8,75.0,41.25,89.5,178.9,28.0,0
70.0,1,0,0,1,0,26.2,92.7,0.0,0.0,0.0,0.0,130.8,73.9,131.0,50.0,5.0,99.6,8.28,68.3,165.1,25.0,0
61.0,1,0,0,1,0,47.5,140.3,0.0,0.0,0.0,0.0,116.0,77.2,194.0,47.0,5.9,113.3,421.21,107.3,153.6,45.5,0
44.0,1,0,0,1,0,43.2,137.0,0.0,0.0,0.0,0.0,94.3,68.5,165.0,36.0,5.7,99.0,9.2,99.4,156.5,40.6,0
30.0,1,0,0,1,0,41.7,101.8,0.0,0.0,0.0,0.0,111.2,76.9,182.0,40.0,5.2,116.7,11.85,81.0,140.9,40.8,0
64.0,1,0,0,1,0,30.1,99.5,0.0,0.0,0.0,0.0,127.6,78.8,192.0,104.0,5.6,108.6,5.58,81.0,168.0,28.7,0
64.0,1,0,0,1,0,26.5,76.5,0.0,0.0,0.0,0.0,103.9,69.9,177.0,43.0,5.4,92.4,10.36,64.4,158.5,25.6,0
26.0,1,0,0,1,0,24.3,91.5,0.0,0.0,0.0,0.0,125.3,79.3,185.0,57.0,6.0,103.7,6.13,69.5,168.7,24.4,0
38.0,1,0,0,1,0,53.1,150.6,0.0,0.0,0.0,0.0,130.8,73.8,193.0,68.0,5.3,78.9,7.63,132.3,162.9,49.9,0
34.0,1,0,0,1,0,29.8,95.1,0.0,0.0,0.0,0.0,108.6,75.3,173.0,52.0,5.1,128.7,16.05,78.0,164.4,28.9,0
30.0,1,0,0,1,0,42.5,120.9,0.0,0.0,0.0,0.0,116.5,79.5,164.0,40.0,4.5,127.9,11.62,124.3,172.1,42.0,0
61.0,1,0,0,1,0,26.5,93.8,0.0,0.0,0.0,0.0,107.5,72.6,162.0,46.0,5.6,85.9,14.76,61.5,168.5,21.6,0
31.0,1,0,0,1,0,21.9,67.0,0.0,0.0,0.0,0.0,100.2,70.0,170.0,44.0,4.7,123.9,8.06,56.2,167.6,20.0,0
37.0,1,0,0,1,0,34.4,102.4,0.0,0.0,0.0,0.0,105.3,68.2,127.0,71.0,5.2,104.1,12.41,77.7,152.9,33.2,0
35.0,1,0,0,1,0,24.6,93.8,0.0,0.0,0.0,0.0,127.6,70.4,144.0,48.0,5.3,76.1,9.46,67.4,169.3,23.5,0
33.0,1,0,0,1,0,56.3,164.8,0.0,0.0,0.0,0.0,129.8,82.2,182.0,36.0,6.3,82.9,11.74,149.8,168.2,53.0,0
47.0,1,0,0,1,0,40.5,115.9,0.0,0.0,0.0,0.0,129.5,78.9,135.0,40.0,4.7,93.5,10.79,85.3,158.2,34.1,0
41.0,1,0,0,1,0,29.0,94.4,0.0,0.0,0.0,0.0,95.1,70.5,211.0,54.0,5.2,87.0,5.23,72.7,160.4,28.2,0
69.0,1,0,0,1,0,23.8,80.4,0.0,0.0,0.0,0.0,113.5,64.5,202.0,82.0,5.0,75.6,9.4,62.9,162.6,23.8,0
23.0,1,0,0,1,0,23.4,80.9,0.0,0.0,0.0,0.0,122.7,52.5,189.0,56.0,5.3,127.6,7.48,56.7,159.9,22.2,0
22.0,1,0,0,1,0,27.1,94.9,0.0,0.0,0.0,0.0,103.5,90.4,180.0,37.0,5.8,95.0,29.55,73.9,167.3,26.4,0
71.0,1,0,0,1,0,26.7,88.7,0.0,0.0,0.0,0.0,113.5,68.7,218.0,53.0,5.6,48.3,6.35,65.1,154.8,27.2,0
59.0,1,0,0,1,0,33.7,109.3,0.0,0.0,0.0,0.0,147.2,80.3,147.0,63.0,4.8,88.0,8.94,99.8,177.4,31.7,0
32.0,1,0,0,1,0,25.7,84.5,0.0,0.0,0.0,0.0,114.7,73.0,155.0,48.0,4.7,122.8,10.21,74.2,171.2,25.3,0
41.0,1,0,0,1,0,26.7,84.1,0.0,0.0,0.0,0.0,109.6,71.7,194.0,99.0,5.5,74.7,3.36,65.5,161.8,25.0,0
33.0,1,0,0,1,0,29.8,87.2,0.0,0.0,0.0,0.0,94.6,59.3,121.0,42.0,4.7,134.5,9.02,79.5,166.8,28.6,0
49.0,1,0,0,1,0,34.1,94.6,0.0,0.0,0.0,0.0,128.6,73.4,210.0,57.0,6.1,94.2,9.68,73.6,157.3,29.7,0
32.0,1,0,0,1,0,29.1,88.1,0.0,0.0,0.0,0.0,113.6,71.5,128.0,41.0,4.9,131.3,7.06,65.0,151.0,28.5,0
37.0,1,0,0,1,0,37.0,114.4,0.0,0.0,0.0,0.0,112.6,74.6,167.0,44.0,4.8,76.5,11.05,77.7,149.8,34.6,0
59.0,1,0,0,1,0,25.9,81.2,0.0,0.0,0.0,0.0,106.0,70.6,201.0,49.0,5.4,128.5,4.01,66.7,159.6,26.2,0
42.0,1,0,0,1,0,25.7,91.1,0.0,0.0,0.0,0.0,98.0,68.7,187.0,38.0,4.9,120.4,5.92,67.5,168.3,23.8,0
61.0,1,0,0,1,0,23.0,86.8,0.0,0.0,0.0,0.0,130.8,57.1,239.0,79.0,5.3,82.3,2.31,56.0,152.6,24.0,0
36.0,1,0,0,1,0,27.4,91.0,0.0,0.0,0.0,0.0,118.2,74.5,182.0,72.0,5.8,77.3,9.16,63.2,152.3,27.3,0
70.0,1,0,0,1,0,27.4,95.6,0.0,0.0,0.0,0.0,130.7,72.1,181.0,45.0,5.6,73.9,8.41,87.6,179.9,27.1,0
33.0,1,0,0,1,0,34.8,110.8,0.0,0.0,0.0,0.0,92.4,60.7,161.0,43.0,5.1,88.9,9.36,58.0,143.6,28.1,0
55.0,1,0,0,1,0,23.7,84.3,0.0,0.0,0.0,0.0,110.6,70.2,217.0,45.0,5.8,71.1,10.47,70.5,167.1,25.3,0
31.0,1,0,0,1,0,26.7,87.6,0.0,0.0,0.0,0.0,133.6,79.6,252.0,48.0,5.8,100.2,8.4,66.4,158.8,26.3,0
48.0,1,0,0,1,0,27.6,93.9,0.0,0.0,0.0,0.0,134.0,83.6,205.0,58.0,4.7,75.7,8.27,58.6,156.0,24.1,0
32.0,1,0,0,1,0,34.3,100.6,0.0,0.0,0.0,0.0,111.9,69.1,101.0,41.0,5.0,134.1,43.14,81.8,156.3,33.5,0
72.0,1,0,0,1,0,50.6,133.7,0.0,0.0,0.0,0.0,125.1,86.4,190.0,57.0,5.2,89.5,1.79,118.3,157.6,47.6,0
50.0,1,0,0,1,0,45.3,126.4,0.0,0.0,0.0,0.0,109.2,74.7,178.0,45.0,5.4,63.9,4.72,110.3,157.7,44.3,0
62.0,1,0,0,1,0,25.7,90.9,0.0,0.0,0.0,0.0,125.3,77.5,143.0,91.0,5.5,97.1,8.48,57.2,152.3,24.6,0
41.0,1,0,0,1,0,36.9,112.4,0.0,0.0,0.0,0.0,123.2,77.5,168.0,44.0,6.0,73.1,6.68,118.7,183.4,35.3,0
47.0,1,0,0,1,0,21.9,73.2,0.0,0.0,0.0,0.0,134.9,82.5,183.0,83.0,4.9,78.5,11.21,52.8,160.1,20.6,0
29.0,1,0,0,1,0,36.7,114.1,0.0,0.0,0.0,0.0,126.5,78.1,126.0,79.0,5.5,95.9,5.89,79.6,152.6,34.2,0
37.0,1,0,0,0,1,50.2,125.0,0.0,1.0,0.0,0.0,121.5,83.6,173.0,30.0,5.7,128.4,14.93,109.8,153.3,46.7,0
38.0,1,0,0,0,1,26.0,86.5,0.0,1.0,0.0,0.0,123.3,59.0,134.0,56.0,4.9,126.3,9.9,52.7,153.3,22.4,0
34.0,1,0,0,0,1,25.4,90.0,0.0,1.0,0.0,0.0,113.0,67.8,236.0,61.0,5.7,38.2,11.54,70.6,168.8,24.8,0
29.0,1,0,0,0,1,27.2,87.1,0.0,1.0,0.0,0.0,128.7,79.5,193.0,85.0,5.8,126.4,12.23,66.5,158.0,26.6,0
56.0,1,0,0,0,1,26.2,85.6,0.0,1.0,0.0,0.0,109.9,76.1,175.0,44.0,5.5,106.2,8.62,52.7,158.9,20.9,0
30.0,1,0,0,0,1,26.4,87.6,0.0,1.0,0.0,0.0,109.3,66.6,144.0,45.0,6.1,122.2,10.42,64.1,150.9,28.1,0
21.0,1,0,0,0,1,26.7,93.7,0.0,1.0,0.0,0.0,132.1,80.3,203.0,50.0,5.5,71.5,9.81,74.7,165.1,27.4,0
71.0,1,0,0,0,1,36.4,115.0,0.0,1.0,0.0,0.0,126.4,74.4,210.0,57.0,5.5,79.7,2.93,98.2,169.2,34.3,0
33.0,1,0,0,0,1,40.0,112.0,0.0,1.0,0.0,0.0,108.1,92.2,180.0,34.0,5.3,113.4,8.32,88.9,150.4,39.3,0
46.0,1,0,0,0,1,38.2,102.1,0.0,1.0,0.0,0.0,121.8,74.7,206.0,49.0,5.7,95.8,7.55,89.3,158.1,35.7,0
67.0,1,0,0,0,1,39.1,125.5,0.0,1.0,0.0,0.0,141.5,78.2,200.0,36.0,5.4,108.9,3.87,104.3,167.7,37.1,0
32.0,1,0,0,0,1,40.6,106.9,0.0,1.0,0.0,0.0,128.2,83.4,232.0,42.0,5.3,34.1,10.34,87.2,158.9,34.5,0
44.0,1,0,0,0,1,31.3,106.7,0.0,1.0,0.0,0.0,125.7,77.2,237.0,39.0,5.7,59.0,2.06,74.3,158.9,29.4,0
68.0,1,0,0,0,1,36.5,119.1,0.0,1.0,0.0,0.0,129.9,73.3,164.0,39.0,5.9,72.6,0.3,86.6,159.2,34.2,0
61.0,1,0,0,0,1,25.9,89.9,0.0,1.0,0.0,0.0,130.6,82.6,192.0,72.0,5.6,65.3,8.28,58.0,151.4,25.3,0
55.0,1,0,0,0,1,27.8,91.2,0.0,1.0,0.0,0.0,108.6,75.2,249.0,40.0,5.8,68.1,1024.22,58.7,146.2,27.4,0
55.0,1,0,0,0,1,24.3,79.4,0.0,1.0,0.0,0.0,95.3,67.7,197.0,85.0,5.6,80.7,47.08,55.6,152.9,23.8,0
36.0,1,0,0,0,1,56.0,159.9,0.0,1.0,0.0,0.0,129.4,81.7,186.0,39.0,6.4,66.6,49.83,146.3,167.8,52.0,0
43.0,1,0,0,0,1,28.7,92.4,0.0,1.0,0.0,0.0,104.6,59.8,208.0,80.0,5.6,74.3,24.75,69.5,160.4,27.0,0
61.0,1,0,0,0,1,32.1,99.7,0.0,1.0,0.0,0.0,157.0,91.5,196.0,43.0,5.5,80.4,5.04,107.4,185.6,31.2,0
61.0,1,0,0,0,1,23.6,80.3,0.0,1.0,0.0,0.0,103.2,91.3,196.0,61.0,5.8,107.7,11.28,43.9,152.7,18.8,0
58.0,1,0,0,0,1,45.0,126.5,0.0,1.0,0.0,0.0,122.9,76.9,181.0,56.0,6.6,99.1,9.77,93.9,155.3,38.9,0
44.0,1,0,0,0,1,36.7,109.2,0.0,1.0,0.0,0.0,101.2,72.3,162.0,36.0,5.8,109.4,4.94,72.1,152.0,31.2,0
29.0,1,0,0,0,1,36.3,95.2,0.0,1.0,0.0,0.0,108.3,70.2,174.0,44.0,5.6,86.9,10.91,79.1,153.4,33.6,0
69.0,1,0,0,0,1,25.8,89.6,0.0,1.0,0.0,0.0,130.3,77.6,179.0,41.0,6.0,50.1,12.02,71.8,167.3,25.7,0
61.0,1,0,0,0,1,31.1,100.1,0.0,1.0,0.0,0.0,147.2,84.3,188.0,38.0,5.7,67.7,19.04,69.6,151.8,30.2,0
43.0,1,0,0,0,1,40.9,122.7,0.0,1.0,0.0,0.0,134.4,81.4,250.0,42.0,5.9,97.6,8.33,110.7,168.8,38.9,0
63.0,1,0,0,0,1,23.2,81.3,0.0,1.0,0.0,0.0,127.3,69.0,182.0,38.0,5.4,62.9,6.39,58.7,162.9,22.1,0
62.0,1,0,0,0,1,28.2,101.1,0.0,1.0,0.0,0.0,140.2,81.3,184.0,39.0,5.9,94.0,9.74,74.4,165.0,27.3,0
68.0,1,0,0,0,1,33.5,112.4,0.0,1.0,0.0,0.0,121.3,72.3,199.0,45.0,6.4,105.2,12.52,76.4,152.7,32.8,0
29.0,1,0,0,0,1,26.0,79.5,0.0,1.0,0.0,0.0,127.7,81.0,175.0,36.0,5.4,86.9,4.94,55.9,147.2,25.8,0
67.0,1,0,0,0,1,27.0,103.3,0.0,1.0,0.0,0.0,120.4,73.5,170.0,62.0,5.4,122.2,6.43,63.2,154.4,26.5,0
32.0,1,0,0,0,1,43.6,129.7,0.0,1.0,0.0,0.0,103.8,71.6,225.0,51.0,6.2,83.8,37.9,114.0,162.4,43.2,0
33.0,1,0,0,0,1,25.1,69.4,0.0,1.0,0.0,0.0,126.8,80.7,162.0,39.0,6.6,95.0,5.53,55.8,152.1,24.1,0
34.0,1,0,0,0,1,34.9,105.9,0.0,1.0,0.0,0.0,136.8,85.3,222.0,39.0,6.0,63.6,5.32,102.0,168.8,35.8,0
34.0,1,0,0,0,1,24.6,88.1,0.0,1.0,0.0,0.0,117.2,71.5,135.0,34.0,6.3,117.2,6.84,56.5,153.5,24.0,0
45.0,1,0,0,0,1,22.6,78.8,0.0,1.0,0.0,0.0,134.9,80.7,185.0,52.0,5.6,101.2,36.65,51.1,152.2,22.0,0
37.0,1,0,0,0,1,36.1,99.2,0.0,1.0,0.0,0.0,108.0,73.6,166.0,60.0,5.8,105.0,6.46,80.0,154.5,33.5,0
29.0,1,0,0,0,1,44.2,129.3,0.0,1.0,0.0,0.0,113.8,69.2,186.0,55.0,6.1,98.6,7.04,99.0,158.0,39.6,0
44.0,1,0,0,0,1,41.3,120.5,0.0,1.0,0.0,0.0,112.6,73.7,223.0,39.0,5.7,62.1,9.67,110.2,167.5,39.3,0
47.0,1,0,0,0,1,24.8,86.7,0.0,1.0,0.0,0.0,107.3,69.5,140.0,40.0,6.2,112.2,6.98,80.2,172.1,27.1,0
53.0,1,0,0,0,1,40.6,135.7,0.0,1.0,0.0,0.0,118.1,73.3,188.0,38.0,5.4,73.3,6.41,97.9,158.4,39.0,0
33.0,1,0,0,0,1,24.2,78.0,0.0,1.0,0.0,0.0,123.2,49.6,229.0,64.0,5.5,47.1,8.44,58.7,158.1,23.5,0
33.0,1,0,0,0,1,26.8,86.9,0.0,1.0,0.0,0.0,111.0,69.7,194.0,38.0,5.5,105.4,20.89,70.7,168.7,24.8,0
69.0,1,0,0,0,1,39.1,116.9,0.0,1.0,0.0,0.0,142.6,72.3,185.0,35.0,5.6,76.8,30.26,82.7,154.7,34.6,0
48.0,1,0,0,0,1,26.8,86.9,0.0,1.0,0.0,0.0,120.1,73.3,184.0,33.0,5.3,110.9,436.82,66.9,156.1,27.5,0
52.0,1,0,0,0,1,41.4,120.9,0.0,1.0,0.0,0.0,123.6,75.9,180.0,72.0,5.5,54.7,4.07,98.2,157.9,39.4,0
67.0,1,0,0,0,1,29.9,95.9,0.0,1.0,0.0,0.0,109.7,71.5,192.0,58.0,5.9,65.4,8.05,56.4,155.0,23.5,0
32.0,1,0,0,0,1,45.6,127.9,0.0,1.0,0.0,0.0,114.5,79.5,185.0,69.0,4.8,117.7,38.51,102.6,157.9,41.1,0
31.0,1,0,0,0,1,26.0,86.0,0.0,1.0,0.0,0.0,106.2,57.6,237.0,44.0,4.8,119.1,6.75,69.5,158.6,27.6,0
50.0,1,0,0,0,1,35.9,112.8,0.0,1.0,0.0,0.0,126.5,68.3,187.0,57.0,6.1,89.7,20.4,73.8,157.7,29.7,0
52.0,1,0,0,0,1,25.6,89.0,0.0,1.0,0.0,0.0,98.2,70.3,233.0,73.0,5.6,69.6,4.91,66.5,169.2,23.2,0
68.0,1,0,0,0,1,23.7,79.3,0.0,1.0,0.0,0.0,125.2,81.9,168.0,52.0,6.0,70.9,28.02,57.4,158.6,22.8,0
53.0,1,0,0,0,1,26.5,99.4,0.0,1.0,0.0,0.0,128.4,63.4,144.0,66.0,5.5,113.6,3.95,69.4,165.4,25.4,0
54.0,1,0,0,0,1,51.7,145.2,0.0,1.0,0.0,0.0,127.0,79.8,159.0,35.0,5.5,78.6,3.75,124.5,160.0,48.6,0
34.0,1,0,0,0,1,29.3,91.1,0.0,1.0,0.0,0.0,130.3,82.4,241.0,60.0,4.4,98.5,9.33,63.1,154.4,26.5,0
69.0,1,0,0,0,1,29.0,95.2,0.0,1.0,0.0,0.0,128.8,95.0,174.0,63.0,4.9,84.0,6.03,77.9,170.3,26.9,0
33.0,1,0,0,0,1,29.3,92.5,0.0,1.0,0.0,0.0,116.6,58.5,182.0,67.0,5.4,97.8,6.46,68.4,156.6,27.9,0
64.0,1,0,0,0,1,30.8,90.1,0.0,1.0,0.0,0.0,131.7,75.9,128.0,97.0,5.1,92.8,9.35,72.0,155.0,30.0,0
37.0,1,0,0,0,1,27.0,87.7,0.0,1.0,0.0,0.0,132.6,77.9,212.0,46.0,5.2,116.7,13.33,72.1,158.7,28.6,0
65.0,1,0,0,0,1,34.1,107.8,0.0,1.0,0.0,0.0,109.0,73.7,187.0,41.0,6.1,105.9,37.91,77.0,150.9,33.8,0
57.0,1,0,0,0,1,37.5,106.3,0.0,1.0,0.0,0.0,129.9,70.1,177.0,85.0,6.3,94.8,12.16,83.1,153.3,35.3,0
33.0,1,0,0,0,1,27.7,91.8,0.0,1.0,0.0,0.0,123.9,79.2,254.0,56.0,5.0,98.6,12.3,68.2,158.4,27.2,0
25.0,1,0,0,0,1,40.0,119.8,0.0,1.0,0.0,0.0,139.4,83.5,179.0,47.0,4.9,96.0,80.69,115.0,172.3,38.8,0
63.0,1,0,0,0,1,33.2,106.2,0.0,1.0,0.0,0.0,91.5,62.6,182.0,101.0,5.3,85.7,6.54,73.8,151.7,32.1,0
36.0,1,0,0,0,1,38.1,103.9,0.0,1.0,0.0,0.0,107.0,77.8,177.0,40.0,6.6,104.1,10.23,85.2,151.3,37.2,0
66.0,1,0,0,0,1,27.7,83.4,0.0,1.0,0.0,0.0,131.2,73.3,187.0,81.0,5.5,63.3,39.18,64.3,153.4,27.3,0
20.0,1,0,0,0,1,29.2,93.3,0.0,1.0,0.0,0.0,111.7,71.8,213.0,46.0,6.0,100.9,7.64,85.6,170.8,29.3,0
73.0,1,0,0,0,1,20.6,79.7,0.0,1.0,0.0,0.0,124.1,69.7,194.0,58.0,5.8,65.3,5.63,48.6,158.9,19.3,0
40.0,1,0,0,0,1,35.3,111.0,0.0,1.0,0.0,0.0,107.9,75.1,170.0,43.0,5.5,90.7,2.0,91.8,163.1,34.5,0
40.0,1,0,0,0,1,21.1,83.7,0.0,1.0,0.0,0.0,127.0,81.0,188.0,81.0,4.9,113.8,9.9,58.1,169.0,20.4,0
34.0,1,0,0,0,1,46.8,127.7,0.0,1.0,0.0,0.0,124.9,77.6,156.0,38.0,6.3,123.1,31.83,109.6,154.8,45.7,0
72.0,1,0,0,0,1,22.8,72.7,0.0,1.0,0.0,0.0,110.6,61.2,178.0,46.0,5.9,63.4,57.39,49.1,153.7,20.8,0
34.0,1,0,0,0,1,55.2,156.2,0.0,1.0,0.0,0.0,136.9,81.4,172.0,35.0,5.9,101.5,8.25,121.9,158.9,48.3,0
30.0,1,0,0,0,1,25.0,73.8,0.0,1.0,0.0,0.0,147.9,95.6,258.0,83.0,5.4,105.4,7.73,46.0,149.9,20.5,0
68.0,1,0,0,0,1,32.7,103.8,0.0,1.0,0.0,0.0,117.8,65.7,186.0,44.0,5.2,94.0,6.35,78.7,153.3,33.5,0
58.0,1,0,0,0,1,22.8,87.8,0.0,1.0,0.0,0.0,97.7,48.7,192.0,62.0,5.5,63.2,8.5,61.5,167.0,22.0,0
30.0,1,0,0,0,1,26.0,86.2,0.0,1.0,0.0,0.0,95.9,58.2,173.0,59.0,5.5,132.0,7.69,64.0,159.1,25.3,0
55.0,1,0,0,0,1,23.0,80.2,0.0,1.0,0.0,0.0,111.4,70.9,177.0,60.0,5.2,78.6,2.95,61.3,168.0,21.7,0
44.0,1,0,0,0,1,30.5,96.5,0.0,1.0,0.0,0.0,105.8,74.6,264.0,43.0,6.2,67.7,51.07,67.7,156.9,27.5,0
32.0,1,0,0,0,1,25.0,72.3,0.0,1.0,0.0,0.0,114.2,62.0,133.0,42.0,5.3,58.9,34.69,61.0,158.6,24.3,0
34.0,1,0,0,0,1,47.0,127.6,0.0,1.0,0.0,0.0,107.4,76.5,168.0,38.0,4.8,125.0,51.09,114.8,159.2,45.3,0
45.0,1,0,0,0,1,60.1,165.5,0.0,1.0,0.0,0.0,108.4,65.5,128.0,38.0,5.8,106.2,4.22,131.1,154.1,55.2,0
29.0,1,0,0,0,1,49.4,130.8,0.0,1.0,0.0,0.0,97.8,67.8,170.0,47.0,5.7,120.8,36.2,119.8,159.1,47.3,0
40.0,1,0,0,0,1,31.1,96.2,0.0,1.0,0.0,0.0,104.6,66.8,219.0,40.0,5.3,124.6,8.17,74.2,158.7,29.5,0
48.0,1,0,0,0,1,26.4,89.4,0.0,1.0,0.0,0.0,131.1,84.7,163.0,51.0,5.4,130.7,6.91,65.6,159.4,25.8,0
49.0,1,0,0,0,1,28.2,99.3,0.0,1.0,0.0,0.0,99.5,68.7,226.0,53.0,6.0,73.6,7.43,77.4,168.6,27.2,0
70.0,1,0,0,0,1,25.7,92.9,0.0,1.0,0.0,0.0,116.2,76.0,258.0,47.0,5.4,91.1,7.03,70.4,168.2,24.9,0
65.0,1,0,0,0,1,27.6,97.2,0.0,1.0,0.0,0.0,127.8,86.1,206.0,65.0,5.5,88.1,2.56,60.2,151.1,26.4,0
32.0,1,0,0,0,1,25.3,82.8,0.0,1.0,0.0,0.0,110.2,81.5,189.0,61.0,5.5,98.9,44.86,64.7,158.0,25.9,0
59.0,1,0,0,0,1,34.7,111.4,0.0,1.0,0.0,0.0,119.1,67.4,192.0,41.0,6.1,79.1,10.07,73.3,145.8,34.5,0
39.0,1,0,0,0,1,44.2,127.0,0.0,1.0,0.0,0.0,131.2,86.0,268.0,40.0,5.8,104.9,6.26,105.5,164.8,38.9,0
71.0,1,0,0,0,1,50.3,143.4,0.0,1.0,0.0,0.0,121.7,72.0,180.0,45.0,6.5,52.8,10.35,118.2,159.4,46.5,0
51.0,1,0,0,0,1,25.4,87.6,0.0,1.0,0.0,0.0,117.4,67.0,188.0,76.0,5.4,97.8,31.32,80.9,176.2,26.0,0
33.0,1,0,0,0,1,44.7,121.7,0.0,1.0,0.0,0.0,110.3,75.1,175.0,51.0,6.0,102.3,8.44,95.4,158.1,38.2,0
48.0,1,0,0,0,1,50.8,126.4,0.0,1.0,0.0,0.0,129.4,87.9,187.0,61.0,5.4,84.9,13.61,136.8,168.9,48.0,0
79.0,1,0,0,0,1,23.3,91.6,0.0,1.0,0.0,0.0,156.7,90.2,213.0,74.0,6.0,82.6,5.11,63.6,165.3,23.3,0
48.0,1,0,0,0,1,23.2,57.1,0.0,1.0,0.0,0.0,109.7,70.8,241.0,55.0,6.0,117.9,5.61,62.3,159.7,24.4,0
22.0,1,0,0,0,1,29.2,71.5,0.0,1.0,0.0,0.0,128.6,67.6,173.0,45.0,5.0,81.9,4.87,89.6,175.0,29.2,0
32.0,1,0,0,0,1,55.4,144.3,0.0,1.0,0.0,0.0,126.0,74.0,234.0,85.0,4.9,77.7,50.24,140.6,165.0,51.7,0
61.0,1,0,0,0,1,23.8,83.6,0.0,1.0,0.0,0.0,131.1,58.6,187.0,42.0,5.5,71.2,10.23,47.9,147.8,21.9,0
69.0,1,0,0,0,1,29.0,100.7,0.0,1.0,0.0,0.0,116.7,71.7,176.0,55.0,5.1,92.4,3.84,73.2,162.5,27.7,0
72.0,1,0,0,0,1,25.9,92.5,0.0,1.0,0.0,0.0,113.2,74.2,217.0,87.0,6.3,95.3,5.56,62.4,159.0,24.7,0
73.0,1,0,0,0,1,38.1,113.6,0.0,1.0,0.0,0.0,139.9,82.2,187.0,72.0,5.9,111.5,12.05,91.9,159.7,36.0,0
70.0,1,0,0,0,1,28.7,92.5,0.0,1.0,0.0,0.0,129.2,76.9,148.0,52.0,5.7,78.5,10.35,66.9,156.5,27.3,0
31.0,1,0,0,0,1,43.6,113.0,0.0,1.0,0.0,0.0,90.1,65.1,187.0,42.0,5.6,108.1,17.91,89.9,165.0,33.0,0
43.0,1,0,0,0,1,32.6,106.7,0.0,1.0,0.0,0.0,131.5,85.5,236.0,43.0,5.6,103.1,31.78,108.9,182.5,32.7,0
69.0,1,0,0,0,1,24.4,89.4,0.0,1.0,0.0,0.0,136.0,85.2,191.0,87.0,5.8,103.1,1.1,62.0,162.0,23.6,0
74.0,1,0,0,0,1,32.6,105.9,0.0,1.0,0.0,0.0,100.4,69.6,219.0,102.0,5.1,79.8,9.29,76.7,158.1,30.7,0
46.0,1,0,0,0,1,32.6,104.4,0.0,1.0,0.0,0.0,129.9,98.2,173.0,44.0,5.3,118.1,3.55,100.2,180.5,30.7,0
63.0,1,0,0,0,1,30.1,99.7,0.0,1.0,0.0,0.0,132.5,73.4,142.0,54.0,6.0,69.1,10.39,92.0,176.5,29.5,0
67.0,1,0,0,0,1,42.2,118.2,0.0,1.0,0.0,0.0,122.8,78.1,203.0,48.0,6.2,89.4,3.64,94.6,153.9,39.9,0
64.0,1,0,0,0,1,60.8,167.6,0.0,1.0,0.0,0.0,117.5,74.7,171.0,44.0,7.9,59.5,8.85,144.2,158.1,57.7,0
68.0,1,0,0,0,1,39.1,121.5,0.0,1.0,0.0,0.0,114.7,74.8,246.0,75.0,5.9,124.0,3.33,74.5,155.0,31.0,0
36.0,1,0,0,0,1,33.6,104.6,0.0,1.0,0.0,0.0,106.7,77.0,256.0,66.0,6.6,86.9,5.36,81.2,162.8,30.6,0
37.0,1,0,0,0,1,29.4,90.8,0.0,1.0,0.0,0.0,128.2,85.4,215.0,81.0,5.1,70.6,16.79,59.2,158.5,23.6,0
73.0,1,0,0,0,1,28.8,102.0,0.0,1.0,0.0,0.0,152.9,78.6,159.0,103.0,5.3,95.8,8.74,67.5,158.8,26.8,0
47.0,1,0,0,0,1,24.9,85.0,0.0,1.0,0.0,0.0,109.4,67.9,178.0,84.0,5.4,61.2,4.48,59.0,154.7,24.6,0
65.0,1,0,0,0,1,33.4,99.6,0.0,1.0,0.0,0.0,96.6,52.7,209.0,41.0,5.5,111.0,7.81,72.0,151.9,31.2,0
24.0,1,0,0,0,1,21.4,81.2,0.0,1.0,0.0,0.0,105.0,71.5,182.0,60.0,6.0,127.4,33.81,38.0,143.0,18.6,0
34.0,1,0,0,0,1,50.6,140.7,0.0,1.0,0.0,0.0,139.4,81.5,197.0,42.0,5.3,103.7,37.94,131.4,158.2,52.5,0
62.0,1,0,0,0,1,50.2,140.8,0.0,1.0,0.0,0.0,128.0,75.8,223.0,58.0,5.8,95.2,0.3,112.0,160.6,43.4,0
70.0,1,0,0,0,1,23.4,89.0,0.0,1.0,0.0,0.0,106.6,67.4,188.0,55.0,6.2,85.1,11.8,61.2,164.9,22.5,0
69.0,1,0,0,0,1,25.8,72.8,0.0,1.0,0.0,0.0,111.6,72.6,122.0,60.0,6.2,54.7,37.93,56.7,150.8,24.9,0
62.0,1,0,0,0,1,38.0,128.4,0.0,1.0,0.0,0.0,125.4,82.6,197.0,42.0,5.7,90.7,7.13,129.7,189.0,36.3,0
69.0,1,0,0,0,1,22.3,79.2,0.0,1.0,0.0,0.0,101.8,68.7,152.0,54.0,6.0,88.2,4.83,49.1,152.6,21.1,0
70.0,1,0,0,0,1,20.8,73.7,0.0,1.0,0.0,0.0,102.9,74.7,171.0,86.0,5.9,114.1,13.16,53.0,157.5,21.4,0
52.0,1,0,0,0,1,27.0,94.9,0.0,1.0,0.0,0.0,148.8,73.7,232.0,82.0,5.6,101.8,11.39,64.2,155.8,26.4,0
55.0,1,0,0,0,1,26.1,92.3,0.0,1.0,0.0,0.0,145.4,81.0,222.0,62.0,6.5,95.0,2.22,70.8,154.7,29.6,0
71.0,1,0,0,0,1,22.2,84.5,0.0,1.0,0.0,0.0,114.8,67.0,152.0,51.0,5.1,100.4,18.1,60.2,168.7,21.2,0
73.0,1,0,0,0,1,29.8,100.4,0.0,1.0,0.0,0.0,113.1,60.9,173.0,109.0,5.8,47.3,8.21,70.9,157.9,28.5,0
68.0,1,0,0,0,1,26.7,72.4,0.0,1.0,0.0,0.0,162.6,86.8,251.0,44.0,5.4,57.3,9.61,89.8,188.0,25.4,0
66.0,1,0,0,0,1,26.8,94.0,0.0,1.0,0.0,0.0,107.7,60.2,198.0,53.0,5.6,111.6,8.84,69.5,167.0,24.9,0
46.0,1,0,0,0,1,32.8,105.3,0.0,1.0,0.0,0.0,108.9,70.4,217.0,68.0,7.2,81.8,11.07,76.7,158.6,30.5,0
37.0,1,0,0,0,1,25.1,77.8,0.0,1.0,0.0,0.0,109.5,71.3,180.0,63.0,5.3,122.8,42.55,61.5,154.7,25.7,0
62.0,1,0,0,0,1,37.9,112.1,0.0,1.0,0.0,0.0,127.9,67.3,193.0,41.0,6.0,69.2,44.42,72.7,141.4,36.4,0
31.0,1,0,0,0,1,24.3,87.6,0.0,1.0,0.0,0.0,131.8,82.8,228.0,52.0,4.7,75.8,5.88,65.3,165.9,23.7,0
54.0,1,0,0,0,1,26.2,83.1,0.0,1.0,0.0,0.0,126.7,87.4,171.0,81.0,5.6,39.8,54.15,60.7,157.7,24.4,0
49.0,1,0,0,0,1,38.4,124.7,0.0,1.0,0.0,0.0,124.6,75.8,211.0,42.0,6.0,88.3,22.36,91.5,157.8,36.8,0
72.0,1,0,0,0,1,22.8,88.0,0.0,1.0,0.0,0.0,133.8,82.4,199.0,93.0,5.4,71.2,6.62,59.9,164.8,22.1,0
59.0,1,0,0,0,1,21.3,71.5,0.0,1.0,0.0,0.0,118.4,74.9,205.0,44.0,5.4,98.3,2.6,69.0,185.0,20.2,0
35.0,1,0,0,0,1,32.6,106.5,0.0,1.0,0.0,0.0,155.4,84.2,209.0,90.0,5.2,51.1,6.35,92.9,175.5,30.1,0
70.0,1,0,0,0,1,26.5,89.4,0.0,1.0,0.0,0.0,126.1,70.3,208.0,56.0,5.3,51.5,8.43,62.5,156.2,25.6,0
46.0,1,0,0,0,1,28.0,101.8,0.0,1.0,0.0,0.0,103.0,68.0,102.0,56.0,5.1,64.6,8.28,76.6,170.7,26.3,0
35.0,1,0,0,0,1,29.0,91.9,0.0,1.0,0.0,0.0,120.2,75.9,161.0,39.0,6.6,115.4,13.29,68.8,156.3,28.2,0
67.0,1,0,0,0,1,34.1,108.9,0.0,1.0,0.0,0.0,112.4,76.2,178.0,75.0,6.0,94.6,0.3,85.6,157.7,34.4,0
24.0,1,0,0,0,1,27.8,91.3,0.0,1.0,0.0,0.0,125.4,76.3,194.0,38.0,6.7,78.0,12.0,69.0,159.6,27.1,0
41.0,1,0,0,0,1,48.1,122.3,0.0,1.0,0.0,0.0,96.4,68.6,237.0,51.0,6.2,104.9,11.87,97.6,157.3,39.4,0
67.0,1,0,0,0,1,26.9,89.1,0.0,1.0,0.0,0.0,104.9,43.2,164.0,87.0,6.1,84.2,46.28,69.9,165.0,25.7,0
65.0,1,0,0,0,1,26.8,95.5,0.0,1.0,0.0,0.0,136.0,82.2,113.0,68.0,6.0,120.3,17.53,62.9,157.1,25.5,0
79.0,1,0,0,0,1,27.2,88.6,0.0,1.0,0.0,0.0,142.5,85.6,229.0,80.0,5.5,122.3,6.7,70.9,165.6,25.8,0
56.0,1,0,0,0,1,37.0,83.3,0.0,1.0,0.0,0.0,106.4,69.5,201.0,56.0,6.2,80.4,5.65,95.2,164.7,35.1,0
71.0,1,0,0,0,1,39.2,113.1,0.0,1.0,0.0,0.0,137.7,79.9,200.0,42.0,5.8,69.2,14.35,92.3,157.3,37.3,0
42.0,1,0,0,0,1,45.0,124.4,0.0,1.0,0.0,0.0,112.6,68.2,156.0,54.0,5.7,47.4,8.44,109.4,159.0,43.3,0
39.0,1,0,0,0,1,25.1,84.6,0.0,1.0,0.0,0.0,97.0,70.8,270.0,70.0,5.1,88.7,50.5,60.8,155.0,25.3,0
35.0,1,0,0,0,1,29.3,97.7,0.0,1.0,0.0,0.0,92.5,64.3,158.0,79.0,5.2,83.5,14.32,56.8,160.5,22.0,0
29.0,1,0,0,0,1,31.3,94.3,0.0,1.0,0.0,0.0,123.1,73.0,152.0,60.0,4.8,138.9,2.2,78.0,157.7,31.4,0
72.0,1,0,0,0,1,27.5,97.3,0.0,1.0,0.0,0.0,146.8,84.1,177.0,89.0,5.9,67.7,40.62,68.9,162.5,26.1,0
77.0,1,0,0,0,1,19.6,80.0,0.0,1.0,0.0,0.0,97.5,61.7,137.0,57.0,5.1,66.7,7.04,60.5,177.2,19.3,0
57.0,1,0,0,0,1,39.3,123.5,0.0,1.0,0.0,0.0,158.1,89.0,157.0,44.0,12.2,94.3,3.57,97.8,159.2,38.6,0
44.0,1,0,0,0,1,36.1,103.3,0.0,1.0,0.0,0.0,120.4,74.5,182.0,87.0,5.3,55.8,9.26,86.6,156.6,35.3,0
22.0,1,0,0,0,1,25.6,87.9,0.0,1.0,0.0,0.0,135.5,77.7,194.0,36.0,4.7,120.4,29.18,66.1,158.2,26.4,0
28.0,1,0,0,0,1,35.9,113.4,0.0,1.0,0.0,0.0,141.3,80.4,163.0,73.0,5.2,77.3,8.61,96.0,180.3,29.5,0
66.0,1,0,0,0,1,51.9,138.6,0.0,1.0,0.0,0.0,132.6,79.0,226.0,43.0,4.9,60.4,5.15,113.5,152.5,48.8,0
61.0,1,0,0,0,1,26.1,97.3,0.0,1.0,0.0,0.0,112.0,49.1,145.0,58.0,6.2,104.3,41.27,65.1,157.0,26.4,0
62.0,1,0,0,0,1,45.4,135.3,0.0,1.0,0.0,0.0,148.4,87.4,224.0,41.0,5.9,85.5,28.65,109.1,153.3,46.4,0
71.0,1,0,0,0,1,25.2,89.9,0.0,1.0,0.0,0.0,103.5,52.7,124.0,49.0,5.9,71.7,5.38,75.2,175.5,24.4,0
35.0,1,0,0,0,1,32.0,98.4,0.0,1.0,0.0,0.0,126.7,78.2,142.0,42.0,5.8,61.5,45.48,72.4,152.8,31.0,0
28.0,1,0,0,0,1,36.0,114.9,0.0,1.0,0.0,0.0,107.9,74.2,224.0,39.0,5.3,93.4,8.85,84.0,162.2,31.9,0
69.0,1,0,0,0,1,25.5,79.2,0.0,1.0,0.0,0.0,112.6,68.7,143.0,36.0,5.0,85.1,4.34,67.1,162.4,25.5,0
34.0,1,0,0,0,1,24.9,83.2,0.0,1.0,0.0,0.0,130.9,73.7,191.0,46.0,5.7,115.4,5.53,57.9,158.3,23.1,0
37.0,1,0,0,0,1,31.1,90.9,0.0,1.0,0.0,0.0,118.8,71.6,155.0,71.0,5.3,112.0,10.67,79.7,163.0,30.0,0
72.0,1,0,0,0,1,21.9,76.1,0.0,1.0,0.0,0.0,114.2,70.4,232.0,81.0,5.3,91.5,33.78,49.4,159.9,19.3,0
59.0,1,0,0,0,1,27.3,85.3,0.0,1.0,0.0,0.0,108.2,75.4,179.0,57.0,4.9,78.3,44.31,61.7,152.3,26.6,0
62.0,1,0,0,0,1,26.4,90.9,0.0,1.0,0.0,0.0,113.6,72.5,229.0,46.0,5.9,75.4,49.57,67.3,153.7,28.5,0
50.0,1,0,0,0,1,31.6,101.0,0.0,1.0,0.0,0.0,115.0,63.8,161.0,54.0,6.1,77.3,8.54,75.4,154.9,31.4,0
34.0,1,0,0,0,1,28.9,87.8,0.0,1.0,0.0,0.0,106.1,77.8,252.0,34.0,5.6,85.6,4.41,70.6,156.4,28.9,0
78.0,1,0,0,0,1,20.4,84.7,0.0,1.0,0.0,0.0,109.4,60.9,126.0,45.0,5.2,88.1,9.98,65.4,182.8,19.6,0
34.0,1,0,0,0,1,39.0,115.6,0.0,1.0,0.0,0.0,129.9,68.3,163.0,59.0,6.3,46.0,8.66,89.6,157.7,36.0,0
33.0,1,0,0,0,1,40.7,120.7,0.0,1.0,0.0,0.0,111.2,80.0,206.0,65.0,4.9,124.9,10.23,90.9,154.5,38.1,0
30.0,1,0,0,0,1,25.1,83.4,0.0,1.0,0.0,0.0,124.0,80.8,200.0,40.0,5.7,110.7,8.64,44.8,158.2,17.9,0
71.0,1,0,0,0,1,23.2,94.4,0.0,1.0,0.0,0.0,127.1,73.1,221.0,83.0,6.5,64.4,7.98,53.9,156.5,22.0,0
47.0,1,0,0,0,1,45.6,125.1,0.0,1.0,0.0,0.0,127.2,62.6,177.0,42.0,6.3,72.9,5.66,141.5,186.7,40.6,0
62.0,1,0,0,0,1,21.8,84.8,0.0,1.0,0.0,0.0,110.5,89.1,228.0,47.0,6.2,89.7,10.01,52.2,159.0,20.6,0
45.0,1,0,0,0,1,43.1,121.8,0.0,1.0,0.0,0.0,127.5,79.4,214.0,43.0,6.4,65.6,3.93,109.1,162.6,41.3,0
58.0,1,0,0,0,1,31.9,96.4,0.0,1.0,0.0,0.0,117.9,71.5,191.0,65.0,5.4,112.6,15.07,73.1,153.8,30.9,0
43.0,1,0,0,0,1,29.2,102.2,0.0,1.0,0.0,0.0,130.1,93.1,157.0,44.0,7.0,68.7,3.15,79.2,168.7,27.8,0
50.0,1,0,0,0,1,24.0,92.2,0.0,1.0,0.0,0.0,106.1,72.4,149.0,40.0,5.5,103.2,0.3,66.8,162.7,25.2,0
72.0,1,0,0,0,1,23.8,87.1,0.0,1.0,0.0,0.0,135.9,45.3,106.0,60.0,5.8,67.5,3.57,67.7,169.2,23.6,0
37.0,1,0,0,0,1,26.0,86.2,0.0,1.0,0.0,0.0,105.7,70.2,236.0,67.0,5.6,71.3,9.13,64.3,162.8,24.3,0
43.0,1,0,0,0,1,23.3,90.8,0.0,1.0,0.0,0.0,103.2,66.3,202.0,48.0,5.5,101.5,5.81,69.6,177.5,22.1,0
46.0,1,0,0,0,1,28.9,97.9,0.0,1.0,0.0,0.0,132.4,77.1,213.0,39.0,4.5,102.6,43.89,67.5,156.3,27.6,0
43.0,1,0,0,0,1,26.8,97.2,0.0,1.0,0.0,0.0,152.3,90.7,233.0,43.0,5.1,71.7,9.94,62.4,149.8,27.8,0
59.0,1,0,0,0,1,25.4,93.3,0.0,1.0,0.0,0.0,114.1,77.9,220.0,41.0,5.0,92.0,8.76,84.3,185.9,24.4,0
60.0,1,0,0,0,1,20.1,92.7,0.0,1.0,0.0,0.0,107.3,64.8,161.0,92.0,6.1,99.6,3.85,58.7,164.6,21.7,0
60.0,1,0,0,0,1,35.8,100.4,0.0,1.0,0.0,0.0,122.6,83.2,214.0,38.0,5.7,63.3,6.94,92.7,167.3,33.1,0
71.0,1,0,0,0,1,31.0,98.7,0.0,1.0,0.0,0.0,115.3,74.1,170.0,52.0,5.4,84.7,0.3,75.9,168.4,26.8,0
41.0,1,0,0,0,1,29.1,100.4,0.0,1.0,0.0,0.0,101.5,67.1,186.0,55.0,5.7,85.7,10.03,73.5,160.4,28.6,0
48.0,1,0,0,0,1,45.5,134.2,0.0,1.0,0.0,0.0,159.9,94.2,113.0,68.0,5.9,99.7,5.33,131.7,172.0,44.5,0
66.0,1,0,0,0,1,31.0,95.7,0.0,1.0,0.0,0.0,127.9,78.9,257.0,64.0,5.5,74.1,8.49,81.6,165.1,29.9,0
69.0,1,0,0,0,1,27.5,100.9,0.0,1.0,0.0,0.0,127.6,80.5,230.0,54.0,6.0,78.0,12.91,92.5,185.2,27.0,0
31.0,1,0,0,0,1,25.2,92.8,0.0,1.0,0.0,0.0,107.4,75.2,163.0,70.0,5.8,134.8,10.01,58.4,152.0,25.3,0
70.0,1,0,0,0,1,25.1,86.3,0.0,1.0,0.0,0.0,101.1,43.2,103.0,68.0,6.2,96.3,49.5,59.9,156.5,24.5,0
79.0,1,0,0,0,1,23.1,90.1,0.0,1.0,0.0,0.0,111.9,64.4,213.0,36.0,5.9,77.9,15.15,63.2,167.7,22.5,0
38.0,1,0,0,0,1,33.1,101.7,0.0,1.0,0.0,0.0,109.5,79.9,235.0,47.0,5.7,115.7,4.78,56.5,141.5,28.2,0
61.0,1,0,0,0,1,52.4,142.3,0.0,1.0,0.0,0.0,130.3,78.6,130.0,38.0,5.9,122.8,11.62,119.9,152.8,51.3,0
47.0,1,0,0,0,1,26.2,83.7,0.0,1.0,0.0,0.0,129.3,76.6,207.0,62.0,5.9,99.4,3.74,62.8,160.3,24.4,0
72.0,1,0,0,0,1,30.8,94.5,0.0,1.0,0.0,0.0,145.3,61.0,201.0,64.0,10.5,54.0,5.43,74.4,159.6,29.2,0
37.0,1,0,0,0,1,27.0,94.9,0.0,1.0,0.0,0.0,123.4,61.4,159.0,54.0,5.0,98.7,11.79,66.0,159.8,25.8,0
71.0,1,0,0,0,1,28.1,99.4,0.0,1.0,0.0,0.0,125.0,80.8,159.0,67.0,5.5,85.3,7.12,77.5,168.6,27.3,0
71.0,1,0,0,0,1,26.6,93.5,0.0,1.0,0.0,0.0,131.9,78.9,184.0,81.0,5.4,71.7,11.1,71.7,168.2,25.3,0
33.0,1,0,0,0,1,43.7,124.1,0.0,1.0,0.0,0.0,105.1,58.7,120.0,46.0,6.4,112.6,5.55,109.0,157.2,44.1,0
31.0,1,0,0,0,1,23.8,82.0,0.0,1.0,0.0,0.0,129.3,68.4,158.0,41.0,5.2,97.9,7.67,68.8,168.6,24.2,0
51.0,1,0,0,0,1,37.4,122.2,0.0,1.0,0.0,0.0,127.2,80.4,179.0,49.0,12.1,98.0,6.0,83.8,148.7,37.9,0
50.0,1,0,0,0,1,38.9,124.6,0.0,1.0,0.0,0.0,126.3,72.0,165.0,70.0,5.8,63.0,7.29,99.7,164.7,36.8,0
33.0,1,0,0,0,1,38.7,120.4,0.0,1.0,0.0,0.0,111.8,71.4,184.0,37.0,5.9,101.6,8.13,91.8,154.6,38.4,0
52.0,1,0,0,0,1,27.5,96.1,0.0,1.0,0.0,0.0,120.8,79.2,165.0,32.0,5.7,60.5,3.38,86.3,178.0,27.2,0
69.0,1,0,0,0,1,26.3,93.0,0.0,1.0,0.0,0.0,132.0,60.6,167.0,54.0,5.6,93.4,10.94,64.7,162.7,24.4,0
23.0,1,0,0,0,1,20.6,75.0,0.0,1.0,0.0,0.0,105.4,70.0,227.0,60.0,5.7,96.4,12.26,41.2,145.7,19.4,0
37.0,1,0,0,0,1,36.2,127.4,0.0,1.0,0.0,0.0,124.3,78.2,196.0,50.0,5.9,80.2,8.83,77.9,146.0,36.6,0
42.0,1,0,0,0,1,35.9,108.7,0.0,1.0,0.0,0.0,124.7,77.4,134.0,27.0,6.2,102.3,5.16,86.6,159.3,34.1,0
37.0,1,0,0,0,1,33.3,101.4,0.0,1.0,0.0,0.0,121.9,70.1,162.0,53.0,5.4,92.2,11.51,75.6,157.5,30.5,0
75.0,1,0,0,0,1,28.2,99.7,0.0,1.0,0.0,0.0,205.0,92.6,198.0,62.0,5.7,59.3,8.26,63.8,152.2,27.6,0
54.0,1,0,0,0,1,27.8,99.1,0.0,1.0,0.0,0.0,105.9,62.4,231.0,68.0,5.8,72.3,2.45,80.2,173.2,26.7,0
59.0,1,0,0,0,1,33.9,113.2,0.0,1.0,0.0,0.0,127.1,80.1,194.0,47.0,6.3,80.3,19.36,75.6,153.1,32.2,0
33.0,1,0,0,0,1,25.0,92.5,0.0,1.0,0.0,0.0,112.9,74.6,183.0,48.0,5.4,128.6,9.37,54.0,158.0,21.6,0
32.0,1,0,0,0,1,39.5,118.1,0.0,1.0,0.0,0.0,100.3,69.0,196.0,45.0,5.2,127.5,7.39,91.1,156.9,37.0,0
68.0,1,0,0,0,1,23.4,89.6,0.0,1.0,0.0,0.0,140.2,65.9,194.0,50.0,5.7,32.6,6.98,54.9,155.4,22.7,0
31.0,1,0,0,0,1,37.2,107.2,0.0,1.0,0.0,0.0,110.0,77.2,145.0,41.0,4.9,103.2,4.77,104.0,166.9,37.3,0
37.0,1,0,0,0,1,33.7,107.3,0.0,1.0,0.0,0.0,100.2,69.9,181.0,51.0,5.7,69.6,8.11,66.3,158.3,26.5,0
31.0,1,0,0,0,1,22.8,79.0,0.0,1.0,0.0,0.0,104.1,63.6,148.0,48.0,5.3,122.1,10.42,64.5,172.3,21.7,0
23.0,1,0,0,0,1,27.4,88.8,0.0,1.0,0.0,0.0,121.3,81.4,179.0,45.0,5.3,77.1,47.99,75.5,173.1,25.2,0
35.0,1,0,0,0,1,25.2,91.6,0.0,1.0,0.0,0.0,128.2,86.1,169.0,36.0,5.8,119.1,26.83,70.4,162.4,26.7,0
71.0,1,0,0,0,1,27.6,88.4,0.0,1.0,0.0,0.0,129.2,76.7,198.0,90.0,5.4,99.6,10.63,73.3,168.2,25.9,0
68.0,1,0,0,0,1,23.0,75.5,0.0,1.0,0.0,0.0,118.5,84.7,175.0,36.0,6.0,98.2,6.34,31.8,158.5,12.4,0
19.0,1,0,0,0,1,34.1,105.5,0.0,1.0,0.0,0.0,105.6,59.6,183.0,32.0,9.5,73.4,9.92,69.1,152.2,29.9,0
33.0,1,0,0,0,1,24.6,82.8,0.0,1.0,0.0,0.0,142.6,82.1,178.0,59.0,4.7,105.4,41.23,71.7,170.4,24.7,0
42.0,1,0,0,0,1,36.3,108.5,0.0,1.0,0.0,0.0,145.9,54.9,224.0,97.0,5.4,77.1,38.82,94.7,165.2,34.7,0
30.0,1,0,0,0,1,26.6,87.6,0.0,1.0,0.0,0.0,122.0,73.5,168.0,54.0,5.3,97.6,9.14,74.1,168.4,26.1,0
68.0,1,0,0,0,1,33.8,108.5,0.0,1.0,0.0,0.0,108.0,72.2,195.0,77.0,5.7,76.6,2.62,86.2,165.5,31.5,0
33.0,1,0,0,0,1,24.1,76.8,0.0,1.0,0.0,0.0,119.7,76.3,190.0,67.0,6.2,117.7,16.04,53.0,149.2,23.8,0
65.0,1,0,0,0,1,22.8,96.3,0.0,1.0,0.0,0.0,160.1,83.4,218.0,61.0,5.5,56.6,12.26,64.4,169.0,22.6,0
56.0,1,0,0,0,1,40.3,126.8,0.0,1.0,0.0,0.0,120.3,75.7,215.0,49.0,5.6,94.3,3.14,101.0,160.5,39.2,0
57.0,1,0,0,0,1,33.1,100.3,0.0,1.0,0.0,0.0,106.7,67.2,220.0,36.0,5.1,114.2,38.99,90.0,172.6,30.2,0
34.0,1,0,0,0,1,39.6,117.2,0.0,1.0,0.0,0.0,113.9,77.9,158.0,38.0,4.8,78.3,8.46,90.6,153.8,38.3,0
50.0,1,0,0,0,1,36.0,107.1,0.0,1.0,0.0,0.0,106.7,67.8,179.0,54.0,6.8,87.1,9.56,86.3,160.1,33.7,0
63.0,1,0,0,0,1,29.1,94.1,0.0,1.0,0.0,0.0,126.0,85.2,179.0,93.0,5.1,74.9,4.76,69.3,162.6,26.2,0
61.0,1,0,0,0,1,47.3,133.0,0.0,1.0,0.0,0.0,115.0,77.9,177.0,80.0,5.5,111.0,35.2,102.3,158.4,40.8,0
43.0,1,0,0,0,1,22.9,91.4,0.0,1.0,0.0,0.0,151.3,81.8,236.0,60.0,4.9,71.3,12.22,63.2,168.6,22.2,0
35.0,1,0,0,0,1,25.0,86.4,0.0,1.0,0.0,0.0,132.1,82.9,224.0,42.0,5.3,102.2,8.42,62.1,157.3,25.1,0
29.0,1,0,0,0,1,29.0,98.6,0.0,1.0,0.0,0.0,138.5,82.1,180.0,39.0,5.6,86.1,8.72,57.2,149.4,25.6,0
69.0,1,0,0,0,1,38.5,112.7,0.0,1.0,0.0,0.0,106.6,73.9,269.0,38.0,5.8,96.7,2.79,90.8,155.4,37.6,0
25.0,1,0,0,0,1,22.7,74.4,0.0,1.0,0.0,0.0,85.9,66.0,183.0,67.0,5.0,115.0,15.0,58.1,158.1,23.3,0
71.0,1,0,0,0,1,21.3,80.0,0.0,1.0,0.0,0.0,135.0,67.8,170.0,59.0,5.5,89.0,3.9,50.4,158.5,20.1,0
36.0,1,0,0,0,1,23.5,88.5,0.0,1.0,0.0,0.0,134.1,83.8,180.0,34.0,5.6,132.8,51.26,72.6,170.5,25.0,0
49.0,1,0,0,0,1,33.1,96.9,0.0,1.0,0.0,0.0,126.1,78.6,148.0,29.0,5.7,95.0,41.34,79.0,155.5,32.7,0
50.0,1,0,0,0,1,26.4,85.8,0.0,1.0,0.0,0.0,95.2,70.1,179.0,42.0,5.4,76.7,8.11,76.4,168.1,27.1,0
33.0,1,0,0,0,1,23.2,87.7,0.0,1.0,0.0,0.0,112.8,64.6,211.0,68.0,5.3,103.4,53.44,53.4,156.4,21.8,0
38.0,1,0,0,0,1,57.7,156.7,0.0,1.0,0.0,0.0,122.5,86.7,232.0,49.0,5.0,100.2,11.17,126.4,158.0,50.6,0
21.0,1,0,0,0,1,32.1,97.8,0.0,1.0,0.0,0.0,106.9,72.4,201.0,73.0,5.2,128.1,8.48,65.4,153.7,27.7,0
33.0,1,0,0,0,1,25.8,81.4,0.0,1.0,0.0,0.0,102.8,74.3,177.0,58.0,5.4,109.6,64.81,63.9,158.6,25.4,0
52.0,1,0,0,0,1,40.0,124.8,0.0,1.0,0.0,0.0,110.2,74.2,170.0,31.0,6.3,51.1,26.27,93.7,158.1,37.5,0
64.0,1,0,0,0,1,39.7,133.4,0.0,1.0,0.0,0.0,129.7,78.1,170.0,69.0,5.2,71.6,38.26,94.3,157.1,38.2,0
53.0,1,0,0,0,1,27.3,84.5,0.0,1.0,0.0,0.0,129.1,79.1,162.0,76.0,6.3,78.6,43.14,65.7,157.3,26.5,0
51.0,1,0,0,0,1,26.6,99.4,0.0,1.0,0.0,0.0,109.4,77.1,166.0,65.0,5.6,95.8,11.29,60.8,153.2,25.9,0
67.0,1,0,0,0,1,25.6,99.8,0.0,1.0,0.0,0.0,127.2,70.2,155.0,37.0,5.6,71.9,42.21,65.2,165.1,23.9,0
65.0,1,0,0,0,1,27.6,109.1,0.0,1.0,0.0,0.0,128.5,77.6,206.0,39.0,5.8,83.3,12.59,65.4,154.6,27.4,0
37.0,1,0,0,0,1,34.6,104.2,0.0,1.0,0.0,0.0,107.6,71.7,181.0,40.0,10.7,122.5,7.64,92.2,168.0,32.7,0
45.0,1,0,0,0,1,28.2,91.7,0.0,1.0,0.0,0.0,96.3,65.9,220.0,43.0,5.3,87.7,2.08,63.2,160.6,24.5,0
52.0,1,0,0,0,1,34.3,99.9,0.0,1.0,0.0,0.0,107.7,70.3,208.0,48.0,6.2,94.4,8.13,74.6,151.8,32.4,0
22.0,1,0,1,0,0,27.1,88.0,0.0,0.0,0.0,0.0,116.3,72.9,185.0,53.0,5.0,130.2,8.69,62.7,157.0,25.4,0
65.0,1,0,1,0,0,27.5,88.1,0.0,0.0,0.0,0.0,127.3,83.3,167.0,69.0,6.3,67.5,7.24,68.1,161.9,26.0,0
30.0,1,0,1,0,0,36.8,107.9,0.0,0.0,0.0,0.0,118.0,77.3,191.0,48.0,5.5,103.9,11.42,97.9,164.6,36.1,0
31.0,1,0,1,0,0,27.4,90.8,0.0,0.0,0.0,0.0,113.3,70.9,99.0,36.0,4.8,120.3,42.75,69.8,162.5,26.4,0
44.0,1,0,1,0,0,42.1,131.0,0.0,0.0,0.0,0.0,148.0,79.5,173.0,31.0,5.4,98.7,11.35,101.7,158.9,40.3,0
28.0,1,0,1,0,0,33.3,100.7,0.0,0.0,0.0,0.0,101.4,70.2,177.0,36.0,4.7,121.9,9.44,85.8,157.3,34.7,0
18.0,1,0,1,0,0,31.3,96.9,0.0,0.0,0.0,0.0,99.3,63.9,203.0,36.0,4.9,124.1,1.03,76.9,158.4,30.7,0
33.0,1,0,1,0,0,30.3,104.0,0.0,0.0,0.0,0.0,131.0,74.9,217.0,60.0,5.1,64.1,8.01,81.9,167.5,29.2,0
46.0,1,0,1,0,0,39.7,107.1,0.0,0.0,0.0,0.0,112.2,73.8,185.0,47.0,5.0,101.8,4.89,122.5,183.3,36.5,0
31.0,1,0,1,0,0,39.1,122.6,0.0,0.0,0.0,0.0,92.8,56.7,194.0,71.0,5.7,132.9,27.33,92.7,158.7,36.8,0
33.0,1,0,1,0,0,23.8,87.9,0.0,0.0,0.0,0.0,108.5,81.7,130.0,50.0,4.9,123.7,39.69,51.4,150.0,22.8,0
25.0,1,0,1,0,0,22.0,80.9,0.0,0.0,0.0,0.0,102.3,70.2,151.0,46.0,5.0,110.2,13.72,64.0,166.6,23.0,0
27.0,1,0,1,0,0,29.2,90.8,0.0,0.0,0.0,0.0,111.4,72.8,177.0,37.0,4.5,119.9,9.67,63.9,154.1,26.9,0
48.0,1,0,1,0,0,23.4,78.8,0.0,0.0,0.0,0.0,116.0,69.1,204.0,40.0,6.3,115.2,23.35,63.0,164.9,23.2,0
71.0,1,0,1,0,0,26.6,92.1,0.0,0.0,0.0,0.0,99.8,67.1,188.0,53.0,5.2,106.3,8.9,84.7,182.5,25.4,0
59.0,1,0,1,0,0,40.7,106.9,0.0,0.0,0.0,0.0,102.6,71.1,182.0,35.0,5.6,83.8,9.91,94.0,153.8,39.7,0
21.0,1,0,1,0,0,24.1,80.3,0.0,0.0,0.0,0.0,106.0,72.7,159.0,40.0,5.3,111.2,11.75,78.6,172.9,26.3,0
35.0,1,0,1,0,0,27.2,85.5,0.0,0.0,0.0,0.0,107.8,69.6,162.0,54.0,5.0,99.7,7.65,60.8,156.9,24.7,0
64.0,1,0,1,0,0,29.2,110.5,0.0,0.0,0.0,0.0,125.8,87.2,182.0,76.0,5.0,75.5,60.83,68.0,156.0,27.9,0
32.0,1,0,1,0,0,30.7,94.7,0.0,0.0,0.0,0.0,95.5,67.8,177.0,33.0,5.2,118.7,27.32,77.6,157.3,31.3,0
35.0,1,0,1,0,0,35.5,102.9,0.0,0.0,0.0,0.0,128.8,83.4,178.0,53.0,5.7,114.7,13.27,75.2,159.8,29.5,0
29.0,1,0,1,0,0,40.3,118.8,0.0,0.0,0.0,0.0,125.3,77.9,170.0,31.0,5.2,128.5,9.18,108.1,168.8,37.9,0
32.0,1,0,1,0,0,21.3,61.1,0.0,0.0,0.0,0.0,93.4,58.0,163.0,101.0,5.4,61.2,7.78,49.9,158.0,20.0,0
34.0,1,0,1,0,0,35.7,106.0,0.0,0.0,0.0,0.0,105.9,78.0,188.0,37.0,5.7,124.9,10.09,96.4,161.8,36.8,0
35.0,1,0,1,0,0,48.2,134.7,0.0,0.0,0.0,0.0,115.7,81.5,215.0,30.0,7.9,104.8,8.38,168.0,188.4,47.3,0
35.0,1,0,1,0,0,26.3,88.7,0.0,0.0,0.0,0.0,99.7,73.9,257.0,42.0,4.5,105.2,12.64,56.7,167.5,20.2,0
42.0,1,0,1,0,0,25.3,87.0,0.0,0.0,0.0,0.0,132.7,80.3,254.0,31.0,5.9,95.1,14.37,95.7,190.7,26.3,0
65.0,1,0,1,0,0,39.7,105.8,0.0,0.0,0.0,0.0,117.1,76.9,241.0,43.0,5.8,66.9,9.38,99.3,157.2,40.2,0
34.0,1,0,1,0,0,33.8,108.7,0.0,0.0,0.0,0.0,102.6,75.8,230.0,94.0,5.4,63.7,9.14,79.2,165.0,29.1,0
34.0,1,0,1,0,0,40.1,117.0,0.0,0.0,0.0,0.0,106.9,69.9,183.0,76.0,5.3,89.6,15.25,108.1,169.7,37.5,0
36.0,1,0,1,0,0,28.3,93.2,0.0,0.0,0.0,0.0,103.7,74.6,208.0,47.0,4.9,92.9,12.15,78.8,170.8,27.0,0
70.0,1,0,1,0,0,20.9,67.4,0.0,0.0,0.0,0.0,103.9,63.4,119.0,67.0,5.7,82.0,6.56,54.3,162.4,20.6,0
22.0,1,0,1,0,0,25.6,86.3,0.0,0.0,0.0,0.0,107.2,73.0,233.0,62.0,5.5,108.0,11.86,59.6,155.0,24.8,0
46.0,1,0,1,0,0,22.9,86.0,0.0,0.0,0.0,0.0,112.6,76.7,171.0,43.0,5.2,125.4,9.94,50.9,167.4,18.2,0
18.0,1,0,1,0,0,37.5,108.7,0.0,0.0,0.0,0.0,115.5,79.0,161.0,45.0,5.1,131.0,7.36,98.5,165.7,35.9,0
37.0,1,0,1,0,0,33.2,92.7,0.0,0.0,0.0,0.0,108.0,79.7,196.0,69.0,5.3,65.7,4.0,62.6,157.0,25.4,0
50.0,1,0,1,0,0,42.1,127.8,0.0,0.0,0.0,0.0,127.4,80.8,201.0,29.0,9.6,82.4,3.8,81.6,151.0,35.8,0
42.0,1,0,1,0,0,56.2,154.6,0.0,0.0,0.0,0.0,107.5,76.0,184.0,47.0,9.4,104.3,37.23,120.8,158.6,48.0,0
55.0,1,0,1,0,0,32.7,101.3,0.0,0.0,0.0,0.0,127.5,54.0,208.0,73.0,5.5,77.6,4.97,72.7,153.2,31.0,0
24.0,1,0,1,0,0,28.2,91.0,0.0,0.0,0.0,0.0,123.1,69.5,188.0,37.0,5.3,114.6,6.86,91.4,183.0,27.3,0
28.0,1,0,1,0,0,38.7,115.1,0.0,0.0,0.0,0.0,115.0,73.8,111.0,52.0,5.3,121.1,34.83,85.9,151.3,37.5,0
30.0,1,0,1,0,0,55.1,149.1,0.0,0.0,0.0,0.0,114.0,75.0,195.0,37.0,5.0,127.3,9.56,151.3,173.6,50.2,0
33.0,1,0,1,0,0,33.6,102.1,0.0,0.0,0.0,0.0,108.8,63.7,155.0,49.0,5.2,100.9,9.44,79.3,152.1,34.3,0
20.0,1,0,1,0,0,33.8,103.4,0.0,0.0,0.0,0.0,108.1,68.2,175.0,62.0,4.7,118.7,5.98,90.2,166.7,32.5,0
23.0,1,0,1,0,0,51.3,133.5,0.0,0.0,0.0,0.0,113.5,71.5,171.0,56.0,5.2,112.4,8.5,104.9,152.0,45.4,0
69.0,1,0,1,0,0,36.6,107.8,0.0,0.0,0.0,0.0,113.3,54.9,177.0,46.0,6.0,79.1,7.29,100.3,167.1,35.9,0
58.0,1,0,1,0,0,26.9,79.7,0.0,0.0,0.0,0.0,119.6,77.7,181.0,80.0,5.3,112.0,10.68,50.4,158.1,20.2,0
24.0,1,0,1,0,0,20.9,74.2,0.0,0.0,0.0,0.0,99.9,65.2,190.0,44.0,5.2,118.3,48.05,59.1,170.1,20.4,0
28.0,1,0,1,0,0,34.2,90.0,0.0,0.0,0.0,0.0,97.4,63.7,130.0,75.0,4.6,124.0,6.02,92.2,166.5,33.3,0
29.0,1,0,1,0,0,27.7,88.6,0.0,0.0,0.0,0.0,105.5,64.6,245.0,58.0,5.1,134.1,3.4,75.5,168.8,26.5,0
71.0,1,0,1,0,0,26.6,82.6,0.0,0.0,0.0,0.0,129.8,75.4,161.0,79.0,5.0,97.1,10.49,90.2,185.6,26.2,0
33.0,1,0,1,0,0,25.5,89.5,0.0,0.0,0.0,0.0,107.1,66.8,164.0,63.0,5.6,69.7,9.26,57.5,165.3,21.0,0
31.0,1,0,1,0,0,30.0,102.0,0.0,0.0,0.0,0.0,97.6,73.3,169.0,62.0,5.0,111.7,11.31,81.1,169.6,28.2,0
32.0,1,0,1,0,0,23.8,85.7,0.0,0.0,0.0,0.0,126.9,72.3,170.0,45.0,5.4,77.4,3.81,80.5,182.3,24.2,0
34.0,1,0,1,0,0,42.1,120.9,0.0,0.0,0.0,0.0,136.8,89.7,230.0,74.0,5.3,98.3,11.78,103.7,162.6,39.2,0
35.0,1,0,1,0,0,27.7,86.4,0.0,0.0,0.0,0.0,109.1,74.1,212.0,37.0,5.6,86.7,12.85,98.5,192.9,26.5,0
28.0,1,0,1,0,0,26.2,91.8,0.0,0.0,0.0,0.0,103.6,84.4,155.0,44.0,5.2,81.4,13.46,77.2,175.5,25.1,0
47.0,1,0,1,0,0,30.0,99.9,0.0,0.0,0.0,0.0,118.7,73.2,200.0,35.0,5.2,120.0,7.7,82.1,173.0,27.4,0
66.0,1,0,1,0,0,39.4,115.6,0.0,0.0,0.0,0.0,113.0,72.1,211.0,62.0,4.7,105.3,3.74,81.0,151.5,35.3,0
30.0,1,0,1,0,0,21.8,77.1,0.0,0.0,0.0,0.0,114.4,88.4,166.0,64.0,4.9,133.0,9.19,59.0,167.5,21.0,0
48.0,1,0,1,0,0,26.0,85.4,0.0,0.0,0.0,0.0,103.9,68.8,199.0,66.0,6.3,112.4,6.61,76.4,172.2,25.8,0
37.0,1,0,1,0,0,37.8,114.5,0.0,0.0,0.0,0.0,103.6,69.1,186.0,38.0,5.0,134.7,7.11,73.4,140.2,37.4,0
48.0,1,0,1,0,0,26.1,86.2,0.0,0.0,0.0,0.0,111.5,69.4,165.0,34.0,5.1,127.6,17.6,69.1,175.7,22.4,0
35.0,1,0,1,0,0,36.0,104.8,0.0,0.0,0.0,0.0,127.6,75.4,234.0,37.0,5.3,76.9,9.82,84.8,157.9,34.0,0
50.0,1,0,1,0,0,35.6,100.4,0.0,0.0,0.0,0.0,124.0,78.7,184.0,47.0,5.8,126.3,6.22,89.5,159.4,35.2,0
40.0,1,0,1,0,0,32.7,104.5,0.0,0.0,0.0,0.0,138.9,86.8,236.0,50.0,5.7,88.4,8.74,84.5,160.7,32.7,0
64.0,1,0,1,0,0,24.7,90.0,0.0,0.0,0.0,0.0,129.2,79.8,193.0,56.0,4.9,101.9,33.04,66.7,166.7,24.0,0
43.0,1,0,1,0,0,40.3,122.5,0.0,0.0,0.0,0.0,125.4,75.9,197.0,38.0,6.0,109.8,3.9,86.4,157.8,34.7,0
30.0,1,0,1,0,0,20.3,73.5,0.0,0.0,0.0,0.0,110.9,70.4,114.0,38.0,5.2,112.8,0.3,50.1,155.8,20.6,0
55.0,1,0,1,0,0,32.3,97.8,0.0,0.0,0.0,0.0,108.1,71.8,197.0,77.0,4.8,83.8,6.38,76.8,153.9,32.4,0
48.0,1,0,1,0,0,26.5,87.0,0.0,0.0,0.0,0.0,112.0,72.9,185.0,38.0,5.4,122.2,11.82,67.1,159.0,26.6,0
30.0,1,0,1,0,0,47.2,116.9,0.0,0.0,0.0,0.0,138.2,78.3,146.0,33.0,5.8,103.7,5.21,114.2,160.0,44.6,0
48.0,1,0,1,0,0,38.7,96.8,0.0,0.0,0.0,0.0,129.6,84.1,191.0,33.0,5.6,100.4,20.85,96.0,157.9,38.5,0
31.0,1,0,1,0,0,22.5,72.7,0.0,0.0,0.0,0.0,112.3,80.7,168.0,64.0,5.3,102.1,6.59,47.2,165.0,17.3,0
28.0,1,0,1,0,0,35.5,115.1,0.0,0.0,0.0,0.0,113.4,71.4,197.0,34.0,6.0,121.1,8.6,110.4,168.6,38.8,0
42.0,1,0,1,0,0,28.9,85.4,0.0,0.0,0.0,0.0,103.2,75.8,226.0,45.0,6.2,121.8,13.31,70.0,158.1,28.0,0
39.0,1,0,1,0,0,27.4,86.4,0.0,0.0,0.0,0.0,104.5,64.2,152.0,43.0,4.8,88.6,7.93,68.1,159.7,26.7,0
47.0,1,0,1,0,0,37.2,120.8,0.0,0.0,0.0,0.0,107.5,60.2,183.0,45.0,6.0,85.3,8.52,69.4,150.0,30.9,0
57.0,1,0,1,0,0,24.7,82.9,0.0,0.0,0.0,0.0,110.9,78.2,227.0,35.0,5.6,97.0,12.22,69.3,167.2,24.8,0
31.0,1,0,1,0,0,28.5,91.2,0.0,0.0,0.0,0.0,104.4,69.4,148.0,40.0,5.3,113.2,6.03,99.8,187.8,28.3,0
35.0,1,0,1,0,0,21.4,75.8,0.0,0.0,0.0,0.0,105.5,69.2,185.0,61.0,5.6,109.7,2.56,45.1,157.8,18.1,0
46.0,1,0,1,0,0,23.9,78.5,0.0,0.0,0.0,0.0,126.9,83.0,205.0,43.0,5.3,109.7,27.8,55.9,167.6,19.9,0
35.0,1,0,1,0,0,24.3,82.2,0.0,0.0,0.0,0.0,107.0,73.5,121.0,60.0,5.4,116.8,11.23,70.9,167.4,25.3,0
39.0,1,0,1,0,0,24.7,69.6,0.0,0.0,0.0,0.0,107.1,78.2,168.0,42.0,5.6,116.0,32.28,70.3,170.2,24.3,0
32.0,1,0,1,0,0,43.0,124.9,0.0,0.0,0.0,0.0,117.8,79.2,157.0,34.0,5.5,123.0,11.09,146.1,183.9,43.2,0
37.0,1,0,1,0,0,38.9,116.6,0.0,0.0,0.0,0.0,110.4,66.0,171.0,47.0,5.1,113.0,9.67,120.1,171.9,40.6,0
39.0,1,0,1,0,0,33.4,98.0,0.0,0.0,0.0,0.0,122.2,87.2,179.0,39.0,5.2,124.0,4.36,81.9,156.4,33.5,0
74.0,1,0,1,0,0,19.9,78.1,0.0,0.0,0.0,0.0,96.5,60.5,167.0,70.0,4.9,48.0,8.71,52.0,164.8,19.1,0
79.0,1,0,1,0,0,27.8,91.4,0.0,0.0,0.0,0.0,123.6,83.8,223.0,59.0,5.7,68.0,30.29,67.7,159.6,26.6,0
28.0,1,0,1,0,0,40.2,118.5,0.0,0.0,0.0,0.0,141.4,90.2,251.0,58.0,5.2,121.4,4.92,98.2,156.7,40.0,0
33.0,1,0,1,0,0,36.5,114.0,0.0,0.0,0.0,0.0,115.9,75.5,227.0,63.0,4.8,125.4,12.42,120.8,188.0,34.2,0
28.0,1,0,1,0,0,39.7,115.4,0.0,0.0,0.0,0.0,105.6,70.3,168.0,42.0,5.7,112.9,0.3,96.0,158.3,38.3,0
67.0,1,0,1,0,0,38.7,125.4,0.0,0.0,0.0,0.0,135.8,77.0,247.0,87.0,5.3,51.0,13.29,88.9,156.4,36.3,0
45.0,1,0,1,0,0,40.1,129.7,0.0,0.0,0.0,0.0,109.9,52.2,188.0,40.0,5.2,103.8,8.43,112.2,168.7,39.4,0
72.0,1,0,1,0,0,41.2,113.6,0.0,0.0,0.0,0.0,112.3,67.3,143.0,40.0,5.1,126.0,13.17,94.2,159.2,37.2,0
31.0,1,0,1,0,0,27.8,100.0,0.0,0.0,0.0,0.0,101.3,67.0,130.0,52.0,5.4,137.1,5.65,60.4,156.8,24.6,0
34.0,1,0,1,0,0,22.1,79.9,0.0,0.0,0.0,0.0,110.4,68.2,123.0,64.0,5.4,108.9,9.73,43.3,157.7,17.4,0
29.0,1,0,1,0,0,28.3,92.8,0.0,0.0,0.0,0.0,102.3,62.0,171.0,50.0,5.4,116.6,11.04,79.2,168.7,27.8,0
50.0,1,0,1,0,0,38.4,112.4,0.0,0.0,0.0,0.0,132.0,77.9,194.0,54.0,5.9,102.7,6.65,89.2,162.1,33.9,0
62.0,1,0,1,0,0,27.5,94.8,0.0,0.0,0.0,0.0,109.8,65.4,165.0,31.0,6.6,69.2,5.57,74.3,167.4,26.5,0
29.0,1,0,1,0,0,49.7,132.2,0.0,0.0,0.0,0.0,110.6,68.1,171.0,66.0,5.1,100.5,10.16,132.7,167.9,47.1,0
27.0,1,0,1,0,0,50.4,136.3,0.0,0.0,0.0,0.0,113.1,71.1,179.0,35.0,4.9,84.0,9.52,135.7,170.0,47.0,0
20.0,1,0,1,0,0,21.7,75.2,0.0,0.0,0.0,0.0,107.7,68.1,185.0,47.0,4.4,104.1,24.63,63.8,166.3,23.1,0
19.0,1,0,1,0,0,41.9,121.5,0.0,0.0,0.0,0.0,86.5,69.2,159.0,33.0,5.0,129.3,8.12,101.4,160.3,39.5,0
41.0,1,0,1,0,0,38.6,119.9,0.0,0.0,0.0,0.0,125.5,82.0,189.0,37.0,4.8,94.8,9.24,100.9,165.4,36.9,0
34.0,1,0,1,0,0,24.4,82.4,0.0,0.0,0.0,0.0,127.9,76.8,186.0,83.0,5.8,105.7,16.4,72.5,173.2,24.2,0
43.0,1,0,1,0,0,22.2,84.3,0.0,0.0,0.0,0.0,151.8,87.4,191.0,60.0,5.4,117.8,11.7,48.9,157.9,19.6,0
32.0,1,0,1,0,0,24.9,80.2,0.0,0.0,0.0,0.0,93.7,67.2,203.0,56.0,5.9,120.4,11.04,67.6,166.8,24.3,0
42.0,1,0,1,0,0,24.2,68.7,0.0,0.0,0.0,0.0,128.7,70.3,137.0,88.0,5.3,94.5,11.32,66.7,168.0,23.6,0
47.0,1,0,1,0,0,24.6,86.1,0.0,0.0,0.0,0.0,123.1,75.6,206.0,44.0,5.7,119.6,8.06,74.9,168.6,26.4,0
23.0,1,0,1,0,0,36.2,115.3,0.0,0.0,0.0,0.0,108.7,74.6,204.0,108.0,5.5,98.3,8.95,84.4,154.6,35.3,0
44.0,1,0,1,0,0,24.1,87.4,0.0,0.0,0.0,0.0,128.9,80.5,169.0,42.0,5.7,101.0,0.3,65.9,165.3,24.1,0
24.0,1,0,1,0,0,20.3,74.1,0.0,0.0,0.0,0.0,104.2,63.1,167.0,43.0,4.8,95.3,8.41,50.8,174.2,16.7,0
27.0,1,0,1,0,0,40.8,114.1,0.0,0.0,0.0,0.0,114.5,76.6,141.0,36.0,4.8,127.6,11.33,98.1,158.4,39.1,0
32.0,1,0,1,0,0,22.5,75.6,0.0,0.0,0.0,0.0,107.3,72.2,166.0,44.0,4.7,127.2,6.45,56.3,159.7,22.1,0
45.0,1,0,1,0,0,25.8,94.2,0.0,0.0,0.0,0.0,144.4,93.6,179.0,46.0,6.0,94.5,8.8,62.6,157.9,25.1,0
36.0,1,0,1,0,0,31.8,96.1,0.0,0.0,0.0,0.0,115.3,75.6,183.0,42.0,4.8,120.8,15.91,81.0,160.0,31.7,0
32.0,1,0,1,0,0,21.4,67.0,0.0,0.0,0.0,0.0,127.9,81.1,184.0,71.0,5.9,124.2,3.68,59.6,168.6,21.0,0
29.0,1,0,1,0,0,41.8,127.5,0.0,0.0,0.0,0.0,133.6,83.8,126.0,42.0,5.8,121.5,10.4,122.7,175.9,39.7,0
44.0,1,0,1,0,0,23.4,81.9,0.0,0.0,0.0,0.0,112.1,74.3,185.0,65.0,5.4,105.4,7.88,59.5,159.0,23.5,0
20.0,1,0,1,0,0,57.1,159.1,0.0,0.0,0.0,0.0,106.1,74.3,177.0,41.0,5.6,125.8,7.49,135.6,167.2,48.5,0
29.0,1,0,1,0,0,27.0,86.0,0.0,0.0,0.0,0.0,142.4,92.4,230.0,80.0,5.6,95.7,8.04,53.5,138.9,27.7,0
35.0,1,0,1,0,0,25.4,87.0,0.0,0.0,0.0,0.0,119.0,77.4,194.0,49.0,5.1,80.8,42.54,57.5,172.7,19.3,0
53.0,1,0,1,0,0,41.9,130.3,0.0,0.0,0.0,0.0,103.8,62.3,173.0,58.0,5.5,59.8,7.79,91.6,148.9,41.3,0
27.0,1,0,1,0,0,39.9,112.4,0.0,0.0,0.0,0.0,113.3,81.1,137.0,44.0,5.6,115.4,39.71,101.5,166.7,36.5,0
70.0,1,0,1,0,0,27.4,91.4,0.0,0.0,0.0,0.0,123.5,74.1,191.0,78.0,5.4,64.1,4.98,72.1,162.2,27.4,0
30.0,1,0,1,0,0,19.5,65.2,0.0,0.0,0.0,0.0,126.6,73.7,157.0,52.0,6.3,102.2,7.61,47.4,156.5,19.4,0
64.0,1,0,1,0,0,37.4,110.4,0.0,0.0,0.0,0.0,126.1,66.1,189.0,50.0,5.5,95.8,6.68,79.5,157.1,32.2,0
62.0,1,0,1,0,0,34.8,112.1,0.0,0.0,0.0,0.0,134.9,83.3,205.0,34.0,4.9,92.1,9.49,110.5,183.0,33.0,0
36.0,1,0,1,0,0,45.6,137.7,0.0,0.0,0.0,0.0,130.0,77.7,175.0,55.0,5.9,72.6,10.1,100.2,152.6,43.0,0
51.0,1,0,1,0,0,30.1,99.7,0.0,0.0,0.0,0.0,115.7,74.7,184.0,60.0,4.9,63.2,7.48,75.9,158.6,30.2,0
46.0,1,0,1,0,0,24.0,75.7,0.0,0.0,0.0,0.0,150.6,86.1,199.0,78.0,5.4,70.7,1.81,56.2,156.2,23.1,0
64.0,1,0,1,0,0,47.2,131.5,0.0,0.0,0.0,0.0,139.1,78.8,181.0,55.0,5.4,99.2,37.1,123.1,164.7,45.4,0
20.0,1,0,1,0,0,21.1,63.3,0.0,0.0,0.0,0.0,100.2,70.7,184.0,80.0,5.0,117.9,48.41,54.2,159.4,21.3,0
67.0,1,0,1,0,0,31.7,104.7,0.0,0.0,0.0,0.0,114.0,67.0,158.0,36.0,5.6,78.2,3.96,104.2,186.2,30.1,0
43.0,1,0,1,0,0,21.8,73.5,0.0,0.0,0.0,0.0,136.1,81.9,174.0,48.0,5.6,106.0,4.78,61.7,168.2,21.8,0
39.0,1,0,1,0,0,21.2,86.8,0.0,0.0,0.0,0.0,129.2,82.9,206.0,39.0,5.6,91.2,12.38,50.0,166.4,18.1,0
41.0,1,0,1,0,0,22.4,86.5,0.0,0.0,0.0,0.0,111.0,74.2,148.0,42.0,5.4,83.9,47.21,57.3,159.1,22.6,0
40.0,1,0,1,0,0,42.7,123.1,0.0,0.0,0.0,0.0,104.7,66.5,185.0,56.0,5.0,89.0,11.89,97.5,154.4,40.9,0
30.0,1,0,1,0,0,26.0,84.9,0.0,0.0,0.0,0.0,113.3,76.7,156.0,30.0,4.8,120.2,12.23,83.2,183.3,24.8,0
30.0,1,0,1,0,0,39.6,113.2,0.0,0.0,0.0,0.0,130.7,89.8,180.0,76.0,6.0,97.4,9.12,90.4,162.1,34.4,0
30.0,1,0,1,0,0,27.5,74.1,0.0,0.0,0.0,0.0,111.1,67.2,157.0,46.0,5.0,123.2,10.93,77.4,167.3,27.7,0
32.0,1,0,1,0,0,30.2,100.0,0.0,0.0,0.0,0.0,131.1,75.7,171.0,40.0,5.5,119.3,36.44,96.2,174.7,31.5,0
34.0,1,0,1,0,0,39.5,116.7,0.0,0.0,0.0,0.0,108.3,73.2,149.0,34.0,6.9,90.0,60.47,111.2,169.3,38.8,0
27.0,1,0,1,0,0,24.8,67.2,0.0,0.0,0.0,0.0,129.4,81.6,295.0,46.0,5.7,122.4,11.59,69.1,168.4,24.4,0
63.0,1,0,1,0,0,30.8,109.7,0.0,0.0,0.0,0.0,116.8,78.1,208.0,47.0,4.3,77.8,49.48,90.1,173.5,29.9,0
35.0,1,0,1,0,0,27.6,92.7,0.0,0.0,0.0,0.0,112.4,76.8,196.0,42.0,5.0,68.7,11.55,75.6,167.4,27.0,0
28.0,1,0,1,0,0,36.9,102.7,0.0,0.0,0.0,0.0,111.3,72.4,162.0,39.0,5.3,101.8,0.3,86.3,154.0,36.4,0
20.0,1,0,1,0,0,22.8,78.9,0.0,0.0,0.0,0.0,108.3,73.1,173.0,71.0,5.1,133.8,38.74,53.7,156.7,21.9,0
45.0,1,0,1,0,0,32.5,98.5,0.0,0.0,0.0,0.0,139.1,83.0,251.0,39.0,5.2,96.1,3.39,74.9,151.4,32.7,0
29.0,1,0,1,0,0,36.2,107.2,0.0,0.0,0.0,0.0,147.9,94.5,140.0,41.0,6.2,120.7,8.1,99.9,173.6,33.1,0
30.0,1,0,1,0,0,39.8,130.2,0.0,0.0,0.0,0.0,111.1,74.1,186.0,40.0,6.0,72.1,8.02,116.6,173.9,38.6,0
40.0,1,0,1,0,0,24.2,81.1,0.0,0.0,0.0,0.0,109.9,59.7,190.0,35.0,6.8,84.5,54.17,60.4,160.7,23.4,0
35.0,1,0,1,0,0,22.2,77.4,0.0,0.0,0.0,0.0,118.4,71.2,224.0,45.0,5.5,99.0,43.4,54.5,155.1,22.6,0
32.0,1,0,1,0,0,28.2,94.5,0.0,0.0,0.0,0.0,115.7,70.8,126.0,52.0,5.2,78.9,0.3,64.1,158.4,25.5,0
41.0,1,0,1,0,0,33.0,104.4,0.0,0.0,0.0,0.0,112.5,71.2,211.0,42.0,4.9,81.3,9.1,80.9,160.1,31.6,0
34.0,1,0,1,0,0,29.4,95.8,0.0,0.0,0.0,0.0,115.0,73.3,213.0,40.0,5.9,125.3,12.03,82.8,168.4,29.2,0
59.0,1,0,1,0,0,38.2,123.8,0.0,0.0,0.0,0.0,114.1,72.5,221.0,38.0,6.2,118.2,10.67,96.3,162.3,36.6,0
32.0,1,0,1,0,0,38.2,114.7,0.0,0.0,0.0,0.0,123.0,79.7,112.0,46.0,5.3,91.3,10.81,103.3,168.6,36.3,0
58.0,1,0,1,0,0,38.1,105.3,0.0,0.0,0.0,0.0,153.2,87.5,168.0,39.0,5.8,108.0,6.58,79.7,147.8,36.5,0
31.0,1,0,1,0,0,26.8,87.8,0.0,0.0,0.0,0.0,111.7,75.3,148.0,38.0,5.0,126.7,11.31,56.8,156.7,23.1,0
44.0,1,0,1,0,0,26.1,86.5,0.0,0.0,0.0,0.0,104.4,75.8,234.0,77.0,5.3,96.9,10.75,71.4,168.6,25.1,0
44.0,1,0,1,0,0,25.8,77.4,0.0,0.0,0.0,0.0,106.3,60.7,176.0,62.0,5.0,119.2,2.39,69.8,167.9,24.8,0
44.0,1,0,1,0,0,46.1,124.7,0.0,0.0,0.0,0.0,118.4,73.9,120.0,39.0,5.3,102.7,8.15,105.6,156.3,43.2,0
47.0,1,0,1,0,0,38.3,116.3,0.0,0.0,0.0,0.0,138.3,82.6,184.0,39.0,5.4,81.5,7.89,101.9,167.5,36.3,0
29.0,1,0,1,0,0,35.7,100.5,0.0,0.0,0.0,0.0,94.5,65.3,150.0,34.0,5.2,126.5,34.0,87.6,157.8,35.2,0
34.0,1,0,1,0,0,21.5,78.5,0.0,0.0,0.0,0.0,128.0,78.2,197.0,34.0,5.0,99.3,7.78,57.3,162.4,21.7,0
54.0,1,0,1,0,0,54.4,148.9,0.0,0.0,0.0,0.0,139.1,88.5,124.0,48.0,6.0,89.2,11.07,119.6,153.3,50.9,0
20.0,1,0,1,0,0,34.2,104.2,0.0,0.0,0.0,0.0,127.8,85.3,158.0,36.0,4.8,137.8,6.36,84.2,158.4,33.6,0
29.0,1,0,1,0,0,40.2,112.5,0.0,0.0,0.0,0.0,114.2,68.9,163.0,35.0,6.2,124.0,29.08,91.1,155.3,37.8,0
49.0,1,0,1,0,0,22.3,86.0,0.0,0.0,0.0,0.0,113.3,66.0,213.0,50.0,5.5,74.8,12.45,58.1,169.9,20.1,0
25.0,1,0,1,0,0,20.8,77.2,0.0,0.0,0.0,0.0,111.2,70.2,168.0,39.0,4.9,106.0,4.2,64.1,168.5,22.6,0
62.0,1,0,1,0,0,39.4,102.5,0.0,0.0,0.0,0.0,120.4,70.8,193.0,55.0,5.3,112.6,7.35,80.2,152.0,34.7,0
34.0,1,0,1,0,0,44.0,129.9,0.0,0.0,0.0,0.0,104.4,69.5,189.0,41.0,5.3,117.9,12.41,121.8,168.0,43.2,0
20.0,1,0,1,0,0,30.9,97.7,0.0,0.0,0.0,0.0,111.9,70.9,100.0,43.0,5.0,129.2,13.09,85.7,168.0,30.4,0
47.0,1,0,1,0,0,52.0,151.6,0.0,0.0,0.0,0.0,131.2,75.9,198.0,43.0,5.8,83.6,10.77,116.9,153.5,49.6,0
22.0,1,0,1,0,0,40.8,119.4,0.0,0.0,0.0,0.0,103.1,66.4,176.0,53.0,5.2,125.0,52.02,101.8,162.6,38.5,0
40.0,1,0,1,0,0,22.6,83.6,0.0,0.0,0.0,0.0,105.3,70.2,127.0,43.0,5.4,131.5,174.59,56.3,158.5,22.4,0
19.0,1,0,1,0,0,20.3,83.4,0.0,0.0,0.0,0.0,112.5,74.7,209.0,44.0,5.1,83.0,12.32,55.0,163.1,20.7,0
36.0,1,0,1,0,0,34.9,96.1,0.0,0.0,0.0,0.0,96.6,65.2,182.0,56.0,4.8,90.4,6.72,82.0,152.0,35.5,0
42.0,1,0,1,0,0,24.0,84.3,0.0,0.0,0.0,0.0,127.9,69.1,169.0,46.0,4.8,106.9,8.73,61.4,157.8,24.7,0
50.0,1,0,1,0,0,27.4,87.7,0.0,0.0,0.0,0.0,105.4,75.3,216.0,40.0,5.7,94.5,5.68,68.5,153.5,29.1,0
58.0,1,0,1,0,0,32.7,96.6,0.0,0.0,0.0,0.0,121.9,75.4,219.0,33.0,6.9,105.1,9.23,75.6,153.8,32.0,0
45.0,1,0,1,0,0,29.5,101.6,0.0,0.0,0.0,0.0,130.6,79.9,204.0,30.0,5.9,59.7,28.02,57.2,157.6,23.0,0
32.0,1,0,1,0,0,37.2,118.6,0.0,0.0,0.0,0.0,112.2,72.6,138.0,45.0,6.0,76.0,9.15,89.7,158.6,35.7,0
37.0,1,0,1,0,0,38.0,124.6,0.0,0.0,0.0,0.0,120.0,72.8,194.0,37.0,5.7,87.7,4.75,129.8,188.5,36.5,0
30.0,1,0,1,0,0,20.6,61.2,0.0,0.0,0.0,0.0,120.8,78.5,155.0,30.0,4.7,124.3,12.23,62.3,168.7,21.9,0
29.0,1,0,1,0,0,34.6,113.6,0.0,0.0,0.0,0.0,110.4,68.6,155.0,31.0,5.5,87.3,8.74,112.4,186.1,32.4,0
48.0,1,0,1,0,0,47.9,136.5,0.0,0.0,0.0,0.0,108.5,71.0,217.0,75.0,5.8,98.9,15.09,109.7,154.6,45.9,0
44.0,1,0,1,0,0,51.1,136.9,0.0,0.0,0.0,0.0,105.2,72.0,169.0,48.0,5.4,96.2,8.73,115.7,152.3,49.9,0
29.0,1,0,1,0,0,25.5,84.2,0.0,0.0,0.0,0.0,128.1,68.1,175.0,66.0,4.8,126.8,7.86,54.4,148.1,24.8,0
35.0,1,0,1,0,0,47.7,132.9,0.0,0.0,0.0,0.0,114.7,73.0,168.0,50.0,4.7,121.3,4.35,161.4,187.2,46.1,0
34.0,1,0,1,0,0,26.7,81.1,0.0,0.0,0.0,0.0,109.8,76.9,197.0,85.0,5.3,98.1,13.82,66.6,159.7,26.1,0
65.0,1,0,1,0,0,26.3,96.5,0.0,0.0,0.0,0.0,105.0,75.8,197.0,42.0,6.7,112.6,5.44,65.8,154.5,27.5,0
34.0,1,0,1,0,0,22.3,85.6,0.0,0.0,0.0,0.0,124.1,84.5,199.0,51.0,5.5,125.9,4.49,34.6,159.2,13.6,0
30.0,1,0,1,0,0,37.8,107.8,0.0,0.0,0.0,0.0,112.3,71.6,121.0,37.0,5.0,121.1,10.18,95.7,164.7,35.3,0
41.0,1,0,1,0,0,34.7,115.7,0.0,0.0,0.0,0.0,131.8,81.3,199.0,38.0,6.0,103.2,10.64,113.8,184.6,33.4,0
31.0,1,0,1,0,0,35.9,111.4,0.0,0.0,0.0,0.0,109.3,69.7,201.0,76.0,4.8,127.5,6.41,87.7,159.2,34.6,0
48.0,1,0,1,0,0,36.4,114.4,0.0,0.0,0.0,0.0,154.0,82.2,171.0,38.0,5.6,119.2,27.41,78.8,158.5,31.3,0
31.0,1,0,1,0,0,42.6,119.1,0.0,0.0,0.0,0.0,113.0,76.3,175.0,48.0,5.5,108.1,5.05,107.4,157.5,43.3,0
29.0,1,0,1,0,0,38.1,114.3,0.0,0.0,0.0,0.0,97.3,67.0,187.0,43.0,4.7,102.6,39.49,102.3,173.5,34.0,0
29.0,1,0,1,0,0,47.7,126.1,0.0,0.0,0.0,0.0,106.7,70.9,150.0,37.0,5.3,122.0,57.99,119.6,160.1,46.7,0
71.0,1,0,1,0,0,40.1,123.1,0.0,0.0,0.0,0.0,129.5,79.8,190.0,53.0,5.0,107.8,12.76,99.0,159.0,39.1,0
31.0,1,0,1,0,0,36.6,117.0,0.0,0.0,0.0,0.0,131.5,75.5,189.0,75.0,5.4,95.4,10.85,85.1,157.4,34.4,0
23.0,1,0,1,0,0,24.5,74.9,0.0,0.0,0.0,0.0,105.9,66.5,184.0,43.0,5.4,119.0,5.66,64.2,159.1,25.4,0
20.0,1,0,1,0,0,31.7,97.6,0.0,0.0,0.0,0.0,135.9,84.1,137.0,35.0,5.3,127.9,4.77,72.4,145.4,34.2,0
30.0,1,0,1,0,0,31.8,107.0,0.0,0.0,0.0,0.0,115.0,85.2,260.0,44.0,5.5,115.1,21.37,87.5,181.3,26.6,0
32.0,1,0,1,0,0,35.6,105.7,0.0,0.0,0.0,0.0,108.1,70.9,197.0,37.0,5.5,123.2,6.49,65.2,139.9,33.3,0
31.0,1,0,1,0,0,22.6,76.9,0.0,0.0,0.0,0.0,110.8,74.4,159.0,45.0,5.2,87.7,53.09,60.6,168.2,21.4,0
38.0,1,0,1,0,0,30.9,102.0,0.0,0.0,0.0,0.0,135.1,88.6,199.0,37.0,6.2,101.7,31.66,91.4,171.4,31.1,0
73.0,1,0,1,0,0,25.4,82.7,0.0,0.0,0.0,0.0,138.9,82.1,177.0,40.0,6.4,69.7,4.72,53.4,153.4,22.7,0
31.0,1,0,1,0,0,30.0,93.6,0.0,0.0,0.0,0.0,133.2,75.1,175.0,32.0,5.4,95.8,6.95,81.0,169.1,28.3,0
23.0,1,0,1,0,0,31.9,101.4,0.0,0.0,0.0,0.0,103.9,72.7,149.0,44.0,4.2,118.8,5.9,75.4,165.9,27.4,0
39.0,1,0,1,0,0,30.1,87.3,0.0,0.0,0.0,0.0,101.6,67.3,194.0,37.0,4.9,108.7,10.26,85.8,170.2,29.6,0
31.0,1,0,1,0,0,22.9,78.6,0.0,0.0,0.0,0.0,103.7,63.7,197.0,57.0,4.8,124.3,6.3,54.0,170.7,18.5,0
37.0,1,0,1,0,0,26.4,88.1,0.0,0.0,0.0,0.0,113.0,70.4,239.0,35.0,5.1,103.3,24.46,61.4,149.5,27.5,0
44.0,1,0,1,0,0,22.7,87.0,0.0,0.0,0.0,0.0,124.2,85.4,184.0,37.0,5.5,100.8,25.15,59.5,159.7,23.3,0
57.0,1,0,1,0,0,23.8,82.9,0.0,0.0,0.0,0.0,129.3,72.0,205.0,56.0,6.3,56.0,3.71,53.3,149.7,23.8,0
40.0,1,0,1,0,0,27.3,99.2,0.0,0.0,0.0,0.0,126.8,83.4,200.0,47.0,5.5,82.2,16.19,96.2,192.8,25.9,0
32.0,1,0,1,0,0,41.9,130.6,0.0,0.0,0.0,0.0,120.9,72.2,143.0,31.0,4.9,123.5,18.65,120.0,171.1,41.0,0
48.0,1,0,1,0,0,30.2,101.0,0.0,0.0,0.0,0.0,132.4,76.1,198.0,43.0,4.9,116.7,12.2,73.7,154.0,31.1,0
34.0,1,0,1,0,0,26.6,94.9,0.0,0.0,0.0,0.0,110.6,80.3,151.0,42.0,5.3,102.0,12.28,76.4,168.1,27.0,0
21.0,1,0,1,0,0,21.7,91.9,0.0,0.0,0.0,0.0,103.1,66.0,151.0,55.0,4.7,100.2,4.37,51.6,164.9,19.0,0
27.0,1,0,1,0,0,36.9,116.0,0.0,0.0,0.0,0.0,125.1,82.5,230.0,36.0,5.9,99.4,11.69,104.0,168.4,36.7,0
22.0,1,0,1,0,0,30.4,94.5,0.0,0.0,0.0,0.0,109.9,68.2,133.0,38.0,5.4,99.0,32.43,85.6,171.4,29.1,0
32.0,1,0,1,0,0,35.3,110.6,0.0,0.0,0.0,0.0,101.0,70.8,237.0,71.0,5.3,123.4,10.31,87.5,159.7,34.3,0
66.0,1,0,1,0,0,35.3,100.3,0.0,0.0,0.0,0.0,138.5,82.4,189.0,46.0,5.3,109.6,0.3,111.0,177.9,35.1,0
26.0,1,0,1,0,0,38.6,113.5,0.0,0.0,0.0,0.0,112.0,70.1,173.0,43.0,4.8,115.8,7.19,105.3,168.6,37.1,0
45.0,1,0,1,0,0,32.1,100.3,0.0,0.0,0.0,0.0,127.8,75.2,206.0,37.0,5.7,90.2,11.04,89.0,169.9,30.8,0
50.0,1,0,1,0,0,39.2,109.9,0.0,0.0,0.0,0.0,127.1,76.6,181.0,39.0,5.6,96.2,5.86,98.0,158.7,38.9,0
74.0,1,0,1,0,0,28.9,93.3,0.0,0.0,0.0,0.0,126.1,75.6,123.0,40.0,5.9,105.0,11.27,69.1,157.6,27.8,0
35.0,1,0,1,0,0,39.7,118.6,0.0,0.0,0.0,0.0,111.1,79.3,159.0,48.0,5.4,87.6,13.25,101.2,160.0,39.5,0
50.0,1,0,1,0,0,30.7,99.0,0.0,0.0,0.0,0.0,127.8,77.4,132.0,70.0,5.3,90.2,7.41,74.5,160.8,28.8,0
27.0,1,0,1,0,0,32.8,101.1,0.0,0.0,0.0,0.0,116.8,81.8,156.0,37.0,5.1,129.8,7.25,72.0,159.6,28.3,0
33.0,1,0,1,0,0,30.9,93.0,0.0,0.0,0.0,0.0,117.9,74.3,172.0,31.0,4.4,121.2,30.59,76.6,158.6,30.4,0
66.0,1,0,1,0,0,39.4,125.9,0.0,0.0,0.0,0.0,127.3,79.9,111.0,45.0,5.3,121.4,5.25,109.1,167.6,38.9,0
60.0,1,0,1,0,0,26.9,99.5,0.0,0.0,0.0,0.0,111.9,70.8,155.0,44.0,5.5,69.4,3.5,58.5,149.4,26.2,0
74.0,1,0,1,0,0,30.3,105.7,0.0,0.0,0.0,0.0,131.3,73.5,183.0,64.0,5.2,60.4,5.32,99.3,186.0,28.7,0
45.0,1,0,1,0,0,25.7,93.0,0.0,0.0,0.0,0.0,110.9,72.9,173.0,51.0,4.7,124.5,17.32,57.7,153.5,24.5,0
36.0,1,0,1,0,0,40.2,116.2,0.0,0.0,0.0,0.0,104.4,73.5,160.0,43.0,5.3,96.1,56.12,97.6,158.9,38.7,0
45.0,1,0,1,0,0,43.0,130.5,0.0,0.0,0.0,0.0,118.5,68.3,192.0,57.0,5.5,86.3,11.63,88.4,151.4,38.6,0
42.0,1,0,1,0,0,34.6,109.4,0.0,0.0,0.0,0.0,132.6,77.8,212.0,42.0,5.1,102.6,4.01,94.9,168.1,33.6,0
34.0,1,0,1,0,0,42.2,121.7,0.0,0.0,0.0,0.0,100.3,69.7,169.0,31.0,5.9,89.0,11.46,98.6,158.9,39.1,0
38.0,1,0,1,0,0,22.0,74.8,0.0,0.0,0.0,0.0,119.1,67.9,142.0,79.0,4.9,82.7,8.66,49.5,153.9,20.9,0
37.0,1,0,1,0,0,41.6,118.7,0.0,0.0,0.0,0.0,124.5,80.3,178.0,45.0,5.8,82.4,4.62,109.1,156.9,44.3,0
32.0,1,0,1,0,0,27.6,98.9,0.0,0.0,0.0,0.0,116.4,88.5,195.0,40.0,5.6,104.3,12.91,55.1,156.5,22.5,0
45.0,1,0,1,0,0,53.2,144.7,0.0,0.0,0.0,0.0,115.5,83.6,255.0,68.0,5.2,111.4,15.35,114.3,162.4,43.3,0
64.0,1,0,1,0,0,27.6,93.1,0.0,0.0,0.0,0.0,146.5,81.7,201.0,47.0,5.6,103.1,16.71,61.2,158.6,24.3,0
46.0,1,0,1,0,0,26.5,96.6,0.0,0.0,0.0,0.0,134.6,80.1,160.0,55.0,5.5,96.3,7.72,72.9,166.9,26.2,0
55.0,1,0,1,0,0,28.6,101.0,0.0,0.0,0.0,0.0,135.7,69.6,151.0,47.0,5.7,81.1,53.25,52.5,165.2,19.2,0
30.0,1,0,1,0,0,39.6,116.4,0.0,0.0,0.0,0.0,123.4,85.4,184.0,42.0,5.4,129.4,13.55,97.5,158.1,39.0,0
27.0,1,0,1,0,0,34.9,106.6,0.0,0.0,0.0,0.0,128.6,79.0,168.0,31.0,5.2,129.6,7.26,89.8,155.6,37.1,0
69.0,1,0,1,0,0,22.2,78.5,0.0,0.0,0.0,0.0,121.0,74.2,269.0,81.0,5.1,98.9,6.18,53.7,158.2,21.5,0
39.0,1,0,1,0,0,33.5,104.7,0.0,0.0,0.0,0.0,122.4,76.5,180.0,39.0,6.0,122.0,166.5,79.8,160.9,30.8,0
50.0,1,0,0,0,1,38.3,119.5,0.0,1.0,1.0,0.0,155.8,71.6,187.0,53.0,5.5,37.2,20.83,117.6,181.4,35.7,0
73.0,1,0,0,0,1,36.7,103.1,0.0,1.0,1.0,0.0,111.2,73.0,126.0,38.0,6.2,94.5,12.31,85.6,159.6,33.6,0
70.0,1,0,0,0,1,28.1,100.2,0.0,1.0,1.0,0.0,126.5,85.3,222.0,43.0,4.9,105.2,7.42,84.9,184.2,25.0,0
67.0,1,0,0,0,1,34.7,113.9,0.0,1.0,1.0,0.0,101.3,62.7,201.0,45.0,8.2,96.2,1.08,67.4,153.0,28.8,0
30.0,1,0,0,0,1,38.6,118.4,0.0,1.0,1.0,0.0,117.2,58.4,202.0,77.0,5.2,104.7,8.69,98.2,158.2,39.3,0
60.0,1,0,0,0,1,36.0,110.4,0.0,1.0,1.0,0.0,118.1,81.8,192.0,66.0,6.0,91.4,158.01,87.3,150.4,38.6,0
35.0,1,0,0,0,1,38.4,122.7,0.0,1.0,1.0,0.0,127.4,72.9,248.0,48.0,5.1,63.1,8.71,100.6,164.8,37.0,0
71.0,1,0,0,0,1,21.6,76.5,0.0,1.0,1.0,0.0,99.7,70.2,122.0,57.0,5.0,68.0,6.64,56.0,162.5,21.2,0
72.0,1,0,0,0,1,29.2,100.5,0.0,1.0,1.0,0.0,136.2,75.7,252.0,96.0,5.5,57.9,3.72,78.0,169.2,27.2,0
35.0,1,0,0,0,1,37.7,100.2,0.0,1.0,1.0,0.0,122.6,77.6,217.0,41.0,5.9,96.5,6.19,81.6,146.6,38.0,0
66.0,1,0,0,0,1,39.2,124.4,0.0,1.0,1.0,0.0,115.3,73.6,199.0,47.0,6.1,60.4,34.63,119.7,180.9,36.6,0
60.0,1,0,0,0,1,32.4,107.0,0.0,1.0,1.0,0.0,129.9,81.0,225.0,39.0,5.2,90.9,7.64,68.2,153.0,29.1,0
75.0,1,0,0,0,1,21.7,69.6,0.0,1.0,1.0,0.0,111.7,80.5,164.0,54.0,5.2,81.2,38.05,54.7,162.2,20.8,0
66.0,1,0,0,0,1,32.3,106.8,0.0,1.0,1.0,0.0,120.1,68.4,176.0,43.0,8.5,114.0,15.33,76.6,152.5,33.0,0
66.0,1,0,0,0,1,27.4,93.6,0.0,1.0,1.0,0.0,167.4,95.9,180.0,80.0,5.7,70.7,10.29,64.0,158.1,25.6,0
64.0,1,0,0,0,1,20.3,82.3,0.0,1.0,1.0,0.0,129.2,58.8,173.0,40.0,5.1,62.9,3.58,58.8,178.0,18.6,0
51.0,1,0,0,0,1,28.5,107.5,0.0,1.0,1.0,0.0,111.4,46.4,117.0,71.0,5.5,52.1,10.94,69.3,160.8,26.8,0
53.0,1,0,0,0,1,22.0,84.6,0.0,1.0,1.0,0.0,127.4,88.6,172.0,103.0,5.6,92.9,11.04,49.8,151.1,21.8,0
75.0,1,0,0,0,1,21.8,88.4,0.0,1.0,1.0,0.0,101.6,68.7,176.0,63.0,6.2,68.1,9.49,48.2,154.2,20.3,0
40.0,1,0,0,0,1,32.8,98.0,0.0,1.0,1.0,0.0,130.1,79.2,189.0,33.0,5.5,69.9,2.24,75.4,168.2,26.6,0
63.0,1,0,0,0,1,37.9,111.1,0.0,1.0,1.0,0.0,135.8,85.8,146.0,63.0,6.0,83.6,42.42,97.2,164.8,35.8,0
60.0,1,0,0,0,1,31.3,104.2,0.0,1.0,1.0,0.0,100.1,66.2,218.0,42.0,5.6,57.7,2.38,75.9,158.8,30.1,0
29.0,1,0,0,0,1,42.2,126.0,0.0,1.0,1.0,0.0,109.1,78.0,204.0,33.0,5.4,101.9,6.28,120.2,169.5,41.8,0
67.0,1,0,0,0,1,36.2,120.8,0.0,1.0,1.0,0.0,139.1,90.0,165.0,48.0,6.7,77.7,5.11,89.2,158.4,35.5,0
56.0,1,0,0,0,1,34.1,101.4,0.0,1.0,1.0,0.0,117.8,73.0,227.0,93.0,5.8,60.3,8.25,62.3,150.5,27.5,0
69.0,1,0,0,0,1,31.7,111.2,0.0,1.0,1.0,0.0,135.7,84.4,148.0,56.0,5.4,59.2,6.41,80.6,160.1,31.5,0
70.0,1,0,0,0,1,24.8,89.4,0.0,1.0,1.0,0.0,125.8,80.1,179.0,75.0,5.7,78.4,22.34,66.6,162.8,25.1,0
59.0,1,0,0,0,1,28.1,100.5,0.0,1.0,1.0,0.0,116.5,65.9,188.0,55.0,5.4,75.6,10.25,69.2,161.5,26.5,0
31.0,1,0,0,0,1,23.3,84.9,0.0,1.0,1.0,0.0,127.4,81.0,173.0,49.0,5.3,106.1,6.22,86.2,193.2,23.1,0
75.0,1,0,0,0,1,26.2,93.6,0.0,1.0,1.0,0.0,98.2,64.9,154.0,73.0,5.3,72.0,6.83,62.7,159.1,24.8,0
65.0,1,0,0,0,1,46.5,125.1,0.0,1.0,1.0,0.0,132.1,88.3,179.0,110.0,6.7,101.3,30.34,102.1,151.5,44.5,0
68.0,1,0,0,0,1,29.0,109.7,0.0,1.0,1.0,0.0,104.1,75.6,167.0,60.0,5.8,83.9,7.55,82.3,174.4,27.1,0
46.0,1,0,0,0,1,25.6,82.3,0.0,1.0,1.0,0.0,132.1,75.5,161.0,50.0,5.5,64.0,19.16,55.6,148.0,25.4,0
31.0,1,0,0,0,1,43.0,115.2,0.0,1.0,1.0,0.0,148.9,98.4,207.0,36.0,6.2,106.2,4.52,104.9,158.3,41.9,0
74.0,1,0,0,0,1,25.7,93.0,0.0,1.0,1.0,0.0,115.9,59.1,164.0,58.0,5.4,68.5,35.24,79.3,178.6,24.8,0
51.0,1,0,0,0,1,28.3,98.4,0.0,1.0,1.0,0.0,112.3,75.7,223.0,74.0,5.6,77.9,31.29,70.7,164.9,26.0,0
53.0,1,0,0,0,1,26.9,97.5,0.0,1.0,1.0,0.0,109.2,72.2,225.0,48.0,6.2,88.6,9.45,70.4,164.5,26.0,0
71.0,1,0,0,0,1,22.4,71.6,0.0,1.0,1.0,0.0,108.1,78.3,219.0,85.0,5.9,100.7,11.47,54.7,156.8,22.2,0
72.0,1,0,0,0,1,40.7,128.9,0.0,1.0,1.0,0.0,134.2,82.2,259.0,96.0,5.5,90.0,7.99,115.7,171.8,39.2,0
50.0,1,0,0,0,1,32.5,109.3,0.0,1.0,1.0,0.0,135.5,81.0,196.0,36.0,5.1,100.7,10.97,72.6,151.4,31.7,0
40.0,1,0,0,0,1,39.0,115.1,0.0,1.0,1.0,0.0,130.3,85.1,145.0,44.0,5.3,101.8,34.17,96.3,158.8,38.2,0
31.0,1,0,0,0,1,33.5,98.7,0.0,1.0,1.0,0.0,132.6,84.0,189.0,46.0,6.1,52.7,2.08,72.4,158.5,28.8,0
61.0,1,0,0,0,1,28.4,96.8,0.0,1.0,1.0,0.0,98.5,70.8,206.0,72.0,5.5,39.0,3.92,62.4,152.1,27.0,0
77.0,1,0,0,0,1,28.5,99.7,0.0,1.0,1.0,0.0,125.7,74.5,170.0,92.0,5.3,53.8,10.83,82.9,173.8,27.5,0
65.0,1,0,0,0,1,28.4,96.0,0.0,1.0,1.0,0.0,162.2,88.2,243.0,44.0,5.1,89.7,11.7,77.7,168.3,27.4,0
32.0,1,0,0,0,1,40.0,123.2,0.0,1.0,1.0,0.0,134.0,85.3,201.0,44.0,5.2,101.2,5.33,94.3,157.2,38.2,0
31.0,1,0,0,0,1,40.1,124.4,0.0,1.0,1.0,0.0,117.1,53.6,94.0,47.0,5.1,114.1,1.89,89.4,152.4,38.5,0
77.0,1,0,0,0,1,25.0,88.9,0.0,1.0,1.0,0.0,95.4,65.6,170.0,58.0,5.1,74.5,15.04,67.7,169.1,23.7,0
72.0,1,0,0,0,1,27.1,96.2,0.0,1.0,1.0,0.0,122.0,78.6,236.0,50.0,5.7,75.8,2.2,69.0,162.5,26.1,0
58.0,1,0,0,0,1,44.2,126.7,0.0,1.0,1.0,0.0,113.7,67.6,265.0,47.0,5.6,104.3,4.62,96.5,162.0,36.8,0
43.0,1,0,0,0,1,24.2,80.5,0.0,1.0,1.0,0.0,118.0,73.9,109.0,69.0,5.9,71.5,7.07,54.3,153.3,23.1,0
73.0,1,0,0,0,1,26.7,96.2,0.0,1.0,1.0,0.0,136.4,77.6,150.0,45.0,6.1,69.7,0.75,66.6,162.8,25.1,0
38.0,1,0,0,0,1,35.2,113.0,0.0,1.0,1.0,0.0,157.8,92.3,192.0,43.0,6.5,107.9,24.88,119.4,185.1,34.9,0
75.0,1,0,0,0,1,42.5,125.7,0.0,1.0,1.0,0.0,112.5,68.5,196.0,53.0,7.5,59.5,10.49,92.4,152.5,39.7,0
40.0,1,0,0,0,1,50.8,135.1,0.0,1.0,1.0,0.0,123.8,73.0,217.0,107.0,5.8,114.0,23.23,99.4,149.9,44.2,0
73.0,1,0,0,0,1,33.1,111.2,0.0,1.0,1.0,0.0,105.0,73.7,132.0,62.0,5.0,88.8,4.88,88.6,169.8,30.7,0
31.0,1,0,0,0,1,19.4,70.7,0.0,1.0,1.0,0.0,96.7,73.1,187.0,38.0,5.6,68.9,8.31,33.1,156.2,13.6,0
47.0,1,0,0,0,1,22.7,76.8,0.0,1.0,1.0,0.0,104.5,63.2,214.0,74.0,5.6,92.2,7.98,50.4,152.2,21.8,0
69.0,1,0,0,0,1,22.6,85.9,0.0,1.0,1.0,0.0,90.2,62.7,182.0,93.0,6.0,65.3,3.85,59.9,162.2,22.8,0
39.0,1,0,0,0,1,38.5,112.0,0.0,1.0,1.0,0.0,111.0,75.8,194.0,31.0,5.7,78.9,2.01,78.2,158.4,31.2,0
42.0,1,0,0,0,1,32.1,88.5,0.0,1.0,1.0,0.0,104.4,71.7,170.0,53.0,8.3,83.9,34.05,64.1,150.5,28.3,0
29.0,1,0,0,0,1,45.0,130.7,0.0,1.0,1.0,0.0,130.4,75.4,181.0,60.0,6.0,70.0,8.24,121.2,164.9,44.6,0
52.0,1,0,0,0,1,28.3,92.3,0.0,1.0,1.0,0.0,115.1,85.2,197.0,44.0,6.2,68.2,47.84,72.7,164.9,26.7,0
47.0,1,0,0,0,1,37.5,120.6,0.0,1.0,1.0,0.0,104.4,71.0,202.0,49.0,6.5,100.2,15.19,92.6,159.6,36.3,0
53.0,1,0,0,0,1,50.2,138.7,0.0,1.0,1.0,0.0,129.9,80.8,201.0,88.0,6.1,59.9,11.04,112.4,156.8,45.7,0
73.0,1,0,0,0,1,21.7,82.4,0.0,1.0,1.0,0.0,120.9,65.9,206.0,44.0,5.5,63.2,32.45,46.3,159.4,18.2,0
75.0,1,0,0,0,1,22.8,85.4,0.0,1.0,1.0,0.0,135.7,80.5,237.0,112.0,6.0,51.6,12.0,64.4,168.1,22.8,0
43.0,1,0,0,0,1,46.3,132.4,0.0,1.0,1.0,0.0,104.0,61.3,148.0,50.0,5.8,99.1,7.9,111.8,159.4,44.0,0
70.0,1,0,0,0,1,33.2,87.5,0.0,1.0,1.0,0.0,110.7,68.3,202.0,55.0,5.5,87.1,11.05,100.7,173.3,33.5,0
59.0,1,0,0,0,1,21.9,86.4,0.0,1.0,1.0,0.0,128.8,79.9,105.0,55.0,5.8,68.9,45.14,48.4,150.0,21.5,0
36.0,1,0,0,0,1,27.1,90.9,0.0,1.0,1.0,0.0,108.6,70.4,175.0,57.0,5.7,114.5,22.92,63.4,150.5,28.0,0
74.0,1,0,0,0,1,24.4,93.6,0.0,1.0,1.0,0.0,127.8,78.0,191.0,70.0,5.4,58.2,9.56,67.3,171.1,23.0,0
72.0,1,0,0,0,1,23.7,91.3,0.0,1.0,1.0,0.0,146.0,77.9,237.0,58.0,5.4,71.9,44.33,70.5,173.1,23.5,0
69.0,1,0,0,0,1,33.1,105.7,0.0,1.0,1.0,0.0,123.4,83.8,158.0,37.0,5.9,64.8,6.28,106.0,183.3,31.5,0
71.0,1,0,0,0,1,32.6,110.5,0.0,1.0,1.0,0.0,118.7,77.2,218.0,46.0,5.6,82.3,10.03,77.3,155.8,31.9,0
63.0,1,0,0,0,1,29.4,101.2,0.0,1.0,1.0,0.0,133.1,82.6,202.0,58.0,7.3,91.9,47.15,78.4,168.0,27.8,0
61.0,1,0,0,0,1,25.7,93.8,0.0,1.0,1.0,0.0,131.9,78.6,112.0,68.0,6.3,63.0,58.73,55.8,151.3,24.4,0
76.0,1,0,0,0,1,27.5,80.5,0.0,1.0,1.0,0.0,111.1,60.4,167.0,41.0,5.4,95.0,9.99,57.7,148.8,26.1,0
75.0,1,0,0,0,1,40.4,125.5,0.0,1.0,1.0,0.0,113.8,61.5,222.0,92.0,5.5,51.7,11.05,93.8,156.2,38.5,0
78.0,1,0,0,0,1,20.9,67.4,0.0,1.0,1.0,0.0,111.6,60.4,224.0,95.0,5.4,81.8,9.32,46.8,151.2,20.5,0
75.0,1,0,0,0,1,45.1,116.1,0.0,1.0,1.0,0.0,132.5,42.4,189.0,66.0,6.9,42.3,24.25,115.5,162.4,43.8,0
66.0,1,0,0,0,1,45.3,127.3,0.0,1.0,1.0,0.0,114.4,57.4,230.0,46.0,5.5,61.5,11.09,109.7,159.5,43.1,0
51.0,1,0,0,0,1,24.6,90.7,0.0,1.0,1.0,0.0,129.7,79.6,199.0,48.0,5.4,99.4,5.84,62.1,159.4,24.4,0
67.0,1,0,0,0,1,35.2,111.7,0.0,1.0,1.0,0.0,122.3,63.9,173.0,69.0,5.4,71.9,47.65,85.2,157.6,34.3,0
51.0,1,0,0,0,1,31.0,96.5,0.0,1.0,1.0,0.0,124.5,75.9,200.0,73.0,5.5,111.4,9.05,68.0,152.3,29.3,0
46.0,1,0,0,0,1,44.7,123.5,0.0,1.0,1.0,0.0,109.5,70.1,165.0,105.0,5.1,109.5,9.58,104.9,158.5,41.8,0
72.0,1,0,0,0,1,30.6,103.7,0.0,1.0,1.0,0.0,116.0,69.0,165.0,47.0,5.9,69.7,7.2,76.4,162.5,28.9,0
44.0,1,0,0,0,1,26.4,89.3,0.0,1.0,1.0,0.0,106.9,69.5,165.0,46.0,5.7,80.9,35.5,64.1,155.6,26.5,0
66.0,1,0,0,0,1,26.4,90.0,0.0,1.0,1.0,0.0,123.3,64.5,207.0,79.0,6.0,64.4,10.52,64.3,160.5,25.0,0
69.0,1,0,0,0,1,33.2,111.1,0.0,1.0,1.0,0.0,122.9,79.6,205.0,47.0,5.5,86.8,2.77,98.7,172.9,33.0,0
62.0,1,0,0,0,1,36.7,119.5,0.0,1.0,1.0,0.0,140.5,84.8,227.0,71.0,5.7,75.6,3.2,75.2,146.9,34.8,0
70.0,1,0,0,0,1,20.8,86.7,0.0,1.0,1.0,0.0,132.8,83.6,166.0,41.0,5.3,61.6,2.04,71.1,188.1,20.1,0
72.0,1,0,0,0,1,27.3,94.4,0.0,1.0,1.0,0.0,152.4,85.7,203.0,112.0,6.2,58.3,9.7,65.8,158.3,26.3,0
36.0,1,0,0,0,1,28.6,93.5,0.0,1.0,1.0,0.0,90.4,56.2,178.0,71.0,5.5,55.1,10.87,68.5,156.2,28.1,0
61.0,1,0,0,0,1,25.2,81.5,0.0,1.0,1.0,0.0,118.0,73.1,142.0,35.0,5.5,77.5,3.71,49.8,153.8,21.1,0
53.0,1,0,0,0,1,28.6,100.7,0.0,1.0,1.0,0.0,124.4,79.9,179.0,41.0,6.8,84.7,0.3,66.6,153.0,28.4,0
64.0,1,0,0,0,1,32.0,108.3,0.0,1.0,1.0,0.0,117.5,71.6,220.0,43.0,5.4,57.6,309.27,93.2,173.6,30.9,0
34.0,1,0,0,0,1,23.5,81.6,0.0,1.0,1.0,0.0,102.6,75.9,153.0,69.0,5.5,76.6,28.14,65.6,165.4,24.0,0
65.0,1,0,0,0,1,19.7,75.8,0.0,1.0,1.0,0.0,111.0,62.8,213.0,103.0,5.7,59.1,23.88,50.9,156.9,20.7,0
61.0,1,0,0,0,1,21.5,81.4,0.0,1.0,1.0,0.0,107.5,69.2,242.0,70.0,5.9,64.4,6.07,48.6,152.3,20.9,0
73.0,1,0,0,0,1,29.4,108.3,0.0,1.0,1.0,0.0,125.2,67.3,216.0,51.0,5.5,120.0,8.29,81.3,168.5,28.7,0
75.0,1,0,0,0,1,44.5,118.1,0.0,1.0,1.0,0.0,115.6,66.7,252.0,44.0,5.6,88.7,12.12,99.6,153.4,42.3,0
70.0,1,0,0,0,1,25.7,84.2,0.0,1.0,1.0,0.0,106.0,63.5,234.0,52.0,6.7,73.5,5.07,57.1,151.1,25.0,0
56.0,1,0,0,0,1,21.5,84.3,0.0,1.0,1.0,0.0,113.5,77.5,193.0,36.0,6.0,96.5,2.91,39.2,155.6,16.2,0
44.0,1,0,0,0,1,22.1,81.0,0.0,1.0,1.0,0.0,129.3,78.1,194.0,65.0,5.2,103.1,21.77,56.9,159.3,22.4,0
48.0,1,0,0,0,1,22.2,78.5,0.0,1.0,1.0,0.0,106.0,75.6,238.0,47.0,5.3,116.6,5.55,60.9,155.5,25.2,0
53.0,1,0,0,0,1,41.3,125.6,0.0,1.0,1.0,0.0,130.2,77.7,205.0,46.0,7.1,102.6,11.88,100.0,157.1,40.5,0
65.0,1,0,0,0,1,26.4,91.9,0.0,1.0,1.0,0.0,107.6,64.2,185.0,60.0,5.6,59.5,25.65,66.3,162.1,25.2,0
69.0,1,0,0,0,1,28.9,104.8,0.0,1.0,1.0,0.0,106.6,63.7,217.0,42.0,6.5,75.2,3.18,70.8,159.4,27.9,0
70.0,1,0,0,0,1,26.0,86.4,0.0,1.0,1.0,0.0,127.4,78.2,213.0,55.0,4.9,85.9,5.61,67.1,165.2,24.6,0
50.0,1,0,0,0,1,25.3,82.0,0.0,1.0,1.0,0.0,113.1,75.5,206.0,34.0,5.7,96.8,12.83,56.5,152.7,24.2,0
60.0,1,0,0,0,1,37.6,123.4,0.0,1.0,1.0,0.0,142.7,84.3,230.0,36.0,6.3,105.4,6.01,106.6,168.8,37.4,0
57.0,1,0,0,0,1,35.1,113.0,0.0,1.0,1.0,0.0,126.0,78.6,145.0,45.0,5.1,93.5,6.19,69.3,156.4,28.3,0
64.0,1,0,0,0,1,30.1,106.5,0.0,1.0,1.0,0.0,109.4,46.0,183.0,76.0,5.7,68.0,5.37,83.1,172.3,28.0,0
61.0,1,0,0,0,1,31.4,103.2,0.0,1.0,1.0,0.0,133.4,69.8,206.0,97.0,5.5,23.4,4.37,65.9,147.6,30.3,0
56.0,1,0,0,0,1,31.7,104.5,0.0,1.0,1.0,0.0,108.8,69.2,184.0,53.0,5.7,74.8,7.67,87.6,170.8,30.0,0
50.0,1,0,0,0,1,38.3,111.4,0.0,1.0,1.0,0.0,112.5,68.4,236.0,67.0,6.3,105.6,40.87,93.3,159.4,36.7,0
52.0,1,0,0,0,1,31.4,103.8,0.0,1.0,1.0,0.0,125.3,84.5,241.0,65.0,6.0,98.7,3.47,109.9,185.9,31.8,0
28.0,1,0,0,0,1,26.2,92.7,0.0,1.0,1.0,0.0,127.8,82.2,241.0,86.0,5.6,100.4,9.56,58.9,149.4,26.4,0
72.0,1,0,0,0,1,26.0,71.0,0.0,1.0,1.0,0.0,132.3,82.0,169.0,91.0,5.6,106.6,35.45,63.5,158.8,25.2,0
79.0,1,0,0,0,1,28.8,99.3,0.0,1.0,1.0,0.0,95.8,64.1,196.0,89.0,6.0,69.6,2.93,65.0,154.5,27.2,0
56.0,1,0,0,0,1,27.8,89.5,0.0,1.0,1.0,0.0,106.9,71.2,196.0,40.0,5.0,73.2,3.01,48.1,144.6,23.0,0
65.0,1,0,0,0,1,31.2,92.7,0.0,1.0,1.0,0.0,135.7,89.2,164.0,38.0,7.7,75.5,41.34,64.6,159.2,25.5,0
58.0,1,0,0,0,1,28.5,93.4,0.0,1.0,1.0,0.0,102.7,61.3,187.0,62.0,6.6,100.7,11.63,71.6,158.2,28.6,0
64.0,1,0,0,0,1,27.9,97.6,0.0,1.0,1.0,0.0,125.3,79.5,157.0,53.0,5.2,68.4,4.73,62.5,153.5,26.5,0
70.0,1,0,0,0,1,21.2,81.4,0.0,1.0,1.0,0.0,125.8,81.9,203.0,61.0,6.3,81.3,7.07,45.9,149.9,20.4,0
62.0,1,0,0,0,1,27.6,85.9,0.0,1.0,1.0,0.0,152.1,91.3,192.0,54.0,8.4,111.3,10.57,65.4,157.5,26.4,0
74.0,1,0,0,0,1,22.0,88.6,0.0,1.0,1.0,0.0,147.1,60.6,203.0,92.0,5.5,56.5,10.58,62.4,169.7,21.7,0
70.0,1,0,0,0,1,24.1,91.3,0.0,1.0,1.0,0.0,107.1,50.8,169.0,60.0,5.1,78.1,12.18,66.2,163.0,24.9,0
77.0,1,0,0,0,1,30.0,97.7,0.0,1.0,1.0,0.0,119.5,62.9,194.0,59.0,4.8,81.6,44.18,66.8,152.6,28.7,0
69.0,1,0,0,0,1,24.6,91.2,0.0,1.0,1.0,0.0,151.1,88.9,228.0,86.0,4.5,50.5,234.64,63.6,160.0,24.8,0
60.0,1,0,0,0,1,24.9,93.2,0.0,1.0,1.0,0.0,117.6,58.5,241.0,91.0,5.0,81.2,9.84,78.4,180.1,24.2,0
37.0,1,0,0,0,1,52.5,130.5,0.0,1.0,1.0,0.0,121.7,70.1,175.0,73.0,5.3,102.9,0.5,128.9,158.6,51.2,0
72.0,1,0,0,0,1,32.3,108.5,0.0,1.0,1.0,0.0,117.9,72.3,217.0,74.0,5.8,100.9,6.52,74.1,155.7,30.6,0
32.0,1,0,0,0,1,44.1,125.3,0.0,1.0,1.0,0.0,107.1,86.0,175.0,50.0,6.0,73.4,7.32,91.3,154.0,38.5,0
53.0,1,0,0,0,1,33.1,102.2,0.0,1.0,1.0,0.0,125.8,73.7,188.0,65.0,5.5,73.9,45.84,73.8,153.9,31.2,0
35.0,1,0,0,0,1,38.2,114.7,0.0,1.0,1.0,0.0,105.9,73.7,170.0,38.0,5.8,121.3,40.78,85.4,158.6,33.9,0
67.0,1,0,0,0,1,36.0,105.8,0.0,1.0,1.0,0.0,112.3,76.2,203.0,63.0,6.0,72.1,3.05,93.5,162.7,35.3,0
48.0,1,0,0,0,1,28.6,97.8,0.0,1.0,1.0,0.0,130.4,80.0,145.0,32.0,5.8,104.5,1.28,64.3,151.9,27.8,0
75.0,1,0,0,0,1,24.1,89.4,0.0,1.0,1.0,0.0,138.4,64.1,228.0,75.0,5.1,75.2,13.37,58.9,157.1,23.9,0
35.0,1,0,0,0,1,27.6,97.0,0.0,1.0,1.0,0.0,110.7,85.6,177.0,63.0,4.9,94.2,12.4,73.0,169.1,25.5,0
49.0,1,0,0,0,1,49.2,145.5,0.0,1.0,1.0,0.0,116.0,76.4,225.0,51.0,6.1,99.8,275.77,113.5,160.5,44.0,0
53.0,1,0,0,0,1,38.3,107.4,0.0,1.0,1.0,0.0,131.6,68.3,117.0,95.0,5.8,105.2,160.07,97.2,164.7,35.8,0
47.0,1,0,0,0,1,26.6,96.9,0.0,1.0,1.0,0.0,126.6,81.5,164.0,60.0,5.2,95.1,4.16,57.9,152.1,25.0,0
70.0,1,0,0,0,1,36.8,130.5,0.0,1.0,1.0,0.0,135.9,47.0,221.0,40.0,9.1,47.7,9.91,99.9,171.3,34.0,0
68.0,1,0,0,0,1,39.0,121.6,0.0,1.0,1.0,0.0,132.1,75.7,155.0,82.0,5.7,79.3,1.79,96.0,162.6,36.3,0
56.0,1,0,0,0,1,38.5,103.2,0.0,1.0,1.0,0.0,134.4,73.2,156.0,43.0,5.3,107.6,12.08,96.9,162.3,36.8,0
50.0,1,0,0,0,1,34.2,104.3,0.0,1.0,1.0,0.0,124.6,76.3,183.0,60.0,5.8,77.1,32.18,77.4,154.5,32.4,0
74.0,1,0,0,0,1,28.2,97.3,0.0,1.0,1.0,0.0,120.4,78.6,196.0,76.0,5.6,70.1,1.73,73.1,167.8,26.0,0
51.0,1,0,0,0,1,37.3,123.1,0.0,1.0,1.0,0.0,128.8,70.0,208.0,77.0,6.1,92.9,1.45,97.3,162.3,36.9,0
75.0,1,0,0,0,1,25.2,90.4,0.0,1.0,1.0,0.0,121.6,63.1,181.0,54.0,5.8,94.4,7.44,58.1,154.3,24.4,0
63.0,1,0,0,0,1,37.4,105.9,0.0,1.0,1.0,0.0,135.2,75.4,188.0,38.0,5.3,106.8,7.9,100.3,168.1,35.5,0
66.0,1,0,0,0,1,33.5,102.4,0.0,1.0,1.0,0.0,104.8,73.1,200.0,47.0,5.9,106.2,9.36,81.8,159.6,32.1,0
73.0,1,0,0,0,1,25.9,70.2,0.0,1.0,1.0,0.0,106.7,62.5,221.0,71.0,5.6,53.8,12.68,60.0,152.5,25.8,0
46.0,1,0,0,0,1,20.9,80.3,0.0,1.0,1.0,0.0,132.0,82.6,227.0,62.0,5.5,107.5,10.71,52.9,158.4,21.1,0
30.0,1,0,0,0,1,37.2,115.8,0.0,1.0,1.0,0.0,101.7,72.9,185.0,47.0,5.4,71.8,7.53,99.4,169.5,34.6,0
73.0,1,0,0,0,1,27.0,99.1,0.0,1.0,1.0,0.0,113.7,78.0,181.0,56.0,5.7,95.4,6.78,51.2,143.9,24.7,0
75.0,1,0,0,0,1,27.2,99.1,0.0,1.0,1.0,0.0,109.4,65.9,161.0,82.0,5.8,71.4,0.3,63.9,158.7,25.4,0
68.0,1,0,0,0,1,25.7,93.8,0.0,1.0,1.0,0.0,126.5,75.8,243.0,38.0,5.8,99.9,5.5,58.2,153.7,24.6,0
65.0,1,0,0,0,1,36.3,115.8,0.0,1.0,1.0,0.0,110.7,76.2,199.0,73.0,6.1,105.1,45.01,81.1,151.6,35.3,0
58.0,1,0,0,0,1,29.4,105.4,0.0,1.0,1.0,0.0,132.0,81.8,172.0,59.0,5.9,75.3,8.35,85.1,168.7,29.9,0
50.0,1,0,0,0,1,36.7,107.2,0.0,1.0,1.0,0.0,122.5,70.4,243.0,41.0,5.3,67.7,32.91,92.5,158.7,36.7,0
74.0,1,0,0,0,1,27.6,96.2,0.0,1.0,1.0,0.0,129.4,59.0,112.0,106.0,5.5,43.4,10.9,74.2,165.0,27.2,0
70.0,1,0,0,0,1,25.2,93.6,0.0,1.0,1.0,0.0,128.8,75.2,193.0,41.0,6.5,81.0,9.73,65.3,162.8,24.6,0
75.0,1,0,0,0,1,29.5,95.4,0.0,1.0,1.0,0.0,125.5,82.4,195.0,79.0,5.7,63.1,43.77,78.6,167.8,27.9,0
38.0,1,0,0,0,1,27.5,92.2,0.0,1.0,1.0,0.0,121.6,77.6,189.0,63.0,5.7,88.9,10.36,71.5,161.5,27.4,0
79.0,1,0,0,0,1,21.2,86.4,0.0,1.0,1.0,0.0,123.0,73.7,188.0,57.0,9.9,75.5,2.55,51.2,158.1,20.5,0
74.0,1,0,0,0,1,22.5,88.5,0.0,1.0,1.0,0.0,112.5,67.5,184.0,67.0,6.0,110.6,64.75,55.9,172.0,18.9,0
51.0,1,0,0,0,1,33.6,102.0,0.0,1.0,1.0,0.0,115.9,61.8,178.0,34.0,4.8,118.2,11.29,85.8,158.7,34.0,0
71.0,1,0,0,0,1,28.1,92.7,0.0,1.0,1.0,0.0,130.7,82.7,201.0,40.0,6.0,72.5,5.52,64.6,151.6,28.1,0
34.0,1,0,0,0,1,26.2,81.8,0.0,1.0,1.0,0.0,126.0,82.2,137.0,87.0,5.5,123.5,29.23,66.9,159.8,26.2,0
61.0,1,0,0,0,1,33.5,111.1,0.0,1.0,1.0,0.0,106.1,73.5,196.0,56.0,5.9,102.4,8.13,77.0,153.0,32.9,0
58.0,1,0,0,0,1,22.2,76.0,0.0,1.0,1.0,0.0,124.7,81.0,209.0,76.0,5.3,97.3,0.58,50.0,152.7,21.5,0
75.0,1,0,0,0,1,33.2,108.7,0.0,1.0,1.0,0.0,144.7,103.6,230.0,59.0,5.6,83.1,7.95,75.8,151.2,33.2,0
72.0,1,0,0,0,1,28.5,95.6,0.0,1.0,1.0,0.0,129.2,85.9,226.0,67.0,5.7,94.2,10.72,59.7,151.3,26.1,0
45.0,1,0,0,0,1,35.6,113.0,0.0,1.0,1.0,0.0,111.5,75.5,212.0,40.0,5.6,108.6,4.9,117.1,180.0,36.1,0
64.0,1,0,0,0,1,35.5,105.7,0.0,1.0,1.0,0.0,132.4,79.1,153.0,35.0,5.3,118.8,0.3,82.8,155.8,34.1,0
72.0,1,0,0,0,1,28.7,96.2,0.0,1.0,1.0,0.0,124.5,81.8,221.0,107.0,5.9,64.6,9.38,58.8,146.6,27.4,0
62.0,1,0,0,0,1,32.1,98.8,0.0,1.0,1.0,0.0,120.9,83.4,225.0,35.0,5.8,95.2,4.16,61.3,158.0,24.5,0
54.0,1,0,0,0,1,26.3,101.0,0.0,1.0,1.0,0.0,118.9,76.5,167.0,56.0,5.5,96.5,3.52,68.5,172.9,22.9,0
71.0,1,0,0,0,1,25.4,92.1,0.0,1.0,1.0,0.0,125.6,70.7,197.0,42.0,5.9,56.2,7.46,61.3,158.3,24.5,0
29.0,1,0,0,0,1,39.9,116.6,0.0,1.0,1.0,0.0,128.5,77.8,239.0,42.0,6.0,68.1,38.82,80.4,141.8,40.0,0
60.0,1,0,0,0,1,22.2,79.1,0.0,1.0,1.0,0.0,107.9,76.6,142.0,84.0,5.4,118.4,4.67,58.4,160.3,22.7,0
28.0,1,0,0,0,1,24.6,79.1,0.0,1.0,1.0,0.0,118.9,73.3,123.0,73.0,4.9,66.3,11.73,69.7,168.4,24.6,0
52.0,1,0,0,0,1,37.5,116.8,0.0,1.0,1.0,0.0,132.6,73.3,195.0,38.0,6.5,97.2,15.9,80.6,153.7,34.1,0
66.0,1,0,0,0,1,29.1,89.2,0.0,1.0,1.0,0.0,119.3,81.1,298.0,42.0,5.8,99.4,50.04,74.5,168.8,26.2,0
76.0,1,0,0,0,1,37.6,122.1,0.0,1.0,1.0,0.0,99.2,52.1,157.0,87.0,6.1,81.8,11.58,95.1,165.2,34.8,0
62.0,1,0,0,0,1,33.2,109.5,0.0,1.0,1.0,0.0,121.9,68.7,161.0,69.0,6.4,73.4,35.74,82.3,162.3,31.3,0
45.0,1,0,0,0,1,25.1,79.7,0.0,1.0,1.0,0.0,123.6,79.3,178.0,77.0,6.4,48.3,9.92,52.6,152.9,22.5,0
57.0,1,0,0,0,1,27.5,98.1,0.0,1.0,1.0,0.0,118.8,75.3,217.0,43.0,5.4,103.6,4.45,83.4,172.6,28.0,0
65.0,1,0,0,0,1,24.6,93.1,0.0,1.0,1.0,0.0,104.1,73.5,131.0,38.0,5.1,101.0,4.37,82.4,186.7,23.6,0
64.0,1,0,0,0,1,24.7,89.4,0.0,1.0,1.0,0.0,123.3,71.5,195.0,71.0,5.4,73.0,6.65,61.2,158.0,24.5,0
37.0,1,0,0,0,1,30.9,101.8,0.0,1.0,1.0,0.0,120.4,81.2,203.0,64.0,5.5,66.7,6.19,73.5,155.0,30.6,0
64.0,1,0,0,0,1,35.7,116.6,0.0,1.0,1.0,0.0,135.2,89.0,212.0,51.0,5.9,68.4,7.96,78.1,151.7,33.9,0
39.0,1,0,0,0,1,27.6,91.9,0.0,1.0,1.0,0.0,109.0,76.6,200.0,50.0,5.5,101.1,13.51,40.0,162.7,15.1,0
60.0,1,0,0,0,1,42.8,112.8,0.0,1.0,1.0,0.0,106.9,78.4,206.0,82.0,5.3,103.6,9.88,109.0,159.3,43.0,0
74.0,1,0,0,0,1,19.7,80.1,0.0,1.0,1.0,0.0,123.8,77.6,197.0,109.0,5.6,66.2,6.38,46.0,157.8,18.5,0
47.0,1,0,0,0,1,31.0,103.0,0.0,1.0,1.0,0.0,120.6,73.6,162.0,75.0,5.9,79.4,5.41,70.8,156.2,29.0,0
44.0,1,0,0,0,1,41.3,115.9,0.0,1.0,1.0,0.0,124.7,76.8,135.0,48.0,5.9,64.0,27.74,112.6,167.0,40.4,0
42.0,1,0,0,0,1,28.3,96.6,0.0,1.0,1.0,0.0,123.8,80.1,199.0,36.0,9.5,76.6,40.02,52.8,152.9,22.6,0
61.0,1,0,0,0,1,25.3,92.5,0.0,1.0,1.0,0.0,137.9,67.9,235.0,86.0,5.2,58.5,4.07,61.7,157.4,24.9,0
68.0,1,0,0,0,1,26.6,87.4,0.0,1.0,1.0,0.0,130.4,68.0,235.0,94.0,4.9,84.8,6.87,62.1,155.9,25.5,0
57.0,1,0,0,0,1,27.1,86.9,0.0,1.0,1.0,0.0,105.3,71.8,204.0,66.0,5.5,100.8,6.76,67.4,159.3,26.6,0
75.0,1,0,0,0,1,24.0,93.4,0.0,1.0,1.0,0.0,124.9,80.8,159.0,84.0,5.4,98.6,35.11,58.6,159.9,22.9,0
65.0,1,0,0,0,1,32.8,108.4,0.0,1.0,1.0,0.0,99.1,69.6,174.0,35.0,5.3,111.8,34.34,89.3,169.2,31.2,0
57.0,1,0,0,0,1,26.9,87.4,0.0,1.0,1.0,0.0,125.9,60.1,213.0,35.0,6.3,80.1,7.74,57.8,147.6,26.5,0
67.0,1,0,0,0,1,26.2,84.5,0.0,1.0,1.0,0.0,127.4,66.4,174.0,132.0,5.5,59.2,28.35,55.8,148.5,25.3,0
34.0,1,0,0,0,1,28.7,97.2,0.0,1.0,1.0,0.0,121.4,74.7,191.0,58.0,5.7,92.6,6.7,66.2,152.6,28.4,0
78.0,1,0,0,0,1,24.4,74.7,0.0,1.0,1.0,0.0,156.7,89.6,120.0,79.0,4.9,60.8,10.47,74.2,176.8,23.7,0
71.0,1,0,0,0,1,41.7,123.0,0.0,1.0,1.0,0.0,101.0,74.0,200.0,49.0,9.5,58.3,34.31,101.6,158.2,40.6,0
71.0,1,0,0,0,1,32.1,110.2,0.0,1.0,1.0,0.0,96.8,71.8,264.0,93.0,7.5,68.2,18.95,83.3,167.2,29.8,0
59.0,1,0,0,0,1,31.1,93.4,0.0,1.0,1.0,0.0,110.8,65.3,140.0,50.0,6.7,105.4,7.19,72.0,154.7,30.1,0
50.0,1,0,0,0,1,50.7,137.5,0.0,1.0,1.0,0.0,120.6,69.8,200.0,31.0,7.9,68.0,10.07,118.3,157.7,47.6,0
31.0,1,0,0,0,1,21.5,79.3,0.0,1.0,1.0,0.0,101.1,61.0,215.0,44.0,5.4,103.9,9.99,54.1,165.5,19.7,0
73.0,1,0,0,0,1,37.2,119.1,0.0,1.0,1.0,0.0,99.7,61.3,191.0,39.0,6.1,67.2,10.28,84.8,156.6,34.6,0
73.0,1,0,0,0,1,38.9,119.2,0.0,1.0,1.0,0.0,141.4,80.4,153.0,56.0,5.9,67.8,2.37,99.7,162.8,37.6,0
54.0,1,0,0,0,1,32.5,110.1,0.0,1.0,1.0,0.0,122.7,66.2,168.0,73.0,5.9,66.5,8.62,72.3,151.7,31.4,0
52.0,1,0,0,0,1,35.3,116.9,0.0,1.0,1.0,0.0,95.6,70.4,218.0,35.0,5.8,72.8,16.5,91.2,162.9,34.4,0
58.0,1,0,0,0,1,22.6,81.4,0.0,1.0,1.0,0.0,117.4,72.0,180.0,112.0,5.9,101.4,10.96,50.2,151.5,21.9,0
37.0,1,0,0,0,1,27.4,91.1,0.0,1.0,1.0,0.0,91.3,62.8,157.0,54.0,4.8,80.9,5.39,64.7,153.8,27.3,0
63.0,1,0,0,0,1,39.0,121.3,0.0,1.0,1.0,0.0,124.9,83.1,155.0,42.0,6.0,95.0,1.19,93.5,158.8,37.1,0
71.0,1,0,0,0,1,32.0,98.2,0.0,1.0,1.0,0.0,112.7,79.1,208.0,104.0,5.3,70.8,8.05,70.7,153.2,30.1,0
37.0,1,0,0,0,1,46.6,139.6,0.0,1.0,1.0,0.0,107.1,68.3,194.0,41.0,5.5,99.0,26.15,110.7,158.6,44.0,0
65.0,1,0,0,0,1,34.4,114.2,0.0,1.0,1.0,0.0,130.6,80.4,111.0,42.0,6.1,93.8,10.08,84.4,162.2,32.1,0
71.0,1,0,0,0,1,28.1,88.8,0.0,1.0,1.0,0.0,111.0,72.4,185.0,82.0,5.8,40.4,1.9,52.8,152.6,22.7,0
69.0,1,0,0,0,1,37.8,108.9,0.0,1.0,1.0,0.0,140.0,80.5,242.0,77.0,6.2,100.4,11.17,87.1,152.6,37.4,0
74.0,1,0,0,0,1,30.6,102.3,0.0,1.0,1.0,0.0,115.5,70.2,240.0,55.0,5.6,95.3,1.94,105.9,189.0,29.6,0
63.0,1,0,0,0,1,56.4,148.6,0.0,1.0,1.0,0.0,136.7,86.1,185.0,42.0,6.0,67.9,13.53,149.5,169.6,52.0,0
52.0,1,0,0,0,1,26.7,96.4,0.0,1.0,1.0,0.0,130.3,82.0,210.0,45.0,5.3,68.6,10.66,65.6,156.6,26.7,0
47.0,1,0,0,0,1,32.3,99.4,0.0,1.0,1.0,0.0,125.6,77.5,211.0,72.0,6.4,80.4,12.98,74.9,156.4,30.6,0
53.0,1,0,0,0,1,22.4,89.1,0.0,1.0,1.0,0.0,123.6,82.4,206.0,48.0,5.4,50.0,38.99,53.6,156.9,21.8,0
68.0,1,0,0,0,1,34.3,105.7,0.0,1.0,1.0,0.0,126.4,79.7,188.0,49.0,10.6,61.5,31.42,78.6,154.1,33.1,0
79.0,1,0,0,0,1,33.9,110.0,0.0,1.0,1.0,0.0,131.7,80.1,198.0,43.0,5.6,100.2,2.19,103.3,178.7,32.3,0
77.0,1,0,0,0,1,25.8,91.1,0.0,1.0,1.0,0.0,122.7,77.1,165.0,63.0,5.1,40.1,0.3,59.7,158.2,23.8,0
48.0,1,0,0,0,1,32.6,98.9,0.0,1.0,1.0,0.0,126.3,78.1,171.0,82.0,6.5,94.8,0.9,59.3,137.0,31.6,0
68.0,0,1,0,0,1,36.0,116.2,0.0,1.0,1.0,0.0,135.1,85.4,188.0,50.0,5.8,69.4,748.91,101.5,171.0,34.7,0
54.0,0,1,0,0,1,31.4,110.2,0.0,1.0,1.0,0.0,110.6,78.9,199.0,49.0,6.6,95.1,5.12,97.4,175.1,31.8,0
40.0,0,1,0,0,1,36.2,106.9,0.0,1.0,1.0,0.0,143.6,88.0,187.0,54.0,5.4,131.1,5.47,82.8,157.1,33.6,0
67.0,0,1,0,0,1,33.9,112.8,0.0,1.0,1.0,0.0,141.6,86.7,199.0,48.0,6.0,84.0,12.48,97.7,172.0,33.0,0
53.0,0,1,0,0,1,33.3,110.0,0.0,1.0,1.0,0.0,110.7,76.1,207.0,36.0,6.2,66.6,27.37,82.6,158.0,33.1,0
71.0,0,1,0,0,1,23.9,93.9,0.0,1.0,1.0,0.0,135.6,84.5,154.0,45.0,6.1,56.4,0.3,75.2,185.6,21.8,0
73.0,0,1,0,0,1,28.2,114.7,0.0,1.0,1.0,0.0,112.9,69.3,186.0,46.0,5.7,67.0,25.87,78.5,168.3,27.7,0
69.0,0,1,0,0,1,28.3,104.4,0.0,1.0,1.0,0.0,149.7,84.2,162.0,78.0,5.4,80.8,3.11,82.4,174.5,27.1,0
72.0,0,1,0,0,1,28.5,107.6,0.0,1.0,1.0,0.0,103.7,74.9,161.0,45.0,4.8,64.7,11.51,76.6,169.3,26.7,0
52.0,0,1,0,0,1,35.0,112.8,0.0,1.0,1.0,0.0,119.0,73.5,170.0,55.0,5.9,95.9,0.62,76.8,149.5,34.4,0
45.0,0,1,0,0,1,40.2,122.3,0.0,1.0,1.0,0.0,134.3,85.0,171.0,42.0,7.5,98.6,19.08,122.5,187.7,34.8,0
68.0,0,1,0,0,1,26.6,103.3,0.0,1.0,1.0,0.0,109.0,76.6,164.0,36.0,5.8,114.6,6.59,90.1,183.1,26.9,0
52.0,0,1,0,0,1,37.3,121.2,0.0,1.0,1.0,0.0,138.8,80.9,232.0,46.0,5.7,57.9,1.24,123.5,189.3,34.5,0
77.0,0,1,0,0,1,46.4,137.6,0.0,1.0,1.0,0.0,156.4,88.4,148.0,48.0,5.7,65.6,3.64,109.9,167.6,39.1,0
51.0,0,1,0,0,1,26.0,87.7,0.0,1.0,1.0,0.0,95.0,64.9,121.0,41.0,5.5,87.4,23.22,77.3,173.6,25.6,0
41.0,0,1,0,0,1,47.1,127.5,0.0,1.0,1.0,0.0,161.2,105.1,186.0,45.0,6.8,86.2,12.22,110.3,157.0,44.7,0
79.0,0,1,0,0,1,36.1,123.5,0.0,1.0,1.0,0.0,112.9,74.7,166.0,48.0,5.8,70.8,28.0,117.8,183.2,35.1,0
71.0,0,1,0,0,1,29.9,106.3,0.0,1.0,1.0,0.0,134.8,81.5,227.0,36.0,5.5,74.4,4.2,84.6,181.7,25.6,0
63.0,0,1,0,0,1,25.5,89.4,0.0,1.0,1.0,0.0,123.9,66.7,154.0,67.0,5.9,78.6,9.0,68.5,167.5,24.4,0
66.0,0,1,0,0,1,39.8,125.2,0.0,1.0,1.0,0.0,133.5,72.5,193.0,54.0,5.5,86.0,14.97,135.1,184.5,39.7,0
74.0,0,1,0,0,1,34.7,114.8,0.0,1.0,1.0,0.0,132.2,85.9,191.0,61.0,5.2,65.3,10.35,79.6,157.1,32.2,0
70.0,0,1,0,0,1,26.6,97.4,0.0,1.0,1.0,0.0,140.1,79.1,211.0,76.0,5.2,73.0,31.31,77.9,174.3,25.6,0
72.0,0,1,0,0,1,33.0,114.5,0.0,1.0,1.0,0.0,129.5,75.6,132.0,35.0,5.6,89.1,7.08,75.4,154.9,31.4,0
50.0,0,1,0,0,1,34.6,112.8,0.0,1.0,1.0,0.0,126.8,84.0,186.0,44.0,8.1,92.5,4.48,93.6,162.2,35.6,0
67.0,0,1,0,0,1,35.9,122.5,0.0,1.0,1.0,0.0,133.2,85.4,158.0,41.0,5.4,74.3,28.5,113.1,180.7,34.6,0
70.0,0,1,0,0,1,30.8,114.4,0.0,1.0,1.0,0.0,112.3,59.9,167.0,34.0,5.9,103.7,4.53,97.5,183.8,28.9,0
55.0,0,1,0,0,1,30.6,103.7,0.0,1.0,1.0,0.0,132.1,80.5,170.0,39.0,5.3,100.7,0.3,105.5,184.4,31.0,0
74.0,0,1,0,0,1,37.0,120.5,0.0,1.0,1.0,0.0,142.1,73.1,220.0,48.0,6.1,45.4,9.64,106.3,174.6,34.9,0
45.0,0,1,0,0,1,25.8,100.4,0.0,1.0,1.0,0.0,137.4,75.6,172.0,32.0,5.1,107.0,4.5,71.4,174.7,23.4,0
69.0,0,1,0,0,1,33.1,120.1,0.0,1.0,1.0,0.0,154.4,90.4,125.0,37.0,6.1,99.0,7.52,100.1,172.6,33.6,0
39.0,0,1,0,0,1,36.2,107.1,0.0,1.0,1.0,0.0,113.6,75.8,210.0,39.0,5.7,109.6,3.64,131.3,191.4,35.8,0
49.0,0,1,0,0,1,36.6,116.3,0.0,1.0,1.0,0.0,106.4,68.4,220.0,47.0,5.9,108.2,7.22,83.2,153.8,35.2,0
71.0,0,1,0,0,1,37.2,119.5,0.0,1.0,1.0,0.0,121.4,73.9,201.0,39.0,5.1,84.3,0.3,108.8,171.9,36.8,0
74.0,0,1,0,0,1,29.2,101.3,0.0,1.0,1.0,0.0,141.5,86.5,169.0,56.0,5.9,48.5,2.57,81.7,174.7,26.8,0
63.0,0,1,0,0,1,27.1,96.3,0.0,1.0,1.0,0.0,128.3,74.7,182.0,66.0,5.5,83.7,3.27,67.3,170.4,23.2,0
28.0,0,1,0,0,1,36.3,105.4,0.0,1.0,1.0,0.0,115.9,82.1,196.0,36.0,5.0,103.1,5.34,106.8,180.3,32.8,0
71.0,0,1,0,0,1,28.8,102.5,0.0,1.0,1.0,0.0,144.7,89.2,121.0,36.0,8.2,112.1,26.36,103.8,188.1,29.3,0
70.0,0,1,0,0,1,27.6,94.4,0.0,1.0,1.0,0.0,136.0,84.4,211.0,49.0,5.8,63.6,13.08,83.7,175.6,27.1,0
73.0,0,1,0,0,1,29.2,98.8,0.0,1.0,1.0,0.0,132.0,81.4,201.0,40.0,5.6,43.7,10.01,95.6,183.7,28.3,0
69.0,0,1,0,0,1,37.3,122.4,0.0,1.0,1.0,0.0,137.6,83.1,230.0,34.0,6.0,79.4,5.94,133.4,190.6,36.7,0
60.0,0,1,0,0,1,38.6,121.0,0.0,1.0,1.0,0.0,102.0,74.3,205.0,38.0,7.1,84.9,2.45,82.8,152.1,35.8,0
42.0,0,1,0,0,1,38.1,121.1,0.0,1.0,1.0,0.0,112.4,74.9,221.0,34.0,5.3,102.5,3.07,78.7,148.2,35.8,0
70.0,0,1,0,0,1,34.5,111.3,0.0,1.0,1.0,0.0,131.8,82.3,137.0,78.0,5.3,62.7,3.12,117.4,187.3,33.5,0
70.0,0,1,0,0,1,33.1,111.9,0.0,1.0,1.0,0.0,104.8,73.3,119.0,44.0,6.3,95.7,10.89,113.8,191.5,31.0,0
60.0,0,1,0,0,1,35.9,117.5,0.0,1.0,1.0,0.0,133.0,86.2,198.0,32.0,7.9,61.7,2.25,120.8,183.1,36.0,0
44.0,0,1,0,0,1,31.4,109.9,0.0,1.0,1.0,0.0,126.5,82.0,136.0,33.0,5.7,50.9,9.68,105.7,187.0,30.2,0
65.0,0,1,0,0,1,34.8,112.0,0.0,1.0,1.0,0.0,131.9,66.5,220.0,41.0,5.9,81.9,628.54,95.7,168.5,33.7,0
38.0,0,1,0,0,1,22.6,91.1,0.0,1.0,1.0,0.0,107.3,68.4,189.0,67.0,5.9,97.8,5.0,77.6,186.3,22.4,0
35.0,0,1,0,0,1,32.0,107.4,0.0,1.0,1.0,0.0,133.6,64.6,178.0,43.0,5.5,81.0,25.47,95.9,174.5,31.5,0
71.0,0,1,0,0,1,40.7,126.8,0.0,1.0,1.0,0.0,120.8,63.0,166.0,47.0,5.0,74.4,113.88,142.2,192.4,38.4,0
63.0,0,1,0,0,1,25.5,100.4,0.0,1.0,1.0,0.0,131.2,77.7,108.0,41.0,5.8,83.7,5.66,83.8,184.3,24.7,0
73.0,0,1,0,0,1,26.0,92.3,0.0,1.0,1.0,0.0,124.5,75.9,153.0,46.0,5.2,78.7,38.98,84.1,182.6,25.2,0
59.0,0,1,0,0,1,23.9,88.8,0.0,1.0,1.0,0.0,126.6,57.2,233.0,37.0,5.7,86.6,9.55,55.1,151.7,23.9,0
32.0,0,1,0,0,1,38.4,121.9,0.0,1.0,1.0,0.0,109.5,83.1,140.0,51.0,5.0,91.5,5.77,95.0,154.2,40.0,0
69.0,0,1,0,0,1,20.4,80.5,0.0,1.0,1.0,0.0,127.5,83.8,208.0,61.0,5.4,103.3,6.98,59.1,168.4,20.8,0
49.0,0,1,0,0,1,34.2,108.5,0.0,1.0,1.0,0.0,133.9,88.9,174.0,55.0,6.3,88.1,6.53,90.8,162.6,34.3,0
30.0,0,1,0,0,1,27.9,102.0,0.0,1.0,1.0,0.0,151.3,91.9,175.0,39.0,5.2,101.5,3.96,100.8,186.8,28.9,0
64.0,0,1,0,0,1,30.1,106.2,0.0,1.0,1.0,0.0,132.5,83.7,223.0,60.0,6.2,71.5,194.94,99.9,181.4,30.3,0
53.0,0,1,0,0,1,28.5,103.7,0.0,1.0,1.0,0.0,139.0,81.4,212.0,43.0,5.2,66.8,4.8,85.8,177.1,27.4,0
55.0,0,1,0,0,1,33.3,113.5,0.0,1.0,1.0,0.0,145.9,102.4,203.0,35.0,6.0,92.7,102.07,102.2,179.8,31.6,0
64.0,0,1,0,0,1,20.3,83.3,0.0,1.0,1.0,0.0,155.1,88.5,219.0,43.0,6.0,56.3,9.42,45.3,150.9,19.9,0
69.0,0,1,0,0,1,31.9,109.5,0.0,1.0,1.0,0.0,138.9,82.2,210.0,50.0,5.7,96.3,8.95,110.3,183.2,32.9,0
38.0,0,1,0,0,1,32.5,114.3,0.0,1.0,1.0,0.0,111.3,77.2,238.0,49.0,5.4,66.6,9.67,91.8,172.6,30.8,0
33.0,0,1,0,0,1,34.3,107.4,0.0,1.0,1.0,0.0,116.8,82.3,172.0,33.0,5.4,104.3,11.61,90.4,159.6,35.5,0
71.0,0,1,0,0,1,21.1,88.3,0.0,1.0,1.0,0.0,120.2,70.5,210.0,52.0,6.2,73.2,5.84,51.0,156.6,20.8,0
32.0,0,1,0,0,1,38.4,124.3,0.0,1.0,1.0,0.0,121.5,76.4,192.0,39.0,5.3,96.8,10.03,115.9,190.1,32.1,0
74.0,0,1,0,0,1,23.4,84.1,0.0,1.0,1.0,0.0,113.5,68.7,121.0,53.0,5.4,56.2,11.67,64.5,168.1,22.8,0
63.0,0,1,0,0,1,34.4,97.8,0.0,1.0,1.0,0.0,115.5,77.7,178.0,43.0,6.7,102.1,5.73,88.5,157.9,35.5,0
64.0,0,1,0,0,1,25.7,102.8,0.0,1.0,1.0,0.0,136.3,68.6,151.0,36.0,7.1,106.8,1.17,78.7,176.2,25.3,0
63.0,0,1,0,0,1,28.4,100.3,0.0,1.0,1.0,0.0,136.5,86.3,152.0,63.0,5.7,78.0,4.3,70.9,167.4,25.3,0
43.0,0,1,0,0,1,31.7,107.1,0.0,1.0,1.0,0.0,126.6,84.0,162.0,45.0,6.0,98.0,4.05,103.9,185.0,30.4,0
68.0,0,1,0,0,1,34.0,114.2,0.0,1.0,1.0,0.0,119.4,69.4,184.0,44.0,5.5,69.6,47.03,111.1,183.8,32.9,0
70.0,0,1,0,0,1,27.3,100.8,0.0,1.0,1.0,0.0,124.6,88.3,122.0,34.0,7.1,68.1,1.9,90.8,182.6,27.2,0
62.0,0,1,0,0,1,42.7,116.3,0.0,1.0,1.0,0.0,109.8,62.1,191.0,55.0,6.2,94.9,13.88,97.5,151.8,42.3,0
65.0,0,1,0,0,1,37.8,123.1,0.0,1.0,1.0,0.0,102.0,70.7,167.0,41.0,8.5,96.5,4.86,108.7,170.7,37.3,0
72.0,0,1,0,0,1,28.6,102.5,0.0,1.0,1.0,0.0,112.7,75.6,186.0,40.0,6.7,88.6,28.88,78.4,168.9,27.5,0
53.0,0,1,0,0,1,36.3,106.9,0.0,1.0,1.0,0.0,119.2,81.2,214.0,47.0,5.6,104.2,11.18,108.6,173.0,36.3,0
50.0,0,1,0,0,1,28.6,103.4,0.0,1.0,1.0,0.0,131.0,74.9,173.0,33.0,7.0,57.2,27.14,96.6,183.1,28.8,0
68.0,0,1,0,0,1,39.6,127.3,0.0,1.0,1.0,0.0,106.7,69.6,185.0,33.0,7.0,37.7,28.39,138.4,188.4,39.0,0
59.0,0,1,0,0,1,32.3,111.3,0.0,1.0,1.0,0.0,142.5,85.0,244.0,44.0,5.7,98.8,5.28,115.5,187.7,32.8,0
62.0,0,1,0,0,1,30.7,98.8,0.0,1.0,1.0,0.0,111.7,75.8,194.0,34.0,6.5,103.1,4.94,87.4,167.5,31.2,0
37.0,0,1,0,0,1,29.7,103.3,0.0,1.0,1.0,0.0,111.7,77.3,221.0,44.0,5.8,118.1,10.64,92.3,178.3,29.0,0
66.0,0,1,0,0,1,21.5,83.7,0.0,1.0,1.0,0.0,130.1,74.8,193.0,47.0,5.2,78.0,2.92,66.1,176.0,21.3,0
68.0,0,1,0,0,1,23.7,87.8,0.0,1.0,1.0,0.0,144.8,77.2,166.0,41.0,6.0,94.1,11.88,71.5,173.4,23.8,0
70.0,0,1,0,0,1,35.2,113.3,0.0,1.0,1.0,0.0,141.8,84.7,120.0,39.0,5.8,91.5,6.84,120.8,185.0,35.3,0
31.0,0,1,0,0,1,43.2,118.2,0.0,1.0,1.0,0.0,111.3,83.1,223.0,37.0,6.1,116.9,8.83,135.7,183.3,40.4,0
57.0,0,1,0,0,1,31.1,103.7,0.0,1.0,1.0,0.0,127.5,80.5,170.0,57.0,5.3,68.5,0.3,83.2,163.2,31.3,0
73.0,0,1,0,0,1,22.0,88.5,0.0,1.0,1.0,0.0,146.0,96.1,127.0,34.0,6.0,68.4,0.3,85.5,188.2,24.1,0
74.0,0,1,0,0,1,28.1,102.4,0.0,1.0,1.0,0.0,108.9,69.7,151.0,79.0,5.3,68.7,9.47,74.3,165.2,27.2,0
48.0,0,1,0,0,1,32.4,106.4,0.0,1.0,1.0,0.0,153.7,59.4,211.0,56.0,5.3,64.2,1.32,98.3,172.4,33.1,0
73.0,0,1,0,0,1,30.7,100.2,0.0,1.0,1.0,0.0,114.3,40.9,191.0,64.0,5.7,65.7,3.51,62.7,141.8,31.2,0
74.0,0,1,0,0,1,26.3,90.8,0.0,1.0,1.0,0.0,119.8,73.7,181.0,43.0,5.7,45.6,23.82,97.6,190.9,26.8,0
61.0,0,1,0,0,1,25.8,93.6,0.0,1.0,1.0,0.0,113.9,73.1,165.0,49.0,5.1,90.2,31.28,89.5,185.2,26.1,0
64.0,0,1,0,0,1,37.1,118.3,0.0,1.0,1.0,0.0,116.6,63.5,201.0,38.0,5.1,82.0,7.86,115.0,182.0,34.7,0
32.0,0,1,0,0,1,25.4,99.6,0.0,1.0,1.0,0.0,129.4,78.9,197.0,61.0,5.0,84.9,0.3,78.4,173.3,26.1,0
51.0,0,1,0,0,1,38.6,112.7,0.0,1.0,1.0,0.0,133.5,84.4,158.0,72.0,5.9,72.5,1.73,80.4,148.8,36.3,0
62.0,0,1,0,0,1,26.4,91.7,0.0,1.0,1.0,0.0,104.2,50.1,194.0,41.0,5.7,79.0,1.62,77.5,175.3,25.2,0
31.0,0,1,0,0,1,27.7,98.5,0.0,1.0,1.0,0.0,138.3,83.1,142.0,36.0,7.9,102.7,74.72,80.8,172.5,27.1,0
66.0,0,1,0,0,1,31.5,105.0,0.0,1.0,1.0,0.0,138.4,84.1,155.0,48.0,5.0,92.1,4.63,86.5,173.7,28.7,0
70.0,0,1,0,0,1,28.6,106.6,0.0,1.0,1.0,0.0,130.8,69.8,216.0,41.0,5.1,56.6,10.91,52.6,140.7,26.6,0
48.0,0,1,0,0,1,25.8,93.9,0.0,1.0,1.0,0.0,134.5,80.1,166.0,35.0,7.8,61.1,43.65,83.8,178.5,26.3,0
54.0,0,1,0,0,1,31.7,97.1,0.0,1.0,1.0,0.0,105.4,72.6,173.0,80.0,5.9,48.7,7.39,105.0,179.6,32.6,0
63.0,0,1,0,0,1,37.1,116.5,0.0,1.0,1.0,0.0,128.0,83.4,202.0,39.0,5.4,95.3,6.21,92.2,160.2,35.9,0
68.0,0,1,0,0,1,28.7,107.3,0.0,1.0,1.0,0.0,140.0,87.3,244.0,34.0,5.8,76.7,0.3,84.4,175.7,27.4,0
76.0,0,1,0,0,1,37.6,121.2,0.0,1.0,1.0,0.0,130.6,80.3,234.0,46.0,6.0,74.4,7.75,106.1,171.2,36.2,0
73.0,0,1,0,0,1,28.6,99.4,0.0,1.0,1.0,0.0,117.1,51.6,159.0,55.0,5.4,63.0,4.92,87.4,177.5,27.8,0
69.0,0,1,0,0,1,34.4,112.9,0.0,1.0,1.0,0.0,128.4,80.6,154.0,34.0,5.6,107.3,0.3,119.0,185.0,34.8,0
41.0,0,1,0,0,1,49.3,132.7,0.0,1.0,1.0,0.0,104.9,70.8,130.0,40.0,5.8,113.2,6.9,165.4,188.9,46.3,0
74.0,0,1,0,0,1,34.1,115.3,0.0,1.0,1.0,0.0,109.8,63.7,117.0,41.0,6.3,105.2,41.09,106.8,182.3,32.1,0
26.0,0,1,0,0,1,29.9,101.6,0.0,1.0,1.0,0.0,112.4,82.1,136.0,51.0,5.4,67.3,10.27,86.4,173.7,28.6,0
61.0,0,1,0,0,1,25.3,92.0,0.0,1.0,1.0,0.0,133.0,77.8,135.0,96.0,5.6,71.3,81.21,67.4,179.0,21.0,0
73.0,0,1,0,0,1,30.5,102.1,0.0,1.0,1.0,0.0,119.0,75.7,180.0,73.0,5.6,53.6,7.26,64.6,148.1,29.5,0
36.0,0,1,0,0,1,36.9,86.7,0.0,1.0,1.0,0.0,137.7,82.2,174.0,49.0,6.1,62.0,50.31,104.3,170.2,36.0,0
65.0,0,1,0,0,1,23.8,89.7,0.0,1.0,1.0,0.0,96.0,61.6,145.0,28.0,5.6,96.5,3.07,80.6,186.1,23.3,0
65.0,0,1,0,0,1,25.1,95.6,0.0,1.0,1.0,0.0,129.1,61.9,254.0,44.0,5.9,66.7,16.88,81.0,183.2,24.1,0
69.0,0,1,0,0,1,29.9,105.3,0.0,1.0,1.0,0.0,129.1,85.5,158.0,37.0,6.7,115.0,32.63,81.8,167.9,29.0,0
56.0,0,1,0,0,1,32.6,109.4,0.0,1.0,1.0,0.0,133.2,78.8,186.0,37.0,5.6,108.4,2.33,116.5,187.1,33.3,0
19.0,0,1,0,0,1,45.1,125.2,0.0,1.0,1.0,0.0,112.1,75.0,198.0,43.0,5.5,114.9,7.63,157.5,187.8,44.6,0
50.0,0,1,0,0,1,34.3,111.5,0.0,1.0,1.0,0.0,133.3,80.9,227.0,62.0,5.2,98.4,7.44,92.5,167.4,33.0,0
69.0,0,1,0,0,1,40.6,116.6,0.0,1.0,1.0,0.0,107.5,80.0,246.0,101.0,5.3,95.5,8.74,108.1,165.0,39.7,0
72.0,0,1,0,0,1,25.9,101.3,0.0,1.0,1.0,0.0,129.8,79.7,233.0,52.0,6.0,42.4,0.85,88.9,190.6,24.5,0
61.0,0,1,0,0,1,28.9,99.7,0.0,1.0,1.0,0.0,109.1,80.3,173.0,36.0,5.8,85.9,11.7,73.0,159.2,28.8,0
74.0,0,1,0,0,1,27.4,93.9,0.0,1.0,1.0,0.0,113.5,68.1,171.0,43.0,5.0,67.0,15.21,91.4,183.1,27.3,0
40.0,0,1,0,0,1,34.5,115.9,0.0,1.0,1.0,0.0,104.3,79.4,193.0,61.0,5.0,97.5,0.3,97.8,169.4,34.1,0
67.0,0,1,0,0,1,31.3,106.9,0.0,1.0,1.0,0.0,131.6,79.7,196.0,32.0,6.0,97.2,28.87,107.1,184.9,31.3,0
47.0,0,1,0,0,1,39.0,124.4,0.0,1.0,1.0,0.0,136.5,79.0,100.0,34.0,5.8,106.0,25.93,130.1,185.7,37.7,0
53.0,0,1,0,0,1,40.6,129.0,0.0,1.0,1.0,0.0,142.9,82.8,207.0,41.0,10.1,96.3,17.69,141.0,187.8,40.0,0
69.0,0,1,0,0,1,32.7,108.7,0.0,1.0,1.0,0.0,115.1,78.4,218.0,34.0,5.8,80.6,2.77,101.8,180.8,31.1,0
66.0,0,1,0,0,1,26.4,99.6,0.0,1.0,1.0,0.0,135.3,75.1,212.0,40.0,5.6,67.1,5.1,88.8,188.5,25.0,0
52.0,0,1,0,0,1,33.8,117.9,0.0,1.0,1.0,0.0,134.1,85.4,210.0,41.0,5.9,103.3,19.72,108.2,183.5,32.1,0
66.0,0,1,0,0,1,48.3,144.4,0.0,1.0,1.0,0.0,145.0,88.7,208.0,37.0,5.7,94.4,12.73,131.1,169.1,45.9,0
64.0,0,1,0,0,1,24.7,101.3,0.0,1.0,1.0,0.0,141.3,86.3,169.0,52.0,10.0,67.3,217.79,76.9,182.4,23.1,0
75.0,0,1,0,0,1,28.5,95.2,0.0,1.0,1.0,0.0,127.3,74.7,240.0,61.0,5.4,56.9,41.67,99.6,190.4,27.5,0
61.0,0,1,0,0,1,20.9,82.2,0.0,1.0,1.0,0.0,105.9,70.5,161.0,49.0,5.6,81.3,7.23,63.0,173.8,20.8,0
69.0,0,1,0,0,1,46.2,121.0,0.0,1.0,1.0,0.0,142.4,82.8,215.0,39.0,5.5,95.9,8.65,144.4,181.7,43.7,0
74.0,0,1,0,0,1,38.4,120.5,0.0,1.0,1.0,0.0,126.5,85.1,142.0,42.0,5.5,99.4,5.24,107.2,169.6,37.3,0
56.0,0,1,0,0,1,29.0,106.8,0.0,1.0,1.0,0.0,129.4,82.1,201.0,55.0,6.3,96.8,2.73,70.8,162.5,26.8,0
74.0,0,1,0,0,1,39.9,122.4,0.0,1.0,1.0,0.0,124.6,80.2,220.0,48.0,7.2,80.2,0.34,121.2,182.0,36.6,0
62.0,0,1,0,0,1,27.3,97.7,0.0,1.0,1.0,0.0,112.8,59.3,177.0,69.0,5.6,105.4,6.59,64.9,152.0,28.1,0
54.0,0,1,0,0,1,23.3,92.2,0.0,1.0,1.0,0.0,153.1,87.2,173.0,39.0,6.0,69.3,28.69,82.0,185.1,23.9,0
25.0,0,1,0,0,1,31.3,113.2,0.0,1.0,1.0,0.0,129.6,81.3,228.0,52.0,5.5,114.3,27.32,100.9,178.8,31.6,0
67.0,0,1,0,0,1,21.3,82.5,0.0,1.0,1.0,0.0,143.6,80.8,206.0,34.0,5.2,110.7,0.47,75.0,190.1,20.7,0
73.0,0,1,0,0,1,26.9,99.4,0.0,1.0,1.0,0.0,126.9,72.5,218.0,36.0,8.5,54.9,6.96,63.5,157.8,25.5,0
78.0,0,1,0,0,1,21.9,88.9,0.0,1.0,1.0,0.0,131.2,80.0,167.0,31.0,5.7,82.4,2.63,73.1,185.1,21.3,0
67.0,0,1,0,0,1,31.9,102.1,0.0,1.0,1.0,0.0,149.5,87.9,220.0,76.0,5.7,67.6,16.01,94.1,174.8,30.8,0
61.0,0,1,0,0,1,24.2,89.7,0.0,1.0,1.0,0.0,153.7,89.9,239.0,107.0,5.6,56.6,4.46,74.1,173.1,24.7,0
48.0,0,1,0,0,1,35.0,113.0,0.0,1.0,1.0,0.0,106.1,78.2,217.0,52.0,5.6,111.3,10.27,71.4,143.1,34.9,0
33.0,0,1,0,0,1,33.5,103.0,0.0,1.0,1.0,0.0,126.6,83.7,229.0,38.0,5.4,74.0,16.81,89.1,165.2,32.6,0
68.0,0,1,0,0,1,23.7,87.6,0.0,1.0,1.0,0.0,116.7,73.4,181.0,73.0,5.2,86.2,8.01,63.0,162.5,23.9,0
52.0,0,1,0,0,1,40.0,104.0,0.0,1.0,1.0,0.0,144.4,80.5,236.0,39.0,5.2,93.8,34.84,137.1,186.2,39.5,0
68.0,0,1,0,0,1,32.0,112.3,0.0,1.0,1.0,0.0,129.5,91.1,222.0,72.0,6.2,106.2,0.3,57.3,134.9,31.5,0
78.0,0,1,0,0,1,49.6,141.9,0.0,1.0,1.0,0.0,131.5,83.4,199.0,39.0,5.2,121.8,51.6,88.8,135.1,48.7,0
73.0,0,1,0,0,1,34.9,117.3,0.0,1.0,1.0,0.0,131.2,85.7,143.0,39.0,7.2,74.5,20.21,89.0,164.5,32.9,0
68.0,0,1,0,0,1,35.5,114.4,0.0,1.0,1.0,0.0,127.1,89.4,189.0,55.0,5.8,72.6,12.7,111.9,181.0,34.2,0
60.0,0,1,0,0,1,29.0,93.4,0.0,1.0,1.0,0.0,126.4,80.4,186.0,64.0,6.2,95.8,9.57,94.9,182.4,28.5,0
73.0,0,1,0,0,1,32.8,107.7,0.0,1.0,1.0,0.0,125.7,79.1,198.0,54.0,5.6,52.2,0.3,119.2,193.1,32.0,0
34.0,0,1,0,0,1,32.6,107.5,0.0,1.0,1.0,0.0,130.9,86.9,213.0,49.0,5.5,106.0,9.91,114.0,187.2,32.5,0
30.0,0,1,0,0,1,27.2,98.4,0.0,1.0,1.0,0.0,139.0,85.0,172.0,57.0,5.0,105.6,13.03,74.4,167.3,26.6,0
69.0,0,1,0,0,1,25.8,90.0,0.0,1.0,1.0,0.0,138.0,83.8,207.0,50.0,5.5,82.3,7.55,71.6,180.9,21.9,0
40.0,0,1,0,0,1,36.3,106.4,0.0,1.0,1.0,0.0,132.3,87.9,227.0,40.0,5.8,75.4,7.62,111.6,179.2,34.8,0
49.0,0,1,0,0,1,42.6,127.5,0.0,1.0,1.0,0.0,128.7,82.4,252.0,50.0,5.8,48.5,7.71,132.7,185.7,38.5,0
60.0,0,1,0,0,1,37.8,120.3,0.0,1.0,1.0,0.0,127.5,76.7,175.0,41.0,5.8,92.7,0.99,82.8,175.6,26.8,0
46.0,0,1,0,0,1,21.6,87.1,0.0,1.0,1.0,0.0,115.6,73.5,222.0,40.0,4.9,102.8,5.98,50.4,146.5,23.5,0
47.0,0,1,0,0,1,31.5,104.1,0.0,1.0,1.0,0.0,120.3,79.8,185.0,72.0,5.9,62.2,5.27,66.6,153.8,28.2,0
51.0,0,1,0,0,1,38.2,120.7,0.0,1.0,1.0,0.0,111.2,74.2,266.0,40.0,5.7,96.1,4.06,121.3,181.2,37.0,0
71.0,0,1,0,0,1,38.7,122.6,0.0,1.0,1.0,0.0,131.2,78.2,226.0,37.0,5.3,81.4,7.51,108.8,172.2,36.7,0
64.0,0,1,0,0,1,23.3,85.7,0.0,1.0,1.0,0.0,120.0,68.4,211.0,58.0,5.4,110.7,4.68,56.4,159.6,22.1,0
59.0,0,1,0,0,1,33.0,107.4,0.0,1.0,1.0,0.0,129.0,95.6,226.0,54.0,5.6,81.2,50.76,98.3,175.8,31.8,0
43.0,0,1,0,0,1,31.2,109.3,0.0,1.0,1.0,0.0,126.5,81.1,196.0,27.0,5.5,80.6,4.29,107.7,184.7,31.6,0
62.0,0,1,0,0,1,20.5,78.8,0.0,1.0,1.0,0.0,140.3,95.1,238.0,65.0,5.6,81.6,4.36,70.5,181.4,21.4,0
54.0,0,1,0,0,1,31.0,103.2,0.0,1.0,1.0,0.0,106.1,71.9,125.0,37.0,5.0,107.4,0.52,102.1,184.0,30.2,0
61.0,0,1,0,0,1,26.6,99.2,0.0,1.0,1.0,0.0,129.1,77.3,153.0,39.0,4.9,72.8,2.33,60.8,159.7,23.9,0
69.0,0,1,0,0,1,35.2,112.1,0.0,1.0,1.0,0.0,120.4,77.7,227.0,72.0,5.5,54.0,18.53,100.8,170.4,34.7,0
69.0,0,1,0,0,1,18.6,78.8,0.0,1.0,1.0,0.0,148.1,85.3,211.0,88.0,5.6,75.1,5.05,52.8,169.6,18.3,0
62.0,0,1,0,0,1,29.3,102.0,0.0,1.0,1.0,0.0,128.6,83.2,238.0,83.0,5.5,101.7,7.95,64.9,147.8,29.7,0
51.0,0,1,0,0,1,29.2,97.9,0.0,1.0,1.0,0.0,114.2,71.5,187.0,44.0,5.6,81.9,5.67,82.9,170.3,28.6,0
72.0,0,1,0,0,1,23.7,87.1,0.0,1.0,1.0,0.0,138.2,80.3,173.0,78.0,5.4,78.5,10.54,75.0,179.3,23.3,0
72.0,0,1,0,0,1,22.4,84.9,0.0,1.0,1.0,0.0,115.2,57.2,193.0,59.0,5.6,75.4,0.95,60.5,162.9,22.8,0
71.0,0,1,0,0,1,25.0,91.1,0.0,1.0,1.0,0.0,102.2,60.4,184.0,41.0,6.8,74.1,1.39,68.6,168.3,24.2,0
71.0,0,1,0,0,1,41.2,124.4,0.0,1.0,1.0,0.0,104.0,69.5,191.0,36.0,5.6,97.0,8.74,127.8,177.6,40.5,0
79.0,0,1,0,0,1,25.4,90.2,0.0,1.0,1.0,0.0,149.7,84.9,214.0,90.0,6.2,55.0,6.87,78.4,180.6,24.0,0
53.0,0,1,0,0,1,29.1,99.4,0.0,1.0,1.0,0.0,112.9,69.3,144.0,39.0,5.4,81.4,2.56,75.4,157.7,30.3,0
73.0,0,1,0,0,1,26.2,99.4,0.0,1.0,1.0,0.0,124.2,77.2,264.0,38.0,5.9,74.8,5.64,88.4,184.8,25.9,0
33.0,0,1,0,0,1,21.6,85.9,0.0,1.0,1.0,0.0,139.4,86.4,226.0,50.0,9.6,96.7,6.52,61.6,168.0,21.8,0
51.0,0,1,0,0,1,37.7,128.5,0.0,1.0,1.0,0.0,146.1,80.5,214.0,28.0,6.3,92.4,8.13,127.4,186.0,36.8,0
33.0,0,1,0,0,1,37.7,117.5,0.0,1.0,1.0,0.0,146.7,88.6,217.0,41.0,5.3,93.2,3.81,115.5,178.9,36.1,0
66.0,0,1,0,0,1,27.2,98.9,0.0,1.0,1.0,0.0,143.3,82.7,147.0,52.0,5.6,99.1,41.86,85.7,179.8,26.5,0
75.0,0,1,0,0,1,41.0,126.9,0.0,1.0,1.0,0.0,108.0,73.0,242.0,85.0,6.0,82.7,9.22,111.4,170.0,38.5,0
32.0,0,1,0,0,1,40.5,114.2,0.0,1.0,1.0,0.0,134.9,84.2,183.0,42.0,6.1,117.6,6.51,123.8,169.1,43.3,0
74.0,0,1,0,0,1,22.1,87.3,0.0,1.0,1.0,0.0,113.3,69.0,200.0,38.0,5.5,74.0,31.32,56.4,157.6,22.7,0
72.0,0,1,0,0,1,26.2,106.6,0.0,1.0,1.0,0.0,129.8,76.2,104.0,43.0,7.9,54.8,5.4,88.4,188.2,25.0,0
70.0,0,1,0,0,1,28.7,107.5,0.0,1.0,1.0,0.0,129.5,82.8,121.0,45.0,5.4,117.7,32.03,92.4,178.7,28.9,0
39.0,0,1,0,0,1,39.4,135.0,0.0,1.0,1.0,0.0,93.4,72.3,144.0,42.0,5.6,123.0,11.69,113.2,170.9,38.8,0
74.0,0,1,0,0,1,33.5,109.0,0.0,1.0,1.0,0.0,124.0,57.1,201.0,65.0,5.9,55.8,10.57,84.2,162.4,31.9,0
32.0,0,1,0,0,1,28.3,99.7,0.0,1.0,1.0,0.0,111.9,72.8,181.0,40.0,5.4,93.2,6.76,97.5,190.4,26.9,0
69.0,0,1,0,0,1,24.9,92.6,0.0,1.0,1.0,0.0,146.2,88.6,179.0,67.0,6.2,96.7,2.56,81.7,182.5,24.5,0
40.0,0,1,0,0,1,26.1,89.2,0.0,1.0,1.0,0.0,148.2,82.9,194.0,64.0,5.3,89.4,3.73,76.5,172.5,25.7,0
61.0,0,1,0,0,1,30.2,102.5,0.0,1.0,1.0,0.0,110.0,71.7,208.0,45.0,6.3,60.3,9.88,105.2,189.4,29.3,0
47.0,0,1,0,0,1,31.4,111.8,0.0,1.0,1.0,0.0,129.4,84.8,150.0,34.0,6.0,93.9,3.77,90.0,172.5,30.2,0
31.0,0,1,0,0,1,25.7,103.7,0.0,1.0,1.0,0.0,111.8,74.1,115.0,41.0,5.6,116.8,7.46,66.3,158.2,26.5,0
43.0,0,1,0,0,1,38.5,122.0,0.0,1.0,1.0,0.0,104.1,62.6,226.0,36.0,6.0,81.9,3.78,103.9,169.2,36.3,0
69.0,0,1,0,0,1,39.4,126.4,0.0,1.0,1.0,0.0,131.5,81.4,186.0,42.0,5.0,127.0,6.07,115.6,176.4,37.2,0
54.0,0,1,0,0,1,29.8,106.5,0.0,1.0,1.0,0.0,125.1,69.7,109.0,54.0,8.3,74.0,9.51,90.9,172.6,30.5,0
58.0,0,1,0,0,1,23.4,87.6,0.0,1.0,1.0,0.0,108.9,85.2,149.0,44.0,6.3,64.0,9.9,71.0,178.8,22.2,0
30.0,0,1,0,0,1,28.7,99.6,0.0,1.0,1.0,0.0,130.7,80.6,212.0,43.0,5.7,96.6,9.34,100.5,186.2,29.0,0
67.0,0,1,0,0,1,21.7,93.7,0.0,1.0,1.0,0.0,127.4,77.1,183.0,50.0,4.9,85.9,25.33,84.4,194.6,22.3,0
61.0,0,1,0,0,1,20.7,82.6,0.0,1.0,1.0,0.0,129.8,87.8,163.0,34.0,5.9,101.5,10.0,65.2,179.2,20.3,0
49.0,0,1,0,0,1,23.0,90.0,0.0,1.0,1.0,0.0,128.5,83.1,172.0,36.0,7.6,81.9,19.54,79.4,182.8,23.8,0
60.0,0,1,0,0,1,19.5,78.5,0.0,1.0,1.0,0.0,135.4,84.8,255.0,54.0,6.5,94.5,0.3,55.3,168.0,19.6,0
69.0,0,1,0,0,1,27.7,97.2,0.0,1.0,1.0,0.0,135.4,64.1,164.0,37.0,5.0,80.2,28.57,79.2,170.6,27.2,0
37.0,0,1,0,0,1,26.4,94.2,0.0,1.0,1.0,0.0,129.5,81.3,232.0,52.0,5.0,68.5,7.09,82.2,173.6,27.3,0
53.0,0,1,0,0,1,31.8,111.3,0.0,1.0,1.0,0.0,133.3,67.3,168.0,42.0,5.0,103.7,9.09,105.1,185.7,30.5,0
35.0,0,1,0,0,1,23.4,78.1,0.0,1.0,0.0,0.0,90.8,58.1,210.0,50.0,5.0,89.2,35.01,58.6,160.3,22.8,0
35.0,0,1,0,0,1,24.4,87.8,0.0,1.0,0.0,0.0,111.5,72.9,205.0,42.0,5.1,86.5,46.64,72.7,172.6,24.4,0
63.0,0,1,0,0,1,27.1,93.7,0.0,1.0,0.0,0.0,114.2,79.7,217.0,45.0,5.0,103.6,35.42,86.5,181.1,26.4,0
32.0,0,1,0,0,1,28.7,99.8,0.0,1.0,0.0,0.0,142.1,81.9,210.0,36.0,5.0,108.3,6.61,93.5,179.4,29.1,0
27.0,0,1,0,0,1,57.0,152.9,0.0,1.0,0.0,0.0,115.8,71.7,166.0,30.0,4.6,131.6,5.69,176.3,175.5,57.3,0
47.0,0,1,0,0,1,23.5,86.3,0.0,1.0,0.0,0.0,120.6,66.8,219.0,39.0,5.6,71.6,0.3,51.8,154.6,21.7,0
30.0,0,1,0,0,1,28.1,102.7,0.0,1.0,0.0,0.0,143.9,88.7,239.0,45.0,6.0,109.7,7.81,95.8,181.1,29.2,0
50.0,0,1,0,0,1,28.1,99.1,0.0,1.0,0.0,0.0,141.7,93.4,227.0,49.0,5.1,69.7,7.52,89.8,182.7,26.9,0
37.0,0,1,0,0,1,32.8,102.9,0.0,1.0,0.0,0.0,95.5,84.0,193.0,57.0,5.4,91.1,7.29,77.1,157.6,31.0,0
31.0,0,1,0,0,1,42.4,130.9,0.0,1.0,0.0,0.0,106.3,75.4,148.0,49.0,5.8,106.4,8.3,137.2,184.3,40.4,0
35.0,0,1,0,0,1,39.4,122.8,0.0,1.0,0.0,0.0,131.5,83.7,198.0,65.0,4.2,108.5,9.4,130.9,183.8,38.7,0
29.0,0,1,0,0,1,48.5,149.3,0.0,1.0,0.0,0.0,131.3,87.6,207.0,45.0,5.5,101.4,6.32,138.4,179.2,43.1,0
48.0,0,1,0,0,1,32.9,108.9,0.0,1.0,0.0,0.0,112.3,48.7,156.0,49.0,5.2,109.3,25.83,89.5,162.5,33.9,0
66.0,0,1,0,0,1,34.8,111.0,0.0,1.0,0.0,0.0,124.7,76.7,167.0,45.0,5.0,54.2,0.95,80.1,157.9,32.1,0
23.0,0,1,0,0,1,36.5,120.3,0.0,1.0,0.0,0.0,104.7,75.5,164.0,50.0,5.5,122.0,6.8,89.3,158.0,35.8,0
46.0,0,1,0,0,1,25.9,96.1,0.0,1.0,0.0,0.0,133.1,73.7,175.0,41.0,5.5,72.9,4.07,82.5,179.4,25.6,0
28.0,0,1,0,0,1,29.4,94.4,0.0,1.0,0.0,0.0,105.8,67.0,170.0,50.0,5.0,120.9,0.3,103.8,190.9,28.5,0
20.0,0,1,0,0,1,29.9,106.0,0.0,1.0,0.0,0.0,111.8,74.6,162.0,59.0,5.7,98.7,12.62,82.4,178.4,25.9,0
53.0,0,1,0,0,1,26.6,87.2,0.0,1.0,0.0,0.0,107.7,71.4,162.0,66.0,5.4,76.3,9.42,61.6,154.6,25.8,0
31.0,0,1,0,0,1,26.7,92.9,0.0,1.0,0.0,0.0,99.4,70.8,196.0,36.0,5.2,97.8,9.65,73.0,165.3,26.7,0
33.0,0,1,0,0,1,34.3,99.7,0.0,1.0,0.0,0.0,125.5,75.6,116.0,40.0,5.7,89.7,9.57,101.5,173.3,33.8,0
78.0,0,1,0,0,1,27.4,93.1,0.0,1.0,0.0,0.0,131.1,76.1,228.0,77.0,4.9,92.2,2.32,86.9,180.6,26.6,0
50.0,0,1,0,0,1,26.9,88.2,0.0,1.0,0.0,0.0,128.2,81.1,250.0,73.0,5.5,107.4,10.61,91.3,180.7,28.0,0
34.0,0,1,0,0,1,29.4,106.2,0.0,1.0,0.0,0.0,129.1,86.0,182.0,37.0,5.8,107.3,16.56,87.9,175.1,28.7,0
66.0,0,1,0,0,1,50.6,142.9,0.0,1.0,0.0,0.0,114.7,73.1,132.0,31.0,5.0,89.3,10.17,142.4,171.8,48.2,0
71.0,0,1,0,0,1,34.4,114.6,0.0,1.0,0.0,0.0,117.5,79.4,238.0,47.0,6.1,59.7,4.33,86.9,167.4,31.0,0
60.0,0,1,0,0,1,27.1,95.8,0.0,1.0,0.0,0.0,148.3,81.5,176.0,54.0,5.2,90.0,28.65,88.1,183.7,26.1,0
50.0,0,1,0,0,1,27.7,98.6,0.0,1.0,0.0,0.0,126.1,75.5,166.0,47.0,5.6,96.2,20.38,85.0,178.3,26.7,0
69.0,0,1,0,0,1,39.9,126.5,0.0,1.0,0.0,0.0,123.1,50.4,225.0,40.0,5.7,77.2,22.68,125.4,183.6,37.2,0
69.0,0,1,0,0,1,45.3,138.1,0.0,1.0,0.0,0.0,136.8,80.8,211.0,57.0,5.0,75.1,24.19,108.3,159.1,42.8,0
36.0,0,1,0,0,1,27.3,102.4,0.0,1.0,0.0,0.0,130.6,77.0,174.0,46.0,5.2,106.0,7.2,95.0,184.6,27.9,0
37.0,0,1,0,0,1,28.5,98.0,0.0,1.0,0.0,0.0,159.3,90.2,133.0,33.0,5.9,75.9,8.55,98.6,187.9,27.9,0
74.0,0,1,0,0,1,22.8,86.1,0.0,1.0,0.0,0.0,144.4,88.9,217.0,63.0,5.0,98.5,4.79,70.1,182.7,21.0,0
72.0,0,1,0,0,1,24.0,87.4,0.0,1.0,0.0,0.0,134.4,70.9,150.0,69.0,5.2,62.1,3.91,62.8,169.8,21.8,0
61.0,0,1,0,0,1,33.7,110.1,0.0,1.0,0.0,0.0,135.3,70.4,183.0,45.0,5.7,95.1,15.12,103.4,175.6,33.5,0
40.0,0,1,0,0,1,28.9,108.0,0.0,1.0,0.0,0.0,154.6,88.1,184.0,38.0,5.7,79.1,20.17,93.4,180.6,28.6,0
45.0,0,1,0,0,1,31.2,109.4,0.0,1.0,0.0,0.0,111.0,73.4,166.0,38.0,6.4,72.7,7.69,99.0,183.1,29.5,0
72.0,0,1,0,0,1,30.6,115.8,0.0,1.0,0.0,0.0,127.7,81.6,205.0,52.0,6.1,92.7,5.43,100.0,185.3,29.1,0
18.0,0,1,0,0,1,23.1,78.1,0.0,1.0,0.0,0.0,129.9,80.3,167.0,40.0,5.6,141.1,7.46,72.4,177.5,23.0,0
28.0,0,1,0,0,1,29.0,93.6,0.0,1.0,0.0,0.0,92.6,58.9,197.0,52.0,4.5,129.6,2.83,84.5,169.3,29.5,0
40.0,0,1,0,0,1,48.7,132.7,0.0,1.0,0.0,0.0,116.7,80.3,201.0,34.0,6.0,110.9,31.79,117.0,155.3,48.5,0
44.0,0,1,0,0,1,28.9,89.8,0.0,1.0,0.0,0.0,106.7,70.9,185.0,77.0,5.2,68.5,7.22,90.5,180.1,27.9,0
56.0,0,1,0,0,1,25.3,91.3,0.0,1.0,0.0,0.0,102.4,70.3,121.0,42.0,5.1,102.1,57.92,57.4,156.2,23.5,0
78.0,0,1,0,0,1,37.6,130.5,0.0,1.0,0.0,0.0,125.7,80.1,240.0,41.0,5.8,106.9,457.82,121.8,180.3,37.5,0
50.0,0,1,0,0,1,28.5,92.7,0.0,1.0,0.0,0.0,149.3,89.1,240.0,58.0,6.1,54.7,34.12,95.0,186.5,27.3,0
31.0,0,1,0,0,1,41.6,118.5,0.0,1.0,0.0,0.0,111.7,77.5,167.0,38.0,5.6,121.6,7.83,89.9,157.5,36.2,0
71.0,0,1,0,0,1,24.3,81.0,0.0,1.0,0.0,0.0,143.0,90.6,218.0,51.0,5.3,92.0,7.12,61.0,167.4,21.8,0
78.0,0,1,0,0,1,34.6,109.9,0.0,1.0,0.0,0.0,124.7,77.6,112.0,56.0,5.9,98.6,39.96,101.4,175.9,32.8,0
61.0,0,1,0,0,1,32.9,105.6,0.0,1.0,0.0,0.0,109.7,70.6,174.0,42.0,6.1,73.7,8.49,88.8,169.7,30.8,0
24.0,0,1,0,0,1,44.0,138.9,0.0,1.0,0.0,0.0,122.7,80.8,173.0,37.0,5.1,70.5,2.38,148.6,187.8,42.1,0
34.0,0,1,0,0,1,28.1,110.0,0.0,1.0,0.0,0.0,128.5,61.4,203.0,39.0,6.5,74.8,6.0,93.6,182.4,28.1,0
41.0,0,1,0,0,1,29.4,104.1,0.0,1.0,0.0,0.0,138.7,80.8,208.0,38.0,5.8,87.3,5.34,86.2,173.6,28.6,0
40.0,0,1,0,0,1,36.6,122.5,0.0,1.0,0.0,0.0,112.4,70.9,197.0,40.0,6.4,112.3,2.31,133.4,191.4,36.4,0
62.0,0,1,0,0,1,28.2,98.4,0.0,1.0,0.0,0.0,156.9,90.1,166.0,54.0,5.5,77.4,5.15,89.6,186.1,25.9,0
21.0,0,1,0,0,1,29.9,104.0,0.0,1.0,0.0,0.0,111.8,64.9,201.0,59.0,5.9,105.0,5.91,82.3,169.9,28.5,0
79.0,0,1,0,0,1,26.9,95.8,0.0,1.0,0.0,0.0,112.5,73.2,229.0,61.0,5.6,91.6,6.29,65.2,171.4,22.2,0
18.0,0,1,0,0,1,26.2,79.9,0.0,1.0,0.0,0.0,101.3,70.7,142.0,28.0,5.4,126.2,6.35,72.3,167.6,25.7,0
41.0,0,1,0,0,1,26.9,89.3,0.0,1.0,0.0,0.0,135.5,79.0,219.0,38.0,5.4,137.7,9.64,76.3,168.2,27.0,0
28.0,0,1,0,0,1,26.8,88.7,0.0,1.0,0.0,0.0,115.0,70.1,172.0,67.0,5.4,100.5,10.34,54.5,152.3,23.5,0
64.0,0,1,0,0,1,27.7,98.9,0.0,1.0,0.0,0.0,111.6,79.3,151.0,46.0,7.0,95.7,4.74,73.5,165.0,27.0,0
52.0,0,1,0,0,1,31.5,102.4,0.0,1.0,0.0,0.0,118.8,80.3,236.0,43.0,6.0,98.3,2.73,76.3,158.5,30.4,0
44.0,0,1,0,0,1,28.0,105.3,0.0,1.0,0.0,0.0,110.6,71.5,174.0,35.0,6.0,116.7,23.93,84.6,171.3,28.8,0
63.0,0,1,0,0,1,34.8,113.5,0.0,1.0,0.0,0.0,146.6,81.6,259.0,42.0,5.6,65.8,4.45,94.1,164.6,34.7,0
52.0,0,1,0,0,1,24.4,85.6,0.0,1.0,0.0,0.0,126.7,81.4,224.0,45.0,5.3,67.4,5.48,84.3,185.1,24.6,0
20.0,0,1,0,0,1,30.9,106.0,0.0,1.0,0.0,0.0,105.3,70.7,170.0,45.0,5.6,79.5,2.22,106.3,188.3,30.0,0
44.0,0,1,0,0,1,34.2,128.0,0.0,1.0,0.0,0.0,106.1,68.0,210.0,41.0,6.4,100.4,41.13,105.4,175.8,34.1,0
48.0,0,1,0,0,1,29.8,94.9,0.0,1.0,0.0,0.0,122.8,83.9,181.0,49.0,5.3,102.9,3.0,73.4,159.8,28.8,0
69.0,0,1,0,0,1,20.8,89.4,0.0,1.0,0.0,0.0,102.8,71.5,231.0,47.0,5.1,83.7,12.16,60.6,174.6,19.9,0
44.0,0,1,0,0,1,22.1,88.2,0.0,1.0,0.0,0.0,124.6,67.2,221.0,49.0,5.1,82.6,4.68,66.2,175.0,21.6,0
27.0,0,1,0,0,1,26.4,86.8,0.0,1.0,0.0,0.0,106.3,77.5,190.0,35.0,5.8,113.4,45.07,56.8,152.1,24.5,0
48.0,0,1,0,0,1,24.3,74.5,0.0,1.0,0.0,0.0,111.6,76.0,194.0,63.0,5.4,111.8,4.58,54.4,153.5,23.1,0
32.0,0,1,0,0,1,27.1,104.2,0.0,1.0,0.0,0.0,134.9,81.0,181.0,49.0,5.5,94.3,28.87,91.2,186.3,26.3,0
60.0,0,1,0,0,1,28.6,98.8,0.0,1.0,0.0,0.0,155.1,75.5,170.0,41.0,5.5,96.8,22.29,100.9,189.6,28.1,0
73.0,0,1,0,0,1,39.6,124.6,0.0,1.0,0.0,0.0,128.3,77.8,183.0,42.0,12.5,61.1,6.19,81.9,147.3,37.8,0
71.0,0,1,0,0,1,37.8,118.6,0.0,1.0,0.0,0.0,131.1,80.9,207.0,40.0,5.0,70.2,6.33,104.4,171.6,35.5,0
26.0,0,1,0,0,1,34.4,103.6,0.0,1.0,0.0,0.0,113.3,64.9,129.0,35.0,5.4,128.3,1.97,100.9,174.6,33.1,0
73.0,0,1,0,0,1,26.3,106.3,0.0,1.0,0.0,0.0,110.3,71.6,115.0,57.0,5.8,89.2,5.23,87.9,186.2,25.3,0
70.0,0,1,0,0,1,26.4,91.3,0.0,1.0,0.0,0.0,127.2,80.6,248.0,76.0,4.9,77.5,5.71,78.4,175.1,25.6,0
33.0,0,1,0,0,1,54.1,149.9,0.0,1.0,0.0,0.0,144.8,78.0,153.0,67.0,5.4,127.0,22.02,173.0,184.8,50.7,0
24.0,0,1,0,0,1,39.5,113.5,0.0,1.0,0.0,0.0,99.5,71.1,169.0,30.0,5.5,133.0,9.94,103.3,173.9,34.2,0
35.0,0,1,0,0,1,30.6,103.8,0.0,1.0,0.0,0.0,125.3,78.3,201.0,65.0,5.7,102.8,5.48,84.4,169.5,29.4,0
62.0,0,1,0,0,1,23.1,86.5,0.0,1.0,0.0,0.0,133.0,82.8,251.0,59.0,5.3,99.5,9.7,66.4,171.9,22.5,0
37.0,0,1,0,0,1,39.4,123.1,0.0,1.0,0.0,0.0,149.3,90.2,107.0,80.0,5.8,113.7,7.82,126.9,179.8,39.3,0
20.0,0,1,0,0,1,49.2,148.9,0.0,1.0,0.0,0.0,101.6,67.6,159.0,34.0,5.7,120.7,29.49,166.0,188.6,46.7,0
79.0,0,1,0,0,1,22.0,82.6,0.0,1.0,0.0,0.0,137.8,81.8,228.0,45.0,4.8,84.4,21.01,69.8,179.9,21.6,0
69.0,0,1,0,0,1,28.0,94.9,0.0,1.0,0.0,0.0,110.0,86.8,237.0,96.0,5.6,121.2,11.85,89.9,169.0,31.5,0
71.0,0,1,0,0,1,28.5,93.3,0.0,1.0,0.0,0.0,124.6,79.1,221.0,37.0,5.1,105.6,2.21,82.6,174.9,27.0,0
62.0,0,1,0,0,1,26.0,95.1,0.0,1.0,0.0,0.0,121.4,68.0,176.0,69.0,5.9,104.6,11.25,82.8,180.5,25.4,0
40.0,0,1,0,0,1,41.0,131.5,0.0,1.0,0.0,0.0,100.0,70.1,172.0,46.0,4.9,108.0,9.28,123.1,174.5,40.4,0
33.0,0,1,0,0,1,23.9,79.8,0.0,1.0,0.0,0.0,108.2,63.3,207.0,51.0,5.3,96.3,7.09,77.0,181.9,23.3,0
67.0,0,1,0,0,1,42.0,121.8,0.0,1.0,0.0,0.0,146.0,85.9,203.0,47.0,4.7,70.6,29.42,95.7,158.6,38.0,0
21.0,0,1,0,0,1,29.7,94.8,0.0,1.0,0.0,0.0,117.3,83.1,110.0,39.0,5.0,97.6,15.05,93.4,180.5,28.7,0
20.0,0,1,0,0,1,34.9,103.6,0.0,1.0,0.0,0.0,115.4,72.1,208.0,52.0,5.8,110.5,52.81,76.9,150.6,33.9,0
59.0,0,1,0,0,1,26.3,98.0,0.0,1.0,0.0,0.0,130.8,81.5,217.0,35.0,5.6,110.0,12.26,63.7,160.5,24.7,0
50.0,0,1,0,0,1,27.8,98.6,0.0,1.0,0.0,0.0,113.6,72.0,178.0,70.0,5.0,64.5,10.15,68.2,159.2,26.9,0
44.0,0,1,0,0,1,24.2,85.2,0.0,1.0,0.0,0.0,97.5,69.6,176.0,40.0,5.3,129.2,6.11,57.9,156.8,23.6,0
25.0,0,1,0,0,1,34.2,92.2,0.0,1.0,0.0,0.0,105.6,76.2,166.0,41.0,4.5,141.7,5.91,104.3,177.8,33.0,0
60.0,0,1,0,0,1,32.1,107.9,0.0,1.0,0.0,0.0,127.8,74.3,221.0,51.0,6.1,73.7,9.46,77.2,167.9,27.4,0
45.0,0,1,0,0,1,26.2,98.5,0.0,1.0,0.0,0.0,137.8,81.5,129.0,64.0,6.1,106.0,9.84,76.0,169.3,26.5,0
41.0,0,1,0,0,1,38.7,124.3,0.0,1.0,0.0,0.0,124.3,80.6,127.0,30.0,4.9,96.7,37.91,125.9,184.9,36.8,0
28.0,0,1,0,0,1,28.2,100.0,0.0,1.0,0.0,0.0,119.3,80.7,214.0,72.0,4.7,106.6,3.24,83.3,174.3,27.4,0
33.0,0,1,0,0,1,26.3,87.0,0.0,1.0,0.0,0.0,114.0,74.9,185.0,40.0,5.3,101.0,10.05,60.2,167.3,21.5,0
49.0,0,1,0,0,1,31.5,104.8,0.0,1.0,0.0,0.0,127.1,86.8,201.0,44.0,5.9,89.2,5.29,117.3,192.5,31.7,0
56.0,0,1,0,0,1,28.7,99.1,0.0,1.0,0.0,0.0,131.9,81.2,216.0,36.0,6.1,77.3,8.18,68.5,156.0,28.1,0
66.0,0,1,0,0,1,33.8,115.6,0.0,1.0,0.0,0.0,105.9,70.9,138.0,48.0,12.8,71.6,123.79,74.8,162.6,28.3,0
34.0,0,1,0,0,1,21.4,80.4,0.0,1.0,0.0,0.0,124.4,79.0,234.0,71.0,5.4,116.7,5.92,54.7,162.5,20.7,0
62.0,0,1,0,0,1,27.8,90.7,0.0,1.0,0.0,0.0,112.8,74.5,148.0,39.0,6.7,115.4,7.56,103.3,190.8,28.4,0
31.0,0,1,0,0,1,29.2,103.3,0.0,1.0,0.0,0.0,116.7,69.7,207.0,41.0,5.6,96.9,12.23,84.0,173.6,27.9,0
52.0,0,1,0,0,1,26.3,99.2,0.0,1.0,0.0,0.0,111.9,62.3,117.0,37.0,5.5,91.9,31.05,83.8,179.6,26.0,0
43.0,0,1,0,0,1,25.4,92.9,0.0,1.0,0.0,0.0,128.5,82.2,171.0,53.0,5.6,93.3,5.01,92.3,188.7,25.9,0
75.0,0,1,0,0,1,25.0,98.8,0.0,1.0,0.0,0.0,128.6,80.1,233.0,44.0,6.3,32.3,39.37,50.9,153.0,21.7,0
69.0,0,1,0,0,1,21.2,69.9,0.0,1.0,0.0,0.0,118.6,73.8,201.0,68.0,4.9,104.6,6.14,73.1,183.0,21.8,0
79.0,0,1,0,0,1,33.3,115.0,0.0,1.0,0.0,0.0,125.2,75.5,205.0,65.0,5.5,77.6,7.53,106.3,181.6,32.2,0
36.0,0,1,0,0,1,34.2,105.0,0.0,1.0,0.0,0.0,109.0,69.5,188.0,45.0,5.7,138.8,11.74,80.7,165.2,29.6,0
53.0,0,1,0,0,1,29.6,104.8,0.0,1.0,0.0,0.0,136.6,85.0,199.0,75.0,5.3,66.8,7.52,83.7,172.3,28.2,0
29.0,0,1,0,0,1,25.5,102.3,0.0,1.0,0.0,0.0,119.7,62.2,131.0,28.0,5.3,83.7,1313.36,83.8,191.0,23.0,0
32.0,0,1,0,0,1,39.8,108.7,0.0,1.0,0.0,0.0,103.7,66.7,199.0,40.0,4.9,134.6,7.23,95.9,165.2,35.2,0
27.0,0,1,0,0,1,23.8,85.6,0.0,1.0,0.0,0.0,110.9,73.1,152.0,37.0,5.3,116.2,4.74,98.0,197.2,25.2,0
66.0,0,1,0,0,1,35.4,103.0,0.0,1.0,0.0,0.0,127.2,73.8,180.0,49.0,6.0,109.7,9.19,86.6,161.5,33.2,0
70.0,0,1,0,0,1,30.3,105.5,0.0,1.0,0.0,0.0,108.9,56.9,159.0,49.0,5.7,76.9,48.47,97.0,183.1,28.9,0
43.0,0,1,0,0,1,48.3,140.2,0.0,1.0,0.0,0.0,156.4,102.4,189.0,49.0,6.0,126.6,11.97,139.4,171.9,47.2,0
50.0,0,1,0,0,1,40.2,131.5,0.0,1.0,0.0,0.0,138.1,83.6,170.0,48.0,5.6,105.5,10.25,142.2,190.2,39.3,0
45.0,0,1,0,0,1,30.3,106.4,0.0,1.0,0.0,0.0,118.2,64.7,166.0,52.0,5.8,126.2,4.66,111.3,191.0,30.5,0
54.0,0,1,0,0,1,38.0,119.6,0.0,1.0,0.0,0.0,118.6,74.3,125.0,38.0,4.8,122.7,5.6,123.6,179.4,38.4,0
52.0,0,1,0,0,1,23.4,92.7,0.0,1.0,0.0,0.0,125.7,79.7,226.0,31.0,5.0,97.1,14.68,81.6,189.8,22.6,0
63.0,0,1,0,0,1,33.3,106.5,0.0,1.0,0.0,0.0,135.3,71.6,204.0,51.0,6.0,63.8,17.47,86.9,162.7,32.8,0
33.0,0,1,0,0,1,22.1,82.0,0.0,1.0,0.0,0.0,128.7,84.1,228.0,54.0,5.3,72.6,5.61,51.5,155.2,21.4,0
32.0,0,1,0,0,1,26.4,88.8,0.0,1.0,0.0,0.0,140.2,89.5,208.0,67.0,5.3,74.2,5.8,71.2,162.2,27.0,0
34.0,0,1,0,0,1,25.5,91.9,0.0,1.0,0.0,0.0,138.0,77.9,140.0,48.0,5.3,125.6,0.35,89.6,188.6,25.2,0
43.0,0,1,0,0,1,34.1,103.7,0.0,1.0,0.0,0.0,110.6,70.6,241.0,41.0,5.2,86.3,7.52,114.4,171.5,38.9,0
29.0,0,1,0,0,1,30.3,96.2,0.0,1.0,0.0,0.0,148.7,90.0,173.0,48.0,4.9,109.1,10.58,84.4,170.0,29.2,0
33.0,0,1,0,0,1,34.3,110.3,0.0,1.0,0.0,0.0,122.1,78.3,163.0,44.0,5.4,127.0,8.1,102.8,175.3,33.5,0
25.0,0,1,0,0,1,42.0,123.0,0.0,1.0,0.0,0.0,131.8,79.3,208.0,45.0,6.1,117.7,15.14,95.9,154.5,40.2,0
64.0,0,1,0,0,1,46.6,144.6,0.0,1.0,0.0,0.0,113.1,73.6,163.0,40.0,6.4,93.9,4.14,142.9,178.2,45.0,0
70.0,0,1,0,0,1,31.2,98.7,0.0,1.0,0.0,0.0,137.6,80.6,160.0,45.0,5.3,80.3,2.85,99.6,178.0,31.4,0
26.0,0,1,0,0,1,38.9,112.2,0.0,1.0,0.0,0.0,110.1,67.1,227.0,38.0,4.8,132.6,10.8,98.8,157.2,40.0,0
29.0,0,1,0,0,1,24.8,92.9,0.0,1.0,0.0,0.0,126.7,78.7,176.0,52.0,5.3,120.7,8.23,78.6,181.1,24.0,0
50.0,0,1,0,0,1,30.7,112.3,0.0,1.0,0.0,0.0,107.2,73.2,207.0,40.0,5.9,98.2,7.95,103.9,185.5,30.2,0
51.0,0,1,0,0,1,41.3,128.5,0.0,1.0,0.0,0.0,125.8,74.5,172.0,33.0,5.5,102.7,21.29,122.0,173.7,40.4,0
40.0,0,1,0,0,1,28.6,97.1,0.0,1.0,0.0,0.0,109.5,73.6,222.0,44.0,4.9,131.7,1.93,88.2,175.6,28.6,0
32.0,0,1,0,0,1,26.1,92.0,0.0,1.0,0.0,0.0,110.1,75.3,201.0,60.0,4.9,82.9,12.17,88.2,183.9,26.1,0
31.0,0,1,0,0,1,25.9,95.6,0.0,1.0,0.0,0.0,118.4,73.4,201.0,47.0,4.9,107.3,3.61,60.1,168.8,21.1,0
40.0,0,1,0,0,1,41.4,133.3,0.0,1.0,0.0,0.0,129.4,80.8,176.0,35.0,6.2,74.2,7.02,139.1,185.4,40.5,0
60.0,0,1,0,0,1,27.6,101.0,0.0,1.0,0.0,0.0,131.4,67.7,246.0,36.0,5.6,66.9,10.12,89.1,184.8,26.1,0
57.0,0,1,0,0,1,26.9,98.2,0.0,1.0,0.0,0.0,137.9,84.4,220.0,37.0,5.7,60.3,43.78,64.8,159.4,25.5,0
47.0,0,1,0,0,1,31.1,106.4,0.0,1.0,0.0,0.0,149.6,88.4,180.0,47.0,5.3,57.5,8.1,97.3,181.7,29.5,0
50.0,0,1,0,0,1,20.9,82.7,0.0,1.0,0.0,0.0,137.8,83.3,181.0,40.0,5.6,106.2,8.55,55.8,162.5,21.1,0
66.0,0,1,0,0,1,29.4,106.0,0.0,1.0,0.0,0.0,107.0,68.7,203.0,41.0,6.5,83.1,4.56,62.8,155.2,26.1,0
61.0,0,1,0,0,1,29.9,108.2,0.0,1.0,0.0,0.0,146.8,83.7,195.0,29.0,5.7,94.6,5.64,100.0,181.1,30.5,0
43.0,0,1,0,0,1,26.3,94.0,0.0,1.0,0.0,0.0,114.3,74.0,197.0,47.0,5.9,63.2,3.92,68.8,174.5,22.6,0
27.0,0,1,0,0,1,33.3,103.6,0.0,1.0,0.0,0.0,126.7,78.6,171.0,32.0,5.7,138.5,3.9,110.8,186.6,31.8,0
56.0,0,1,0,0,1,25.3,93.8,0.0,1.0,0.0,0.0,111.4,71.8,211.0,38.0,5.4,86.6,7.09,73.7,172.9,24.6,0
50.0,0,1,0,0,1,33.7,111.4,0.0,1.0,0.0,0.0,129.2,82.9,203.0,55.0,6.0,59.3,6.85,100.5,177.6,31.9,0
55.0,0,1,0,0,1,35.8,106.2,0.0,1.0,0.0,0.0,146.0,76.1,202.0,42.0,9.2,89.0,17.43,112.5,184.0,33.2,0
36.0,0,1,0,0,1,24.3,89.3,0.0,1.0,0.0,0.0,108.2,78.6,168.0,52.0,5.8,76.0,6.21,57.1,155.7,23.6,0
59.0,0,1,0,0,1,31.1,110.0,0.0,1.0,0.0,0.0,133.6,73.2,187.0,46.0,5.6,104.6,3.35,89.2,172.6,29.9,0
45.0,0,1,0,0,1,27.2,94.5,0.0,1.0,0.0,0.0,116.7,66.5,182.0,58.0,5.1,63.7,7.43,63.3,170.1,21.9,0
59.0,0,1,0,0,1,27.1,91.3,0.0,1.0,0.0,0.0,129.0,80.5,213.0,67.0,5.1,94.3,6.27,69.6,162.8,26.3,0
23.0,0,1,0,0,1,26.6,101.9,0.0,1.0,0.0,0.0,112.0,89.6,133.0,45.0,5.3,122.6,7.84,73.5,169.5,25.6,0
71.0,0,1,0,0,1,38.7,95.1,0.0,1.0,0.0,0.0,119.8,76.9,177.0,34.0,6.0,71.4,4.91,112.8,175.1,36.8,0
35.0,0,1,0,0,1,24.9,85.4,0.0,1.0,0.0,0.0,116.5,70.9,153.0,39.0,5.2,97.4,8.05,67.4,166.8,24.2,0
70.0,0,1,0,0,1,39.8,127.3,0.0,1.0,0.0,0.0,100.8,78.4,155.0,35.0,6.0,100.5,30.18,107.8,164.9,39.7,0
36.0,0,1,0,0,1,34.6,112.6,0.0,1.0,0.0,0.0,114.9,70.9,187.0,35.0,5.8,108.9,2.13,100.9,168.2,35.7,0
69.0,0,1,0,0,1,24.1,83.4,0.0,1.0,0.0,0.0,108.1,73.9,154.0,37.0,5.0,76.6,11.84,58.3,158.2,23.3,0
23.0,0,1,0,0,1,29.5,103.5,0.0,1.0,0.0,0.0,133.2,73.9,174.0,49.0,4.7,73.1,27.17,99.9,180.9,30.5,0
52.0,0,1,0,0,1,28.9,114.5,0.0,1.0,0.0,0.0,137.2,80.3,186.0,57.0,5.1,86.9,5.3,100.5,190.5,27.7,0
34.0,0,1,0,0,1,22.4,87.3,0.0,1.0,0.0,0.0,152.1,84.2,217.0,48.0,5.2,100.6,15.11,79.7,188.0,22.6,0
46.0,0,1,0,0,1,22.1,77.9,0.0,1.0,0.0,0.0,125.3,80.0,182.0,53.0,5.5,76.6,8.99,52.7,157.0,21.4,0
67.0,0,1,0,0,1,26.7,93.2,0.0,1.0,0.0,0.0,130.0,78.6,230.0,47.0,4.8,94.0,12.22,77.9,172.8,26.1,0
20.0,0,1,0,0,1,39.6,121.5,0.0,1.0,0.0,0.0,110.9,69.7,194.0,38.0,5.5,124.4,1.08,135.2,186.2,39.0,0
70.0,0,1,0,0,1,27.6,108.1,0.0,1.0,0.0,0.0,114.0,56.7,177.0,45.0,5.0,85.8,7.81,93.9,184.3,27.7,0
31.0,0,1,0,0,1,29.5,93.9,0.0,1.0,0.0,0.0,137.1,85.3,150.0,44.0,5.7,93.6,3.87,61.8,148.8,27.9,0
38.0,0,1,0,0,1,29.1,72.0,0.0,1.0,0.0,0.0,132.9,84.6,220.0,53.0,5.9,66.9,4.36,78.5,168.4,27.7,0
65.0,0,1,0,0,1,33.5,110.0,0.0,1.0,0.0,0.0,133.8,75.3,245.0,42.0,5.2,87.9,3.62,135.7,188.3,38.3,0
48.0,0,1,0,0,1,29.3,101.7,0.0,1.0,0.0,0.0,129.5,82.8,219.0,40.0,5.2,96.0,4.0,108.9,192.4,29.4,0
72.0,0,1,0,0,1,25.5,93.9,0.0,1.0,0.0,0.0,129.9,78.0,206.0,64.0,5.2,32.9,4.53,59.7,153.3,25.4,0
40.0,0,1,0,0,1,28.0,93.4,0.0,1.0,0.0,0.0,139.0,92.7,154.0,37.0,4.8,106.2,4.06,95.7,185.2,27.9,0
64.0,0,1,0,0,1,31.5,104.3,0.0,1.0,0.0,0.0,133.5,90.1,178.0,62.0,5.8,103.1,5.37,107.8,185.0,31.5,0
73.0,0,1,0,0,1,28.7,103.0,0.0,1.0,0.0,0.0,130.9,65.3,136.0,44.0,5.6,53.1,28.26,97.7,185.4,28.4,0
37.0,1,0,0,0,1,27.7,92.7,0.0,0.0,0.0,0.0,113.6,60.8,207.0,47.0,5.8,59.7,9.98,71.4,159.9,27.9,1
46.0,1,0,0,0,1,41.8,124.2,0.0,0.0,0.0,0.0,107.2,71.9,223.0,31.0,9.9,57.0,24.49,101.5,157.0,41.2,1
22.0,1,0,0,0,1,26.1,86.9,0.0,0.0,0.0,0.0,99.2,63.9,215.0,44.0,5.5,35.6,44.32,57.8,150.3,25.6,1
67.0,1,0,0,0,1,26.3,89.8,0.0,0.0,0.0,0.0,116.2,85.1,162.0,66.0,4.9,138.5,29.14,73.1,167.6,26.0,1
32.0,1,0,0,0,1,36.8,111.2,0.0,0.0,0.0,0.0,121.2,84.0,176.0,41.0,5.3,106.9,12.82,97.2,166.3,35.2,1
65.0,1,0,0,0,1,27.3,92.1,0.0,0.0,0.0,0.0,108.4,67.9,177.0,50.0,5.9,123.9,41.61,73.1,159.1,28.9,1
37.0,1,0,0,0,1,28.4,78.6,0.0,0.0,0.0,0.0,112.1,76.6,202.0,63.0,5.7,105.1,6.8,67.3,157.9,27.0,1
43.0,1,0,0,0,1,41.8,113.5,0.0,0.0,0.0,0.0,120.5,78.9,156.0,51.0,11.3,75.9,272.05,104.1,162.5,39.4,1
38.0,1,0,0,0,1,39.9,110.3,0.0,0.0,0.0,0.0,123.6,72.8,217.0,40.0,5.8,78.2,33.54,93.1,158.1,37.2,1
60.0,1,0,0,0,1,49.5,148.8,0.0,0.0,0.0,0.0,116.1,74.2,181.0,65.0,6.3,98.0,109.47,175.5,189.7,48.8,1
29.0,1,0,0,0,1,41.3,117.3,0.0,0.0,0.0,0.0,118.6,84.2,180.0,38.0,5.5,137.0,33.42,104.2,164.9,38.3,1
72.0,1,0,0,0,1,25.1,93.0,0.0,0.0,0.0,0.0,120.6,63.0,205.0,82.0,5.6,83.5,14.1,74.4,180.1,22.9,1
69.0,1,0,0,0,1,53.3,154.6,0.0,0.0,0.0,0.0,118.9,72.4,188.0,79.0,5.4,65.0,8.37,122.6,160.4,47.7,1
44.0,1,0,0,0,1,38.8,109.8,0.0,0.0,0.0,0.0,114.5,78.7,244.0,46.0,6.8,113.7,6.49,85.0,157.8,34.2,1
71.0,1,0,0,0,1,27.8,91.0,0.0,0.0,0.0,0.0,117.4,65.4,212.0,36.0,5.3,79.7,7.24,70.7,162.4,26.8,1
18.0,1,0,0,0,1,23.2,75.8,0.0,0.0,0.0,0.0,101.8,62.2,171.0,34.0,4.9,124.4,43.23,65.4,159.6,25.7,1
26.0,1,0,0,0,1,46.6,129.2,0.0,0.0,0.0,0.0,97.9,74.5,158.0,38.0,5.6,121.8,8.12,96.0,157.4,38.8,1
30.0,1,0,0,0,1,24.5,56.4,0.0,0.0,0.0,0.0,108.9,79.3,174.0,50.0,5.2,75.3,7.09,57.8,156.2,23.7,1
45.0,1,0,0,0,1,36.9,115.7,0.0,0.0,0.0,0.0,107.0,65.2,130.0,40.0,5.6,99.4,10.71,99.2,167.6,35.3,1
65.0,1,0,0,0,1,27.7,83.7,0.0,0.0,0.0,0.0,125.3,70.4,128.0,60.0,5.7,87.7,12.8,64.2,156.6,26.2,1
35.0,1,0,0,0,1,41.1,129.8,0.0,0.0,0.0,0.0,90.9,73.4,176.0,47.0,5.6,95.7,4.95,94.4,156.6,38.5,1
43.0,1,0,0,0,1,37.5,106.2,0.0,0.0,0.0,0.0,135.5,100.5,184.0,37.0,10.9,110.3,115.73,85.3,158.6,33.9,1
29.0,1,0,0,0,1,20.7,72.2,0.0,0.0,0.0,0.0,104.0,67.8,164.0,55.0,5.2,78.8,52.91,50.8,158.9,20.1,1
33.0,1,0,0,0,1,19.0,59.7,0.0,0.0,0.0,0.0,111.0,72.9,238.0,84.0,6.0,92.4,11.46,37.4,149.2,16.8,1
33.0,1,0,0,0,1,43.5,125.0,0.0,0.0,0.0,0.0,108.7,82.5,139.0,43.0,5.8,101.9,665.26,100.9,157.3,40.8,1
76.0,1,0,0,0,1,22.4,90.1,0.0,0.0,0.0,0.0,127.1,75.0,161.0,79.0,4.9,44.1,6.29,54.1,159.2,21.3,1
18.0,1,0,0,0,1,32.5,101.6,0.0,0.0,0.0,0.0,94.7,66.8,152.0,66.0,5.3,104.5,7.4,87.3,166.7,31.4,1
29.0,1,0,0,0,1,49.7,132.0,0.0,0.0,0.0,0.0,131.3,76.2,157.0,63.0,6.8,106.3,19.91,108.2,152.7,46.4,1
27.0,1,0,0,0,1,25.9,62.9,0.0,0.0,0.0,0.0,103.5,68.1,215.0,36.0,4.9,115.8,39.18,70.8,167.5,25.2,1
67.0,1,0,0,0,1,23.9,93.9,0.0,0.0,0.0,0.0,113.7,67.0,156.0,53.0,5.4,63.7,13.08,80.2,185.0,23.4,1
45.0,1,0,0,0,1,23.4,80.3,0.0,0.0,0.0,0.0,135.3,78.7,186.0,61.0,5.9,75.0,10.01,56.7,156.8,23.1,1
40.0,1,0,0,0,1,41.7,120.1,0.0,0.0,0.0,0.0,107.8,54.3,168.0,88.0,4.9,127.2,30.79,104.7,158.7,41.6,1
32.0,1,0,0,0,1,25.1,89.7,0.0,0.0,0.0,0.0,136.7,83.1,189.0,49.0,5.6,98.3,10.65,58.2,169.4,20.3,1
79.0,1,0,0,0,1,26.5,92.7,0.0,0.0,0.0,0.0,147.4,74.4,197.0,61.0,5.8,61.2,8.84,68.7,165.4,25.1,1
29.0,1,0,0,0,1,36.4,99.8,0.0,0.0,0.0,0.0,104.5,68.7,161.0,39.0,5.1,108.4,2.94,88.1,160.2,34.3,1
70.0,1,0,0,0,1,40.5,126.5,0.0,0.0,0.0,0.0,113.3,63.6,238.0,40.0,5.5,56.8,41.1,95.2,159.7,37.3,1
47.0,1,0,0,0,1,27.5,93.7,0.0,0.0,0.0,0.0,107.3,70.0,190.0,53.0,4.7,67.1,9.05,74.4,168.2,26.3,1
44.0,1,0,0,0,1,35.4,103.4,0.0,0.0,0.0,0.0,108.3,76.0,153.0,38.0,8.5,102.7,29.76,99.5,177.5,31.6,1
58.0,1,0,0,0,1,26.8,93.9,0.0,0.0,0.0,0.0,103.0,59.5,105.0,81.0,5.3,56.8,37.4,64.6,157.7,26.0,1
69.0,1,0,0,0,1,46.9,141.5,0.0,0.0,0.0,0.0,101.7,78.6,159.0,55.0,5.5,101.5,38.55,109.7,159.0,43.4,1
58.0,1,0,0,0,1,44.0,128.5,0.0,0.0,0.0,0.0,98.7,63.6,119.0,49.0,5.3,126.6,16.92,87.6,151.1,38.4,1
47.0,1,0,0,0,1,35.8,106.8,0.0,0.0,0.0,0.0,99.6,72.9,166.0,53.0,5.9,108.4,7.78,86.6,158.9,34.3,1
71.0,1,0,0,0,1,25.9,84.7,0.0,0.0,0.0,0.0,109.2,66.4,203.0,43.0,5.7,57.5,7.46,56.7,152.3,24.4,1
30.0,1,0,0,0,1,34.9,105.3,0.0,0.0,0.0,0.0,104.4,71.8,174.0,100.0,5.0,96.0,7.33,81.7,162.0,31.1,1
66.0,1,0,0,0,1,26.2,83.3,0.0,0.0,0.0,0.0,109.4,69.8,222.0,114.0,5.6,72.1,12.03,65.5,162.5,24.8,1
34.0,1,0,0,0,1,28.5,92.2,0.0,0.0,0.0,0.0,108.8,61.3,172.0,87.0,5.1,81.5,14.76,63.7,153.1,27.2,1
55.0,1,0,0,0,1,25.2,82.6,0.0,0.0,0.0,0.0,109.8,74.5,143.0,66.0,5.4,107.2,46.95,53.8,155.0,22.4,1
50.0,1,0,0,0,1,28.9,95.7,0.0,0.0,0.0,0.0,119.4,61.5,146.0,40.0,6.3,31.6,33.27,63.5,151.9,27.5,1
31.0,1,0,0,0,1,51.2,138.8,0.0,0.0,0.0,0.0,109.8,72.6,162.0,39.0,5.3,72.5,127.52,115.3,154.7,48.2,1
21.0,1,0,0,0,1,25.7,86.2,0.0,0.0,0.0,0.0,99.5,65.3,164.0,41.0,5.6,130.6,48.08,58.2,150.7,25.6,1
38.0,1,0,0,0,1,26.6,78.2,0.0,0.0,0.0,0.0,112.9,54.3,203.0,76.0,5.3,63.5,10.73,57.3,149.9,25.5,1
50.0,1,0,0,0,1,22.1,60.4,0.0,0.0,0.0,0.0,105.1,64.7,177.0,53.0,9.5,53.0,34.94,50.7,157.9,20.3,1
19.0,1,0,0,0,1,21.0,70.3,0.0,0.0,0.0,0.0,109.1,71.0,168.0,47.0,4.8,128.6,9.87,55.2,157.5,22.3,1
40.0,1,0,0,0,1,23.5,79.6,0.0,0.0,0.0,0.0,101.7,55.3,153.0,48.0,5.6,59.5,21.55,74.2,178.8,23.2,1
60.0,1,0,0,0,1,36.3,116.4,0.0,0.0,0.0,0.0,138.4,82.2,144.0,79.0,5.7,96.7,10.8,81.9,153.8,34.6,1
74.0,1,0,0,0,1,24.9,81.8,0.0,0.0,0.0,0.0,135.2,68.8,211.0,65.0,5.6,117.9,54.86,65.6,165.0,24.1,1
46.0,1,0,0,0,1,39.3,114.7,0.0,0.0,0.0,0.0,97.7,62.3,179.0,36.0,6.0,100.6,6.55,104.3,158.9,41.3,1
21.0,1,0,0,0,1,23.9,92.3,0.0,0.0,0.0,0.0,110.0,69.8,194.0,63.0,6.0,68.7,4.16,67.3,167.0,24.1,1
38.0,1,0,0,0,1,42.5,112.0,0.0,0.0,0.0,0.0,113.0,70.4,164.0,43.0,5.5,104.3,32.67,105.6,158.4,42.1,1
74.0,1,0,0,0,1,44.1,127.6,0.0,0.0,0.0,0.0,100.7,60.4,201.0,81.0,5.5,61.5,46.56,102.2,158.3,40.8,1
29.0,1,0,0,0,1,31.5,95.8,0.0,0.0,0.0,0.0,118.5,65.7,161.0,64.0,5.2,74.9,28.81,71.0,156.4,29.0,1
38.0,1,0,0,0,1,41.8,112.8,0.0,0.0,0.0,0.0,107.2,63.5,151.0,38.0,5.0,112.8,4.43,98.4,157.8,39.5,1
32.0,1,0,0,0,1,23.7,69.1,0.0,0.0,0.0,0.0,107.3,60.3,178.0,40.0,5.4,118.4,5.11,53.6,152.8,23.0,1
22.0,1,0,0,0,1,21.9,85.2,0.0,0.0,0.0,0.0,131.6,80.4,176.0,37.0,5.5,87.6,63.01,59.2,167.2,21.2,1
27.0,1,0,0,0,1,22.8,74.2,0.0,0.0,0.0,0.0,114.8,77.8,175.0,49.0,6.3,118.3,6.91,56.0,158.6,22.3,1
33.0,1,0,0,0,1,29.7,90.4,0.0,0.0,0.0,0.0,103.5,64.2,171.0,91.0,5.4,98.5,10.58,83.1,171.5,28.2,1
23.0,1,0,0,0,1,40.3,97.3,0.0,0.0,0.0,0.0,90.1,66.6,204.0,41.0,5.6,99.7,121.03,93.3,158.7,37.0,1
22.0,1,0,0,0,1,25.1,88.8,0.0,0.0,0.0,0.0,109.2,83.0,221.0,58.0,5.5,112.2,29.18,51.9,143.2,25.3,1
73.0,1,0,0,0,1,32.8,104.9,0.0,0.0,0.0,0.0,89.5,52.2,176.0,69.0,6.0,75.6,9.86,64.8,155.1,26.9,1
60.0,1,0,0,0,1,28.4,101.5,0.0,0.0,0.0,0.0,111.3,70.5,188.0,44.0,5.2,75.7,53.9,66.3,156.7,27.0,1
61.0,1,0,0,0,1,24.5,77.7,0.0,0.0,0.0,0.0,130.3,82.3,229.0,68.0,10.1,89.3,39.48,51.3,148.7,23.2,1
26.0,1,0,0,0,1,23.1,77.6,0.0,0.0,0.0,0.0,101.1,71.5,173.0,81.0,5.1,114.7,4.12,68.2,168.4,24.1,1
31.0,1,0,0,0,1,39.5,107.9,0.0,0.0,0.0,0.0,154.8,91.5,214.0,46.0,5.8,57.4,8.99,83.7,151.8,36.3,1
24.0,1,0,0,0,1,37.9,110.9,0.0,0.0,0.0,0.0,105.3,77.3,143.0,51.0,5.8,102.0,10.57,93.4,158.4,37.2,1
57.0,1,0,0,0,1,26.2,86.9,0.0,0.0,0.0,0.0,118.0,65.8,192.0,74.0,5.6,69.7,5.3,57.9,149.5,25.9,1
36.0,1,0,0,0,1,32.2,101.2,0.0,0.0,0.0,0.0,111.6,76.6,157.0,30.0,5.7,69.8,11.15,71.6,155.2,29.7,1
31.0,1,0,0,0,1,31.9,98.1,0.0,0.0,0.0,0.0,109.2,69.3,228.0,60.0,5.9,119.8,5.85,70.2,157.1,28.5,1
29.0,1,0,0,0,1,31.6,98.6,0.0,0.0,0.0,0.0,104.8,72.0,116.0,35.0,5.3,132.4,41.46,84.1,166.4,30.4,1
55.0,1,0,0,0,1,46.1,124.0,0.0,0.0,0.0,0.0,134.7,83.7,167.0,44.0,5.5,62.9,3.17,98.7,157.5,39.8,1
21.0,1,0,0,0,1,37.4,108.2,0.0,0.0,0.0,0.0,104.8,74.5,120.0,57.0,4.9,118.7,53.64,79.7,158.2,31.8,1
44.0,1,0,0,0,1,27.4,86.2,0.0,0.0,0.0,0.0,127.8,79.0,165.0,71.0,5.3,103.9,40.39,64.3,157.3,26.0,1
70.0,1,0,0,0,1,22.9,77.1,0.0,0.0,0.0,0.0,111.9,76.3,226.0,41.0,5.6,72.6,11.62,45.4,142.4,22.4,1
36.0,1,0,0,0,1,38.1,117.3,0.0,0.0,0.0,0.0,138.2,93.4,154.0,41.0,6.1,124.1,5.23,87.0,155.5,36.0,1
22.0,1,0,0,0,1,31.3,98.4,0.0,0.0,0.0,0.0,103.1,60.3,177.0,41.0,6.1,101.0,13.16,97.0,176.8,31.0,1
30.0,1,0,0,0,1,47.1,136.4,0.0,0.0,0.0,0.0,154.7,87.3,171.0,42.0,4.5,127.0,8.91,102.5,151.6,44.6,1
36.0,1,0,0,0,1,48.2,139.3,0.0,0.0,0.0,0.0,112.5,67.6,200.0,46.0,5.7,102.4,6.7,107.8,151.7,46.9,1
53.0,1,0,0,0,1,24.0,87.0,0.0,0.0,0.0,0.0,112.6,74.9,192.0,49.0,5.2,63.7,7.89,57.6,157.6,23.2,1
60.0,1,0,0,0,1,35.3,113.5,0.0,0.0,0.0,0.0,120.4,62.9,174.0,47.0,5.7,71.5,38.9,87.6,159.0,34.7,1
46.0,1,0,0,0,1,28.0,90.0,0.0,0.0,0.0,0.0,130.0,66.8,206.0,78.0,6.1,62.8,0.3,57.2,158.4,22.8,1
50.0,1,0,0,0,1,22.7,79.6,0.0,0.0,0.0,0.0,105.0,62.5,181.0,77.0,5.2,123.3,8.73,58.4,158.1,23.3,1
33.0,1,0,0,0,1,36.8,103.2,0.0,0.0,0.0,0.0,135.0,81.7,140.0,60.0,5.6,108.8,8.34,88.3,157.2,35.7,1
35.0,1,0,0,0,1,19.7,76.1,0.0,0.0,0.0,0.0,113.9,73.1,118.0,38.0,4.9,76.8,22.21,54.2,167.6,19.3,1
39.0,1,0,0,0,1,22.9,79.8,0.0,0.0,0.0,0.0,106.5,85.2,169.0,77.0,5.8,108.9,7.24,47.2,158.9,18.7,1
28.0,1,0,0,0,1,37.4,111.7,0.0,0.0,0.0,0.0,109.3,72.2,191.0,66.0,5.4,96.6,41.48,83.9,165.3,30.7,1
58.0,1,0,0,0,1,23.1,60.7,0.0,0.0,0.0,0.0,140.5,83.4,197.0,69.0,6.2,92.7,10.02,74.2,183.3,22.1,1
59.0,1,0,0,0,1,30.0,94.0,0.0,0.0,0.0,0.0,110.4,82.4,180.0,45.0,6.3,115.2,60.5,68.9,150.2,30.6,1
21.0,1,0,0,0,1,39.1,114.8,0.0,0.0,0.0,0.0,109.1,67.1,242.0,45.0,5.0,120.4,8.56,83.0,149.4,37.2,1
50.0,1,0,0,0,1,29.0,98.0,0.0,0.0,0.0,0.0,112.7,64.6,177.0,50.0,5.9,67.7,13.57,65.8,152.8,28.2,1
21.0,1,0,0,0,1,38.0,113.7,0.0,0.0,0.0,0.0,111.5,72.0,168.0,44.0,10.7,72.5,37.74,70.2,139.3,36.2,1
20.0,1,0,0,0,1,51.5,141.1,0.0,0.0,0.0,0.0,106.4,66.4,162.0,31.0,5.2,134.1,5.48,152.8,177.6,48.5,1
28.0,1,0,0,0,1,44.5,117.5,0.0,0.0,0.0,0.0,134.6,83.0,176.0,37.0,5.2,122.7,8.61,99.1,157.4,40.0,1
55.0,1,0,0,0,1,26.0,88.6,0.0,0.0,0.0,0.0,117.4,78.2,214.0,47.0,6.2,101.0,11.3,66.3,158.9,26.3,1
28.0,1,0,0,0,1,29.0,85.0,0.0,0.0,0.0,0.0,127.6,73.7,192.0,46.0,5.3,101.2,10.54,79.1,164.4,29.3,1
36.0,1,0,0,0,1,29.0,99.1,0.0,0.0,0.0,0.0,110.5,67.1,182.0,60.0,4.7,120.3,10.97,79.4,169.9,27.5,1
59.0,1,0,0,0,1,27.2,100.4,0.0,0.0,0.0,0.0,124.3,75.3,238.0,35.0,6.0,77.0,40.01,55.7,146.4,26.0,1
29.0,1,0,0,0,1,41.0,119.8,0.0,0.0,0.0,0.0,110.2,84.5,213.0,40.0,5.2,117.6,56.56,83.5,145.4,39.5,1
39.0,1,0,0,0,1,52.6,159.8,0.0,0.0,0.0,0.0,140.1,85.7,199.0,48.0,5.4,100.1,42.6,132.0,162.4,50.1,1
69.0,1,0,0,0,1,24.2,81.2,0.0,0.0,0.0,0.0,130.1,77.5,83.0,67.0,5.7,68.3,105.37,54.5,154.1,23.0,1
73.0,1,0,0,0,1,38.5,112.1,0.0,0.0,0.0,0.0,129.2,90.9,121.0,41.0,9.3,68.2,247.24,92.3,157.9,37.0,1
39.0,1,0,0,0,1,27.1,94.1,0.0,0.0,0.0,0.0,104.3,76.4,182.0,63.0,6.9,81.7,3.91,66.8,162.4,25.3,1
19.0,1,0,0,0,1,22.7,78.5,0.0,0.0,0.0,0.0,129.4,83.6,130.0,58.0,5.6,107.0,6.96,63.2,171.9,21.4,1
59.0,1,0,0,0,1,25.2,79.8,0.0,0.0,0.0,0.0,108.3,76.2,146.0,57.0,5.8,55.6,16.77,70.4,169.2,24.6,1
20.0,1,0,0,0,1,28.9,94.1,0.0,0.0,0.0,0.0,112.7,55.2,160.0,47.0,5.1,107.9,8.87,74.9,164.8,27.6,1
31.0,1,0,0,0,1,37.5,112.8,0.0,0.0,0.0,0.0,140.1,74.5,226.0,45.0,5.3,73.4,5.07,89.5,159.8,35.0,1
27.0,1,0,0,0,1,22.7,71.1,0.0,0.0,0.0,0.0,117.7,83.4,235.0,50.0,5.1,114.4,64.87,53.4,155.5,22.1,1
32.0,1,0,0,0,1,40.5,110.4,0.0,0.0,0.0,0.0,122.4,76.8,189.0,51.0,5.6,108.7,310.95,105.6,165.5,38.6,1
72.0,1,0,0,0,1,24.7,88.8,0.0,0.0,0.0,0.0,129.2,77.6,159.0,48.0,5.2,57.0,33.01,64.0,162.7,24.2,1
20.0,1,0,0,0,1,21.3,75.7,0.0,0.0,0.0,0.0,107.2,67.9,165.0,83.0,5.3,96.1,10.9,47.9,153.1,20.5,1
53.0,1,0,0,0,1,38.5,113.2,0.0,0.0,0.0,0.0,115.6,76.0,166.0,40.0,5.9,112.0,5.86,90.5,157.7,36.4,1
46.0,1,0,0,0,1,41.4,122.8,0.0,0.0,0.0,0.0,97.0,80.5,206.0,51.0,9.7,109.1,386.65,90.6,160.1,35.4,1
37.0,1,0,0,0,1,25.2,80.8,0.0,0.0,0.0,0.0,110.3,76.8,232.0,61.0,5.7,107.0,8.83,54.6,151.7,23.7,1
39.0,1,0,0,0,1,26.2,92.8,0.0,0.0,0.0,0.0,116.4,77.7,230.0,45.0,5.4,57.7,9.31,68.8,159.0,27.2,1
31.0,1,0,0,0,1,48.5,131.8,0.0,0.0,0.0,0.0,115.5,75.1,162.0,44.0,7.0,60.9,32.24,111.3,157.3,45.0,1
28.0,1,0,0,0,1,23.8,80.3,0.0,0.0,0.0,0.0,100.8,62.0,173.0,51.0,5.5,136.3,9.37,58.9,159.3,23.2,1
50.0,1,0,0,0,1,23.3,78.3,0.0,0.0,0.0,0.0,124.9,65.7,227.0,87.0,8.0,95.8,0.3,51.8,162.6,19.6,1
44.0,1,0,0,0,1,28.5,92.4,0.0,0.0,0.0,0.0,117.0,78.9,173.0,43.0,5.6,93.4,39.74,77.9,181.4,23.7,1
37.0,1,0,0,0,1,23.8,92.3,0.0,0.0,0.0,0.0,113.7,79.8,142.0,42.0,6.3,97.2,12.94,64.0,164.7,23.6,1
55.0,1,0,0,0,1,19.1,65.4,0.0,0.0,0.0,0.0,101.5,60.2,168.0,65.0,5.3,73.4,11.35,31.8,153.3,12.4,1
34.0,1,0,0,0,1,49.6,135.9,0.0,0.0,0.0,0.0,118.2,75.7,141.0,31.0,5.9,113.2,43.93,98.8,145.7,46.5,1
43.0,1,0,0,0,1,23.2,83.8,0.0,0.0,0.0,0.0,97.6,66.5,131.0,25.0,5.4,84.6,43.29,48.5,155.1,20.2,1
21.0,1,0,0,0,1,22.7,74.3,0.0,0.0,0.0,0.0,98.3,69.1,172.0,34.0,5.3,132.6,5.23,51.9,160.1,20.2,1
69.0,1,0,0,0,1,30.1,103.9,0.0,0.0,0.0,0.0,105.1,67.1,170.0,77.0,5.8,79.7,45.26,67.8,154.1,28.5,1
18.0,1,0,0,0,1,20.9,78.1,0.0,0.0,0.0,0.0,107.3,73.4,188.0,40.0,5.3,84.9,40.16,47.2,148.6,21.4,1
22.0,1,0,0,0,1,20.8,74.1,0.0,0.0,0.0,0.0,130.3,79.1,186.0,40.0,6.7,77.0,46.42,46.2,152.8,19.8,1
34.0,1,0,0,0,1,23.4,78.5,0.0,0.0,0.0,0.0,110.9,62.8,170.0,66.0,4.9,73.9,17.36,68.6,166.4,24.8,1
59.0,1,0,0,0,1,27.3,95.1,0.0,0.0,0.0,0.0,116.3,64.9,203.0,46.0,5.2,59.8,6.63,69.5,160.7,26.9,1
23.0,1,0,0,0,1,33.5,112.2,0.0,0.0,0.0,0.0,109.6,74.4,166.0,64.0,6.2,117.1,10.68,82.5,163.0,31.1,1
47.0,1,0,0,0,1,31.7,105.8,0.0,0.0,0.0,0.0,130.2,69.1,178.0,43.0,5.6,79.0,51.2,79.8,158.3,31.8,1
57.0,1,0,0,0,1,33.3,107.2,0.0,0.0,0.0,0.0,142.5,83.8,242.0,50.0,5.8,60.7,10.64,79.8,158.2,31.9,1
41.0,1,0,0,0,1,35.7,106.0,0.0,0.0,0.0,0.0,127.1,77.9,207.0,31.0,5.7,108.0,2.24,70.6,150.2,31.3,1
68.0,1,0,0,0,1,25.1,90.5,0.0,0.0,0.0,0.0,147.6,59.3,180.0,52.0,5.5,73.0,8.97,57.7,157.4,23.3,1
74.0,1,0,0,0,1,23.9,77.0,0.0,0.0,0.0,0.0,100.8,62.7,161.0,75.0,5.7,80.3,8.14,59.4,160.0,23.2,1
76.0,1,0,0,0,1,24.2,81.2,0.0,0.0,0.0,0.0,142.0,87.1,181.0,50.0,5.7,96.7,44.2,56.6,155.2,23.5,1
56.0,1,0,0,0,1,21.0,78.8,0.0,0.0,0.0,0.0,124.4,94.4,130.0,50.0,8.9,84.0,43.59,47.3,153.1,20.2,1
59.0,1,0,0,0,1,26.7,91.9,0.0,0.0,0.0,0.0,124.9,80.1,220.0,83.0,5.5,74.6,12.57,63.2,158.7,25.1,1
19.0,1,0,0,0,1,41.3,119.0,0.0,0.0,0.0,0.0,108.5,66.3,233.0,43.0,5.2,123.5,9.08,100.5,162.2,38.2,1
42.0,1,0,0,0,1,21.7,74.7,0.0,0.0,0.0,0.0,124.6,80.3,225.0,57.0,6.0,51.7,5.94,44.8,156.4,18.3,1
46.0,1,0,0,0,1,27.6,89.2,0.0,0.0,0.0,0.0,107.8,74.2,241.0,44.0,6.1,71.1,8.35,77.8,158.3,31.1,1
50.0,1,0,0,0,1,24.2,81.5,0.0,0.0,0.0,0.0,110.7,62.9,238.0,52.0,5.2,105.2,52.51,48.7,158.9,19.3,1
49.0,1,0,0,0,1,25.6,86.6,0.0,0.0,0.0,0.0,109.8,63.4,209.0,45.0,5.4,127.7,3.83,59.4,158.4,23.7,1
71.0,0,1,0,1,0,29.2,112.7,0.0,0.0,1.0,0.0,92.0,65.9,138.0,36.0,5.1,84.4,21.14,87.8,173.4,29.2,0
65.0,0,1,0,1,0,24.5,86.2,0.0,0.0,1.0,0.0,118.3,61.3,184.0,53.0,5.3,101.1,4.18,68.3,169.5,23.8,0
62.0,0,1,0,1,0,26.9,96.0,0.0,0.0,1.0,0.0,125.8,78.4,219.0,73.0,5.6,111.8,0.3,76.3,170.3,26.3,0
34.0,0,1,0,1,0,27.0,85.3,0.0,0.0,1.0,0.0,107.8,71.8,148.0,49.0,4.9,83.4,4.93,77.3,167.2,27.7,0
36.0,0,1,0,1,0,26.4,93.8,0.0,0.0,1.0,0.0,106.8,61.5,152.0,38.0,5.3,71.4,2.54,63.5,152.7,27.2,0
39.0,0,1,0,1,0,28.0,96.9,0.0,0.0,1.0,0.0,122.9,77.6,186.0,46.0,5.4,93.7,11.04,90.2,184.1,26.6,0
31.0,0,1,0,1,0,37.0,106.5,0.0,0.0,1.0,0.0,133.8,74.5,208.0,40.0,5.9,130.0,9.39,101.2,168.8,35.5,0
70.0,0,1,0,1,0,22.8,91.3,0.0,0.0,1.0,0.0,121.6,75.6,180.0,35.0,4.8,68.6,10.52,62.9,168.9,22.1,0
71.0,0,1,0,1,0,34.8,111.3,0.0,0.0,1.0,0.0,123.6,63.5,237.0,48.0,5.8,94.5,6.44,90.1,165.4,32.9,0
21.0,0,1,0,1,0,25.1,58.2,0.0,0.0,1.0,0.0,131.5,83.5,139.0,39.0,5.2,96.4,11.85,63.4,158.8,25.1,0
57.0,0,1,0,1,0,24.1,91.6,0.0,0.0,1.0,0.0,120.9,76.8,209.0,34.0,5.6,77.9,1.83,80.2,184.1,23.7,0
50.0,0,1,0,1,0,38.6,130.0,0.0,0.0,1.0,0.0,114.8,63.6,162.0,34.0,5.3,92.2,11.47,132.3,189.7,36.8,0
40.0,0,1,0,1,0,23.5,93.8,0.0,0.0,1.0,0.0,129.6,77.4,196.0,35.0,5.7,90.4,6.36,79.4,186.3,22.9,0
77.0,0,1,0,1,0,23.3,87.3,0.0,0.0,1.0,0.0,103.4,64.8,203.0,83.0,4.5,86.0,1.72,77.0,184.9,22.5,0
70.0,0,1,0,1,0,28.6,99.3,0.0,0.0,1.0,0.0,124.5,83.9,250.0,68.0,5.3,73.1,6.87,94.6,179.8,29.3,0
36.0,0,1,0,1,0,24.2,82.1,0.0,0.0,1.0,0.0,109.5,62.1,194.0,53.0,4.7,143.2,10.2,72.5,168.3,25.6,0
55.0,0,1,0,1,0,46.9,150.7,0.0,0.0,1.0,0.0,130.5,83.6,151.0,45.0,5.2,125.2,8.18,123.6,167.8,43.9,0
54.0,0,1,0,1,0,25.2,87.5,0.0,0.0,1.0,0.0,128.7,72.8,168.0,38.0,4.9,74.0,8.11,79.1,179.3,24.6,0
24.0,0,1,0,1,0,39.8,107.6,0.0,0.0,1.0,0.0,110.0,74.0,171.0,44.0,4.8,120.0,10.93,126.3,181.4,38.4,0
76.0,0,1,0,1,0,27.5,106.5,0.0,0.0,1.0,0.0,141.9,85.6,155.0,87.0,5.3,90.6,62.4,81.3,173.7,26.9,0
62.0,0,1,0,1,0,25.7,77.7,0.0,0.0,1.0,0.0,119.2,71.0,190.0,37.0,5.3,96.5,4.62,69.3,179.4,21.5,0
76.0,0,1,0,1,0,21.3,78.5,0.0,0.0,1.0,0.0,127.1,67.3,143.0,71.0,4.5,77.6,0.3,59.4,169.5,20.7,0
30.0,0,1,0,1,0,38.5,119.8,0.0,0.0,1.0,0.0,118.5,68.1,141.0,38.0,5.4,111.0,7.59,92.4,168.4,32.6,0
75.0,0,1,0,1,0,31.1,105.9,0.0,0.0,1.0,0.0,126.7,64.3,234.0,88.0,5.3,77.1,9.3,77.9,162.5,29.5,0
52.0,0,1,0,1,0,28.5,93.6,0.0,0.0,1.0,0.0,121.0,67.0,122.0,55.0,4.8,65.2,43.31,94.4,183.0,28.2,0
38.0,0,1,0,1,0,45.4,132.1,0.0,0.0,1.0,0.0,116.9,74.7,141.0,53.0,4.7,130.2,6.83,127.7,173.2,42.6,0
64.0,0,1,0,1,0,42.5,136.0,0.0,0.0,1.0,0.0,103.2,72.6,169.0,35.0,5.9,84.1,10.65,141.6,184.4,41.7,0
74.0,0,1,0,1,0,29.0,95.9,0.0,0.0,1.0,0.0,103.9,66.2,111.0,51.0,4.9,89.9,6.66,106.9,189.7,29.7,0
53.0,0,1,0,1,0,27.1,98.5,0.0,0.0,1.0,0.0,159.3,85.5,189.0,45.0,5.5,81.6,158.25,86.7,180.7,26.5,0
35.0,0,1,0,1,0,38.6,114.1,0.0,0.0,1.0,0.0,129.1,91.5,212.0,44.0,5.4,82.1,8.32,103.1,167.5,36.8,0
36.0,0,1,0,1,0,32.0,105.4,0.0,0.0,1.0,0.0,105.4,73.1,202.0,43.0,5.4,106.7,24.6,108.7,183.2,32.4,0
38.0,0,1,0,1,0,24.3,95.9,0.0,0.0,1.0,0.0,119.3,76.2,172.0,29.0,4.9,95.7,6.84,79.1,179.2,24.6,0
69.0,0,1,0,1,0,31.5,107.6,0.0,0.0,1.0,0.0,108.0,70.2,111.0,29.0,7.3,95.5,19.63,99.0,175.6,32.1,0
75.0,0,1,0,1,0,35.4,122.7,0.0,0.0,1.0,0.0,129.5,76.6,180.0,58.0,5.2,36.3,37.73,101.3,175.1,33.0,0
79.0,0,1,0,1,0,28.5,92.8,0.0,0.0,1.0,0.0,104.5,70.6,198.0,50.0,5.0,74.9,39.07,63.7,151.8,27.6,0
33.0,0,1,0,1,0,28.2,99.7,0.0,0.0,1.0,0.0,111.5,80.7,183.0,34.0,4.9,97.1,2.27,73.7,177.7,23.3,0
60.0,0,1,0,1,0,25.7,88.5,0.0,0.0,1.0,0.0,109.3,65.2,147.0,41.0,5.6,67.9,10.56,65.6,167.8,23.3,0
29.0,0,1,0,1,0,28.7,100.7,0.0,0.0,1.0,0.0,94.0,67.3,202.0,39.0,4.9,100.5,11.84,94.3,182.5,28.3,0
33.0,0,1,0,1,0,24.5,90.7,0.0,0.0,1.0,0.0,110.0,70.5,135.0,51.0,5.3,77.3,7.81,73.7,174.3,24.3,0
29.0,0,1,0,1,0,25.2,83.2,0.0,0.0,1.0,0.0,107.6,75.0,142.0,33.0,4.6,102.0,29.08,71.2,165.4,26.0,0
78.0,0,1,0,1,0,29.6,107.0,0.0,0.0,1.0,0.0,110.9,58.1,166.0,32.0,5.1,76.2,19.05,103.6,190.2,28.6,0
32.0,0,1,0,1,0,27.6,98.1,0.0,0.0,1.0,0.0,125.4,77.2,165.0,24.0,4.9,88.7,0.97,70.9,167.8,25.2,0
69.0,0,1,0,1,0,27.7,98.7,0.0,0.0,1.0,0.0,111.3,64.6,154.0,38.0,4.7,90.9,74.63,71.3,157.6,28.7,0
49.0,0,1,0,1,0,33.0,105.1,0.0,0.0,1.0,0.0,131.4,78.9,111.0,63.0,5.7,105.0,2.98,91.2,169.6,31.7,0
31.0,0,1,0,1,0,27.2,95.4,0.0,0.0,1.0,0.0,112.5,64.6,128.0,74.0,5.8,92.7,13.23,86.6,179.7,26.8,0
72.0,0,1,0,1,0,30.4,111.3,0.0,0.0,1.0,0.0,110.9,72.2,220.0,41.0,5.2,74.4,9.15,96.1,182.8,28.8,0
32.0,0,1,0,1,0,27.1,94.4,0.0,0.0,1.0,0.0,100.5,68.4,220.0,68.0,5.2,80.4,10.08,84.7,181.4,25.7,0
68.0,0,1,0,1,0,26.6,94.9,0.0,0.0,1.0,0.0,134.4,84.1,140.0,56.0,5.3,63.4,1.61,78.1,174.1,25.8,0
43.0,0,1,0,1,0,37.3,115.6,0.0,0.0,1.0,0.0,116.3,74.0,177.0,41.0,5.3,126.9,29.1,98.9,162.5,37.5,0
65.0,0,1,0,1,0,23.5,89.2,0.0,0.0,1.0,0.0,129.6,79.1,217.0,47.0,5.3,78.2,2.79,87.1,188.4,24.5,0
66.0,0,1,0,1,0,23.6,87.1,0.0,0.0,1.0,0.0,92.9,68.7,172.0,44.0,5.4,93.8,33.11,48.7,143.2,23.8,0
68.0,0,1,0,1,0,28.5,103.2,0.0,0.0,1.0,0.0,104.5,68.3,167.0,50.0,4.9,98.3,21.39,77.5,169.6,26.9,0
22.0,0,1,0,1,0,26.3,94.0,0.0,0.0,1.0,0.0,119.0,63.6,216.0,51.0,4.9,129.0,5.5,81.1,174.4,26.7,0
30.0,0,1,0,1,0,28.0,98.0,0.0,0.0,1.0,0.0,101.8,65.2,179.0,41.0,5.3,107.2,2.6,81.2,168.7,28.5,0
74.0,0,1,0,1,0,27.7,97.7,0.0,0.0,1.0,0.0,124.7,60.4,158.0,68.0,5.3,95.6,8.29,78.1,181.6,23.7,0
40.0,0,1,0,1,0,30.3,114.8,0.0,0.0,1.0,0.0,110.1,60.5,229.0,51.0,5.3,115.7,47.07,88.5,173.4,29.4,0
56.0,0,1,0,1,0,27.6,105.5,0.0,0.0,1.0,0.0,119.0,69.4,130.0,42.0,5.1,101.0,11.42,92.7,186.2,26.8,0
57.0,0,1,0,1,0,26.3,96.1,0.0,0.0,1.0,0.0,133.2,78.9,226.0,57.0,5.3,74.1,9.95,81.0,181.4,24.6,0
19.0,0,1,0,1,0,35.3,117.7,0.0,0.0,1.0,0.0,154.1,85.3,168.0,69.0,5.6,115.2,11.06,100.3,178.6,31.4,0
32.0,0,1,0,1,0,22.5,79.5,0.0,0.0,1.0,0.0,111.7,73.3,215.0,40.0,4.9,121.1,13.46,66.3,171.1,22.7,0
55.0,0,1,0,1,0,33.2,109.9,0.0,0.0,1.0,0.0,131.9,85.3,228.0,38.0,5.0,96.1,6.87,108.3,180.7,33.2,0
27.0,0,1,0,1,0,20.9,92.4,0.0,0.0,1.0,0.0,108.5,67.9,193.0,79.0,4.9,99.0,6.87,77.8,189.0,21.8,0
66.0,0,1,0,1,0,23.9,82.6,0.0,0.0,1.0,0.0,98.9,69.9,189.0,47.0,5.1,103.5,8.17,64.7,158.6,25.7,0
68.0,0,1,0,1,0,30.3,104.6,0.0,0.0,1.0,0.0,124.7,65.8,197.0,88.0,4.8,90.0,10.28,86.9,172.4,29.2,0
57.0,0,1,0,1,0,32.1,111.3,0.0,0.0,1.0,0.0,104.6,66.3,189.0,41.0,5.5,120.3,7.38,107.2,183.7,31.8,0
30.0,0,1,0,1,0,24.7,83.0,0.0,0.0,1.0,0.0,108.4,70.6,161.0,77.0,5.2,132.8,4.42,86.5,182.1,26.1,0
69.0,0,1,0,1,0,33.6,114.8,0.0,0.0,1.0,0.0,95.1,65.8,178.0,51.0,4.5,110.6,53.81,106.7,182.3,32.1,0
40.0,0,1,0,1,0,28.6,91.7,0.0,0.0,1.0,0.0,117.3,66.8,208.0,44.0,4.9,87.8,7.47,93.0,185.0,27.2,0
37.0,0,1,0,1,0,36.0,100.4,0.0,0.0,1.0,0.0,138.9,80.7,162.0,41.0,5.2,116.7,7.57,100.4,168.0,35.6,0
38.0,0,1,0,1,0,30.7,94.3,0.0,0.0,1.0,0.0,111.6,71.0,250.0,86.0,4.8,106.3,9.52,102.7,180.6,31.5,0
29.0,0,1,0,1,0,33.2,108.2,0.0,0.0,1.0,0.0,118.8,69.3,239.0,69.0,5.4,86.8,1.18,106.8,183.6,31.7,0
62.0,0,1,0,1,0,19.7,78.2,0.0,0.0,1.0,0.0,127.4,85.1,255.0,46.0,4.5,82.4,10.75,66.6,175.3,21.7,0
53.0,0,1,0,1,0,29.9,101.0,0.0,0.0,1.0,0.0,96.3,67.7,229.0,51.0,5.1,85.1,10.74,68.8,152.4,29.6,0
78.0,0,1,0,1,0,26.8,97.2,0.0,0.0,1.0,0.0,127.6,80.9,260.0,68.0,4.9,76.0,9.3,90.6,186.5,26.1,0
37.0,0,1,0,1,0,32.5,97.1,0.0,0.0,1.0,0.0,108.7,71.3,185.0,51.0,5.1,114.4,10.47,73.6,158.8,29.2,0
30.0,0,1,0,1,0,28.1,97.4,0.0,0.0,1.0,0.0,122.3,77.2,235.0,40.0,5.0,88.6,13.56,95.8,187.9,27.1,0
59.0,0,1,0,1,0,28.9,102.3,0.0,0.0,1.0,0.0,112.1,73.1,212.0,83.0,5.8,88.4,13.79,81.2,167.0,29.1,0
41.0,0,1,0,1,0,31.7,106.1,0.0,0.0,1.0,0.0,98.3,69.7,166.0,62.0,5.1,103.1,6.2,56.5,147.5,26.0,0
65.0,0,1,0,1,0,28.2,90.2,0.0,0.0,1.0,0.0,101.1,60.0,144.0,63.0,4.7,86.8,34.07,63.8,150.5,28.2,0
69.0,0,1,0,1,0,46.2,128.0,0.0,0.0,1.0,0.0,126.5,60.3,166.0,47.0,5.7,71.6,59.16,124.6,168.5,43.9,0
72.0,0,1,0,1,0,26.4,94.4,0.0,0.0,1.0,0.0,121.0,74.4,234.0,59.0,4.7,104.3,3.05,84.6,184.5,24.8,0
61.0,0,1,0,1,0,29.8,91.0,0.0,0.0,1.0,0.0,120.4,71.3,216.0,50.0,4.8,95.6,5.72,82.0,167.6,29.2,0
39.0,0,1,0,1,0,36.1,123.6,0.0,0.0,1.0,0.0,124.4,76.5,128.0,43.0,5.4,115.0,10.18,102.2,170.8,35.0,0
67.0,0,1,0,1,0,28.4,94.7,0.0,0.0,1.0,0.0,103.7,65.6,123.0,35.0,6.4,80.4,11.27,85.5,177.3,27.2,0
30.0,0,1,0,1,0,40.2,126.9,0.0,0.0,1.0,0.0,130.3,85.0,143.0,54.0,5.0,100.2,6.57,104.2,174.0,34.4,0
31.0,0,1,0,1,0,23.2,80.5,0.0,0.0,1.0,0.0,118.3,61.0,172.0,55.0,5.6,95.4,13.18,60.5,160.2,23.6,0
66.0,0,1,0,1,0,21.1,87.6,0.0,0.0,1.0,0.0,101.4,51.2,161.0,61.0,5.2,66.0,42.98,58.3,169.3,20.3,0
56.0,0,1,0,1,0,37.9,119.5,0.0,0.0,1.0,0.0,127.6,81.9,223.0,75.0,5.4,81.3,8.43,108.7,169.7,37.7,0
74.0,0,1,0,1,0,29.0,102.6,0.0,0.0,1.0,0.0,133.8,79.1,236.0,54.0,5.8,64.2,3.32,91.4,180.1,28.2,0
28.0,0,1,0,1,0,19.3,69.3,0.0,0.0,1.0,0.0,94.1,62.1,168.0,45.0,4.8,100.5,0.3,71.8,185.6,20.9,0
75.0,0,1,0,1,0,26.8,88.3,0.0,0.0,1.0,0.0,125.7,71.2,171.0,48.0,5.2,95.6,26.05,85.5,182.5,25.7,0
72.0,0,1,0,1,0,28.3,103.3,0.0,0.0,1.0,0.0,132.8,82.2,231.0,42.0,5.2,85.0,6.84,88.9,179.6,27.6,0
34.0,0,1,0,1,0,30.6,91.8,0.0,0.0,1.0,0.0,132.0,83.0,159.0,38.0,5.5,68.9,10.86,87.6,169.5,30.5,0
64.0,0,1,0,1,0,28.9,110.1,0.0,0.0,1.0,0.0,112.9,74.2,128.0,49.0,5.5,94.3,8.88,104.4,190.2,28.9,0
71.0,0,1,0,1,0,26.4,96.7,0.0,0.0,1.0,0.0,130.5,78.4,194.0,83.0,6.1,42.4,11.39,71.2,176.4,22.9,0
78.0,0,1,0,1,0,25.3,88.5,0.0,0.0,1.0,0.0,102.8,63.1,213.0,63.0,4.8,70.9,0.3,68.8,164.9,25.3,0
21.0,0,1,0,1,0,25.9,98.0,0.0,0.0,1.0,0.0,111.1,72.6,167.0,35.0,5.3,87.0,4.26,90.6,182.9,27.1,0
73.0,0,1,0,1,0,28.7,89.1,0.0,0.0,1.0,0.0,94.7,52.7,178.0,34.0,5.1,116.8,13.24,96.8,183.5,28.7,0
67.0,0,1,0,1,0,35.3,118.2,0.0,0.0,1.0,0.0,111.7,75.5,218.0,36.0,5.3,76.3,3.6,112.1,182.4,33.7,0
40.0,0,1,0,1,0,41.2,123.3,0.0,0.0,1.0,0.0,103.1,69.1,190.0,56.0,5.5,87.1,5.9,127.7,180.3,39.3,0
70.0,0,1,0,1,0,28.1,100.0,0.0,0.0,1.0,0.0,108.1,72.5,229.0,46.0,5.6,78.5,7.03,82.8,174.7,27.1,0
19.0,0,1,0,1,0,31.2,108.1,0.0,0.0,1.0,0.0,121.9,79.2,118.0,34.0,5.6,100.6,4.03,89.1,168.6,31.4,0
33.0,0,1,0,1,0,24.6,87.9,0.0,0.0,1.0,0.0,107.3,73.1,184.0,81.0,5.1,67.3,8.79,86.6,186.6,24.9,0
28.0,0,1,0,1,0,35.7,117.5,0.0,0.0,1.0,0.0,97.6,71.5,159.0,34.0,5.3,98.6,12.26,97.5,169.4,34.0,0
64.0,0,1,0,1,0,35.1,117.2,0.0,0.0,1.0,0.0,105.2,71.9,243.0,41.0,5.9,93.5,5.55,102.8,172.7,34.5,0
71.0,0,1,0,1,0,26.0,93.4,0.0,0.0,1.0,0.0,106.2,67.6,179.0,73.0,5.9,110.0,21.97,57.6,153.7,24.4,0
50.0,0,1,0,1,0,31.9,109.3,0.0,0.0,1.0,0.0,104.9,67.5,146.0,51.0,4.8,117.9,4.75,111.3,184.3,32.8,0
67.0,0,1,0,1,0,22.7,92.9,0.0,0.0,1.0,0.0,100.3,66.7,144.0,38.0,4.9,86.3,2.0,67.8,173.7,22.5,0
38.0,0,1,0,1,0,25.6,89.8,0.0,0.0,1.0,0.0,94.3,61.5,155.0,61.0,5.1,111.2,0.81,80.5,176.7,25.8,0
62.0,0,1,0,1,0,30.3,96.6,0.0,0.0,1.0,0.0,105.7,74.3,158.0,54.0,5.7,100.4,7.36,81.3,177.7,25.8,0
71.0,0,1,0,1,0,26.7,102.9,0.0,0.0,1.0,0.0,99.7,70.6,218.0,70.0,5.6,84.7,11.38,63.0,159.1,24.9,0
74.0,0,1,0,1,0,27.1,98.5,0.0,0.0,1.0,0.0,126.0,75.9,126.0,53.0,5.5,62.1,1.89,78.5,173.4,26.1,0
73.0,0,1,0,1,0,24.0,88.8,0.0,0.0,1.0,0.0,124.9,72.5,187.0,47.0,5.4,75.2,10.8,79.2,183.4,23.5,0
66.0,0,1,0,1,0,18.9,80.9,0.0,0.0,1.0,0.0,125.6,73.4,155.0,91.0,4.6,105.6,6.25,38.1,142.7,18.7,0
70.0,0,1,0,1,0,30.7,106.0,0.0,0.0,1.0,0.0,94.2,59.7,173.0,77.0,4.9,88.3,10.34,99.0,185.7,28.7,0
38.0,0,1,0,1,0,25.2,83.9,0.0,0.0,1.0,0.0,113.9,78.8,219.0,46.0,5.0,121.9,4.31,74.9,168.3,26.4,0
38.0,0,1,0,1,0,22.1,76.6,0.0,0.0,1.0,0.0,109.1,71.7,222.0,54.0,4.7,86.2,5.17,69.7,179.1,21.7,0
62.0,0,1,0,1,0,22.0,82.5,0.0,0.0,1.0,0.0,120.8,76.8,220.0,60.0,5.6,72.8,0.3,64.2,172.7,21.5,0
61.0,0,1,0,1,0,22.2,83.9,0.0,0.0,1.0,0.0,125.4,63.6,183.0,50.0,5.4,89.8,10.7,69.3,177.1,22.1,0
39.0,0,1,0,1,0,27.1,100.8,0.0,0.0,1.0,0.0,107.7,64.2,171.0,41.0,5.1,67.0,4.02,89.9,182.7,26.9,0
39.0,0,1,0,1,0,24.3,81.0,0.0,0.0,1.0,0.0,108.1,77.8,182.0,42.0,5.7,110.8,10.95,78.6,173.8,26.0,0
22.0,0,1,0,1,0,26.4,101.1,0.0,0.0,1.0,0.0,107.9,74.2,204.0,62.0,5.3,77.8,7.84,95.2,189.9,26.4,0
30.0,0,1,0,1,0,20.8,83.0,0.0,0.0,1.0,0.0,118.0,77.2,187.0,55.0,4.6,93.4,24.73,58.0,168.5,20.4,0
37.0,0,1,0,1,0,24.2,89.2,0.0,0.0,1.0,0.0,102.5,78.5,254.0,45.0,5.1,121.2,14.33,61.7,151.4,26.9,0
74.0,0,1,0,1,0,41.6,126.2,0.0,0.0,1.0,0.0,141.6,81.0,236.0,86.0,5.8,88.5,28.55,98.6,158.1,39.4,0
22.0,0,1,0,1,0,44.2,131.8,0.0,0.0,1.0,0.0,132.4,79.0,204.0,40.0,5.5,96.1,8.77,145.4,189.3,40.6,0
32.0,0,1,0,1,0,37.7,120.3,0.0,0.0,1.0,0.0,130.1,74.8,213.0,56.0,4.9,87.9,7.58,128.2,188.1,36.2,0
75.0,0,1,0,1,0,43.7,130.0,0.0,0.0,1.0,0.0,110.0,70.2,121.0,38.0,5.4,105.2,33.49,153.2,192.2,41.5,0
32.0,0,1,0,1,0,29.0,90.4,0.0,0.0,1.0,0.0,122.6,76.3,165.0,37.0,5.4,135.8,11.32,69.5,157.4,28.0,0
70.0,0,1,0,1,0,29.4,92.7,0.0,0.0,1.0,0.0,119.5,80.0,192.0,86.0,6.2,95.5,8.58,74.3,160.2,29.0,0
34.0,0,1,0,1,0,45.6,135.5,0.0,0.0,1.0,0.0,115.2,75.2,103.0,33.0,5.3,111.8,10.08,128.4,169.7,44.6,0
39.0,0,1,0,1,0,23.6,102.4,0.0,0.0,1.0,0.0,133.6,83.5,179.0,35.0,4.9,104.9,56.43,78.2,182.5,23.5,0
53.0,0,1,0,1,0,23.2,87.0,0.0,0.0,1.0,0.0,144.0,92.3,144.0,52.0,5.5,103.7,9.71,66.8,170.2,23.1,0
75.0,1,0,0,1,0,30.6,104.2,0.0,0.0,1.0,0.0,123.5,73.2,135.0,38.0,5.3,74.2,4.91,76.3,164.7,28.1,0
68.0,1,0,0,1,0,31.0,106.1,0.0,0.0,1.0,0.0,101.2,67.9,151.0,36.0,5.8,74.9,9.21,75.9,159.5,29.8,0
64.0,1,0,0,1,0,28.3,84.8,0.0,0.0,1.0,0.0,112.2,77.2,168.0,41.0,5.8,86.8,7.01,64.9,154.5,27.2,0
55.0,1,0,0,1,0,48.9,141.4,0.0,0.0,1.0,0.0,106.5,57.1,195.0,60.0,5.4,70.2,0.3,109.3,152.1,47.2,0
56.0,1,0,0,1,0,37.4,109.0,0.0,0.0,1.0,0.0,106.4,70.7,134.0,51.0,5.6,78.0,8.57,67.7,151.4,29.5,0
65.0,1,0,0,1,0,51.4,139.3,0.0,0.0,1.0,0.0,131.0,71.8,112.0,40.0,8.8,49.9,7.23,94.4,153.7,39.9,0
63.0,1,0,0,1,0,32.4,101.8,0.0,0.0,1.0,0.0,121.6,64.6,175.0,57.0,5.1,84.9,22.85,80.9,162.8,30.5,0
71.0,1,0,0,1,0,24.3,77.6,0.0,0.0,1.0,0.0,104.6,71.0,165.0,76.0,5.0,112.3,49.99,60.4,152.0,26.1,0
71.0,1,0,0,1,0,25.0,90.3,0.0,0.0,1.0,0.0,132.4,75.5,140.0,50.0,5.6,98.6,4.61,53.5,152.0,23.2,0
48.0,1,0,0,1,0,37.3,93.2,0.0,0.0,1.0,0.0,102.5,72.5,174.0,58.0,5.9,66.7,5.35,91.3,158.9,36.2,0
78.0,1,0,0,1,0,28.4,101.9,0.0,0.0,1.0,0.0,126.6,64.3,212.0,79.0,4.7,102.6,11.35,64.3,154.4,27.0,0
35.0,1,0,0,1,0,36.8,114.8,0.0,0.0,1.0,0.0,118.0,84.5,243.0,45.0,5.6,98.3,8.08,101.5,169.5,35.3,0
31.0,1,0,0,1,0,22.4,76.1,0.0,0.0,1.0,0.0,125.5,78.6,176.0,68.0,5.2,91.0,8.75,46.3,152.5,19.9,0
38.0,1,0,0,1,0,21.8,86.0,0.0,0.0,1.0,0.0,113.8,75.5,146.0,50.0,5.2,83.5,11.2,45.8,149.6,20.4,0
59.0,1,0,0,1,0,18.4,75.1,0.0,0.0,1.0,0.0,103.6,71.7,247.0,74.0,5.5,100.0,6.07,50.4,164.7,18.6,0
54.0,1,0,0,1,0,31.0,96.0,0.0,0.0,1.0,0.0,125.1,83.5,214.0,35.0,5.7,97.0,3.27,71.1,155.4,29.4,0
63.0,1,0,0,1,0,29.4,105.3,0.0,0.0,1.0,0.0,124.7,80.4,176.0,41.0,4.7,114.3,8.84,68.3,151.9,29.6,0
72.0,1,0,0,1,0,36.5,116.2,0.0,0.0,1.0,0.0,131.5,76.3,178.0,40.0,5.5,72.2,1.45,96.9,162.7,36.6,0
75.0,1,0,0,1,0,35.2,114.1,0.0,0.0,1.0,0.0,125.3,77.0,171.0,37.0,5.7,96.6,14.81,115.7,186.1,33.4,0
27.0,1,0,0,1,0,38.9,110.2,0.0,0.0,1.0,0.0,104.3,69.4,166.0,41.0,5.5,106.3,2.0,89.1,154.1,37.5,0
36.0,1,0,0,1,0,28.6,92.6,0.0,0.0,1.0,0.0,103.8,63.2,184.0,42.0,5.1,87.0,42.26,92.1,174.8,30.1,0
72.0,1,0,0,1,0,28.1,98.9,0.0,0.0,1.0,0.0,113.2,65.2,242.0,47.0,6.7,111.1,3.14,87.9,180.2,27.1,0
30.0,1,0,0,1,0,39.8,101.2,0.0,0.0,1.0,0.0,109.2,73.6,149.0,56.0,5.2,120.1,11.07,93.4,158.0,37.4,0
67.0,1,0,0,1,0,28.3,98.1,0.0,0.0,1.0,0.0,109.2,69.3,167.0,76.0,5.2,86.7,40.03,64.8,155.0,27.0,0
69.0,1,0,0,1,0,27.0,87.9,0.0,0.0,1.0,0.0,103.8,66.3,191.0,91.0,6.9,96.1,6.13,52.8,154.0,22.2,0
45.0,1,0,0,1,0,39.2,116.3,0.0,0.0,1.0,0.0,90.9,65.9,171.0,40.0,6.0,92.9,6.99,80.5,152.9,34.5,0
32.0,1,0,0,1,0,46.4,130.1,0.0,0.0,1.0,0.0,88.9,66.5,135.0,60.0,4.9,103.3,20.46,103.0,154.9,42.9,0
35.0,1,0,0,1,0,27.3,86.6,0.0,0.0,1.0,0.0,112.5,81.8,192.0,64.0,6.1,83.2,42.26,62.2,158.3,24.8,0
54.0,1,0,0,1,0,35.7,118.1,0.0,0.0,1.0,0.0,101.5,72.6,264.0,56.0,5.5,92.2,10.34,87.3,158.6,34.7,0
53.0,1,0,0,1,0,25.4,88.9,0.0,0.0,1.0,0.0,130.5,73.5,212.0,38.0,5.3,90.9,35.55,76.8,172.0,26.0,0
43.0,1,0,0,1,0,28.7,91.7,0.0,0.0,1.0,0.0,127.6,80.6,184.0,55.0,5.5,106.8,27.65,68.2,158.1,27.3,0
33.0,1,0,0,1,0,39.8,126.0,0.0,0.0,1.0,0.0,96.7,69.5,135.0,40.0,5.9,59.1,6.77,87.3,153.5,37.1,0
35.0,1,0,0,1,0,24.5,80.4,0.0,0.0,1.0,0.0,130.1,79.5,178.0,86.0,5.0,81.3,6.03,66.1,162.3,25.1,0
38.0,1,0,0,1,0,24.6,71.1,0.0,0.0,1.0,0.0,131.7,74.7,230.0,49.0,5.4,106.2,54.58,71.7,169.8,24.9,0
62.0,1,0,0,1,0,38.3,119.4,0.0,0.0,1.0,0.0,128.6,85.3,178.0,66.0,4.9,81.7,10.28,106.1,170.0,36.7,0
51.0,1,0,0,1,0,32.2,103.3,0.0,0.0,1.0,0.0,113.0,72.5,140.0,36.0,5.8,66.7,2.25,89.1,164.8,32.8,0
65.0,1,0,0,1,0,35.6,117.8,0.0,0.0,1.0,0.0,126.4,83.0,194.0,51.0,5.4,47.3,6.22,97.7,169.4,34.0,0
31.0,1,0,0,1,0,22.4,83.6,0.0,0.0,1.0,0.0,105.9,57.3,168.0,62.0,5.3,60.6,17.5,56.8,160.7,22.0,0
43.0,1,0,0,1,0,23.2,86.9,0.0,0.0,1.0,0.0,108.3,56.9,174.0,43.0,5.3,111.4,34.31,52.9,150.5,23.4,0
28.0,1,0,0,1,0,36.3,108.5,0.0,0.0,1.0,0.0,106.8,71.4,207.0,41.0,5.5,102.4,10.42,82.0,158.0,32.9,0
72.0,1,0,0,1,0,20.7,75.5,0.0,0.0,1.0,0.0,116.7,63.8,219.0,98.0,4.8,68.8,6.32,45.4,149.8,20.2,0
75.0,1,0,0,1,0,22.6,89.9,0.0,0.0,1.0,0.0,130.4,72.0,183.0,42.0,5.9,63.3,10.24,56.6,158.6,22.5,0
42.0,1,0,0,1,0,33.6,115.7,0.0,0.0,1.0,0.0,119.7,68.7,122.0,35.0,6.5,93.2,27.3,76.5,162.6,29.0,0
33.0,1,0,0,1,0,39.3,116.2,0.0,0.0,1.0,0.0,131.8,77.6,243.0,41.0,5.3,83.3,4.92,97.4,159.0,38.5,0
35.0,1,0,0,1,0,25.4,82.2,0.0,0.0,1.0,0.0,107.3,69.0,189.0,65.0,5.6,86.3,1.35,81.9,181.0,25.0,0
76.0,1,0,0,1,0,27.7,97.9,0.0,0.0,1.0,0.0,121.6,61.1,173.0,45.0,5.5,71.4,5.96,61.2,154.1,25.8,0
36.0,1,0,0,1,0,27.9,78.2,0.0,0.0,1.0,0.0,114.9,73.8,151.0,43.0,5.5,65.4,10.12,66.4,153.4,28.2,0
70.0,1,0,0,1,0,34.8,105.6,0.0,0.0,1.0,0.0,136.2,90.4,206.0,55.0,5.6,103.8,9.32,92.9,166.6,33.5,0
22.0,1,0,0,1,0,36.3,101.8,0.0,0.0,1.0,0.0,112.1,68.2,162.0,35.0,5.3,93.4,0.3,94.0,160.7,36.4,0
38.0,1,0,0,1,0,24.7,83.7,0.0,0.0,1.0,0.0,105.6,64.4,275.0,49.0,5.2,100.5,8.71,50.1,165.1,18.4,0
29.0,1,0,0,1,0,41.8,107.4,0.0,0.0,1.0,0.0,112.3,71.3,205.0,43.0,5.0,120.7,6.18,97.5,158.3,38.9,0
46.0,1,0,0,1,0,32.6,100.8,0.0,0.0,1.0,0.0,129.5,77.4,265.0,45.0,5.3,103.8,43.83,83.5,165.4,30.5,0
41.0,1,0,0,1,0,23.9,77.6,0.0,0.0,1.0,0.0,110.3,62.2,185.0,39.0,5.2,84.5,6.08,68.7,173.1,22.9,0
48.0,1,0,0,1,0,25.4,83.7,0.0,0.0,1.0,0.0,106.5,61.6,177.0,54.0,4.8,82.4,11.8,69.6,168.3,24.6,0
31.0,1,0,0,1,0,40.1,118.0,0.0,0.0,1.0,0.0,105.1,67.6,168.0,36.0,6.2,100.5,7.26,98.4,160.1,38.4,0
70.0,1,0,0,1,0,30.7,105.5,0.0,0.0,1.0,0.0,125.5,66.1,234.0,48.0,11.4,76.9,14.5,65.0,149.4,29.1,0
45.0,1,0,0,1,0,24.5,73.9,0.0,0.0,1.0,0.0,102.0,60.0,190.0,30.0,7.3,65.2,7.18,55.9,153.7,23.6,0
38.0,1,0,0,1,0,27.0,83.2,0.0,0.0,1.0,0.0,116.4,48.9,194.0,58.0,5.8,85.9,6.13,68.3,162.7,25.8,0
60.0,1,0,0,1,0,37.8,103.0,0.0,0.0,1.0,0.0,127.5,85.2,186.0,44.0,6.2,91.9,6.43,88.3,157.7,35.5,0
40.0,1,0,0,1,0,34.3,104.1,0.0,0.0,1.0,0.0,111.4,67.8,166.0,49.0,4.9,83.8,3.13,79.2,165.1,29.1,0
31.0,1,0,0,1,0,26.5,83.6,0.0,0.0,1.0,0.0,115.8,74.5,239.0,54.0,4.9,82.0,8.17,60.9,157.2,24.6,0
37.0,1,0,0,1,0,53.4,147.3,0.0,0.0,1.0,0.0,121.9,75.2,107.0,42.0,5.4,123.1,10.94,141.9,166.9,51.0,0
36.0,1,0,0,1,0,28.7,99.1,0.0,0.0,1.0,0.0,94.5,68.2,256.0,62.0,5.1,84.7,8.81,59.8,147.1,27.6,0
48.0,1,0,0,1,0,23.9,91.8,0.0,0.0,1.0,0.0,124.5,76.3,122.0,35.0,5.5,53.6,14.27,65.2,167.5,23.3,0
31.0,1,0,0,1,0,29.8,96.4,0.0,0.0,1.0,0.0,121.6,71.3,180.0,57.0,5.3,133.2,7.88,104.9,178.0,33.1,0
59.0,1,0,0,1,0,28.0,99.8,0.0,0.0,1.0,0.0,105.2,80.5,209.0,68.0,5.5,105.5,9.14,72.6,162.7,27.4,0
61.0,1,0,0,1,0,34.0,100.3,0.0,0.0,1.0,0.0,110.2,76.9,231.0,48.0,5.6,61.5,9.95,63.9,150.4,28.2,0
66.0,1,0,0,1,0,27.1,87.5,0.0,0.0,1.0,0.0,124.6,72.3,177.0,97.0,5.5,67.4,36.34,52.5,155.7,21.7,0
64.0,1,0,0,1,0,21.9,81.9,0.0,0.0,1.0,0.0,121.9,49.4,156.0,55.0,5.9,99.3,5.42,58.2,165.2,21.3,0
70.0,1,0,0,1,0,27.5,110.9,0.0,0.0,1.0,0.0,171.6,93.4,140.0,41.0,7.3,106.0,8.7,94.6,186.3,27.3,0
78.0,1,0,0,1,0,22.8,85.8,0.0,0.0,1.0,0.0,126.2,75.7,183.0,67.0,4.8,81.7,12.35,64.0,165.2,23.4,0
38.0,1,0,0,1,0,34.6,111.4,0.0,0.0,1.0,0.0,123.7,78.6,175.0,42.0,5.7,91.0,12.04,77.3,162.9,29.1,0
29.0,1,0,0,1,0,29.0,92.0,0.0,0.0,1.0,0.0,109.1,72.6,141.0,44.0,5.5,116.3,50.76,60.3,150.6,26.6,0
50.0,1,0,0,1,0,25.4,92.4,0.0,0.0,1.0,0.0,99.5,72.4,247.0,68.0,6.0,55.1,9.9,54.6,150.8,24.0,0
72.0,1,0,0,1,0,34.1,112.5,0.0,0.0,1.0,0.0,104.7,64.7,218.0,43.0,6.0,90.9,8.0,88.7,174.7,29.1,0
70.0,1,0,0,1,0,24.8,78.0,0.0,0.0,1.0,0.0,109.6,70.7,138.0,63.0,5.9,76.7,3.32,53.1,158.8,21.0,0
50.0,1,0,0,1,0,56.3,155.1,0.0,0.0,1.0,0.0,107.8,66.1,163.0,47.0,5.7,92.2,7.94,130.6,154.6,54.6,0
62.0,1,0,0,1,0,40.4,112.0,0.0,0.0,1.0,0.0,116.8,65.7,179.0,32.0,6.1,102.8,1.15,88.8,153.2,37.8,0
48.0,1,0,0,1,0,26.8,85.6,0.0,0.0,1.0,0.0,130.0,78.5,194.0,43.0,5.0,94.5,9.33,55.8,159.4,22.0,0
53.0,1,0,0,1,0,55.6,152.8,0.0,0.0,1.0,0.0,169.7,86.8,197.0,40.0,4.6,119.8,12.28,133.3,157.0,54.1,0
32.0,1,0,0,1,0,37.0,108.8,0.0,0.0,1.0,0.0,105.1,76.3,148.0,39.0,5.9,94.2,4.82,100.0,168.6,35.2,0
29.0,1,0,0,1,0,31.8,104.2,0.0,0.0,1.0,0.0,108.6,53.4,145.0,41.0,5.1,84.4,14.34,79.6,157.8,32.0,0
43.0,1,0,0,1,0,33.1,110.4,0.0,0.0,1.0,0.0,105.1,68.7,203.0,46.0,5.3,67.4,8.67,72.7,150.9,31.9,0
43.0,1,0,0,1,0,38.2,118.7,0.0,0.0,1.0,0.0,127.4,83.0,104.0,51.0,5.1,76.4,6.45,98.3,172.2,33.1,0
61.0,1,0,0,1,0,41.5,124.6,0.0,0.0,1.0,0.0,116.2,78.4,218.0,59.0,5.4,91.9,13.39,103.9,162.2,39.5,0
21.0,1,0,0,1,0,23.2,77.5,0.0,0.0,1.0,0.0,98.0,66.1,119.0,54.0,5.1,86.0,7.36,56.5,158.3,22.5,0
44.0,1,0,0,1,0,25.7,92.6,0.0,0.0,1.0,0.0,151.6,80.3,169.0,44.0,6.2,83.0,44.65,62.2,162.4,23.6,0
53.0,1,0,0,1,0,33.7,109.1,0.0,0.0,1.0,0.0,127.1,84.7,185.0,51.0,6.0,70.6,5.62,55.7,144.2,26.8,0
28.0,1,0,0,1,0,27.3,93.0,0.0,0.0,1.0,0.0,116.4,69.6,160.0,38.0,5.2,127.6,10.12,63.2,164.7,23.3,0
48.0,1,0,0,1,0,22.2,77.6,0.0,0.0,1.0,0.0,101.8,69.1,177.0,57.0,4.8,98.8,19.78,52.4,158.8,20.8,0
73.0,1,0,0,1,0,25.5,86.1,0.0,0.0,1.0,0.0,110.4,72.1,176.0,47.0,5.4,79.1,2.07,64.2,161.6,24.6,0
75.0,1,0,0,1,0,27.3,73.1,0.0,0.0,1.0,0.0,132.1,63.0,184.0,130.0,5.3,99.1,44.81,57.8,147.4,26.6,0
62.0,1,0,0,1,0,25.0,94.2,0.0,0.0,1.0,0.0,104.7,68.4,201.0,59.0,6.3,63.5,9.2,59.1,159.1,23.4,0
65.0,1,0,0,1,0,24.6,88.9,0.0,0.0,1.0,0.0,108.9,73.9,234.0,39.0,5.7,107.2,31.29,89.9,189.3,25.1,0
45.0,1,0,0,1,0,33.9,103.8,0.0,0.0,1.0,0.0,103.3,69.7,159.0,72.0,5.7,120.1,4.64,89.1,165.0,32.7,0
76.0,1,0,0,1,0,28.0,99.5,0.0,0.0,1.0,0.0,112.2,69.9,193.0,40.0,6.3,97.3,5.8,82.0,174.6,26.9,0
33.0,1,0,0,1,0,26.4,88.1,0.0,0.0,1.0,0.0,128.7,74.4,199.0,47.0,5.9,110.1,3.37,57.3,167.9,20.3,0
54.0,1,0,0,1,0,44.4,131.2,0.0,0.0,1.0,0.0,105.0,66.6,230.0,41.0,6.1,106.2,7.35,123.2,168.1,43.6,0
52.0,1,0,0,1,0,39.8,113.0,0.0,0.0,1.0,0.0,142.9,87.0,214.0,42.0,5.6,86.8,11.02,105.0,164.9,38.6,0
35.0,1,0,0,1,0,42.3,112.2,0.0,0.0,1.0,0.0,113.1,71.8,184.0,48.0,5.9,73.0,4.18,90.1,157.9,36.2,0
32.0,1,0,0,1,0,37.2,102.2,0.0,0.0,1.0,0.0,97.7,72.0,144.0,39.0,5.4,69.6,6.29,85.2,156.0,35.0,0
61.0,1,0,0,1,0,30.7,95.1,0.0,0.0,1.0,0.0,125.4,80.6,228.0,62.0,6.1,85.3,37.58,56.1,149.6,25.1,0
41.0,1,0,0,1,0,22.3,79.2,0.0,0.0,1.0,0.0,100.9,61.8,264.0,49.0,5.2,66.7,8.77,59.1,164.8,21.8,0
53.0,1,0,0,1,0,26.9,80.8,0.0,0.0,1.0,0.0,129.8,79.4,199.0,95.0,6.1,92.7,8.82,69.9,157.8,28.1,0
71.0,1,0,0,1,0,26.9,99.1,0.0,0.0,1.0,0.0,96.9,65.2,177.0,52.0,4.6,95.5,12.48,74.9,168.8,26.3,0
45.0,1,0,0,1,0,29.0,96.1,0.0,0.0,1.0,0.0,102.2,78.0,130.0,63.0,6.1,83.7,10.07,58.4,168.5,20.6,0
42.0,1,0,0,1,0,30.0,105.6,0.0,0.0,1.0,0.0,99.0,73.7,249.0,42.0,6.4,86.0,12.83,95.1,173.9,31.5,0
33.0,1,0,0,1,0,29.0,94.2,0.0,0.0,1.0,0.0,115.3,77.5,259.0,74.0,5.4,116.4,5.35,77.2,164.4,28.6,0
43.0,1,0,0,1,0,35.0,112.7,0.0,0.0,1.0,0.0,122.0,79.9,177.0,45.0,5.1,58.9,26.37,81.9,155.7,33.8,0
45.0,1,0,0,1,0,40.9,126.5,0.0,0.0,1.0,0.0,89.5,74.2,156.0,32.0,4.8,110.0,5.9,90.1,157.7,36.2,0
59.0,1,0,0,1,0,40.0,114.4,0.0,0.0,1.0,0.0,103.4,65.7,227.0,69.0,5.1,73.6,31.77,90.4,152.7,38.8,0
30.0,1,0,0,1,0,22.4,67.7,0.0,0.0,1.0,0.0,106.3,60.3,209.0,91.0,5.2,98.9,5.75,47.0,153.6,19.9,0
59.0,1,0,0,1,0,38.3,115.4,0.0,0.0,1.0,0.0,110.1,73.4,189.0,100.0,7.3,116.7,9.27,86.9,149.7,38.8,0
38.0,1,0,0,1,0,37.7,119.6,0.0,0.0,1.0,0.0,121.6,71.8,224.0,108.0,5.5,92.5,10.56,95.8,165.3,35.1,0
68.0,1,0,0,1,0,22.4,72.5,0.0,0.0,1.0,0.0,111.5,70.6,184.0,49.0,4.7,67.3,8.11,65.8,169.6,22.9,0
27.0,1,0,0,1,0,30.2,100.9,0.0,0.0,1.0,0.0,116.8,75.0,191.0,77.0,5.4,107.2,10.64,70.2,162.2,26.7,0
47.0,1,0,0,1,0,28.7,90.4,0.0,0.0,1.0,0.0,122.6,75.4,189.0,72.0,5.2,99.9,13.26,66.8,156.4,27.3,0
69.0,1,0,0,1,0,21.0,82.6,0.0,0.0,1.0,0.0,97.3,68.2,126.0,58.0,5.0,70.3,9.63,42.5,162.8,16.0,0
29.0,1,0,0,1,0,46.4,131.4,0.0,0.0,1.0,0.0,115.7,72.8,143.0,36.0,5.7,121.8,11.89,99.3,155.9,40.9,0
69.0,1,0,0,1,0,28.0,100.8,0.0,0.0,1.0,0.0,107.1,72.1,193.0,64.0,5.4,120.7,12.53,69.3,159.1,27.4,0
35.0,1,0,0,1,0,23.5,77.8,0.0,0.0,1.0,0.0,101.3,68.8,191.0,60.0,5.3,115.8,12.13,40.8,155.8,16.8,0
60.0,1,0,0,1,0,35.8,108.2,0.0,0.0,1.0,0.0,131.2,69.1,155.0,41.0,5.6,93.4,13.76,83.1,153.8,35.1,0
51.0,1,0,0,1,0,26.7,94.0,0.0,0.0,1.0,0.0,99.4,66.8,210.0,96.0,5.6,75.0,9.05,61.6,158.2,24.6,0
72.0,1,0,0,1,0,24.7,92.2,0.0,0.0,1.0,0.0,132.5,86.1,205.0,46.0,5.8,104.2,7.92,73.6,170.3,25.4,0
39.0,1,0,0,1,0,23.0,83.1,0.0,0.0,1.0,0.0,111.4,61.1,191.0,42.0,5.6,70.9,6.16,55.9,154.0,23.6,0
73.0,0,1,0,1,0,27.3,100.7,0.0,1.0,1.0,0.0,111.0,72.7,190.0,41.0,6.5,66.6,8.51,89.5,186.3,25.8,0
72.0,0,1,0,1,0,27.3,86.3,0.0,1.0,1.0,0.0,120.0,74.7,218.0,46.0,5.4,108.2,10.25,63.2,153.9,26.7,0
71.0,0,1,0,1,0,38.5,121.7,0.0,1.0,1.0,0.0,123.5,65.3,201.0,62.0,5.7,74.2,7.55,98.1,165.3,35.9,0
71.0,0,1,0,1,0,31.1,118.8,0.0,1.0,1.0,0.0,130.3,79.1,228.0,49.0,5.4,78.2,46.01,93.3,174.2,30.7,0
72.0,0,1,0,1,0,29.1,99.5,0.0,1.0,1.0,0.0,128.4,75.6,197.0,56.0,4.9,74.6,7.97,100.0,189.5,27.9,0
72.0,0,1,0,1,0,27.3,99.8,0.0,1.0,1.0,0.0,125.8,78.7,217.0,57.0,5.7,67.9,9.99,85.9,180.5,26.4,0
33.0,0,1,0,1,0,20.4,83.8,0.0,1.0,1.0,0.0,117.6,78.4,186.0,46.0,5.0,99.7,10.96,62.8,178.1,19.8,0
60.0,0,1,0,1,0,22.6,83.3,0.0,1.0,1.0,0.0,121.8,78.3,132.0,44.0,5.1,96.4,5.2,61.5,171.5,20.9,0
44.0,0,1,0,1,0,27.4,100.5,0.0,1.0,1.0,0.0,149.8,84.6,176.0,42.0,5.8,106.6,43.38,92.1,182.2,27.7,0
76.0,0,1,0,1,0,42.5,132.8,0.0,1.0,1.0,0.0,121.9,66.1,189.0,39.0,6.0,69.9,5.31,138.3,184.8,40.5,0
70.0,0,1,0,1,0,30.8,112.9,0.0,1.0,1.0,0.0,125.8,82.1,195.0,52.0,5.1,101.9,3.09,108.1,192.0,29.3,0
62.0,0,1,0,1,0,40.1,132.8,0.0,1.0,1.0,0.0,109.1,73.6,137.0,38.0,6.2,92.4,5.22,129.5,183.6,38.4,0
74.0,0,1,0,1,0,19.7,80.8,0.0,1.0,1.0,0.0,132.6,80.9,259.0,86.0,5.2,82.5,5.57,51.2,162.6,19.3,0
76.0,0,1,0,1,0,23.7,98.6,0.0,1.0,1.0,0.0,108.3,67.4,150.0,47.0,6.2,75.6,29.61,85.9,184.9,25.1,0
70.0,0,1,0,1,0,26.7,94.5,0.0,1.0,1.0,0.0,126.7,72.1,238.0,41.0,5.0,86.4,36.16,80.3,176.2,25.9,0
69.0,0,1,0,1,0,42.7,142.0,0.0,1.0,1.0,0.0,155.3,92.7,216.0,42.0,6.5,97.5,13.22,140.2,185.2,40.9,0
48.0,0,1,0,1,0,35.2,116.9,0.0,1.0,1.0,0.0,103.7,67.5,231.0,39.0,6.4,86.5,4.4,128.1,193.2,34.3,0
60.0,0,1,0,1,0,41.2,127.3,0.0,1.0,1.0,0.0,107.7,63.2,197.0,34.0,5.4,81.5,7.34,139.3,186.8,39.9,0
76.0,0,1,0,1,0,24.7,99.4,0.0,1.0,1.0,0.0,132.5,80.8,215.0,37.0,5.3,102.6,6.57,91.5,194.4,24.2,0
66.0,0,1,0,1,0,29.1,103.7,0.0,1.0,1.0,0.0,143.2,81.4,154.0,39.0,5.4,79.7,5.82,95.8,182.4,28.8,0
71.0,0,1,0,1,0,27.7,99.0,0.0,1.0,1.0,0.0,128.7,86.7,178.0,44.0,7.3,79.1,12.27,84.9,176.8,27.2,0
76.0,0,1,0,1,0,33.2,119.5,0.0,1.0,1.0,0.0,129.2,78.5,225.0,59.0,5.6,73.2,33.44,91.0,172.9,30.4,0
69.0,0,1,0,1,0,31.5,104.1,0.0,1.0,1.0,0.0,124.4,74.4,215.0,40.0,5.1,79.6,8.35,105.3,186.1,30.4,0
68.0,0,1,0,1,0,38.6,124.1,0.0,1.0,1.0,0.0,145.2,97.8,176.0,35.0,5.9,78.2,5.63,118.8,177.3,37.8,0
70.0,0,1,0,1,0,35.4,114.7,0.0,1.0,1.0,0.0,122.7,77.4,226.0,53.0,8.0,101.1,5.24,122.3,187.2,34.9,0
66.0,0,1,0,1,0,28.8,107.1,0.0,1.0,1.0,0.0,134.7,80.4,176.0,53.0,4.9,90.5,10.5,79.3,170.5,27.3,0
67.0,0,1,0,1,0,32.4,108.5,0.0,1.0,1.0,0.0,97.6,66.5,237.0,40.0,6.8,89.9,25.31,75.1,150.2,33.3,0
48.0,0,1,0,1,0,30.6,107.7,0.0,1.0,1.0,0.0,107.1,70.2,208.0,67.0,4.7,105.3,23.12,102.0,183.5,30.3,0
68.0,0,1,0,1,0,34.5,100.6,0.0,1.0,1.0,0.0,134.8,79.1,179.0,47.0,5.1,82.3,3.9,86.3,157.2,34.9,0
74.0,0,1,0,1,0,27.2,95.3,0.0,1.0,1.0,0.0,125.9,76.4,222.0,38.0,5.1,58.5,22.49,95.1,186.8,27.3,0
25.0,0,1,0,1,0,35.2,117.6,0.0,1.0,1.0,0.0,105.8,65.8,137.0,52.0,4.9,93.1,26.48,104.8,175.6,34.0,0
69.0,0,1,0,1,0,24.9,95.4,0.0,1.0,1.0,0.0,112.1,72.6,136.0,36.0,5.2,68.2,1.0,74.5,176.6,23.9,0
65.0,0,1,0,1,0,26.6,98.9,0.0,1.0,1.0,0.0,99.7,55.0,199.0,40.0,5.6,73.0,9.2,80.7,173.8,26.7,0
63.0,0,1,0,1,0,26.1,102.3,0.0,1.0,1.0,0.0,128.5,78.2,224.0,38.0,5.5,64.4,4.02,89.3,179.0,27.9,0
55.0,0,1,0,1,0,24.2,90.3,0.0,1.0,1.0,0.0,120.7,77.1,222.0,38.0,5.2,88.3,2.67,96.4,195.5,25.2,0
71.0,0,1,0,1,0,27.4,98.1,0.0,1.0,1.0,0.0,140.6,80.4,231.0,41.0,5.5,91.5,6.79,90.9,183.2,27.1,0
68.0,0,1,0,1,0,21.8,83.9,0.0,1.0,1.0,0.0,101.5,70.4,167.0,40.0,5.5,59.8,33.21,66.1,176.6,21.2,0
57.0,0,1,0,1,0,30.2,112.0,0.0,1.0,1.0,0.0,116.6,72.2,130.0,26.0,5.1,94.3,50.72,57.9,142.7,28.4,0
68.0,0,1,0,1,0,51.4,146.7,0.0,1.0,1.0,0.0,110.7,65.2,138.0,30.0,5.4,87.4,11.29,129.6,162.5,49.1,0
54.0,0,1,0,1,0,22.0,87.0,0.0,1.0,1.0,0.0,102.5,67.6,222.0,41.0,4.6,86.6,5.29,60.5,165.1,22.2,0
72.0,0,1,0,1,0,33.0,115.8,0.0,1.0,1.0,0.0,133.1,64.9,207.0,43.0,5.7,64.2,9.66,103.2,181.9,31.2,0
42.0,0,1,0,1,0,31.0,108.9,0.0,1.0,1.0,0.0,148.0,89.6,165.0,40.0,6.0,88.8,41.66,109.2,187.2,31.2,0
67.0,0,1,0,1,0,27.3,108.5,0.0,1.0,1.0,0.0,140.2,77.1,230.0,38.0,6.1,76.6,11.09,77.4,170.7,26.6,0
68.0,0,1,0,1,0,34.9,114.9,0.0,1.0,1.0,0.0,138.3,68.4,195.0,54.0,5.6,84.4,42.81,115.8,183.5,34.4,0
73.0,0,1,0,1,0,32.0,116.2,0.0,1.0,1.0,0.0,124.1,79.6,171.0,37.0,5.7,101.2,48.03,115.1,190.1,31.8,0
74.0,0,1,0,1,0,32.4,111.3,0.0,1.0,1.0,0.0,136.0,84.7,212.0,42.0,6.5,86.1,6.02,90.6,168.2,32.0,0
60.0,0,1,0,1,0,30.0,99.7,0.0,1.0,1.0,0.0,127.7,73.9,209.0,49.0,5.6,79.7,5.46,89.2,169.1,31.2,0
70.0,0,1,0,1,0,34.7,122.0,0.0,1.0,1.0,0.0,112.1,76.3,114.0,34.0,5.1,87.1,10.53,121.2,191.2,33.1,0
69.0,0,1,0,1,0,22.6,92.5,0.0,1.0,1.0,0.0,144.9,80.8,204.0,67.0,5.8,87.8,13.18,77.1,180.9,23.6,0
76.0,0,1,0,1,0,34.9,125.7,0.0,1.0,1.0,0.0,120.2,74.7,222.0,49.0,5.5,111.9,8.01,128.1,190.8,35.2,0
67.0,0,1,0,1,0,25.3,106.9,0.0,1.0,1.0,0.0,110.5,66.8,178.0,37.0,5.1,102.8,38.7,69.2,167.4,24.7,0
35.0,0,1,0,1,0,28.3,90.0,0.0,1.0,1.0,0.0,107.9,66.4,230.0,89.0,5.7,106.1,8.28,75.3,167.9,26.7,0
67.0,0,1,0,1,0,23.8,89.8,0.0,1.0,1.0,0.0,156.7,94.8,188.0,56.0,5.3,98.5,9.25,76.4,183.4,22.7,0
51.0,0,1,0,1,0,24.1,103.8,0.0,1.0,1.0,0.0,140.9,85.4,180.0,41.0,5.6,106.8,8.14,65.7,165.2,24.1,0
70.0,0,1,0,1,0,30.1,105.4,0.0,1.0,1.0,0.0,120.8,68.9,177.0,30.0,5.8,61.8,8.56,86.7,174.8,28.4,0
71.0,0,1,0,1,0,26.0,108.0,0.0,1.0,1.0,0.0,122.4,81.3,158.0,30.0,5.1,83.5,13.61,75.6,179.4,23.5,0
72.0,0,1,0,1,0,40.8,128.5,0.0,1.0,1.0,0.0,136.4,88.4,207.0,66.0,5.7,80.5,7.3,136.2,187.8,38.6,0
74.0,0,1,0,1,0,25.3,92.7,0.0,1.0,1.0,0.0,138.4,70.5,138.0,54.0,5.7,75.5,7.42,75.5,176.4,24.2,0
54.0,0,1,0,1,0,38.7,125.1,0.0,1.0,1.0,0.0,105.8,79.3,210.0,29.0,8.2,101.3,11.17,120.3,180.1,37.1,0
50.0,0,1,0,1,0,41.6,128.3,0.0,1.0,1.0,0.0,126.6,70.9,130.0,32.0,5.9,83.0,10.79,129.0,178.8,40.4,0
73.0,0,1,0,1,0,25.7,89.7,0.0,1.0,1.0,0.0,128.7,79.8,114.0,74.0,4.6,70.6,2.5,58.7,154.1,24.7,0
74.0,0,1,0,1,0,40.7,134.8,0.0,1.0,1.0,0.0,135.6,71.4,234.0,38.0,6.2,56.7,19.39,128.6,184.6,37.7,0
63.0,0,1,0,1,0,27.3,97.3,0.0,1.0,1.0,0.0,99.7,66.9,148.0,55.0,5.6,97.1,19.27,74.9,168.5,26.4,0
70.0,0,1,0,1,0,37.8,121.4,0.0,1.0,1.0,0.0,133.2,81.6,166.0,56.0,5.5,93.8,51.69,130.3,190.0,36.1,0
71.0,0,1,0,1,0,27.7,105.0,0.0,1.0,1.0,0.0,131.0,81.4,158.0,46.0,5.7,91.6,6.84,84.3,173.1,28.1,0
64.0,0,1,0,1,0,32.6,113.2,0.0,1.0,1.0,0.0,134.6,80.8,141.0,46.0,5.2,89.7,2.8,95.8,174.2,31.6,0
73.0,0,1,0,1,0,27.2,88.1,0.0,1.0,1.0,0.0,99.4,75.5,240.0,47.0,5.0,110.4,41.7,82.7,176.4,26.6,0
70.0,0,1,0,1,0,41.1,132.2,0.0,1.0,1.0,0.0,122.2,75.5,235.0,37.0,5.3,77.5,9.54,126.9,182.0,38.3,0
74.0,0,1,0,1,0,24.8,99.3,0.0,1.0,1.0,0.0,136.1,87.6,229.0,50.0,4.9,83.0,10.03,83.6,189.4,23.3,0
70.0,0,1,0,1,0,34.1,117.7,0.0,1.0,1.0,0.0,135.2,84.4,135.0,37.0,5.6,106.2,41.63,100.3,174.5,33.0,0
66.0,0,1,0,1,0,33.5,117.0,0.0,1.0,1.0,0.0,103.5,72.1,185.0,32.0,5.5,84.5,20.21,118.2,190.4,32.6,0
60.0,0,1,0,1,0,27.6,95.6,0.0,1.0,1.0,0.0,118.3,74.1,229.0,49.0,5.3,59.7,15.06,79.5,169.4,27.7,0
73.0,0,1,0,1,0,39.6,127.4,0.0,1.0,1.0,0.0,127.8,82.4,193.0,63.0,6.2,80.4,2.84,118.9,177.5,37.7,0
36.0,0,1,0,1,0,35.4,121.5,0.0,1.0,1.0,0.0,129.4,76.1,160.0,33.0,5.2,80.7,2.81,99.4,174.9,32.5,0
62.0,0,1,0,1,0,25.0,91.9,0.0,1.0,1.0,0.0,105.1,73.3,215.0,36.0,6.4,72.7,20.92,91.1,187.3,26.0,0
71.0,0,1,0,1,0,37.7,118.9,0.0,1.0,1.0,0.0,120.9,73.8,152.0,39.0,5.4,72.1,22.45,100.2,165.1,36.8,0
70.0,0,1,0,1,0,30.1,109.9,0.0,1.0,1.0,0.0,135.6,84.9,185.0,43.0,5.3,91.7,8.29,97.9,183.8,29.0,0
54.0,0,1,0,1,0,23.7,87.4,0.0,1.0,1.0,0.0,103.4,74.8,116.0,42.0,5.7,75.1,4.31,62.4,159.1,24.6,0
44.0,0,1,0,1,0,25.0,92.1,0.0,1.0,1.0,0.0,112.7,77.0,212.0,36.0,5.4,101.6,7.47,82.1,179.0,25.6,0
66.0,0,1,0,1,0,24.3,64.9,0.0,1.0,1.0,0.0,112.6,72.4,201.0,69.0,5.6,74.4,8.51,72.6,175.0,23.7,0
65.0,0,1,0,1,0,36.0,125.3,0.0,1.0,1.0,0.0,131.3,83.1,138.0,32.0,5.5,84.3,22.6,104.1,170.5,35.8,0
79.0,0,1,0,1,0,23.9,93.0,0.0,1.0,1.0,0.0,121.5,73.9,163.0,70.0,5.4,68.9,7.6,76.4,185.0,22.3,0
74.0,0,1,0,1,0,21.5,83.1,0.0,1.0,1.0,0.0,124.8,62.7,218.0,54.0,4.9,59.9,11.18,70.7,181.9,21.4,0
71.0,0,1,0,1,0,27.5,104.0,0.0,1.0,1.0,0.0,107.4,47.9,176.0,46.0,5.6,79.6,12.81,71.9,158.9,28.5,0
75.0,0,1,0,1,0,38.5,111.0,0.0,1.0,1.0,0.0,125.7,80.6,149.0,28.0,6.2,96.9,7.24,91.1,157.0,36.9,0
50.0,0,1,0,1,0,34.6,112.6,0.0,1.0,1.0,0.0,128.9,77.7,230.0,46.0,5.0,71.7,1.46,101.7,174.4,33.4,0
35.0,0,1,0,1,0,42.9,127.1,0.0,1.0,1.0,0.0,107.5,83.7,208.0,67.0,5.7,123.1,274.65,123.5,170.9,42.3,0
70.0,0,1,0,1,0,21.8,88.7,0.0,1.0,1.0,0.0,131.7,79.3,199.0,69.0,5.4,64.2,2.82,65.3,178.6,20.5,0
64.0,0,1,0,1,0,22.9,86.9,0.0,1.0,1.0,0.0,139.0,87.6,156.0,44.0,6.1,64.9,39.14,69.2,172.9,23.2,0
59.0,0,1,0,1,0,28.0,100.3,0.0,1.0,1.0,0.0,87.8,71.7,206.0,59.0,5.2,99.2,31.01,84.4,175.6,27.4,0
67.0,0,1,0,1,0,41.8,134.0,0.0,1.0,1.0,0.0,111.3,59.6,124.0,34.0,7.1,104.5,2.68,137.4,182.7,41.2,0
54.0,0,1,0,1,0,23.5,94.5,0.0,1.0,1.0,0.0,125.3,79.4,230.0,45.0,5.0,71.2,40.09,80.4,182.4,24.2,0
60.0,0,1,0,1,0,40.7,123.6,0.0,1.0,1.0,0.0,134.2,82.9,214.0,24.0,5.9,78.3,12.63,131.6,184.7,38.6,0
72.0,0,1,0,1,0,31.1,95.7,0.0,1.0,1.0,0.0,129.9,71.8,189.0,65.0,5.2,66.6,3.77,59.3,144.9,28.3,0
65.0,0,1,0,1,0,30.1,114.9,0.0,1.0,1.0,0.0,121.2,61.3,170.0,36.0,5.1,87.8,8.62,114.4,194.5,30.2,0
66.0,0,1,0,1,0,28.5,100.4,0.0,1.0,1.0,0.0,128.6,78.2,163.0,41.0,5.8,78.3,10.75,92.8,182.1,28.0,0
70.0,0,1,0,1,0,28.9,99.2,0.0,1.0,1.0,0.0,132.7,81.7,161.0,54.0,6.3,75.8,15.2,66.5,153.2,28.3,0
68.0,0,1,0,1,0,34.8,123.3,0.0,1.0,1.0,0.0,130.8,83.3,180.0,40.0,5.7,85.0,10.84,102.7,180.0,31.7,0
66.0,0,1,0,1,0,20.1,82.3,0.0,1.0,1.0,0.0,130.8,73.8,203.0,47.0,5.2,90.8,9.21,49.0,158.5,19.5,0
55.0,0,1,0,1,0,28.9,101.2,0.0,1.0,1.0,0.0,130.1,82.0,188.0,42.0,6.3,80.1,5.44,82.1,172.9,27.5,0
70.0,0,1,0,1,0,36.2,113.0,0.0,1.0,1.0,0.0,128.0,79.4,208.0,30.0,5.4,108.4,0.3,124.1,185.8,36.0,0
61.0,0,1,0,1,0,27.7,93.5,0.0,1.0,1.0,0.0,133.5,78.4,165.0,62.0,5.6,96.8,5.3,82.5,176.7,26.4,0
59.0,0,1,0,1,0,27.0,98.8,0.0,1.0,1.0,0.0,132.9,79.2,140.0,31.0,5.9,82.6,10.55,64.6,165.3,23.6,0
49.0,0,1,0,1,0,29.5,105.2,0.0,1.0,1.0,0.0,151.6,82.3,222.0,35.0,5.6,78.9,4.17,100.9,186.3,29.1,0
64.0,0,1,0,1,0,26.9,103.9,0.0,1.0,1.0,0.0,100.4,55.4,178.0,41.0,5.0,73.2,8.12,74.6,170.2,25.8,0
56.0,0,1,0,1,0,32.9,104.8,0.0,1.0,1.0,0.0,107.5,67.7,174.0,41.0,5.7,72.9,8.52,90.0,165.4,32.9,0
61.0,0,1,0,1,0,38.5,134.6,0.0,1.0,1.0,0.0,136.0,83.5,204.0,42.0,5.6,75.4,5.69,109.0,168.5,38.4,0
57.0,0,1,0,1,0,24.8,97.2,0.0,1.0,1.0,0.0,131.3,81.1,184.0,52.0,5.4,71.9,38.53,56.7,155.0,23.6,0
56.0,0,1,0,1,0,37.8,123.0,0.0,1.0,1.0,0.0,119.3,73.3,205.0,50.0,5.4,97.9,0.3,119.0,176.4,38.3,0
31.0,0,1,0,1,0,30.8,112.9,0.0,1.0,1.0,0.0,109.7,71.9,166.0,32.0,5.1,97.9,27.47,112.6,193.3,30.1,0
47.0,0,1,0,1,0,26.4,109.6,0.0,1.0,1.0,0.0,105.3,76.4,139.0,42.0,5.9,101.2,15.85,94.6,187.4,26.9,0
69.0,0,1,0,1,0,27.8,101.3,0.0,1.0,1.0,0.0,131.8,80.9,135.0,68.0,5.4,87.8,8.0,83.1,174.8,27.2,0
43.0,0,1,0,1,0,36.4,99.0,0.0,1.0,1.0,0.0,122.9,78.1,220.0,48.0,5.3,100.5,5.29,108.7,172.0,36.7,0
35.0,0,1,0,1,0,40.8,136.9,0.0,1.0,1.0,0.0,113.0,74.4,193.0,33.0,7.8,83.3,4.03,135.4,183.9,40.0,0
63.0,0,1,0,1,0,34.2,99.8,0.0,1.0,1.0,0.0,174.4,65.7,231.0,66.0,6.0,79.5,1.61,91.6,160.9,35.4,0
31.0,0,1,0,1,0,21.5,82.9,0.0,1.0,1.0,0.0,151.2,73.3,231.0,59.0,5.1,62.2,3.65,60.3,170.0,20.9,0
54.0,0,1,0,1,0,27.7,97.9,0.0,1.0,1.0,0.0,130.1,71.2,207.0,60.0,5.7,74.0,6.91,69.5,162.6,26.3,0
75.0,0,1,0,1,0,27.3,101.0,0.0,1.0,1.0,0.0,150.1,93.2,211.0,27.0,5.3,70.6,0.3,78.8,169.2,27.5,0
66.0,0,1,0,1,0,40.6,129.5,0.0,1.0,1.0,0.0,109.8,74.7,143.0,44.0,5.8,80.6,5.82,140.7,192.0,38.2,0
53.0,0,1,0,1,0,36.3,117.3,0.0,1.0,1.0,0.0,134.5,80.6,137.0,41.0,6.0,80.4,12.96,106.9,178.8,33.4,0
68.0,0,1,0,1,0,30.1,108.5,0.0,1.0,1.0,0.0,146.2,84.9,168.0,42.0,5.7,82.2,12.37,95.9,182.6,28.7,0
77.0,0,1,0,1,0,24.5,91.2,0.0,1.0,1.0,0.0,174.4,85.6,197.0,39.0,5.8,67.3,10.6,80.9,182.5,24.3,0
62.0,1,0,0,1,0,53.8,142.3,0.0,1.0,1.0,0.0,108.5,71.8,255.0,38.0,10.0,86.8,3.12,115.2,154.3,48.4,0
57.0,1,0,0,1,0,21.7,84.5,0.0,1.0,1.0,0.0,128.2,76.8,201.0,59.0,5.4,77.0,1.45,48.4,151.3,21.1,0
66.0,1,0,0,1,0,44.2,133.2,0.0,1.0,1.0,0.0,132.0,60.3,156.0,55.0,6.1,109.1,67.7,102.8,165.0,37.8,0
54.0,1,0,0,1,0,33.5,101.6,0.0,1.0,1.0,0.0,109.6,78.8,171.0,35.0,5.6,95.1,44.1,88.9,161.9,33.9,0
71.0,1,0,0,1,0,36.8,98.8,0.0,1.0,1.0,0.0,118.6,75.1,248.0,102.0,5.5,81.7,9.83,82.9,151.2,36.2,0
51.0,1,0,0,1,0,23.2,98.7,0.0,1.0,1.0,0.0,124.0,76.1,167.0,60.0,5.5,75.3,40.83,73.9,180.4,22.7,0
36.0,1,0,0,1,0,22.8,89.1,0.0,1.0,1.0,0.0,133.0,78.3,229.0,78.0,5.0,105.1,14.19,52.8,153.0,22.5,0
49.0,1,0,0,1,0,23.4,68.0,0.0,1.0,1.0,0.0,112.9,68.1,199.0,76.0,5.5,106.1,5.23,57.4,159.0,22.7,0
66.0,1,0,0,1,0,25.2,89.7,0.0,1.0,1.0,0.0,131.2,78.3,162.0,81.0,5.5,79.0,4.22,56.9,150.8,25.0,0
33.0,1,0,0,1,0,26.0,89.1,0.0,1.0,1.0,0.0,126.6,78.6,221.0,61.0,4.8,98.8,11.41,92.7,188.5,26.1,0
76.0,1,0,0,1,0,28.0,88.5,0.0,1.0,1.0,0.0,116.5,65.2,222.0,125.0,5.8,80.8,4.91,66.7,158.3,26.6,0
61.0,1,0,0,1,0,23.1,75.2,0.0,1.0,1.0,0.0,125.3,76.7,177.0,27.0,5.4,105.7,0.62,64.8,165.4,23.7,0
58.0,1,0,0,1,0,29.6,95.6,0.0,1.0,1.0,0.0,135.4,60.0,86.0,52.0,5.8,50.7,7.18,64.7,153.1,27.6,0
72.0,1,0,0,1,0,46.8,125.8,0.0,1.0,1.0,0.0,104.3,68.3,169.0,66.0,5.6,84.8,12.0,113.5,159.9,44.4,0
62.0,1,0,0,1,0,24.5,87.5,0.0,1.0,1.0,0.0,110.4,62.7,219.0,45.0,5.4,88.4,11.89,55.5,152.6,23.8,0
38.0,1,0,0,1,0,21.9,77.3,0.0,1.0,1.0,0.0,98.1,64.3,175.0,39.0,5.1,102.0,25.45,52.4,158.6,20.8,0
42.0,1,0,0,1,0,37.3,123.0,0.0,1.0,1.0,0.0,116.6,74.8,181.0,48.0,5.3,120.5,21.6,100.8,179.6,31.3,0
60.0,1,0,0,1,0,36.6,115.3,0.0,1.0,1.0,0.0,97.5,66.2,192.0,63.0,5.4,63.6,33.85,90.4,158.0,36.2,0
53.0,1,0,0,1,0,22.4,81.4,0.0,1.0,1.0,0.0,108.9,56.9,184.0,102.0,5.5,101.3,9.38,54.9,157.5,22.1,0
40.0,1,0,0,1,0,40.6,119.2,0.0,1.0,1.0,0.0,119.0,74.9,172.0,39.0,5.8,69.9,10.36,109.9,165.2,40.3,0
59.0,1,0,0,1,0,37.4,110.9,0.0,1.0,1.0,0.0,104.9,61.9,212.0,47.0,5.8,101.4,7.02,89.2,157.1,36.1,0
76.0,1,0,0,1,0,25.5,94.5,0.0,1.0,1.0,0.0,125.8,67.5,177.0,50.0,6.0,72.7,36.14,64.3,159.5,25.3,0
40.0,1,0,0,1,0,25.8,87.7,0.0,1.0,1.0,0.0,97.4,66.9,187.0,58.0,5.7,97.4,11.02,55.8,151.4,24.4,0
75.0,1,0,0,1,0,23.8,87.2,0.0,1.0,1.0,0.0,130.7,77.0,121.0,93.0,6.0,62.2,59.39,51.7,148.8,23.3,0
77.0,1,0,0,1,0,32.6,96.0,0.0,1.0,1.0,0.0,145.2,86.2,199.0,99.0,5.5,76.1,17.19,72.0,156.0,29.6,0
23.0,1,0,0,1,0,38.6,110.1,0.0,1.0,1.0,0.0,110.6,66.1,183.0,40.0,5.4,97.0,8.88,87.8,153.9,37.1,0
68.0,1,0,0,1,0,38.7,124.5,0.0,1.0,1.0,0.0,120.8,76.2,149.0,35.0,4.9,78.4,9.26,74.2,143.1,36.2,0
74.0,1,0,0,1,0,27.6,95.6,0.0,1.0,1.0,0.0,123.4,64.6,191.0,86.0,5.5,76.8,28.32,63.4,156.3,26.0,0
53.0,1,0,0,1,0,45.2,136.3,0.0,1.0,1.0,0.0,101.3,65.1,230.0,63.0,5.6,73.2,25.88,159.5,195.0,41.9,0
47.0,1,0,0,1,0,27.4,86.7,0.0,1.0,1.0,0.0,95.3,59.7,202.0,53.0,4.9,98.6,2.69,61.8,154.6,25.9,0
36.0,1,0,0,1,0,34.3,105.4,0.0,1.0,1.0,0.0,105.8,71.3,167.0,39.0,5.4,128.8,11.05,70.4,154.5,29.5,0
58.0,1,0,0,1,0,24.9,92.1,0.0,1.0,1.0,0.0,121.5,80.2,213.0,57.0,6.7,99.0,1.33,72.5,174.2,23.9,0
57.0,1,0,0,1,0,37.5,118.9,0.0,1.0,1.0,0.0,137.8,86.0,174.0,38.0,5.6,97.6,1.98,79.3,158.6,31.5,0
73.0,1,0,0,1,0,35.1,98.6,0.0,1.0,1.0,0.0,129.9,83.1,145.0,70.0,7.6,77.9,6.36,86.1,158.1,34.4,0
71.0,1,0,0,1,0,41.5,131.5,0.0,1.0,1.0,0.0,107.9,65.4,171.0,48.0,5.2,97.7,49.5,93.9,154.1,39.6,0
49.0,1,0,0,1,0,28.0,97.1,0.0,1.0,1.0,0.0,101.9,68.9,124.0,41.0,5.1,102.8,11.63,64.5,154.4,27.0,0
75.0,1,0,0,1,0,27.2,104.0,0.0,1.0,1.0,0.0,99.6,65.9,117.0,79.0,5.5,92.6,221.2,61.2,154.1,25.8,0
45.0,1,0,0,1,0,49.3,153.1,0.0,1.0,1.0,0.0,109.6,69.7,231.0,29.0,6.3,110.2,8.0,120.2,160.5,46.7,0
68.0,1,0,0,1,0,26.1,95.0,0.0,1.0,1.0,0.0,128.1,80.0,142.0,69.0,5.2,83.8,53.66,60.3,154.5,25.3,0
58.0,1,0,0,1,0,31.5,104.3,0.0,1.0,1.0,0.0,117.1,77.0,172.0,37.0,6.4,63.6,11.13,79.5,154.3,33.4,0
73.0,1,0,0,1,0,27.2,97.6,0.0,1.0,1.0,0.0,128.3,83.2,190.0,51.0,6.1,52.3,5.67,58.6,162.0,22.3,0
48.0,1,0,0,1,0,38.4,119.9,0.0,1.0,1.0,0.0,128.9,79.0,217.0,58.0,6.9,84.6,12.35,78.5,156.3,32.1,0
53.0,1,0,0,1,0,24.8,92.2,0.0,1.0,1.0,0.0,121.1,81.7,185.0,37.0,5.2,64.3,1.77,59.2,155.0,24.6,0
69.0,1,0,0,1,0,28.2,91.6,0.0,1.0,1.0,0.0,94.2,58.4,132.0,77.0,5.5,101.7,9.39,67.8,157.7,27.2,0
72.0,1,0,0,1,0,26.7,87.2,0.0,1.0,1.0,0.0,111.9,58.6,167.0,86.0,5.2,97.4,10.59,67.3,156.9,27.3,0
76.0,1,0,0,1,0,32.8,102.6,0.0,1.0,1.0,0.0,131.1,62.5,244.0,86.0,5.3,48.4,12.03,81.1,163.3,30.4,0
53.0,1,0,0,1,0,26.5,91.9,0.0,1.0,1.0,0.0,106.2,58.1,186.0,78.0,6.6,96.6,7.48,55.3,159.3,21.8,0
64.0,1,0,0,1,0,35.0,105.7,0.0,1.0,1.0,0.0,101.3,65.8,194.0,36.0,10.2,94.8,43.33,66.3,141.9,32.9,0
40.0,1,0,0,1,0,59.0,159.8,0.0,1.0,1.0,0.0,97.6,48.1,217.0,39.0,5.2,114.0,129.91,133.7,154.0,56.4,0
69.0,1,0,0,1,0,27.7,103.4,0.0,1.0,1.0,0.0,117.9,54.3,133.0,57.0,5.6,97.2,10.06,86.3,175.6,28.0,0
77.0,1,0,0,1,0,24.4,91.3,0.0,1.0,1.0,0.0,119.0,73.0,200.0,60.0,5.4,60.9,32.88,57.4,157.8,23.1,0
48.0,1,0,0,1,0,43.5,129.8,0.0,1.0,1.0,0.0,99.0,68.9,172.0,41.0,5.7,74.5,5.23,104.2,165.3,38.1,0
41.0,1,0,0,1,0,52.5,144.7,0.0,1.0,1.0,0.0,104.1,69.3,177.0,34.0,6.0,68.3,10.68,127.3,159.4,50.1,0
62.0,1,0,0,1,0,25.1,83.7,0.0,1.0,1.0,0.0,112.5,65.0,232.0,61.0,5.0,82.0,20.55,72.1,169.8,25.0,0
69.0,1,0,0,1,0,42.7,124.3,0.0,1.0,1.0,0.0,123.9,71.9,227.0,79.0,5.0,54.9,2.97,97.8,157.6,39.4,0
68.0,1,0,0,1,0,32.8,109.4,0.0,1.0,1.0,0.0,140.6,84.9,215.0,69.0,8.6,112.3,0.3,111.8,184.3,32.9,0
27.0,1,0,0,1,0,29.0,105.9,0.0,1.0,1.0,0.0,107.8,73.8,185.0,37.0,5.3,87.2,6.97,89.1,178.1,28.1,0
72.0,1,0,0,1,0,24.8,93.7,0.0,1.0,1.0,0.0,137.6,82.3,202.0,43.0,6.9,65.9,7.34,72.8,165.2,26.7,0
73.0,1,0,0,1,0,25.4,90.9,0.0,1.0,1.0,0.0,108.1,69.7,194.0,63.0,5.3,90.0,7.2,60.6,154.1,25.5,0
65.0,1,0,0,1,0,23.8,92.0,0.0,1.0,1.0,0.0,131.3,67.1,216.0,43.0,6.5,76.0,7.94,55.5,155.2,23.0,0
65.0,1,0,0,1,0,18.1,74.7,0.0,1.0,1.0,0.0,132.9,81.1,244.0,56.0,4.6,70.8,5.27,42.3,152.5,18.2,0
73.0,1,0,0,1,0,28.6,101.5,0.0,1.0,1.0,0.0,126.5,77.8,164.0,64.0,5.5,110.1,6.61,64.7,152.9,27.7,0
40.0,1,0,0,1,0,42.1,116.9,0.0,1.0,1.0,0.0,97.4,65.8,150.0,37.0,6.0,102.4,2.6,84.4,154.0,35.6,0
69.0,1,0,0,1,0,27.3,95.8,0.0,1.0,1.0,0.0,140.7,85.3,196.0,41.0,5.6,98.2,12.22,58.1,157.9,23.3,0
54.0,1,0,0,1,0,38.6,124.7,0.0,1.0,1.0,0.0,126.4,77.6,178.0,66.0,6.2,105.3,51.35,94.2,159.1,37.2,0
59.0,1,0,0,1,0,26.6,95.9,0.0,1.0,1.0,0.0,127.9,81.9,190.0,34.0,6.1,79.1,16.52,66.3,159.3,26.1,0
59.0,1,0,0,1,0,32.6,97.9,0.0,1.0,1.0,0.0,118.0,67.3,162.0,74.0,5.6,76.4,29.21,91.3,167.9,32.4,0
72.0,1,0,0,1,0,48.7,130.9,0.0,1.0,1.0,0.0,132.3,82.4,119.0,33.0,8.9,82.5,38.93,117.6,158.3,46.9,0
55.0,1,0,0,1,0,23.9,88.4,0.0,1.0,1.0,0.0,111.4,71.1,142.0,90.0,5.4,86.2,6.27,60.8,155.0,25.3,0
29.0,1,0,0,1,0,39.8,126.2,0.0,1.0,1.0,0.0,113.4,73.4,118.0,42.0,5.7,125.1,6.18,87.2,151.9,37.8,0
65.0,1,0,0,1,0,30.6,94.0,0.0,1.0,1.0,0.0,104.7,53.2,126.0,80.0,5.6,75.9,58.68,75.9,159.3,29.9,0
58.0,1,0,0,1,0,26.3,91.3,0.0,1.0,1.0,0.0,129.1,75.6,216.0,61.0,4.4,93.1,6.82,60.6,156.2,24.8,0
60.0,1,0,0,1,0,26.4,87.5,0.0,1.0,1.0,0.0,146.5,82.3,213.0,81.0,6.0,77.9,4.9,84.4,180.5,25.9,0
55.0,1,0,0,1,0,33.1,89.6,0.0,1.0,1.0,0.0,133.8,69.2,225.0,81.0,6.2,101.8,5.96,73.4,150.8,32.3,0
53.0,1,0,0,1,0,34.6,109.2,0.0,1.0,1.0,0.0,144.0,77.2,191.0,45.0,6.0,86.3,3.82,72.9,149.4,32.7,0
47.0,1,0,0,1,0,38.9,98.6,0.0,1.0,1.0,0.0,105.1,67.7,112.0,37.0,10.2,118.8,6.3,72.8,139.6,37.4,0
63.0,1,0,0,1,0,29.1,102.1,0.0,1.0,1.0,0.0,122.5,78.0,193.0,43.0,5.5,96.7,2.78,72.9,163.0,27.4,0
55.0,1,0,0,1,0,39.5,125.1,0.0,1.0,1.0,0.0,130.4,87.8,226.0,41.0,5.9,75.4,59.51,76.6,143.0,37.5,0
70.0,1,0,0,1,0,23.3,85.4,0.0,1.0,1.0,0.0,106.3,71.4,200.0,79.0,5.4,77.6,15.42,64.9,169.1,22.7,0
62.0,1,0,0,1,0,23.8,84.9,0.0,1.0,1.0,0.0,106.8,69.3,177.0,48.0,6.0,103.8,9.3,55.5,152.6,23.8,0
63.0,1,0,0,1,0,26.5,92.7,0.0,1.0,1.0,0.0,123.7,77.8,233.0,84.0,5.3,64.2,3.36,56.5,148.1,25.7,0
65.0,1,0,0,1,0,35.1,106.7,0.0,1.0,1.0,0.0,103.6,68.4,210.0,80.0,5.7,68.0,11.61,85.3,155.8,35.1,0
73.0,1,0,0,1,0,33.1,104.7,0.0,1.0,1.0,0.0,159.0,55.7,201.0,91.0,5.7,63.7,7.09,75.5,153.4,32.1,0
33.0,1,0,0,1,0,46.5,142.5,0.0,1.0,1.0,0.0,113.4,78.8,213.0,58.0,4.9,100.7,10.22,144.0,181.7,43.6,0
34.0,1,0,0,1,0,29.9,66.2,0.0,1.0,1.0,0.0,127.9,80.8,204.0,58.0,6.7,112.5,35.22,85.5,165.0,31.4,0
53.0,1,0,0,1,0,19.6,78.5,0.0,1.0,1.0,0.0,129.6,77.7,215.0,89.0,5.8,98.8,2.32,43.8,153.2,18.6,0
59.0,1,0,0,1,0,31.3,97.2,0.0,1.0,1.0,0.0,135.1,83.1,205.0,72.0,5.8,92.6,12.47,74.0,159.2,29.2,0
50.0,1,0,0,1,0,41.7,130.3,0.0,1.0,1.0,0.0,110.6,61.7,196.0,66.0,5.8,64.9,34.54,87.4,150.3,38.7,0
63.0,1,0,0,1,0,29.0,100.0,0.0,1.0,1.0,0.0,143.1,80.1,185.0,84.0,5.0,91.9,6.13,74.7,168.3,26.4,0
60.0,1,0,0,1,0,28.2,98.6,0.0,1.0,1.0,0.0,98.8,64.1,217.0,57.0,5.5,83.4,49.58,58.6,151.6,25.5,0
48.0,1,0,0,1,0,40.8,123.8,0.0,1.0,1.0,0.0,108.6,73.4,162.0,37.0,5.4,109.1,8.23,88.6,158.4,35.3,0
47.0,1,0,0,1,0,27.7,99.8,0.0,1.0,1.0,0.0,121.8,77.1,185.0,39.0,5.2,84.3,12.74,65.4,159.1,25.8,0
78.0,1,0,0,1,0,33.3,109.9,0.0,1.0,1.0,0.0,95.7,69.3,132.0,52.0,5.3,123.9,25.72,75.2,168.0,26.6,0
63.0,1,0,0,1,0,46.6,143.0,0.0,1.0,1.0,0.0,104.1,73.7,195.0,39.0,4.6,79.9,10.31,112.3,162.4,42.6,0
58.0,1,0,0,1,0,27.0,88.7,0.0,1.0,1.0,0.0,127.8,39.5,151.0,74.0,5.4,109.1,26.08,59.2,151.2,25.9,0
66.0,1,0,0,1,0,40.6,129.7,0.0,1.0,1.0,0.0,132.2,76.6,168.0,57.0,6.0,83.8,6.52,89.7,155.2,37.2,0
72.0,1,0,0,1,0,31.9,106.6,0.0,1.0,1.0,0.0,112.0,75.5,197.0,52.0,5.7,106.8,10.76,91.3,167.5,32.5,0
41.0,1,0,0,1,0,25.8,93.0,0.0,1.0,1.0,0.0,115.0,71.1,138.0,43.0,4.9,43.9,8.17,78.6,171.6,26.7,0
76.0,1,0,0,1,0,27.0,91.0,0.0,1.0,1.0,0.0,127.2,74.9,118.0,82.0,5.6,52.3,6.77,67.7,159.4,26.6,0
63.0,1,0,0,1,0,26.7,96.9,0.0,1.0,1.0,0.0,132.7,78.1,222.0,40.0,5.3,81.1,8.41,76.3,168.6,26.8,0
63.0,1,0,0,1,0,32.5,107.5,0.0,1.0,1.0,0.0,132.7,78.0,239.0,37.0,5.9,87.6,11.25,65.5,156.9,26.6,0
27.0,1,0,0,1,0,49.4,129.6,0.0,1.0,1.0,0.0,103.4,65.8,238.0,38.0,5.7,93.9,8.59,99.5,152.7,42.7,0
32.0,1,0,0,1,0,33.5,107.9,0.0,1.0,1.0,0.0,101.5,68.4,150.0,60.0,4.7,96.2,10.47,75.4,153.2,32.1,0
73.0,1,0,0,1,0,25.3,91.0,0.0,1.0,0.0,0.0,134.8,68.2,154.0,42.0,5.5,76.1,12.46,56.6,152.8,24.2,0
75.0,1,0,0,1,0,27.6,99.4,0.0,1.0,0.0,0.0,102.4,67.6,204.0,58.0,5.9,50.5,6.94,59.8,151.4,26.1,0
32.0,1,0,0,1,0,34.8,104.2,0.0,1.0,0.0,0.0,103.2,71.4,218.0,75.0,5.5,111.5,3.06,78.9,159.0,31.2,0
63.0,1,0,0,1,0,27.5,89.3,0.0,1.0,0.0,0.0,112.8,76.9,191.0,84.0,5.0,101.0,8.4,62.1,152.8,26.6,0
73.0,1,0,0,1,0,25.4,85.8,0.0,1.0,0.0,0.0,107.3,68.8,154.0,37.0,5.7,76.0,9.0,65.4,163.0,24.6,0
48.0,1,0,0,1,0,24.3,82.7,0.0,1.0,0.0,0.0,103.6,75.7,152.0,77.0,6.1,115.8,41.54,65.7,157.7,26.4,0
75.0,1,0,0,1,0,23.8,81.2,0.0,1.0,0.0,0.0,124.0,76.8,152.0,84.0,5.7,96.3,11.12,59.6,157.7,24.0,0
35.0,1,0,0,1,0,38.2,113.3,0.0,1.0,0.0,0.0,124.9,62.6,174.0,45.0,5.6,96.3,9.42,88.4,167.8,31.4,0
67.0,1,0,0,1,0,32.6,110.0,0.0,1.0,0.0,0.0,120.7,70.7,197.0,78.0,5.7,77.0,63.35,85.3,162.8,32.2,0
64.0,1,0,0,1,0,38.0,93.9,0.0,1.0,0.0,0.0,104.3,68.3,167.0,46.0,5.6,70.2,8.18,88.0,154.2,37.0,0
74.0,1,0,0,1,0,27.9,102.7,0.0,1.0,0.0,0.0,129.0,68.1,223.0,59.0,5.2,60.9,6.93,70.3,162.8,26.5,0
22.0,1,0,0,1,0,33.0,107.4,0.0,1.0,0.0,0.0,104.0,69.0,192.0,61.0,5.3,119.5,5.2,99.2,180.3,30.5,0
36.0,1,0,0,1,0,27.8,87.5,0.0,1.0,0.0,0.0,119.3,71.8,176.0,48.0,5.2,109.7,8.53,55.1,155.5,22.8,0
62.0,1,0,0,1,0,25.7,87.3,0.0,1.0,0.0,0.0,109.4,68.2,206.0,47.0,11.0,112.0,11.81,55.8,162.6,21.1,0
40.0,1,0,0,1,0,28.4,101.9,0.0,1.0,0.0,0.0,100.1,46.0,204.0,67.0,5.5,74.1,11.41,50.8,152.6,21.8,0
72.0,1,0,0,1,0,21.8,84.8,0.0,1.0,0.0,0.0,136.3,66.2,211.0,91.0,6.1,64.6,9.08,57.6,153.8,24.4,0
48.0,1,0,0,1,0,44.6,105.0,0.0,1.0,0.0,0.0,129.6,70.7,193.0,84.0,4.9,102.5,10.92,126.4,167.7,44.9,0
74.0,1,0,0,1,0,25.7,91.1,0.0,1.0,0.0,0.0,132.6,80.4,188.0,53.0,5.9,103.4,12.84,59.4,154.6,24.9,0
53.0,1,0,0,1,0,42.3,125.4,0.0,1.0,0.0,0.0,112.1,74.6,180.0,38.0,6.1,103.0,13.36,88.7,153.5,37.6,0
24.0,1,0,0,1,0,26.8,92.5,0.0,1.0,0.0,0.0,112.6,77.8,187.0,43.0,6.1,79.4,4.18,82.8,173.0,27.7,0
22.0,1,0,0,1,0,22.0,70.3,0.0,1.0,0.0,0.0,94.0,65.5,160.0,66.0,5.2,128.9,8.52,61.0,168.4,21.5,0
69.0,1,0,0,1,0,25.8,96.7,0.0,1.0,0.0,0.0,122.1,82.6,212.0,53.0,5.1,90.6,8.46,69.5,169.4,24.2,0
70.0,1,0,0,1,0,20.8,81.1,0.0,1.0,0.0,0.0,121.8,70.0,197.0,67.0,5.4,84.8,7.27,45.6,149.0,20.5,0
30.0,1,0,0,1,0,29.3,94.6,0.0,1.0,0.0,0.0,112.4,61.6,190.0,47.0,5.7,98.2,4.67,72.9,154.7,30.5,0
75.0,1,0,0,1,0,20.2,78.4,0.0,1.0,0.0,0.0,125.2,52.3,192.0,58.0,5.6,103.6,11.41,52.2,163.0,19.6,0
62.0,1,0,0,1,0,20.6,73.8,0.0,1.0,0.0,0.0,108.5,78.4,122.0,77.0,8.8,70.7,1.58,44.5,157.7,17.9,0
70.0,1,0,0,1,0,40.0,129.1,0.0,1.0,0.0,0.0,144.4,64.0,164.0,51.0,5.2,94.7,7.83,96.6,165.7,35.2,0
54.0,1,0,0,1,0,26.5,87.3,0.0,1.0,0.0,0.0,107.3,58.9,129.0,37.0,5.0,69.8,9.83,64.3,154.4,27.0,0
39.0,1,0,0,1,0,26.4,92.3,0.0,1.0,0.0,0.0,105.1,61.4,174.0,60.0,5.0,120.0,46.08,66.7,175.1,21.8,0
31.0,1,0,0,1,0,37.3,112.7,0.0,1.0,0.0,0.0,126.3,72.2,168.0,70.0,5.4,107.8,41.58,89.1,169.3,31.1,0
69.0,1,0,0,1,0,45.9,129.2,0.0,1.0,0.0,0.0,99.1,68.1,90.0,47.0,10.8,60.8,15.43,99.5,151.1,43.6,0
73.0,1,0,0,1,0,32.8,111.7,0.0,1.0,0.0,0.0,124.2,61.0,209.0,56.0,5.7,75.0,49.0,74.7,155.2,31.0,0
72.0,1,0,0,1,0,33.7,109.7,0.0,1.0,0.0,0.0,153.5,90.8,222.0,44.0,5.7,58.0,2.33,81.4,162.4,30.9,0
54.0,1,0,0,1,0,21.7,93.3,0.0,1.0,0.0,0.0,113.5,55.4,171.0,43.0,5.1,93.3,60.14,77.4,191.6,21.1,0
67.0,1,0,0,1,0,34.6,120.2,0.0,1.0,0.0,0.0,123.4,76.5,212.0,40.0,5.4,84.4,6.72,85.4,157.3,34.5,0
67.0,1,0,0,1,0,38.7,105.3,0.0,1.0,0.0,0.0,125.6,75.9,167.0,42.0,6.2,55.8,7.5,93.0,158.6,37.0,0
47.0,1,0,0,1,0,35.7,108.9,0.0,1.0,0.0,0.0,104.5,74.9,156.0,41.0,5.0,116.8,30.06,85.9,157.7,34.6,0
68.0,1,0,0,1,0,27.9,101.3,0.0,1.0,0.0,0.0,137.1,91.2,217.0,77.0,5.8,109.2,9.66,65.8,156.6,26.8,0
76.0,1,0,0,1,0,30.8,115.2,0.0,1.0,0.0,0.0,131.5,63.7,182.0,45.0,5.8,61.8,9.72,80.0,167.7,28.4,0
50.0,1,0,0,1,0,40.7,119.9,0.0,1.0,0.0,0.0,138.5,75.8,196.0,43.0,5.8,94.1,5.24,145.1,192.2,39.3,0
78.0,1,0,0,1,0,35.9,109.5,0.0,1.0,0.0,0.0,100.6,62.1,139.0,58.0,5.4,78.1,15.58,97.7,169.5,34.0,0
22.0,1,0,0,1,0,30.1,99.1,0.0,1.0,0.0,0.0,136.8,83.7,222.0,42.0,5.3,90.5,13.7,99.7,184.7,29.2,0
33.0,1,0,0,1,0,32.0,102.0,0.0,1.0,0.0,0.0,103.3,72.2,235.0,49.0,5.3,104.3,31.77,79.9,159.0,31.6,0
57.0,1,0,0,1,0,27.2,98.4,0.0,1.0,0.0,0.0,107.5,70.0,170.0,43.0,5.7,64.4,11.72,64.7,154.6,27.1,0
44.0,1,0,0,1,0,28.1,92.5,0.0,1.0,0.0,0.0,117.2,76.1,221.0,76.0,5.1,127.8,12.22,81.5,169.3,28.4,0
57.0,1,0,0,1,0,26.0,85.7,0.0,1.0,0.0,0.0,130.5,85.6,222.0,36.0,7.8,110.4,52.71,62.3,156.6,25.4,0
66.0,1,0,0,1,0,26.5,92.8,0.0,1.0,0.0,0.0,114.5,70.7,176.0,37.0,5.6,90.6,9.83,67.9,175.1,22.1,0
78.0,1,0,0,1,0,27.9,96.9,0.0,1.0,0.0,0.0,102.7,62.4,206.0,79.0,5.3,94.9,8.6,64.1,156.3,26.3,0
36.0,1,0,0,1,0,26.3,78.4,0.0,1.0,0.0,0.0,138.9,82.1,213.0,67.0,9.4,72.9,16.99,67.0,153.6,28.4,0
78.0,1,0,0,1,0,25.5,91.7,0.0,1.0,0.0,0.0,130.2,69.3,195.0,55.0,6.5,86.3,44.87,88.6,189.0,24.8,0
78.0,1,0,0,1,0,24.8,95.4,0.0,1.0,0.0,0.0,126.3,67.9,186.0,36.0,6.1,81.0,5.1,73.1,174.6,24.0,0
37.0,1,0,0,1,0,36.7,106.4,0.0,1.0,0.0,0.0,127.1,79.1,171.0,41.0,6.4,58.2,9.55,85.5,152.9,36.6,0
34.0,1,0,0,1,0,25.1,84.3,0.0,1.0,0.0,0.0,109.7,70.2,181.0,58.0,5.1,76.2,6.46,56.2,153.5,23.8,0
20.0,1,0,0,1,0,24.7,67.5,0.0,1.0,0.0,0.0,141.8,82.1,172.0,46.0,5.7,93.8,19.76,62.5,159.0,24.7,0
64.0,1,0,0,1,0,25.5,90.2,0.0,1.0,0.0,0.0,129.3,47.8,166.0,87.0,5.1,84.6,5.4,61.4,158.8,24.4,0
62.0,1,0,0,1,0,22.4,72.4,0.0,1.0,0.0,0.0,110.7,71.2,131.0,81.0,5.2,89.1,6.56,53.5,151.0,23.4,0
46.0,1,0,0,1,0,24.9,89.2,0.0,1.0,0.0,0.0,117.3,61.1,158.0,44.0,5.8,111.1,8.65,61.1,158.2,24.4,0
66.0,1,0,0,1,0,23.0,86.6,0.0,1.0,0.0,0.0,128.5,78.2,193.0,49.0,5.8,69.3,6.87,73.3,182.3,22.1,0
59.0,1,0,0,1,0,26.1,97.5,0.0,1.0,0.0,0.0,134.1,85.0,214.0,93.0,5.9,58.8,12.06,67.8,162.5,25.7,0
43.0,1,0,0,1,0,40.5,113.5,0.0,1.0,0.0,0.0,120.5,71.8,154.0,80.0,5.6,94.7,8.89,105.0,165.4,38.4,0
79.0,1,0,0,1,0,19.0,58.5,0.0,1.0,0.0,0.0,105.8,65.0,193.0,65.0,5.6,55.6,48.7,55.9,171.7,19.0,0
23.0,1,0,0,1,0,38.5,114.0,0.0,1.0,0.0,0.0,134.5,61.0,203.0,70.0,4.8,54.2,8.18,116.2,174.9,38.0,0
71.0,1,0,0,1,0,23.4,83.8,0.0,1.0,0.0,0.0,127.0,78.2,152.0,78.0,5.5,71.6,9.54,74.4,182.7,22.3,0
75.0,1,0,0,1,0,41.9,124.4,0.0,1.0,0.0,0.0,168.6,96.9,179.0,46.0,5.9,75.4,4.37,115.9,169.1,40.5,0
70.0,1,0,0,1,0,22.1,81.4,0.0,1.0,0.0,0.0,100.8,48.1,172.0,60.0,5.2,65.1,6.85,50.4,155.7,20.8,0
72.0,1,0,0,1,0,34.6,110.5,0.0,1.0,0.0,0.0,132.2,82.1,212.0,65.0,5.5,67.2,4.76,100.1,174.1,33.0,0
62.0,1,0,0,1,0,29.8,100.6,0.0,1.0,0.0,0.0,129.6,81.7,210.0,57.0,5.6,93.5,6.29,89.9,173.4,29.9,0
64.0,1,0,0,1,0,24.5,87.3,0.0,1.0,0.0,0.0,127.6,77.0,208.0,55.0,5.9,57.1,7.33,65.0,165.1,23.8,0
22.0,1,0,0,1,0,25.6,87.8,0.0,1.0,0.0,0.0,103.8,67.2,156.0,36.0,5.7,112.2,8.51,60.8,159.1,24.0,0
59.0,1,0,0,1,0,26.7,92.3,0.0,1.0,0.0,0.0,114.3,63.6,208.0,73.0,4.9,84.9,12.82,65.3,158.7,25.9,0
68.0,1,0,0,1,0,41.9,119.5,0.0,1.0,0.0,0.0,123.7,75.6,157.0,58.0,5.6,88.5,8.92,99.1,157.1,40.1,0
52.0,1,0,0,1,0,26.8,87.4,0.0,1.0,0.0,0.0,125.6,80.7,211.0,68.0,5.9,99.6,10.31,67.8,161.2,26.1,0
25.0,1,0,0,1,0,26.8,90.8,0.0,1.0,0.0,0.0,102.9,65.7,216.0,35.0,5.1,80.6,5.45,57.4,152.4,24.7,0
71.0,1,0,0,1,0,28.4,98.1,0.0,1.0,0.0,0.0,118.9,77.7,187.0,69.0,5.5,93.1,36.44,80.9,167.5,28.8,0
71.0,1,0,0,1,0,28.3,92.4,0.0,1.0,0.0,0.0,110.1,66.6,200.0,55.0,5.5,92.1,11.22,65.7,152.6,28.2,0
54.0,1,0,0,1,0,21.6,78.0,0.0,1.0,0.0,0.0,106.6,72.1,202.0,81.0,5.1,93.0,11.5,49.3,152.7,21.1,0
31.0,1,0,0,1,0,21.2,67.9,0.0,1.0,0.0,0.0,99.9,67.9,182.0,39.0,5.2,101.6,5.78,52.1,158.3,20.8,0
64.0,1,0,0,1,0,22.4,88.2,0.0,1.0,0.0,0.0,139.1,72.0,197.0,49.0,5.9,79.9,5.95,58.9,162.6,22.3,0
74.0,1,0,0,1,0,23.6,93.0,0.0,1.0,0.0,0.0,162.6,89.5,215.0,37.0,5.1,88.6,7.36,74.6,178.0,23.5,0
52.0,1,0,0,1,0,49.9,133.2,0.0,1.0,0.0,0.0,131.2,70.9,163.0,39.0,9.2,102.3,3.86,102.9,155.0,42.8,0
42.0,1,0,0,1,0,24.8,91.4,0.0,1.0,0.0,0.0,125.5,83.9,185.0,30.0,4.8,76.5,36.6,61.2,159.8,24.0,0
38.0,1,0,0,1,0,27.9,100.1,0.0,1.0,0.0,0.0,105.9,68.9,175.0,39.0,4.9,73.1,42.14,79.9,172.0,27.0,0
65.0,1,0,0,1,0,23.2,91.1,0.0,1.0,0.0,0.0,157.3,66.7,194.0,45.0,6.2,63.4,10.71,55.6,159.0,22.0,0
69.0,1,0,0,1,0,27.1,89.2,0.0,1.0,0.0,0.0,119.0,75.3,177.0,71.0,6.1,84.3,10.08,64.6,157.3,26.1,0
60.0,1,0,0,1,0,27.1,89.2,0.0,1.0,0.0,0.0,102.8,73.7,210.0,52.0,4.7,102.3,3.63,87.6,183.5,26.0,0
69.0,1,0,0,1,0,23.0,81.2,0.0,1.0,0.0,0.0,102.5,68.7,205.0,74.0,5.2,99.2,38.19,51.6,159.1,20.4,0
70.0,1,0,0,1,0,23.3,87.9,0.0,1.0,0.0,0.0,135.1,79.4,180.0,42.0,5.4,106.5,6.55,64.8,170.6,22.3,0
52.0,0,1,0,1,0,38.6,130.6,0.0,1.0,0.0,0.0,117.4,72.4,154.0,33.0,5.5,111.3,9.6,88.9,155.4,36.8,0
62.0,0,1,0,1,0,32.5,109.9,0.0,1.0,0.0,0.0,132.9,77.1,185.0,44.0,5.0,66.9,9.93,109.9,186.8,31.5,0
23.0,0,1,0,1,0,27.3,92.0,0.0,1.0,0.0,0.0,99.1,62.7,147.0,47.0,4.8,131.0,32.88,76.9,168.4,27.1,0
65.0,0,1,0,1,0,33.0,111.0,0.0,1.0,0.0,0.0,126.8,81.3,196.0,43.0,5.9,97.7,4.28,107.0,186.4,30.8,0
37.0,0,1,0,1,0,24.9,83.5,0.0,1.0,0.0,0.0,121.5,67.1,160.0,39.0,5.2,107.9,17.93,69.1,170.6,23.7,0
73.0,0,1,0,1,0,29.8,103.4,0.0,1.0,0.0,0.0,114.7,62.6,214.0,41.0,5.6,108.5,45.87,86.6,174.5,28.4,0
72.0,0,1,0,1,0,26.0,104.1,0.0,1.0,0.0,0.0,123.9,72.1,146.0,40.0,5.9,86.7,11.36,79.4,179.7,24.6,0
70.0,0,1,0,1,0,35.7,114.0,0.0,1.0,0.0,0.0,115.9,62.3,169.0,53.0,5.2,75.4,7.06,128.8,191.0,35.3,0
28.0,0,1,0,1,0,19.3,74.2,0.0,1.0,0.0,0.0,100.0,60.9,187.0,37.0,5.5,129.2,1.84,64.1,185.9,18.6,0
73.0,0,1,0,1,0,57.7,161.7,0.0,1.0,0.0,0.0,133.5,77.5,194.0,53.0,5.7,61.0,8.83,131.5,155.9,54.1,0
31.0,0,1,0,1,0,27.5,87.8,0.0,1.0,0.0,0.0,150.7,87.1,186.0,52.0,5.5,125.6,43.44,94.8,178.2,29.9,0
28.0,0,1,0,1,0,28.7,103.4,0.0,1.0,0.0,0.0,124.5,68.1,225.0,63.0,5.8,105.1,11.5,101.5,184.7,29.7,0
67.0,0,1,0,1,0,27.6,96.7,0.0,1.0,0.0,0.0,142.3,88.0,137.0,50.0,4.7,100.7,10.02,80.1,173.2,26.7,0
18.0,0,1,0,1,0,34.3,113.2,0.0,1.0,0.0,0.0,116.6,84.5,223.0,40.0,5.9,133.0,11.12,94.5,167.4,33.7,0
71.0,0,1,0,1,0,26.5,103.8,0.0,1.0,0.0,0.0,124.8,63.8,128.0,54.0,5.0,86.7,39.91,78.1,174.9,25.5,0
72.0,0,1,0,1,0,23.3,91.0,0.0,1.0,0.0,0.0,112.4,73.9,192.0,35.0,5.8,104.4,30.94,72.2,182.3,21.7,0
62.0,0,1,0,1,0,41.1,128.6,0.0,1.0,0.0,0.0,126.8,80.8,197.0,37.0,6.0,89.6,0.89,126.3,184.9,37.0,0
35.0,0,1,0,1,0,26.3,75.8,0.0,1.0,0.0,0.0,106.2,71.8,135.0,69.0,5.6,92.5,4.08,62.7,157.2,25.4,0
72.0,0,1,0,1,0,37.6,128.8,0.0,1.0,0.0,0.0,109.7,72.0,202.0,42.0,5.3,116.7,4.2,114.7,176.2,36.9,0
62.0,0,1,0,1,0,30.0,100.6,0.0,1.0,0.0,0.0,108.4,58.0,212.0,35.0,5.5,81.4,7.46,92.3,180.0,28.5,0
48.0,0,1,0,1,0,28.5,98.9,0.0,1.0,0.0,0.0,110.5,71.0,214.0,82.0,5.4,81.6,51.21,78.8,168.0,27.9,0
39.0,0,1,0,1,0,24.9,90.1,0.0,1.0,0.0,0.0,124.6,76.8,179.0,49.0,5.1,81.9,6.04,73.7,172.3,24.8,0
28.0,0,1,0,1,0,20.4,77.6,0.0,1.0,0.0,0.0,111.4,71.8,161.0,44.0,5.0,135.6,7.24,73.6,189.0,20.6,0
33.0,0,1,0,1,0,28.6,103.2,0.0,1.0,0.0,0.0,142.2,71.1,135.0,39.0,5.7,80.8,6.41,68.8,165.4,25.1,0
69.0,0,1,0,1,0,19.1,87.6,0.0,1.0,0.0,0.0,119.0,77.2,166.0,46.0,5.3,81.8,8.81,65.4,184.5,19.2,0
79.0,0,1,0,1,0,26.9,95.3,0.0,1.0,0.0,0.0,126.1,62.6,214.0,63.0,4.8,79.9,8.37,84.2,181.9,25.5,0
59.0,0,1,0,1,0,22.7,88.8,0.0,1.0,0.0,0.0,108.0,71.2,210.0,41.0,5.1,77.9,1.87,61.4,165.0,22.6,0
25.0,0,1,0,1,0,26.9,90.6,0.0,1.0,0.0,0.0,129.6,62.7,231.0,51.0,5.4,113.7,9.47,55.0,158.6,21.9,0
48.0,0,1,0,1,0,25.0,90.6,0.0,1.0,0.0,0.0,126.1,67.8,194.0,38.0,4.9,106.4,6.45,71.1,171.2,24.3,0
65.0,0,1,0,1,0,28.7,99.4,0.0,1.0,0.0,0.0,137.8,78.5,167.0,91.0,5.3,103.6,14.7,75.1,168.2,26.5,0
71.0,0,1,0,1,0,28.9,102.9,0.0,1.0,0.0,0.0,130.3,76.5,161.0,56.0,5.7,46.9,48.39,92.4,182.4,27.8,0
18.0,0,1,0,1,0,26.6,93.0,0.0,1.0,0.0,0.0,96.2,62.8,193.0,51.0,4.8,99.6,10.88,72.4,168.6,25.5,0
59.0,0,1,0,1,0,40.1,128.8,0.0,1.0,0.0,0.0,146.8,89.4,140.0,37.0,5.3,106.4,4.03,135.7,185.1,39.6,0
61.0,0,1,0,1,0,27.5,94.4,0.0,1.0,0.0,0.0,134.5,77.9,130.0,42.0,5.6,90.0,3.96,86.3,173.5,28.7,0
70.0,0,1,0,1,0,19.5,85.6,0.0,1.0,0.0,0.0,120.5,74.3,242.0,48.0,5.4,83.1,8.8,58.0,170.7,19.9,0
74.0,0,1,0,1,0,23.8,96.5,0.0,1.0,0.0,0.0,120.2,78.7,175.0,35.0,5.2,100.0,6.88,81.8,187.7,23.2,0
43.0,0,1,0,1,0,56.1,168.8,0.0,1.0,0.0,0.0,116.8,75.4,203.0,38.0,5.2,113.6,35.79,148.7,168.2,52.5,0
30.0,0,1,0,1,0,24.7,83.9,0.0,1.0,0.0,0.0,111.9,63.6,142.0,43.0,5.0,102.7,12.35,71.2,172.4,24.0,0
35.0,0,1,0,1,0,45.3,128.5,0.0,1.0,0.0,0.0,139.4,83.6,233.0,49.0,5.8,110.3,9.2,130.1,172.3,43.8,0
52.0,0,1,0,1,0,29.2,104.1,0.0,1.0,0.0,0.0,116.8,69.9,225.0,40.0,3.5,89.8,31.13,88.4,177.8,28.0,0
71.0,0,1,0,1,0,35.3,115.1,0.0,1.0,0.0,0.0,134.8,78.3,173.0,50.0,6.1,81.3,42.0,97.4,162.8,36.8,0
69.0,0,1,0,1,0,24.8,90.5,0.0,1.0,0.0,0.0,109.2,70.1,198.0,34.0,5.0,129.8,5.53,75.6,176.9,24.2,0
47.0,0,1,0,1,0,40.7,133.6,0.0,1.0,0.0,0.0,140.6,85.9,216.0,45.0,5.1,116.4,37.71,137.3,187.8,38.9,0
69.0,0,1,0,1,0,25.5,101.2,0.0,1.0,0.0,0.0,168.3,84.7,204.0,62.0,5.2,93.8,8.55,78.0,181.7,23.6,0
61.0,0,1,0,1,0,37.1,116.0,0.0,1.0,0.0,0.0,119.0,74.2,161.0,51.0,5.9,62.0,43.36,115.7,177.5,36.7,0
70.0,0,1,0,1,0,28.1,99.2,0.0,1.0,0.0,0.0,99.0,64.7,163.0,59.0,5.3,85.8,2.42,98.5,187.0,28.2,0
67.0,0,1,0,1,0,36.6,117.0,0.0,1.0,0.0,0.0,130.4,61.2,145.0,45.0,5.1,73.0,8.93,129.2,192.9,34.7,0
23.0,0,1,0,1,0,27.8,97.1,0.0,1.0,0.0,0.0,107.7,60.3,171.0,51.0,4.9,98.6,26.62,97.7,183.8,28.9,0
35.0,0,1,0,1,0,50.3,141.8,0.0,1.0,0.0,0.0,138.5,85.6,188.0,39.0,4.7,91.0,5.97,162.3,182.8,48.6,0
70.0,0,1,0,1,0,41.0,123.1,0.0,1.0,0.0,0.0,107.4,71.5,198.0,44.0,4.8,107.5,5.82,117.3,172.0,39.6,0
46.0,0,1,0,1,0,27.2,98.5,0.0,1.0,0.0,0.0,102.3,73.2,226.0,37.0,5.1,99.2,17.51,87.2,175.3,28.4,0
44.0,0,1,0,1,0,45.7,137.7,0.0,1.0,0.0,0.0,119.8,81.2,180.0,43.0,8.7,104.4,36.19,146.1,182.6,43.8,0
71.0,0,1,0,1,0,40.0,130.0,0.0,1.0,0.0,0.0,113.5,73.6,191.0,36.0,5.3,99.0,37.55,141.9,192.9,38.1,0
73.0,0,1,0,1,0,41.2,126.9,0.0,1.0,0.0,0.0,123.2,79.1,241.0,36.0,5.5,77.2,11.65,105.8,165.5,38.6,0
66.0,0,1,0,1,0,31.5,105.4,0.0,1.0,0.0,0.0,127.5,82.1,201.0,45.0,5.5,68.7,26.15,81.7,163.2,30.7,0
76.0,0,1,0,1,0,38.6,134.1,0.0,1.0,0.0,0.0,130.2,69.4,146.0,41.0,5.8,73.5,6.08,118.4,179.4,36.8,0
47.0,0,1,0,1,0,31.2,106.5,0.0,1.0,0.0,0.0,116.3,73.9,193.0,40.0,4.9,105.4,3.89,106.6,184.1,31.5,0
28.0,0,1,0,1,0,29.2,88.1,0.0,1.0,0.0,0.0,103.7,71.5,164.0,32.0,5.5,120.6,5.48,71.3,160.6,27.6,0
72.0,0,1,0,1,0,38.1,118.6,0.0,1.0,0.0,0.0,93.5,67.2,211.0,47.0,5.7,75.5,136.13,93.4,159.8,36.6,0
35.0,0,1,0,1,0,44.3,131.5,0.0,1.0,0.0,0.0,117.4,76.8,174.0,43.0,5.9,124.6,21.82,144.4,185.5,42.0,0
47.0,0,1,0,1,0,30.4,99.3,0.0,1.0,0.0,0.0,129.8,79.8,219.0,58.0,5.4,83.8,43.48,72.3,165.5,26.4,0
25.0,0,1,0,1,0,38.6,120.8,0.0,1.0,0.0,0.0,100.6,56.9,151.0,51.0,5.1,83.8,9.16,92.1,159.1,36.4,0
50.0,0,1,0,1,0,31.5,106.1,0.0,1.0,0.0,0.0,123.6,69.4,210.0,57.0,5.8,90.5,8.18,99.4,181.7,30.1,0
48.0,0,1,0,1,0,28.9,97.4,0.0,1.0,0.0,0.0,118.7,79.8,164.0,43.0,5.3,107.8,7.13,76.3,165.1,28.0,0
48.0,0,1,0,1,0,41.9,132.0,0.0,1.0,0.0,0.0,110.2,71.2,160.0,40.0,5.4,133.0,10.62,138.4,184.3,40.7,0
70.0,0,1,0,1,0,39.0,121.5,0.0,1.0,0.0,0.0,134.0,73.8,148.0,52.0,4.9,100.0,18.8,122.7,180.6,37.6,0
45.0,0,1,0,1,0,22.2,80.1,0.0,1.0,0.0,0.0,94.9,62.4,214.0,47.0,5.6,68.7,35.75,78.5,183.5,23.3,0
69.0,0,1,0,1,0,27.4,97.8,0.0,1.0,0.0,0.0,127.5,82.1,204.0,38.0,5.3,91.0,1.3,86.0,179.6,26.7,0
65.0,0,1,0,1,0,35.4,109.5,0.0,1.0,0.0,0.0,98.6,70.3,244.0,45.0,5.8,95.8,4.85,80.1,153.4,34.0,0
47.0,0,1,0,1,0,25.3,99.6,0.0,1.0,0.0,0.0,105.8,61.3,154.0,70.0,5.6,69.5,10.49,69.2,168.9,24.2,0
74.0,0,1,0,1,0,23.2,89.6,0.0,1.0,0.0,0.0,119.2,75.5,185.0,73.0,5.7,91.5,5.55,75.2,181.0,23.0,0
32.0,0,1,0,1,0,28.1,99.5,0.0,1.0,0.0,0.0,129.6,81.2,170.0,65.0,4.7,129.3,10.48,95.7,187.6,27.2,0
29.0,0,1,0,1,0,26.5,98.0,0.0,1.0,0.0,0.0,124.4,77.4,305.0,45.0,5.5,96.7,8.02,76.6,169.0,26.8,0
73.0,0,1,0,1,0,22.8,85.1,0.0,1.0,0.0,0.0,130.7,63.4,201.0,41.0,6.1,66.3,45.87,76.3,184.6,22.4,0
58.0,0,1,0,1,0,32.4,100.8,0.0,1.0,0.0,0.0,130.0,83.0,207.0,52.0,5.9,97.7,0.35,106.3,182.7,31.9,0
28.0,0,1,0,1,0,21.5,85.6,0.0,1.0,0.0,0.0,129.6,70.4,189.0,53.0,4.9,127.6,10.8,64.5,173.3,21.5,0
76.0,0,1,0,1,0,38.3,119.1,0.0,1.0,0.0,0.0,143.0,77.0,257.0,46.0,5.6,85.3,5.7,89.8,157.8,36.1,0
65.0,0,1,0,1,0,29.2,105.4,0.0,1.0,0.0,0.0,125.7,76.5,158.0,38.0,5.4,113.0,6.88,94.8,182.2,28.6,0
71.0,0,1,0,1,0,39.7,124.1,0.0,1.0,0.0,0.0,138.0,83.8,202.0,39.0,5.0,92.8,5.42,141.0,188.5,39.7,0
71.0,0,1,0,1,0,27.1,100.3,0.0,1.0,0.0,0.0,122.5,67.6,191.0,47.0,5.1,92.0,7.73,73.0,168.1,25.8,0
71.0,0,1,0,1,0,26.5,92.0,0.0,1.0,0.0,0.0,114.0,69.6,194.0,48.0,5.3,77.8,52.45,60.6,154.9,25.3,0
32.0,0,1,0,1,0,46.3,124.2,0.0,1.0,0.0,0.0,121.7,81.2,190.0,41.0,5.8,86.0,8.94,98.9,152.1,42.8,0
42.0,0,1,0,1,0,22.3,80.4,0.0,1.0,0.0,0.0,145.2,83.0,117.0,45.0,4.9,67.2,8.04,69.6,182.5,20.9,0
67.0,0,1,0,1,0,22.3,89.9,0.0,1.0,0.0,0.0,130.1,66.4,234.0,83.0,5.5,60.3,37.91,63.7,169.7,22.1,0
65.0,0,1,0,1,0,29.2,101.0,0.0,1.0,0.0,0.0,133.9,76.7,171.0,49.0,5.1,98.7,10.32,101.7,185.7,29.5,0
67.0,1,0,0,0,1,33.6,104.8,0.0,1.0,1.0,0.0,124.2,80.5,231.0,62.0,5.5,71.1,36.88,77.3,162.5,29.3,1
58.0,1,0,0,0,1,36.8,116.4,0.0,1.0,1.0,0.0,115.5,62.7,198.0,85.0,5.3,79.1,411.15,103.7,168.1,36.7,1
73.0,1,0,0,0,1,23.3,92.3,0.0,1.0,1.0,0.0,103.5,67.5,162.0,43.0,5.7,57.6,11.48,55.1,156.8,22.4,1
73.0,1,0,0,0,1,20.5,81.9,0.0,1.0,1.0,0.0,150.3,87.8,138.0,58.0,6.0,42.8,24.13,45.6,151.7,19.8,1
75.0,1,0,0,0,1,21.6,86.9,0.0,1.0,1.0,0.0,165.5,64.6,179.0,56.0,6.1,32.4,39.08,57.3,164.9,21.1,1
70.0,1,0,0,0,1,24.9,77.1,0.0,1.0,1.0,0.0,106.6,70.7,159.0,62.0,6.1,93.7,7.23,51.5,145.7,24.3,1
66.0,1,0,0,0,1,30.5,104.0,0.0,1.0,1.0,0.0,146.8,83.2,184.0,58.0,8.0,63.5,29.16,72.1,153.3,30.7,1
74.0,1,0,0,0,1,27.1,98.3,0.0,1.0,1.0,0.0,128.4,76.3,161.0,100.0,5.5,57.0,10.22,63.9,158.0,25.6,1
74.0,1,0,0,0,1,33.2,109.2,0.0,1.0,1.0,0.0,102.5,37.4,222.0,71.0,5.5,44.9,21.1,84.6,160.1,33.0,1
68.0,1,0,0,0,1,33.3,113.3,0.0,1.0,1.0,0.0,129.5,64.2,224.0,38.0,6.0,58.7,32.16,117.3,190.4,32.4,1
59.0,1,0,0,0,1,34.2,105.5,0.0,1.0,1.0,0.0,117.6,72.4,227.0,70.0,4.9,98.8,17.54,71.9,152.1,31.1,1
52.0,1,0,0,0,1,37.9,108.6,0.0,1.0,1.0,0.0,118.4,76.4,125.0,40.0,5.6,105.6,155.66,93.8,154.3,39.4,1
71.0,1,0,0,0,1,39.0,116.5,0.0,1.0,1.0,0.0,150.6,54.8,226.0,41.0,5.9,61.2,389.34,95.3,162.6,36.0,1
67.0,1,0,0,0,1,37.8,111.7,0.0,1.0,1.0,0.0,154.4,87.4,134.0,42.0,9.9,42.4,40.95,92.4,158.1,37.0,1
71.0,1,0,0,0,1,27.2,101.5,0.0,1.0,1.0,0.0,108.3,58.8,250.0,76.0,5.6,62.4,9.0,82.9,178.9,25.9,1
73.0,1,0,0,0,1,47.7,139.1,0.0,1.0,1.0,0.0,114.3,76.4,163.0,34.0,7.4,104.2,2.3,111.7,158.6,44.4,1
70.0,1,0,0,0,1,22.4,82.9,0.0,1.0,1.0,0.0,129.8,67.3,164.0,58.0,5.9,78.9,32.8,55.8,154.2,23.4,1
53.0,1,0,0,0,1,35.5,110.4,0.0,1.0,1.0,0.0,117.6,69.2,176.0,34.0,10.5,98.9,9.1,82.0,153.5,34.8,1
52.0,1,0,0,0,1,28.5,98.7,0.0,1.0,1.0,0.0,126.5,77.3,228.0,52.0,4.8,65.0,2.31,63.0,150.9,27.7,1
70.0,1,0,0,0,1,23.9,93.9,0.0,1.0,1.0,0.0,100.1,37.0,230.0,68.0,5.0,81.0,38.22,31.8,150.6,12.9,1
73.0,1,0,0,0,1,29.1,95.4,0.0,1.0,1.0,0.0,93.3,60.3,128.0,46.0,5.0,81.9,27.72,61.8,150.8,27.2,1
73.0,1,0,0,0,1,32.8,86.2,0.0,1.0,1.0,0.0,146.0,80.2,138.0,51.0,6.9,79.7,39.92,75.8,153.6,32.1,1
42.0,1,0,0,0,1,39.1,119.4,0.0,1.0,1.0,0.0,128.7,77.6,161.0,55.0,5.7,105.9,17.59,83.1,144.7,39.7,1
60.0,1,0,0,0,1,20.4,80.1,0.0,1.0,1.0,0.0,136.7,69.2,229.0,69.0,6.1,100.2,29.67,50.0,149.8,22.3,1
50.0,1,0,0,0,1,21.6,75.7,0.0,1.0,1.0,0.0,144.3,71.1,154.0,88.0,6.5,53.7,50.01,49.7,159.1,19.7,1
65.0,1,0,0,0,1,28.8,98.2,0.0,1.0,1.0,0.0,131.9,76.2,169.0,42.0,5.3,69.0,124.54,66.7,154.2,28.0,1
55.0,1,0,0,0,1,22.7,75.4,0.0,1.0,1.0,0.0,120.8,65.8,154.0,46.0,5.3,46.8,27.63,60.9,165.1,22.3,1
70.0,1,0,0,0,1,36.9,104.7,0.0,1.0,1.0,0.0,136.0,40.3,190.0,75.0,6.1,48.7,20.22,93.8,162.5,35.5,1
70.0,1,0,0,0,1,24.5,88.3,0.0,1.0,1.0,0.0,165.2,73.7,229.0,89.0,5.4,63.3,52.1,59.8,157.9,24.0,1
69.0,1,0,0,0,1,30.6,88.7,0.0,1.0,1.0,0.0,128.7,80.8,241.0,49.0,5.4,85.5,7.09,78.8,162.9,29.7,1
68.0,1,0,0,0,1,24.2,88.6,0.0,1.0,1.0,0.0,120.3,79.0,174.0,62.0,5.6,58.7,15.3,49.1,145.9,23.1,1
46.0,1,0,0,0,1,32.0,97.9,0.0,1.0,1.0,0.0,103.8,72.3,160.0,82.0,12.1,62.6,10.9,78.5,159.0,31.1,1
69.0,1,0,0,0,1,33.4,107.1,0.0,1.0,1.0,0.0,125.7,66.4,179.0,45.0,6.3,63.1,35.22,66.4,153.0,28.3,1
79.0,1,0,0,0,1,27.9,96.7,0.0,1.0,1.0,0.0,129.1,77.6,247.0,62.0,6.3,74.0,120.51,63.3,154.1,26.7,1
66.0,1,0,0,0,1,20.2,78.0,0.0,1.0,1.0,0.0,134.6,66.7,187.0,93.0,5.7,68.4,46.43,49.2,151.8,21.3,1
33.0,1,0,0,0,1,27.3,99.5,0.0,1.0,1.0,0.0,107.5,64.9,208.0,48.0,6.1,62.9,11.14,63.7,152.8,27.3,1
75.0,1,0,0,0,1,40.0,112.1,0.0,1.0,1.0,0.0,147.6,66.8,226.0,93.0,6.2,55.6,16.96,100.2,158.7,39.8,1
51.0,1,0,0,0,1,24.0,88.0,0.0,1.0,1.0,0.0,125.5,77.2,192.0,53.0,6.5,51.6,41.79,68.0,168.9,23.8,1
66.0,1,0,0,0,1,27.5,96.6,0.0,1.0,1.0,0.0,158.6,88.0,200.0,45.0,5.8,59.6,16.34,63.3,153.7,26.8,1
42.0,1,0,0,0,1,36.1,115.0,0.0,1.0,1.0,0.0,106.6,73.8,173.0,41.0,5.4,68.2,48.38,107.6,169.5,37.4,1
49.0,1,0,0,0,1,24.5,69.7,0.0,1.0,1.0,0.0,165.1,82.5,144.0,83.0,5.4,108.4,0.3,51.9,156.2,21.3,1
72.0,1,0,0,0,1,31.9,98.9,0.0,1.0,1.0,0.0,167.1,69.9,145.0,45.0,5.6,74.0,7.25,42.1,140.9,21.2,1
73.0,1,0,0,0,1,24.5,91.9,0.0,1.0,1.0,0.0,117.0,72.0,194.0,73.0,5.4,84.0,14.46,49.5,148.2,22.5,1
44.0,1,0,0,0,1,32.7,111.4,0.0,1.0,1.0,0.0,117.6,71.4,189.0,83.0,5.3,44.1,33.76,84.9,162.0,32.4,1
68.0,1,0,0,0,1,31.2,95.6,0.0,1.0,1.0,0.0,128.3,86.5,216.0,85.0,5.5,73.0,11.08,70.7,157.6,28.5,1
67.0,1,0,0,0,1,37.6,120.9,0.0,1.0,1.0,0.0,131.9,80.6,178.0,31.0,5.9,90.8,18.9,80.2,147.3,36.9,1
66.0,1,0,0,0,1,44.8,128.1,0.0,1.0,1.0,0.0,101.5,70.6,246.0,39.0,6.0,50.5,1.52,107.9,158.0,43.2,1
79.0,1,0,0,0,1,25.8,98.9,0.0,1.0,1.0,0.0,137.6,55.6,145.0,39.0,5.8,67.0,23.64,85.0,180.3,26.1,1
61.0,1,0,0,0,1,23.0,87.1,0.0,1.0,1.0,0.0,141.4,86.6,170.0,42.0,6.6,57.9,30.51,42.8,159.3,16.8,1
71.0,1,0,0,0,1,28.4,110.1,0.0,1.0,1.0,0.0,124.6,64.7,165.0,40.0,6.2,47.6,31.04,51.2,150.8,22.5,1
22.0,1,0,0,0,1,39.2,116.1,0.0,1.0,1.0,0.0,116.2,77.4,203.0,44.0,5.8,106.6,12.12,107.9,170.4,37.2,1
74.0,1,0,0,0,1,37.7,122.3,0.0,1.0,1.0,0.0,89.9,65.8,191.0,59.0,5.3,57.5,10.39,89.0,159.5,35.0,1
67.0,1,0,0,0,1,28.2,98.9,0.0,1.0,1.0,0.0,101.5,50.8,180.0,86.0,5.1,48.4,39.72,67.8,159.5,26.6,1
41.0,1,0,0,0,1,51.1,138.6,0.0,1.0,1.0,0.0,122.9,89.9,174.0,43.0,5.9,98.5,43.2,113.5,154.5,47.6,1
52.0,1,0,0,0,1,35.6,107.0,0.0,1.0,1.0,0.0,103.4,71.6,186.0,39.0,14.8,69.5,320.94,82.8,152.1,35.8,1
39.0,1,0,0,0,1,41.4,112.8,0.0,1.0,1.0,0.0,123.0,76.5,212.0,36.0,10.5,105.0,182.51,87.9,155.6,36.3,1
46.0,1,0,0,0,1,30.8,96.2,0.0,1.0,1.0,0.0,120.9,63.4,165.0,39.0,10.7,51.1,27.71,76.3,160.3,29.7,1
42.0,1,0,0,0,1,37.5,108.3,0.0,1.0,1.0,0.0,116.2,79.7,215.0,43.0,5.2,112.2,41.54,92.8,158.8,36.8,1
68.0,1,0,0,0,1,29.3,103.2,0.0,1.0,1.0,0.0,143.2,88.8,226.0,38.0,5.7,57.6,8.64,59.3,142.5,29.2,1
65.0,1,0,0,0,1,27.5,98.8,0.0,1.0,1.0,0.0,89.6,66.5,184.0,36.0,14.7,67.7,36.99,69.5,158.8,27.5,1
49.0,1,0,0,0,1,35.3,104.6,0.0,1.0,1.0,0.0,126.9,79.0,197.0,35.0,5.7,75.7,9.85,86.2,158.1,34.5,1
60.0,1,0,0,0,1,21.9,80.2,0.0,1.0,1.0,0.0,134.9,79.7,160.0,79.0,6.5,47.7,10.25,57.5,164.7,21.2,1
61.0,1,0,0,0,1,22.4,86.1,0.0,1.0,1.0,0.0,127.6,79.2,138.0,85.0,5.9,57.3,10.82,45.7,143.5,22.2,1
70.0,1,0,0,0,1,29.2,102.3,0.0,1.0,1.0,0.0,108.6,73.8,164.0,70.0,5.5,64.7,13.78,66.6,153.9,28.1,1
70.0,1,0,0,0,1,27.3,98.8,0.0,1.0,1.0,0.0,111.3,56.8,254.0,45.0,8.5,84.7,134.65,71.3,165.5,26.0,1
72.0,1,0,0,0,1,21.5,70.6,0.0,1.0,1.0,0.0,168.8,85.3,177.0,44.0,6.5,42.3,23.0,52.7,151.2,23.0,1
76.0,1,0,0,0,1,54.6,155.2,0.0,1.0,1.0,0.0,130.1,77.1,181.0,67.0,6.0,55.1,8.24,174.5,185.4,50.8,1
62.0,1,0,0,0,1,23.7,93.7,0.0,1.0,1.0,0.0,170.2,86.1,226.0,36.0,5.4,44.6,7.86,54.1,149.5,24.2,1
58.0,1,0,0,0,1,33.8,108.2,0.0,1.0,1.0,0.0,138.8,80.9,196.0,34.0,8.6,86.7,59.91,74.2,155.9,30.5,1
55.0,1,0,0,0,1,31.9,107.7,0.0,1.0,1.0,0.0,115.7,76.0,167.0,77.0,5.3,64.7,11.26,58.6,156.1,24.0,1
60.0,1,0,0,0,1,33.7,102.7,0.0,1.0,1.0,0.0,107.1,72.6,213.0,41.0,5.4,49.8,23.48,75.7,154.3,31.8,1
76.0,1,0,0,0,1,47.0,138.9,0.0,1.0,1.0,0.0,155.2,66.5,234.0,40.0,12.3,61.0,80.62,103.1,152.5,44.3,1
40.0,1,0,0,0,1,43.1,128.5,0.0,1.0,1.0,0.0,128.8,62.8,276.0,51.0,6.0,63.5,8.25,103.5,158.1,41.4,1
52.0,1,0,0,0,1,27.1,97.7,0.0,1.0,1.0,0.0,167.7,76.1,164.0,46.0,5.9,69.2,9.43,65.5,158.4,26.1,1
76.0,1,0,0,0,1,39.6,134.1,0.0,1.0,1.0,0.0,132.5,39.0,176.0,35.0,10.1,76.9,8.25,115.9,171.3,39.5,1
63.0,1,0,0,0,1,23.5,83.1,0.0,1.0,1.0,0.0,120.6,75.5,222.0,111.0,5.1,94.4,2.69,54.0,152.6,23.2,1
73.0,1,0,0,0,1,23.8,90.7,0.0,1.0,1.0,0.0,117.1,69.4,206.0,66.0,5.9,97.6,11.16,60.0,157.8,24.1,1
74.0,1,0,0,0,1,33.4,107.6,0.0,1.0,1.0,0.0,136.1,79.5,193.0,39.0,5.5,111.0,4.93,88.2,167.3,31.5,1
76.0,1,0,0,0,1,23.0,90.6,0.0,1.0,1.0,0.0,121.9,74.6,183.0,74.0,5.7,74.6,14.96,55.4,158.2,22.1,1
72.0,1,0,0,0,1,25.7,89.8,0.0,1.0,1.0,0.0,133.9,65.8,205.0,42.0,5.9,81.4,34.88,64.3,158.0,25.7,1
59.0,0,1,1,0,0,40.5,125.5,0.0,1.0,0.0,0.0,128.5,78.0,150.0,31.0,5.5,81.9,4.47,117.4,186.6,33.7,0
57.0,0,1,1,0,0,32.1,109.8,0.0,1.0,0.0,0.0,120.1,78.7,206.0,58.0,4.9,87.0,8.07,108.4,189.3,30.3,0
29.0,0,1,1,0,0,35.1,109.7,0.0,1.0,0.0,0.0,116.2,77.2,154.0,41.0,5.6,128.7,7.84,94.9,167.2,34.0,0
38.0,0,1,1,0,0,20.6,94.0,0.0,1.0,0.0,0.0,164.8,92.2,213.0,50.0,11.7,64.2,3.22,77.2,185.9,22.3,0
71.0,0,1,1,0,0,27.9,89.4,0.0,1.0,0.0,0.0,150.3,71.6,223.0,40.0,5.8,102.1,1.23,101.0,190.9,27.7,0
46.0,0,1,1,0,0,18.9,74.0,0.0,1.0,0.0,0.0,132.0,89.0,226.0,103.0,5.2,60.5,13.9,57.8,179.6,17.9,0
56.0,0,1,1,0,0,29.6,99.8,0.0,1.0,0.0,0.0,125.0,77.2,210.0,38.0,5.4,98.8,5.76,98.7,185.7,28.6,0
45.0,0,1,1,0,0,29.9,104.7,0.0,1.0,0.0,0.0,137.0,76.3,195.0,78.0,5.4,90.0,2.99,98.6,181.8,29.8,0
72.0,0,1,1,0,0,24.0,87.7,0.0,1.0,0.0,0.0,132.0,63.9,204.0,46.0,4.9,55.7,6.3,65.7,167.1,23.5,0
40.0,0,1,1,0,0,39.3,131.3,0.0,1.0,0.0,0.0,129.2,79.8,175.0,41.0,5.8,111.8,5.1,143.0,191.3,39.1,0
48.0,0,1,1,0,0,30.5,114.4,0.0,1.0,0.0,0.0,135.1,87.5,226.0,40.0,5.3,74.5,12.66,93.5,178.6,29.3,0
41.0,0,1,1,0,0,32.3,118.8,0.0,1.0,0.0,0.0,111.4,69.7,169.0,40.0,5.7,96.9,7.99,102.6,182.9,30.7,0
75.0,0,1,1,0,0,37.0,115.3,0.0,1.0,0.0,0.0,125.7,73.2,210.0,44.0,7.4,93.7,6.8,98.8,168.5,34.8,0
36.0,0,1,1,0,0,28.9,97.6,0.0,1.0,0.0,0.0,112.2,72.4,204.0,35.0,5.8,125.7,10.07,79.6,165.0,29.2,0
74.0,0,1,1,0,0,37.3,122.1,0.0,1.0,0.0,0.0,114.1,73.8,168.0,32.0,5.6,95.2,25.22,104.0,169.4,36.2,0
71.0,0,1,1,0,0,29.2,94.3,0.0,1.0,0.0,0.0,113.8,71.8,232.0,51.0,5.6,110.7,6.92,75.1,159.1,29.7,0
40.0,0,1,1,0,0,21.8,89.0,0.0,1.0,0.0,0.0,118.0,68.8,172.0,40.0,5.8,71.2,35.86,46.7,140.3,23.7,0
26.0,0,1,1,0,0,36.1,117.9,0.0,1.0,0.0,0.0,131.8,91.0,168.0,34.0,5.8,121.2,5.38,104.9,174.6,34.4,0
43.0,0,1,1,0,0,28.5,100.3,0.0,1.0,0.0,0.0,132.4,80.2,164.0,43.0,5.7,113.0,47.54,82.2,168.3,29.0,0
68.0,0,1,1,0,0,54.0,156.5,0.0,1.0,0.0,0.0,125.6,78.5,182.0,41.0,5.6,102.5,11.21,146.5,169.3,51.1,0
46.0,0,1,1,0,0,24.1,80.0,0.0,1.0,0.0,0.0,96.2,70.2,112.0,66.0,4.9,134.9,8.59,71.8,184.7,21.1,0
28.0,0,1,1,0,0,25.5,103.0,0.0,1.0,0.0,0.0,119.5,75.8,197.0,47.0,5.5,93.7,9.88,90.9,181.6,27.6,0
23.0,0,1,1,0,0,23.2,78.6,0.0,1.0,0.0,0.0,111.6,68.0,198.0,39.0,5.3,121.6,11.89,83.6,189.1,23.4,0
39.0,0,1,1,0,0,35.9,122.4,0.0,1.0,0.0,0.0,101.3,66.6,114.0,47.0,5.2,93.8,34.69,86.7,155.3,36.0,0
29.0,0,1,1,0,0,28.0,93.7,0.0,1.0,0.0,0.0,115.6,73.8,163.0,47.0,5.5,116.1,4.74,89.1,169.9,30.9,0
39.0,0,1,1,0,0,27.4,93.4,0.0,1.0,0.0,0.0,116.7,73.3,103.0,35.0,5.7,111.1,49.94,99.1,183.9,29.3,0
41.0,0,1,1,0,0,37.1,129.0,0.0,1.0,0.0,0.0,129.5,85.3,128.0,44.0,5.1,92.3,44.44,110.4,177.7,34.9,0
37.0,0,1,1,0,0,32.7,117.2,0.0,1.0,0.0,0.0,128.0,80.3,216.0,29.0,4.6,108.8,4.22,110.3,188.6,31.0,0
62.0,0,1,1,0,0,40.6,125.0,0.0,1.0,0.0,0.0,109.0,75.7,181.0,38.0,5.7,130.5,12.79,104.8,172.1,35.4,0
31.0,0,1,1,0,0,23.2,93.2,0.0,1.0,0.0,0.0,113.3,75.5,168.0,39.0,5.7,123.1,13.73,70.4,176.0,22.7,0
49.0,0,1,1,0,0,27.8,100.3,0.0,1.0,0.0,0.0,112.7,70.3,125.0,44.0,5.6,78.8,4.64,107.3,194.2,28.5,0
30.0,0,1,1,0,0,31.3,111.4,0.0,1.0,0.0,0.0,144.3,83.3,190.0,44.0,5.6,83.4,1.9,90.6,185.4,26.4,0
39.0,0,1,1,0,0,24.4,98.9,0.0,1.0,0.0,0.0,152.5,84.1,137.0,37.0,5.8,94.9,5.92,79.0,182.2,23.8,0
47.0,0,1,1,0,0,27.6,99.5,0.0,1.0,0.0,0.0,104.6,67.6,225.0,38.0,6.0,105.8,8.69,82.6,171.3,28.1,0
52.0,0,1,1,0,0,31.9,109.2,0.0,1.0,0.0,0.0,129.1,86.5,178.0,36.0,5.4,75.7,12.35,73.1,155.2,30.4,0
33.0,0,1,1,0,0,30.5,108.3,0.0,1.0,0.0,0.0,103.0,75.7,195.0,28.0,6.0,71.3,2.87,88.5,169.4,30.8,0
34.0,0,1,1,0,0,28.3,102.2,0.0,1.0,0.0,0.0,141.1,79.8,222.0,57.0,5.3,97.1,7.29,101.9,184.9,29.8,0
32.0,0,1,1,0,0,29.1,81.3,0.0,1.0,0.0,0.0,105.5,69.2,189.0,39.0,5.6,102.5,3.38,73.7,165.2,27.0,0
33.0,0,1,1,0,0,28.7,100.0,0.0,1.0,0.0,0.0,105.7,59.6,174.0,36.0,5.1,108.6,0.75,97.4,183.9,28.8,0
77.0,0,1,1,0,0,30.7,107.7,0.0,1.0,0.0,0.0,125.2,65.9,197.0,37.0,4.8,103.4,7.62,104.4,188.8,29.3,0
41.0,0,1,1,0,0,27.9,97.6,0.0,1.0,0.0,0.0,125.0,69.2,172.0,57.0,5.8,97.0,27.4,93.8,188.1,26.5,0
21.0,0,1,1,0,0,37.4,124.0,0.0,1.0,0.0,0.0,99.5,77.5,157.0,38.0,6.0,109.7,10.79,105.2,169.2,36.7,0
36.0,0,1,1,0,0,28.2,101.1,0.0,1.0,0.0,0.0,140.3,81.8,186.0,45.0,6.1,104.9,4.78,99.5,185.6,28.9,0
41.0,0,1,1,0,0,40.4,115.2,0.0,1.0,0.0,0.0,130.0,78.2,209.0,41.0,5.2,65.8,151.36,124.3,188.6,35.0,0
26.0,0,1,1,0,0,36.3,118.1,0.0,1.0,0.0,0.0,128.1,81.2,191.0,40.0,5.5,99.5,4.52,92.5,162.3,35.1,0
52.0,0,1,1,0,0,26.8,94.8,0.0,1.0,0.0,0.0,123.6,82.7,179.0,48.0,8.1,50.7,5.14,90.0,184.9,26.3,0
42.0,0,1,1,0,0,38.3,114.3,0.0,1.0,0.0,0.0,106.9,67.2,186.0,43.0,5.3,90.3,1.68,133.0,187.8,37.7,0
49.0,0,1,1,0,0,28.1,99.2,0.0,1.0,0.0,0.0,154.9,86.3,179.0,37.0,5.6,74.4,13.17,80.9,175.5,26.3,0
67.0,0,1,1,0,0,38.4,117.1,0.0,1.0,0.0,0.0,109.2,70.2,207.0,48.0,5.7,93.7,2.5,129.5,190.6,35.6,0
72.0,0,1,1,0,0,33.4,116.3,0.0,1.0,0.0,0.0,126.6,82.2,207.0,48.0,6.0,85.3,5.52,108.1,184.9,31.6,0
35.0,0,1,1,0,0,20.4,85.0,0.0,1.0,0.0,0.0,125.9,79.5,230.0,66.0,4.3,76.9,10.6,59.8,172.8,20.0,0
59.0,0,1,1,0,0,28.7,99.2,0.0,1.0,0.0,0.0,147.9,82.6,208.0,69.0,5.7,87.6,6.94,80.4,170.5,27.7,0
40.0,0,1,1,0,0,36.9,126.0,0.0,1.0,0.0,0.0,113.0,85.3,178.0,32.0,5.2,77.6,5.87,105.6,170.7,36.2,0
32.0,0,1,1,0,0,22.4,85.7,0.0,1.0,0.0,0.0,106.0,62.4,174.0,37.0,4.8,73.1,7.22,74.0,180.5,22.7,0
59.0,0,1,1,0,0,27.3,100.3,0.0,1.0,0.0,0.0,147.0,88.6,199.0,42.0,5.3,100.2,4.83,91.0,183.6,27.0,0
34.0,0,1,1,0,0,23.1,94.6,0.0,1.0,0.0,0.0,116.0,72.9,166.0,33.0,5.9,95.3,6.36,75.0,174.5,24.6,0
60.0,0,1,1,0,0,22.3,78.6,0.0,1.0,0.0,0.0,123.2,74.2,152.0,48.0,5.8,110.8,11.7,62.5,168.7,21.9,0
47.0,0,1,1,0,0,36.1,120.2,0.0,1.0,0.0,0.0,131.5,89.7,185.0,39.0,4.9,106.2,12.29,125.7,187.6,35.7,0
59.0,0,1,1,0,0,30.6,103.3,0.0,1.0,0.0,0.0,147.0,82.4,162.0,45.0,5.6,98.8,4.0,102.3,183.7,30.3,0
70.0,0,1,1,0,0,22.1,90.1,0.0,1.0,0.0,0.0,133.9,76.9,215.0,47.0,6.0,104.4,8.82,70.8,175.1,23.1,0
39.0,0,1,1,0,0,29.7,108.3,0.0,1.0,0.0,0.0,129.7,80.7,203.0,40.0,5.7,102.1,23.39,101.7,188.5,28.6,0
32.0,0,1,1,0,0,41.8,135.0,0.0,1.0,0.0,0.0,128.6,81.1,185.0,34.0,4.7,108.2,4.19,134.2,183.9,39.7,0
33.0,0,1,1,0,0,28.2,99.5,0.0,1.0,0.0,0.0,151.2,73.8,223.0,44.0,5.3,84.6,9.11,95.6,184.6,28.1,0
52.0,0,1,1,0,0,28.7,103.7,0.0,1.0,0.0,0.0,118.4,73.9,171.0,47.0,5.4,88.6,10.28,88.1,174.8,28.8,0
34.0,0,1,1,0,0,26.5,91.7,0.0,1.0,0.0,0.0,97.9,70.1,136.0,52.0,4.6,109.5,0.3,86.2,182.2,26.0,0
65.0,0,1,1,0,0,28.3,98.2,0.0,1.0,0.0,0.0,119.2,74.3,224.0,33.0,6.2,102.8,9.47,82.6,174.8,27.0,0
47.0,0,1,1,0,0,32.3,110.7,0.0,1.0,0.0,0.0,140.2,83.0,221.0,37.0,5.6,64.8,49.54,102.3,181.9,30.9,0
27.0,0,1,1,0,0,36.9,110.1,0.0,1.0,0.0,0.0,118.4,82.7,203.0,40.0,5.4,120.1,13.47,100.5,169.2,35.1,0
31.0,0,1,1,0,0,51.1,151.7,0.0,1.0,0.0,0.0,135.1,80.6,225.0,67.0,5.5,99.8,4.01,137.4,167.2,49.2,0
34.0,0,1,1,0,0,27.2,96.6,0.0,1.0,0.0,0.0,166.1,92.6,200.0,46.0,5.0,66.2,10.05,91.5,185.0,26.7,0
58.0,0,1,1,0,0,22.3,87.7,0.0,1.0,0.0,0.0,108.6,71.6,182.0,69.0,5.6,98.8,36.39,60.4,174.8,19.8,0
61.0,0,1,1,0,0,37.0,131.7,0.0,1.0,0.0,0.0,106.8,79.1,183.0,39.0,5.6,106.7,8.09,101.4,169.0,35.5,0
69.0,0,1,1,0,0,45.2,137.7,0.0,1.0,0.0,0.0,145.0,85.0,170.0,41.0,4.5,122.1,3.24,143.1,182.6,42.9,0
25.0,0,1,1,0,0,40.9,118.5,0.0,1.0,0.0,0.0,142.6,93.0,151.0,41.0,5.2,127.4,7.14,115.8,171.4,39.4,0
51.0,0,1,1,0,0,26.6,103.9,0.0,1.0,0.0,0.0,119.8,80.6,227.0,36.0,5.0,83.8,20.7,87.2,181.5,26.5,0
73.0,0,1,1,0,0,25.8,90.8,0.0,1.0,0.0,0.0,130.7,72.5,216.0,45.0,4.8,100.9,5.98,80.8,180.0,24.9,0
54.0,1,0,0,0,1,38.4,124.7,1.0,1.0,1.0,0.0,108.8,68.8,92.0,52.0,5.6,67.0,1.43,109.2,174.7,35.8,0
57.0,1,0,0,0,1,35.7,102.8,1.0,1.0,1.0,0.0,127.0,65.2,180.0,47.0,9.4,64.2,2.36,98.0,169.6,34.1,0
72.0,1,0,0,0,1,25.4,108.9,1.0,1.0,1.0,0.0,124.8,73.7,134.0,42.0,8.8,65.6,14.69,51.8,148.2,23.6,0
68.0,1,0,0,0,1,23.5,91.1,1.0,1.0,1.0,0.0,122.5,76.0,135.0,38.0,5.9,69.0,6.73,66.3,168.4,23.4,0
68.0,1,0,0,0,1,29.7,89.5,1.0,1.0,1.0,0.0,89.3,69.5,232.0,45.0,5.6,90.1,8.61,69.6,157.7,28.0,0
61.0,1,0,0,0,1,35.8,116.1,1.0,1.0,1.0,0.0,128.2,78.6,155.0,53.0,6.6,75.1,56.48,87.8,157.6,35.3,0
70.0,1,0,0,0,1,30.5,106.7,1.0,1.0,1.0,0.0,129.7,81.3,164.0,39.0,7.0,93.9,9.72,71.4,153.4,30.3,0
69.0,1,0,0,0,1,39.6,127.2,1.0,1.0,1.0,0.0,134.9,83.9,228.0,33.0,6.3,97.0,14.38,108.1,169.1,37.8,0
49.0,1,0,0,0,1,41.0,131.1,1.0,1.0,1.0,0.0,139.3,90.9,193.0,44.0,8.5,78.8,9.59,101.2,157.4,40.8,0
67.0,1,0,0,0,1,27.5,97.9,1.0,1.0,1.0,0.0,144.9,83.6,235.0,81.0,7.1,63.7,1.26,84.0,172.4,28.2,0
70.0,1,0,0,0,1,22.3,77.5,1.0,1.0,1.0,0.0,126.2,80.3,145.0,41.0,9.4,105.6,4.82,43.1,157.6,17.4,0
39.0,1,0,0,0,1,23.0,90.8,1.0,1.0,1.0,0.0,122.7,71.7,100.0,41.0,10.6,95.2,45.1,50.8,151.9,22.0,0
50.0,1,0,0,0,1,34.0,110.3,1.0,1.0,1.0,0.0,114.6,80.4,194.0,36.0,14.5,109.3,14.09,80.8,155.0,33.6,0
79.0,1,0,0,0,1,32.2,109.9,1.0,1.0,1.0,0.0,137.1,99.2,201.0,38.0,6.3,62.4,3.81,59.1,154.2,24.9,0
46.0,1,0,0,0,1,38.4,121.5,1.0,1.0,1.0,0.0,111.0,73.5,184.0,40.0,7.2,49.1,5.81,90.6,157.5,36.5,0
42.0,1,0,0,0,1,27.7,103.9,1.0,1.0,1.0,0.0,123.1,78.0,199.0,37.0,11.0,90.9,3.22,60.8,157.9,24.4,0
60.0,1,0,0,0,1,36.1,118.7,1.0,1.0,1.0,0.0,130.2,74.1,222.0,38.0,9.1,52.4,20.13,71.3,152.4,30.7,0
58.0,1,0,0,0,1,30.9,103.3,1.0,1.0,1.0,0.0,147.7,84.3,176.0,85.0,6.1,91.4,9.46,76.5,152.9,32.7,0
43.0,1,0,0,0,1,36.9,119.4,1.0,1.0,1.0,0.0,111.0,69.3,168.0,57.0,8.1,96.8,2.45,77.6,155.7,32.0,0
77.0,1,0,0,0,1,35.7,120.3,1.0,1.0,1.0,0.0,116.1,75.2,196.0,46.0,5.7,67.6,40.09,76.6,146.6,35.7,0
74.0,1,0,0,0,1,40.4,130.7,1.0,1.0,1.0,0.0,138.6,83.8,177.0,38.0,10.4,69.3,9.34,110.7,168.5,39.0,0
74.0,1,0,0,0,1,29.7,109.0,1.0,1.0,1.0,0.0,133.4,78.7,186.0,37.0,5.6,76.3,9.28,64.7,151.3,28.3,0
43.0,1,0,0,0,1,33.4,116.1,1.0,1.0,1.0,0.0,110.5,71.9,119.0,38.0,11.8,109.2,7.67,90.9,168.7,31.9,0
74.0,1,0,0,0,1,50.3,144.2,1.0,1.0,1.0,0.0,135.6,82.2,159.0,66.0,5.3,93.7,22.0,117.4,154.3,49.3,0
57.0,1,0,0,0,1,37.1,119.1,1.0,1.0,1.0,0.0,121.1,78.2,152.0,39.0,5.6,78.6,2.74,74.6,144.6,35.7,0
56.0,1,0,0,0,1,51.0,150.2,1.0,1.0,1.0,0.0,101.9,59.7,168.0,36.0,10.5,110.6,23.73,118.6,156.4,48.5,0
68.0,1,0,0,0,1,35.6,105.5,1.0,1.0,1.0,0.0,130.1,83.5,239.0,46.0,5.5,113.4,9.95,78.2,157.3,31.6,0
43.0,1,0,0,0,1,35.3,120.2,1.0,1.0,1.0,0.0,137.7,88.3,173.0,39.0,5.7,72.5,6.49,84.5,155.5,35.0,0
51.0,1,0,0,0,1,41.2,111.8,1.0,1.0,1.0,0.0,117.2,79.3,269.0,60.0,6.1,97.6,13.11,104.6,158.4,41.7,0
74.0,1,0,0,0,1,19.6,68.2,1.0,1.0,1.0,0.0,128.2,71.2,127.0,48.0,6.5,80.1,14.22,50.2,154.8,21.0,0
69.0,1,0,0,0,1,32.9,104.2,1.0,1.0,1.0,0.0,127.8,78.6,227.0,40.0,6.0,102.5,8.42,77.9,158.9,30.9,0
64.0,1,0,0,0,1,38.2,129.8,1.0,1.0,1.0,0.0,126.7,79.1,205.0,33.0,8.7,118.3,7.8,106.1,175.8,34.3,0
47.0,1,0,0,0,1,41.8,116.5,1.0,1.0,1.0,0.0,131.6,77.4,194.0,43.0,5.8,67.3,6.61,93.0,154.3,39.1,0
32.0,1,0,0,0,1,40.0,139.8,1.0,1.0,1.0,0.0,136.4,83.6,104.0,36.0,11.4,74.4,250.59,142.4,191.2,39.0,0
70.0,1,0,0,0,1,32.5,118.7,1.0,1.0,1.0,0.0,115.0,73.9,100.0,46.0,5.9,101.2,4.99,97.5,172.2,32.9,0
73.0,1,0,0,0,1,37.7,124.0,1.0,1.0,1.0,0.0,130.0,88.0,200.0,35.0,5.7,101.3,47.8,89.1,157.7,35.8,0
48.0,1,0,0,0,1,35.2,122.7,1.0,1.0,1.0,0.0,115.4,74.3,128.0,42.0,12.2,106.2,6.12,80.6,154.6,33.7,0
46.0,1,0,0,0,1,41.3,124.9,1.0,1.0,1.0,0.0,102.1,71.2,176.0,44.0,11.6,40.5,98.49,95.5,150.8,42.0,0
63.0,1,0,0,0,1,36.9,106.7,1.0,1.0,1.0,0.0,121.4,74.9,189.0,41.0,7.8,100.7,1.47,71.8,153.0,30.7,0
50.0,1,0,0,0,1,33.8,119.7,1.0,1.0,1.0,0.0,132.1,76.3,127.0,77.0,5.7,54.6,14.04,104.3,175.4,33.9,0
50.0,1,0,0,0,1,35.9,127.6,1.0,1.0,1.0,0.0,138.1,78.9,161.0,36.0,8.0,76.3,290.33,75.8,147.4,34.9,0
71.0,1,0,0,0,1,39.9,123.8,1.0,1.0,1.0,0.0,106.1,67.1,196.0,42.0,10.1,101.2,3.03,97.3,155.8,40.1,0
73.0,1,0,0,0,1,36.0,121.3,1.0,1.0,1.0,0.0,105.3,45.5,194.0,43.0,7.0,55.8,34.64,73.7,145.1,35.0,0
48.0,1,0,0,0,1,28.2,100.3,1.0,1.0,1.0,0.0,118.7,76.4,130.0,38.0,11.0,96.4,10.72,96.9,183.5,28.8,0
65.0,1,0,0,0,1,36.8,107.5,1.0,1.0,1.0,0.0,115.3,74.7,180.0,37.0,8.3,102.0,5.02,91.2,159.2,36.0,0
47.0,1,0,0,0,1,39.9,122.5,1.0,1.0,1.0,0.0,137.6,78.9,104.0,40.0,9.9,103.8,5.21,63.5,143.9,30.6,0
51.0,1,0,0,0,1,41.3,130.6,1.0,1.0,1.0,0.0,138.8,67.3,184.0,38.0,6.3,105.1,7.31,79.4,140.2,40.4,0
64.0,1,0,0,0,1,40.0,124.7,1.0,1.0,1.0,0.0,126.0,83.0,177.0,36.0,10.6,116.2,9.57,87.6,153.0,37.4,0
49.0,1,0,0,0,1,39.6,123.9,1.0,1.0,1.0,0.0,143.6,82.3,168.0,42.0,13.8,107.9,105.17,122.8,176.5,39.4,0
68.0,1,0,0,0,1,37.7,124.3,1.0,1.0,1.0,0.0,130.1,75.6,160.0,34.0,6.3,95.8,59.91,104.3,172.0,35.3,0
60.0,1,0,0,0,1,40.9,128.9,1.0,1.0,1.0,0.0,128.2,80.6,188.0,34.0,9.3,92.0,15.49,86.3,145.4,40.8,0
71.0,1,0,0,0,1,25.1,93.7,1.0,1.0,1.0,0.0,108.6,74.2,241.0,40.0,5.6,64.9,6.71,64.5,158.0,25.9,0
77.0,1,0,0,0,1,38.9,123.9,1.0,1.0,1.0,0.0,140.3,79.2,171.0,40.0,6.2,77.5,7.74,96.9,162.6,36.7,0
67.0,1,0,0,0,1,33.7,111.7,1.0,1.0,1.0,0.0,137.3,61.9,162.0,39.0,5.7,100.7,24.9,87.2,162.4,33.1,0
42.0,1,0,0,0,1,34.0,95.9,1.0,1.0,1.0,0.0,138.9,89.2,214.0,84.0,5.6,89.6,7.24,82.0,158.1,32.8,0
72.0,1,0,0,0,1,25.9,80.6,1.0,1.0,1.0,0.0,115.6,71.4,177.0,39.0,9.7,80.2,34.71,61.9,155.8,25.5,0
30.0,1,0,0,0,1,37.5,113.8,1.0,1.0,1.0,0.0,100.0,70.3,151.0,46.0,5.6,111.6,8.58,87.5,156.8,35.6,0
72.0,1,0,0,0,1,37.1,122.8,1.0,1.0,1.0,0.0,135.1,78.9,153.0,43.0,5.8,71.8,12.98,78.6,158.3,31.4,0
47.0,1,0,0,0,1,27.3,97.6,1.0,1.0,1.0,0.0,128.5,70.8,142.0,51.0,5.3,94.9,4.18,85.4,178.7,26.8,0
64.0,1,0,0,0,1,36.7,132.5,1.0,1.0,1.0,0.0,108.3,73.6,127.0,45.0,9.2,82.6,7.18,85.4,154.2,35.9,0
74.0,1,0,0,0,1,34.5,110.8,1.0,1.0,1.0,0.0,121.1,72.9,211.0,41.0,7.1,98.3,3.17,109.6,180.3,33.7,0
48.0,1,0,0,0,1,36.0,109.2,1.0,1.0,1.0,0.0,122.3,80.7,203.0,36.0,9.3,98.4,24.05,81.3,153.0,34.7,0
43.0,1,0,0,0,1,28.8,106.4,1.0,1.0,1.0,0.0,114.8,81.8,159.0,34.0,7.3,107.4,25.09,82.3,169.4,28.7,0
73.0,1,0,0,0,1,31.3,107.1,1.0,1.0,1.0,0.0,115.9,71.1,149.0,49.0,6.0,61.8,9.88,70.2,150.9,30.8,0
59.0,1,0,0,0,1,36.9,123.8,1.0,1.0,1.0,0.0,131.6,58.4,202.0,36.0,16.2,110.6,7.4,79.7,153.5,33.8,0
52.0,1,0,0,0,1,23.4,77.5,1.0,1.0,1.0,0.0,132.5,78.0,169.0,44.0,5.7,106.3,3.24,45.3,148.2,20.6,0
62.0,1,0,0,0,1,39.0,136.8,1.0,1.0,1.0,0.0,128.2,84.0,156.0,38.0,5.7,107.2,9.25,105.3,165.3,38.5,0
58.0,1,0,0,0,1,39.2,125.6,1.0,1.0,1.0,0.0,101.5,67.5,156.0,49.0,5.8,81.9,3.12,88.3,154.3,37.1,0
71.0,1,0,0,0,1,40.0,120.4,1.0,1.0,1.0,0.0,114.1,34.0,212.0,35.0,7.3,103.8,4.37,106.9,167.4,38.2,0
49.0,1,0,0,0,1,39.1,122.7,1.0,1.0,1.0,0.0,110.9,76.6,105.0,41.0,10.6,99.5,10.82,103.3,162.3,39.2,0
74.0,1,0,0,0,1,36.0,106.7,1.0,1.0,1.0,0.0,114.5,50.6,79.0,39.0,6.8,57.1,1.07,83.4,153.9,35.2,0
58.0,1,0,0,0,1,41.5,118.0,1.0,1.0,1.0,0.0,125.2,79.5,216.0,32.0,10.4,109.2,11.32,95.8,152.4,41.2,0
38.0,1,0,1,0,0,39.1,111.8,0.0,1.0,0.0,0.0,134.9,81.3,249.0,49.0,6.0,96.3,8.8,85.9,158.1,34.3,0
51.0,1,0,1,0,0,24.2,80.4,0.0,1.0,0.0,0.0,125.3,79.5,197.0,54.0,4.9,98.6,33.68,55.0,153.7,23.3,0
35.0,1,0,1,0,0,60.1,172.1,0.0,1.0,0.0,0.0,107.5,73.7,180.0,55.0,5.1,107.0,3.01,173.5,175.0,56.6,0
21.0,1,0,1,0,0,32.0,101.9,0.0,1.0,0.0,0.0,125.6,80.8,176.0,46.0,5.8,90.9,9.15,82.1,164.9,30.2,0
71.0,1,0,1,0,0,26.3,91.4,0.0,1.0,0.0,0.0,131.2,79.9,185.0,47.0,5.6,72.9,5.11,70.4,162.1,26.8,0
66.0,1,0,1,0,0,26.7,91.7,0.0,1.0,0.0,0.0,110.0,58.1,135.0,79.0,5.4,95.2,39.44,67.9,162.8,25.6,0
37.0,1,0,1,0,0,45.5,125.6,0.0,1.0,0.0,0.0,118.3,71.8,213.0,38.0,5.6,96.1,0.47,111.6,157.9,44.8,0
36.0,1,0,1,0,0,30.9,89.6,0.0,1.0,0.0,0.0,111.8,75.2,188.0,50.0,6.8,115.4,10.42,92.9,174.0,30.7,0
48.0,1,0,1,0,0,43.9,125.2,0.0,1.0,0.0,0.0,116.1,78.6,172.0,88.0,5.0,118.8,53.75,108.0,158.7,42.9,0
35.0,1,0,1,0,0,39.3,115.3,0.0,1.0,0.0,0.0,116.7,68.4,185.0,44.0,6.0,127.0,39.89,99.6,165.1,36.5,0
51.0,1,0,1,0,0,26.7,88.4,0.0,1.0,0.0,0.0,118.5,57.1,125.0,44.0,5.7,73.5,8.15,92.7,182.9,27.7,0
48.0,1,0,1,0,0,31.2,95.6,0.0,1.0,0.0,0.0,104.1,70.9,210.0,103.0,5.1,67.1,4.62,75.6,158.0,30.3,0
29.0,1,0,1,0,0,44.3,117.7,0.0,1.0,0.0,0.0,109.7,72.8,167.0,32.0,5.5,131.9,9.82,95.5,157.9,38.3,0
64.0,1,0,1,0,0,32.3,100.4,0.0,1.0,0.0,0.0,133.4,78.5,208.0,41.0,5.1,106.8,6.11,64.6,141.8,32.1,0
36.0,1,0,1,0,0,29.8,95.5,0.0,1.0,0.0,0.0,116.3,72.3,170.0,45.0,5.3,128.8,36.51,74.0,158.0,29.6,0
50.0,1,0,1,0,0,30.2,104.0,0.0,1.0,0.0,0.0,138.3,86.4,183.0,56.0,5.7,73.0,8.35,79.9,167.2,28.6,0
58.0,1,0,1,0,0,20.8,81.4,0.0,1.0,0.0,0.0,106.9,65.0,153.0,42.0,5.3,82.6,9.87,64.1,181.0,19.6,0
68.0,1,0,1,0,0,25.0,81.5,0.0,1.0,0.0,0.0,121.4,75.1,238.0,46.0,5.0,112.3,6.43,50.2,151.1,22.0,0
28.0,1,0,1,0,0,22.9,97.4,0.0,1.0,0.0,0.0,109.3,76.7,214.0,56.0,5.7,112.1,8.47,55.4,158.3,22.1,0
43.0,1,0,1,0,0,28.7,85.7,0.0,1.0,0.0,0.0,105.7,73.9,251.0,45.0,5.7,104.7,6.81,62.8,148.9,28.3,0
32.0,1,0,1,0,0,23.5,90.2,0.0,1.0,0.0,0.0,119.1,71.9,135.0,44.0,4.9,98.5,7.34,63.7,167.9,22.6,0
20.0,1,0,1,0,0,32.6,102.8,0.0,1.0,0.0,0.0,108.7,71.5,183.0,43.0,4.7,107.9,48.91,84.8,169.4,29.6,0
32.0,1,0,1,0,0,37.7,115.6,0.0,1.0,0.0,0.0,127.7,79.9,195.0,54.0,5.1,86.0,27.15,90.8,159.7,35.6,0
45.0,1,0,1,0,0,42.1,120.7,0.0,1.0,0.0,0.0,107.3,69.0,121.0,37.0,5.5,84.1,4.29,125.6,172.1,42.4,0
62.0,1,0,1,0,0,53.9,156.5,0.0,1.0,0.0,0.0,110.3,74.0,183.0,49.0,5.6,109.8,6.92,119.0,158.3,47.5,0
42.0,1,0,1,0,0,28.0,87.7,0.0,1.0,0.0,0.0,107.2,74.2,150.0,53.0,5.8,131.0,8.14,75.3,169.2,26.3,0
49.0,1,0,1,0,0,32.6,102.7,0.0,1.0,0.0,0.0,127.4,70.9,155.0,31.0,5.6,84.1,8.04,76.2,155.5,31.5,0
63.0,1,0,1,0,0,49.7,138.1,0.0,1.0,0.0,0.0,135.5,76.7,213.0,114.0,5.5,70.7,10.99,133.8,168.9,46.9,0
24.0,1,0,1,0,0,24.3,82.8,0.0,1.0,0.0,0.0,104.8,69.3,179.0,77.0,5.4,94.2,11.92,55.8,155.2,23.2,0
31.0,1,0,1,0,0,43.6,120.6,0.0,1.0,0.0,0.0,96.2,60.3,167.0,44.0,5.6,106.0,8.82,99.0,154.1,41.7,0
33.0,1,0,1,0,0,43.6,127.1,0.0,1.0,0.0,0.0,114.6,78.0,175.0,42.0,5.6,117.7,5.34,110.7,162.1,42.1,0
68.0,1,0,1,0,0,24.1,89.0,0.0,1.0,0.0,0.0,108.4,68.7,148.0,44.0,6.5,80.2,12.83,56.3,151.0,24.7,0
22.0,1,0,1,0,0,23.5,79.7,0.0,1.0,0.0,0.0,124.1,81.1,206.0,88.0,5.1,69.7,12.33,55.3,159.5,21.7,0
59.0,1,0,1,0,0,38.8,123.5,0.0,1.0,0.0,0.0,128.8,77.1,209.0,58.0,5.7,82.4,5.92,91.2,154.9,38.0,0
55.0,1,0,1,0,0,31.4,107.6,0.0,1.0,0.0,0.0,136.2,72.0,112.0,43.0,5.8,98.3,38.97,81.8,168.0,29.0,0
61.0,1,0,1,0,0,23.6,88.4,0.0,1.0,0.0,0.0,123.6,86.3,205.0,50.0,5.2,104.0,8.15,52.7,150.9,23.2,0
34.0,1,0,1,0,0,27.8,91.2,0.0,1.0,0.0,0.0,107.7,64.9,176.0,47.0,5.4,116.3,8.99,65.3,167.9,23.2,0
29.0,1,0,1,0,0,38.4,127.7,0.0,1.0,0.0,0.0,135.9,68.8,177.0,69.0,5.3,61.5,7.86,108.5,169.1,37.9,0
41.0,1,0,1,0,0,26.0,81.2,0.0,1.0,0.0,0.0,118.8,76.2,205.0,46.0,5.7,113.3,3.82,71.4,167.7,25.4,0
39.0,1,0,1,0,0,23.3,82.1,0.0,1.0,0.0,0.0,98.2,71.3,196.0,35.0,5.3,115.5,1.26,64.3,160.9,24.9,0
69.0,1,0,1,0,0,41.6,123.8,0.0,1.0,0.0,0.0,131.3,85.6,221.0,46.0,5.8,122.2,5.89,97.7,154.0,41.2,0
69.0,1,0,1,0,0,25.5,91.2,0.0,1.0,0.0,0.0,112.0,68.8,191.0,52.0,5.6,44.2,29.1,55.6,152.3,24.0,0
29.0,1,0,1,0,0,35.4,106.3,0.0,1.0,0.0,0.0,131.7,78.5,123.0,44.0,5.0,86.1,3.76,117.4,182.1,35.4,0
22.0,1,0,1,0,0,46.8,130.5,0.0,1.0,0.0,0.0,104.4,70.8,155.0,41.0,5.2,131.2,8.35,126.9,167.4,45.3,0
45.0,1,0,1,0,0,35.1,99.5,0.0,1.0,0.0,0.0,108.2,76.3,125.0,79.0,5.7,95.7,4.05,88.0,155.8,36.2,0
42.0,1,0,1,0,0,38.3,113.1,0.0,1.0,0.0,0.0,161.9,96.8,182.0,52.0,9.2,87.1,9.93,89.1,156.9,36.2,0
31.0,1,0,1,0,0,35.1,109.6,0.0,1.0,0.0,0.0,111.7,77.2,171.0,35.0,5.0,124.9,49.15,106.6,173.8,35.3,0
28.0,1,0,1,0,0,40.2,115.4,0.0,1.0,0.0,0.0,113.6,79.8,223.0,94.0,5.3,94.9,12.96,81.9,151.0,35.9,0
71.0,1,0,1,0,0,27.3,99.8,0.0,1.0,0.0,0.0,143.9,90.3,160.0,94.0,5.4,75.2,6.91,73.6,168.7,25.9,0
60.0,1,0,1,0,0,24.1,91.7,0.0,1.0,0.0,0.0,127.0,68.1,188.0,63.0,5.1,77.9,5.59,58.7,158.8,23.3,0
49.0,1,0,1,0,0,35.6,107.2,0.0,1.0,0.0,0.0,122.9,88.2,215.0,45.0,6.0,102.5,12.81,76.5,158.1,30.6,0
34.0,1,0,1,0,0,32.0,100.9,0.0,1.0,0.0,0.0,111.9,74.8,181.0,30.0,5.2,64.4,39.41,78.9,157.9,31.6,0
40.0,1,0,1,0,0,31.3,106.3,0.0,1.0,0.0,0.0,128.3,80.8,180.0,43.0,6.3,98.6,12.69,71.6,156.0,29.4,0
37.0,1,0,1,0,0,27.8,106.6,0.0,1.0,0.0,0.0,110.7,74.7,172.0,66.0,4.9,100.7,6.34,79.3,166.7,28.5,0
48.0,1,0,1,0,0,31.8,106.2,0.0,1.0,0.0,0.0,134.6,81.9,116.0,33.0,5.4,74.5,2.85,83.6,162.6,31.6,0
31.0,1,0,1,0,0,33.0,111.4,0.0,1.0,0.0,0.0,128.6,82.0,194.0,85.0,5.8,97.2,11.31,82.2,162.4,31.2,0
44.0,1,0,1,0,0,27.7,90.0,0.0,1.0,0.0,0.0,109.9,73.3,195.0,56.0,5.0,105.2,0.3,67.7,162.8,25.5,0
62.0,1,0,1,0,0,56.0,158.9,0.0,1.0,0.0,0.0,132.5,82.5,223.0,38.0,5.6,119.6,7.42,128.6,157.9,51.6,0
51.0,1,0,1,0,0,27.9,90.7,0.0,1.0,0.0,0.0,116.6,69.0,159.0,52.0,5.0,95.4,8.89,68.3,162.3,25.9,0
47.0,1,0,1,0,0,25.9,94.4,0.0,1.0,0.0,0.0,143.2,81.8,183.0,89.0,6.0,68.9,35.71,57.6,155.9,23.7,0
62.0,1,0,1,0,0,24.4,104.0,0.0,1.0,0.0,0.0,134.0,82.3,181.0,53.0,5.6,93.4,41.56,81.5,185.5,23.7,0
30.0,1,0,1,0,0,38.2,114.9,0.0,1.0,0.0,0.0,118.8,75.4,189.0,48.0,5.4,77.3,15.11,90.2,162.6,34.1,0
32.0,1,0,1,0,0,24.7,91.0,0.0,1.0,0.0,0.0,92.3,63.6,185.0,61.0,5.5,85.3,6.13,56.8,155.3,23.6,0
60.0,1,0,1,0,0,40.6,137.0,0.0,1.0,0.0,0.0,120.4,74.3,230.0,60.0,8.5,77.9,9.74,98.7,165.1,36.2,0
53.0,1,0,1,0,0,37.3,121.1,0.0,1.0,0.0,0.0,129.7,90.0,184.0,62.0,5.6,84.6,12.27,121.4,184.4,35.7,0
41.0,1,0,1,0,0,37.0,117.3,0.0,1.0,0.0,0.0,150.5,88.9,135.0,40.0,5.3,97.8,5.39,129.6,188.8,36.4,0
44.0,1,0,1,0,0,52.3,133.0,0.0,1.0,0.0,0.0,110.1,84.7,158.0,35.0,5.4,101.3,5.81,115.3,159.0,45.6,0
48.0,1,0,1,0,0,23.3,85.2,0.0,1.0,0.0,0.0,108.3,78.2,178.0,46.0,5.6,73.2,9.42,71.4,173.6,23.7,0
48.0,1,0,1,0,0,40.6,122.0,0.0,1.0,0.0,0.0,108.6,68.7,130.0,48.0,8.9,111.4,9.45,101.6,158.4,40.5,0
59.0,1,0,1,0,0,39.8,124.8,0.0,1.0,0.0,0.0,128.1,78.8,101.0,52.0,5.9,69.1,10.51,87.0,152.6,37.4,0
31.0,1,0,1,0,0,41.6,117.2,0.0,1.0,0.0,0.0,119.7,74.6,186.0,50.0,4.5,120.0,46.87,85.4,141.6,42.6,0
60.0,1,0,1,0,0,40.3,133.5,0.0,1.0,0.0,0.0,133.0,87.0,163.0,40.0,6.2,90.0,10.4,133.5,185.8,38.7,0
35.0,0,1,1,0,0,26.9,107.4,0.0,0.0,1.0,0.0,134.0,79.8,158.0,46.0,6.6,63.9,11.93,82.9,181.0,25.3,0
24.0,0,1,1,0,0,23.3,85.8,0.0,0.0,1.0,0.0,137.9,69.7,222.0,43.0,5.1,124.5,6.36,82.4,186.1,23.8,0
36.0,0,1,1,0,0,34.5,127.7,0.0,0.0,1.0,0.0,116.5,72.9,166.0,46.0,5.7,95.0,7.31,74.7,148.9,33.7,0
61.0,0,1,1,0,0,34.0,112.0,0.0,0.0,1.0,0.0,128.1,94.2,150.0,36.0,5.2,125.8,7.17,109.7,184.8,32.1,0
40.0,0,1,1,0,0,31.0,114.0,0.0,0.0,1.0,0.0,125.2,77.9,107.0,77.0,4.8,96.3,5.46,100.7,185.1,29.4,0
60.0,0,1,1,0,0,36.8,121.3,0.0,0.0,1.0,0.0,145.6,91.3,149.0,39.0,6.7,116.0,30.19,112.5,179.6,34.9,0
50.0,0,1,1,0,0,29.7,103.7,0.0,0.0,1.0,0.0,129.6,82.8,188.0,39.0,5.4,80.2,7.25,104.0,185.5,30.2,0
65.0,0,1,1,0,0,26.4,96.1,0.0,0.0,1.0,0.0,97.3,77.7,147.0,61.0,5.8,65.6,7.7,69.8,181.2,21.3,0
54.0,0,1,1,0,0,33.4,113.7,0.0,0.0,1.0,0.0,106.8,72.7,207.0,38.0,5.9,96.9,3.48,103.4,184.1,30.5,0
33.0,0,1,1,0,0,39.2,116.4,0.0,0.0,1.0,0.0,102.4,67.8,188.0,55.0,5.2,86.3,8.98,133.1,186.7,38.2,0
47.0,0,1,1,0,0,27.0,96.5,0.0,0.0,1.0,0.0,109.0,74.1,117.0,43.0,6.9,77.0,5.06,90.3,185.9,26.1,0
51.0,0,1,1,0,0,41.5,135.9,0.0,0.0,1.0,0.0,122.9,81.6,160.0,43.0,5.9,96.0,3.45,128.2,179.0,40.0,0
57.0,0,1,1,0,0,37.9,121.5,0.0,0.0,1.0,0.0,100.9,63.8,139.0,55.0,5.9,59.0,24.07,123.1,188.0,34.8,0
53.0,0,1,1,0,0,24.7,81.1,0.0,0.0,1.0,0.0,125.9,78.8,183.0,61.0,5.4,100.0,3.18,40.6,141.8,20.2,0
20.0,0,1,1,0,0,39.4,116.8,0.0,0.0,1.0,0.0,129.4,78.1,147.0,56.0,4.9,109.6,8.0,115.7,185.7,33.6,0
31.0,0,1,1,0,0,27.3,92.3,0.0,0.0,1.0,0.0,106.6,71.7,203.0,37.0,5.7,92.6,11.06,75.4,186.5,21.7,0
62.0,0,1,1,0,0,29.2,97.1,0.0,0.0,1.0,0.0,110.1,61.7,145.0,29.0,6.0,92.6,2.5,83.8,168.5,29.5,0
45.0,0,1,1,0,0,29.2,104.1,0.0,0.0,1.0,0.0,110.8,70.8,251.0,40.0,5.9,52.5,4.86,86.5,175.5,28.1,0
31.0,0,1,1,0,0,26.4,101.8,0.0,0.0,1.0,0.0,105.0,60.1,147.0,41.0,5.0,95.7,10.43,91.2,188.4,25.7,0
45.0,0,1,1,0,0,27.0,104.1,0.0,0.0,1.0,0.0,118.1,85.8,210.0,62.0,5.7,103.9,10.62,85.8,177.8,27.1,0
29.0,0,1,1,0,0,23.0,95.7,0.0,0.0,1.0,0.0,127.2,82.1,230.0,29.0,6.0,93.3,9.53,71.9,180.6,22.0,0
29.0,0,1,1,0,0,22.8,83.4,0.0,0.0,1.0,0.0,109.9,70.4,106.0,29.0,5.5,125.9,1.94,96.0,186.4,27.6,0
72.0,0,1,1,0,0,28.2,99.0,0.0,0.0,1.0,0.0,141.4,86.0,218.0,56.0,5.5,62.7,28.01,95.5,186.1,27.6,0
27.0,0,1,1,0,0,36.9,126.8,0.0,0.0,1.0,0.0,110.4,66.8,178.0,44.0,5.4,106.6,36.03,100.5,168.9,35.2,0
43.0,0,1,1,0,0,37.6,122.0,0.0,0.0,1.0,0.0,132.0,67.2,187.0,49.0,5.4,108.1,10.17,101.7,168.9,35.6,0
46.0,0,1,1,0,0,30.2,99.5,0.0,0.0,1.0,0.0,133.0,94.9,175.0,49.0,4.9,103.2,6.37,93.7,171.5,31.9,0
65.0,0,1,1,0,0,37.1,118.0,0.0,0.0,1.0,0.0,122.9,50.9,232.0,48.0,5.6,102.4,10.53,108.3,172.7,36.3,0
36.0,0,1,1,0,0,35.7,115.0,0.0,0.0,1.0,0.0,131.9,84.4,208.0,51.0,5.1,124.7,9.4,97.2,167.4,34.7,0
35.0,0,1,1,0,0,34.4,122.5,0.0,0.0,1.0,0.0,108.8,64.0,161.0,45.0,6.1,123.6,9.07,103.5,177.9,32.7,0
36.0,0,1,1,0,0,25.2,93.8,0.0,0.0,1.0,0.0,140.4,82.8,171.0,40.0,5.1,94.9,10.27,69.1,170.0,23.9,0
61.0,0,1,1,0,0,23.2,88.4,0.0,0.0,1.0,0.0,113.5,71.9,166.0,44.0,6.0,89.1,2.91,76.7,182.9,22.9,0
62.0,0,1,1,0,0,27.7,107.7,0.0,0.0,1.0,0.0,134.2,79.7,178.0,36.0,5.0,79.2,5.89,78.5,170.7,27.0,0
43.0,0,1,1,0,0,33.8,103.6,0.0,0.0,1.0,0.0,116.4,76.5,156.0,45.0,5.8,120.0,8.43,98.6,175.2,32.1,0
63.0,0,1,1,0,0,27.1,106.7,0.0,0.0,1.0,0.0,107.1,69.1,124.0,32.0,5.7,83.8,11.93,73.7,167.4,26.3,0
69.0,0,1,1,0,0,30.1,107.9,0.0,0.0,1.0,0.0,107.6,73.2,201.0,51.0,5.6,110.8,13.63,100.4,185.0,29.3,0
62.0,0,1,1,0,0,24.6,91.1,0.0,0.0,1.0,0.0,111.3,73.3,199.0,39.0,5.1,95.4,14.74,82.5,180.1,25.4,0
62.0,0,1,1,0,0,38.8,123.1,0.0,0.0,1.0,0.0,117.9,86.0,208.0,38.0,6.8,96.7,5.13,131.6,185.9,38.1,0
74.0,0,1,1,0,0,25.0,94.0,0.0,0.0,1.0,0.0,138.9,87.7,158.0,51.0,6.2,94.0,12.61,65.7,164.9,24.2,0
36.0,0,1,1,0,0,27.1,100.3,0.0,0.0,1.0,0.0,118.0,81.5,239.0,49.0,4.7,109.6,6.6,78.8,190.4,21.7,0
34.0,0,1,1,0,0,35.9,113.6,0.0,0.0,1.0,0.0,133.8,79.9,191.0,36.0,5.2,103.5,0.3,89.5,163.0,33.7,0
67.0,0,1,1,0,0,25.6,96.6,0.0,0.0,1.0,0.0,117.6,77.6,240.0,39.0,5.1,107.9,3.14,79.6,180.6,24.4,0
69.0,0,1,1,0,0,21.3,86.8,0.0,0.0,1.0,0.0,108.3,69.0,197.0,28.0,5.4,91.4,3.77,71.7,182.7,21.5,0
40.0,0,1,1,0,0,24.8,90.1,0.0,0.0,1.0,0.0,105.4,73.5,195.0,45.0,5.5,96.9,43.79,67.7,167.9,24.0,0
40.0,0,1,1,0,0,29.2,93.8,0.0,0.0,1.0,0.0,110.9,70.2,126.0,63.0,5.7,98.4,2.02,84.4,169.5,29.4,0
45.0,0,1,1,0,0,34.4,112.0,0.0,0.0,1.0,0.0,95.3,68.6,143.0,44.0,5.8,86.6,4.6,103.0,177.3,32.8,0
34.0,0,1,1,0,0,30.7,107.5,0.0,0.0,1.0,0.0,108.5,71.7,143.0,44.0,5.4,109.6,6.72,98.7,177.8,31.2,0
56.0,0,1,1,0,0,31.3,101.0,0.0,0.0,1.0,0.0,114.2,77.7,198.0,39.0,4.8,104.0,4.05,95.1,174.2,31.4,0
75.0,0,1,1,0,0,30.8,106.4,0.0,0.0,1.0,0.0,129.7,82.3,255.0,61.0,5.3,90.1,10.67,98.7,179.1,30.8,0
72.0,0,1,1,0,0,27.1,104.3,0.0,0.0,1.0,0.0,148.4,86.5,159.0,36.0,5.2,84.0,8.13,88.6,183.5,26.3,0
79.0,0,1,1,0,0,40.7,118.9,0.0,0.0,1.0,0.0,113.8,72.7,221.0,48.0,5.1,117.2,7.86,120.6,175.7,39.1,0
38.0,0,1,1,0,0,34.0,109.0,0.0,0.0,1.0,0.0,127.9,75.0,160.0,34.0,4.9,119.2,5.88,100.9,182.8,30.2,0
37.0,0,1,1,0,0,21.0,89.7,0.0,0.0,1.0,0.0,107.8,72.8,177.0,32.0,5.8,116.9,10.83,73.4,176.1,23.7,0
39.0,0,1,1,0,0,40.6,130.2,0.0,0.0,1.0,0.0,124.8,76.8,117.0,43.0,5.5,102.0,26.57,143.6,189.5,40.0,0
28.0,0,1,1,0,0,38.0,121.6,0.0,0.0,1.0,0.0,126.5,79.9,175.0,38.0,6.7,113.0,7.74,113.0,174.6,37.1,0
70.0,0,1,1,0,0,24.6,88.6,0.0,0.0,1.0,0.0,132.9,78.8,224.0,53.0,5.2,108.7,9.47,77.7,183.2,23.1,0
34.0,0,1,1,0,0,32.1,98.4,0.0,0.0,1.0,0.0,113.6,72.8,186.0,38.0,6.5,94.0,5.24,97.4,175.0,31.8,0
60.0,0,1,1,0,0,25.8,95.1,0.0,0.0,1.0,0.0,119.2,84.4,183.0,66.0,4.8,111.9,25.31,87.9,189.4,24.5,0
59.0,0,1,1,0,0,33.2,113.8,0.0,0.0,1.0,0.0,102.6,70.8,212.0,43.0,5.5,94.7,0.3,109.9,186.4,31.6,0
43.0,0,1,1,0,0,21.4,78.1,0.0,0.0,1.0,0.0,113.0,80.2,206.0,34.0,5.1,129.4,11.59,55.0,158.6,21.9,0
50.0,0,1,1,0,0,25.9,95.0,0.0,0.0,1.0,0.0,142.4,84.2,233.0,42.0,13.1,54.2,13.57,93.2,178.0,29.4,0
67.0,0,1,1,0,0,41.2,135.5,0.0,0.0,1.0,0.0,135.9,82.5,229.0,46.0,8.0,86.4,8.29,129.7,183.9,38.4,0
27.0,0,1,1,0,0,25.2,83.6,0.0,0.0,1.0,0.0,104.3,69.6,115.0,41.0,4.6,124.1,9.61,86.3,182.1,26.0,0
32.0,0,1,1,0,0,29.2,77.9,0.0,0.0,1.0,0.0,111.2,73.0,201.0,43.0,5.7,118.5,12.92,81.6,165.5,29.8,0
39.0,0,1,1,0,0,38.3,122.8,0.0,0.0,1.0,0.0,116.9,72.0,202.0,35.0,6.2,106.8,15.2,135.2,185.2,39.4,0
63.0,0,1,1,0,0,30.6,107.5,0.0,0.0,1.0,0.0,119.9,76.9,249.0,37.0,5.9,93.1,5.47,58.7,140.9,29.6,0
38.0,0,1,1,0,0,48.4,142.1,0.0,0.0,1.0,0.0,126.2,77.2,190.0,51.0,6.5,98.4,9.31,168.6,190.5,46.5,0
45.0,0,1,1,0,0,27.3,85.4,0.0,0.0,1.0,0.0,133.7,82.4,113.0,67.0,5.1,108.7,9.06,69.5,157.4,28.0,0
47.0,0,1,1,0,0,37.8,123.2,0.0,0.0,1.0,0.0,124.4,74.8,202.0,35.0,5.9,88.1,2.5,115.0,179.7,35.6,0
32.0,0,1,1,0,0,29.2,91.8,0.0,0.0,1.0,0.0,105.9,68.9,171.0,39.0,4.7,111.5,0.57,73.1,159.6,28.7,0
40.0,0,1,1,0,0,22.1,86.7,0.0,0.0,1.0,0.0,114.9,74.5,182.0,38.0,5.3,123.8,35.77,63.7,171.1,21.8,0
52.0,0,1,1,0,0,27.1,88.2,0.0,0.0,1.0,0.0,118.6,76.8,160.0,38.0,5.3,101.6,9.53,71.8,164.7,26.5,0
33.0,0,1,1,0,0,40.6,126.6,0.0,1.0,1.0,0.0,114.2,72.3,123.0,46.0,5.5,86.3,12.07,139.7,186.9,40.0,0
59.0,0,1,1,0,0,24.5,91.8,0.0,1.0,1.0,0.0,131.3,87.7,247.0,38.0,5.6,97.6,9.09,64.4,168.2,22.7,0
58.0,0,1,1,0,0,24.8,91.3,0.0,1.0,1.0,0.0,140.9,71.0,200.0,73.0,5.3,80.7,8.35,60.5,158.9,23.9,0
44.0,0,1,1,0,0,33.7,112.0,0.0,1.0,1.0,0.0,108.2,76.8,183.0,40.0,5.3,103.0,1.48,105.8,184.2,31.2,0
72.0,0,1,1,0,0,20.7,87.1,0.0,1.0,1.0,0.0,135.2,75.7,155.0,85.0,6.0,91.6,35.48,68.6,176.9,21.9,0
72.0,0,1,1,0,0,21.8,93.5,0.0,1.0,1.0,0.0,116.4,70.4,249.0,50.0,5.7,51.3,11.7,76.0,186.8,21.8,0
47.0,0,1,1,0,0,34.6,119.2,0.0,1.0,1.0,0.0,144.5,87.2,167.0,43.0,5.6,104.7,5.91,119.6,179.3,37.2,0
62.0,0,1,1,0,0,21.2,89.9,0.0,1.0,1.0,0.0,130.8,78.2,158.0,36.0,5.3,62.5,39.94,78.7,188.4,22.2,0
39.0,0,1,1,0,0,38.0,131.8,0.0,1.0,1.0,0.0,133.7,80.4,218.0,31.0,5.8,96.6,10.15,138.2,187.2,39.4,0
42.0,0,1,1,0,0,37.6,131.4,0.0,1.0,1.0,0.0,119.2,73.8,208.0,35.0,5.4,100.8,40.29,108.9,173.6,36.1,0
74.0,0,1,1,0,0,23.2,86.5,0.0,1.0,1.0,0.0,141.6,80.9,176.0,51.0,4.9,67.5,13.31,65.6,175.3,21.4,0
46.0,0,1,1,0,0,27.1,92.1,0.0,1.0,1.0,0.0,127.8,82.3,203.0,47.0,5.9,106.7,8.36,60.5,158.9,24.0,0
70.0,0,1,1,0,0,35.7,119.5,0.0,1.0,1.0,0.0,129.5,81.7,231.0,45.0,6.0,90.3,11.84,77.1,151.3,33.7,0
47.0,0,1,1,0,0,27.0,97.4,0.0,1.0,1.0,0.0,132.3,80.1,241.0,46.0,5.7,65.3,80.86,77.9,185.8,22.6,0
72.0,0,1,1,0,0,37.0,132.8,0.0,1.0,1.0,0.0,98.2,60.7,179.0,36.0,5.9,56.5,9.22,111.7,180.0,34.5,0
64.0,0,1,1,0,0,28.8,97.8,0.0,1.0,1.0,0.0,116.5,65.9,180.0,32.0,5.9,109.1,6.4,54.5,178.3,17.1,0
64.0,0,1,1,0,0,39.2,127.2,0.0,1.0,1.0,0.0,116.4,69.0,219.0,41.0,5.8,69.0,1.84,116.0,172.7,38.9,0
46.0,0,1,1,0,0,41.5,128.3,0.0,1.0,1.0,0.0,133.1,82.0,211.0,31.0,6.0,79.0,3.94,140.4,185.5,40.8,0
62.0,0,1,1,0,0,32.2,114.7,0.0,1.0,1.0,0.0,135.6,72.7,193.0,42.0,5.6,67.5,7.02,107.7,185.5,31.3,0
40.0,0,1,1,0,0,39.9,129.2,0.0,1.0,1.0,0.0,141.0,79.2,220.0,39.0,5.8,65.5,8.16,120.6,177.9,38.1,0
22.0,0,1,1,0,0,22.5,83.9,0.0,1.0,1.0,0.0,99.1,64.5,228.0,32.0,5.5,104.1,31.46,66.0,174.5,21.7,0
48.0,0,1,1,0,0,41.4,135.8,0.0,1.0,1.0,0.0,118.6,82.7,228.0,40.0,6.1,106.3,6.43,139.4,187.4,39.7,0
43.0,0,1,1,0,0,22.9,93.7,0.0,1.0,1.0,0.0,96.7,62.9,170.0,37.0,5.4,120.0,5.6,70.1,170.1,24.2,0
46.0,0,1,1,0,0,27.5,98.3,0.0,1.0,1.0,0.0,106.6,70.8,206.0,41.0,6.0,95.1,42.29,76.0,168.7,26.7,0
52.0,0,1,1,0,0,48.6,145.9,0.0,1.0,1.0,0.0,114.8,75.3,233.0,44.0,5.2,66.8,9.65,109.8,149.1,49.4,0
69.0,0,1,1,0,0,32.3,114.2,0.0,1.0,1.0,0.0,133.7,82.0,221.0,40.0,5.7,75.0,12.17,92.0,172.3,31.0,0
64.0,0,1,1,0,0,34.2,108.2,0.0,1.0,1.0,0.0,132.8,80.2,234.0,47.0,5.0,77.1,25.67,110.0,182.5,33.0,0
65.0,0,1,1,0,0,26.7,95.6,0.0,1.0,1.0,0.0,157.7,89.8,204.0,34.0,7.0,77.8,5.21,80.3,172.0,27.1,0
57.0,0,1,1,0,0,30.3,103.1,0.0,1.0,1.0,0.0,136.5,93.0,220.0,37.0,5.7,84.7,7.3,79.6,164.9,29.3,0
70.0,0,1,1,0,0,35.3,123.4,0.0,1.0,1.0,0.0,104.9,72.2,117.0,37.0,8.8,100.4,9.35,102.7,169.1,35.9,0
42.0,0,1,1,0,0,23.5,90.6,0.0,1.0,1.0,0.0,149.8,87.4,173.0,39.0,5.9,122.8,8.84,73.8,170.2,25.5,0
65.0,0,1,1,0,0,26.3,89.5,0.0,1.0,1.0,0.0,121.7,73.5,174.0,66.0,5.3,69.5,0.3,68.4,163.0,25.7,0
54.0,0,1,1,0,0,31.3,107.9,0.0,1.0,1.0,0.0,137.9,83.7,116.0,38.0,5.7,103.6,7.14,99.8,179.6,30.9,0
47.0,0,1,1,0,0,41.2,130.7,0.0,1.0,1.0,0.0,129.7,78.5,159.0,33.0,6.0,64.2,25.19,145.2,187.1,41.5,0
66.0,0,1,1,0,0,40.0,121.1,0.0,1.0,1.0,0.0,145.8,85.0,199.0,27.0,5.8,103.7,0.3,134.6,184.4,39.6,0
74.0,0,1,1,0,0,24.1,96.7,0.0,1.0,1.0,0.0,126.8,78.3,140.0,53.0,6.1,85.4,4.02,88.5,190.9,24.3,0
56.0,0,1,1,0,0,29.5,104.5,0.0,1.0,1.0,0.0,121.5,81.8,119.0,55.0,5.7,118.6,2.18,107.9,190.1,29.9,0
72.0,0,1,1,0,0,20.7,85.9,0.0,1.0,1.0,0.0,144.7,73.9,123.0,79.0,5.8,77.1,7.8,51.0,158.4,20.3,0
48.0,0,1,1,0,0,23.3,88.4,0.0,1.0,1.0,0.0,131.9,78.4,226.0,40.0,6.0,98.2,8.27,72.8,183.3,21.7,0
62.0,0,1,1,0,0,27.6,85.8,0.0,1.0,1.0,0.0,112.6,71.2,178.0,56.0,7.9,89.5,5.16,89.2,178.9,27.9,0
75.0,0,1,1,0,0,36.8,114.0,0.0,1.0,1.0,0.0,132.3,82.7,195.0,82.0,5.6,70.1,2.0,93.9,162.0,35.8,0
62.0,0,1,1,0,0,20.9,84.5,0.0,1.0,1.0,0.0,129.1,77.6,112.0,42.0,5.1,93.3,11.14,65.6,181.0,20.0,0
62.0,0,1,1,0,0,34.7,120.8,0.0,1.0,1.0,0.0,135.1,83.6,169.0,45.0,5.6,83.4,32.16,114.1,187.0,32.6,0
69.0,0,1,1,0,0,23.8,92.9,0.0,1.0,1.0,0.0,127.3,76.1,160.0,55.0,6.0,71.2,29.87,72.6,168.8,25.5,0
51.0,0,1,1,0,0,32.7,100.4,0.0,1.0,1.0,0.0,123.4,70.5,122.0,51.0,5.4,109.0,8.58,83.5,162.1,31.8,0
43.0,0,1,1,0,0,35.7,117.4,0.0,1.0,1.0,0.0,142.7,85.6,214.0,43.0,5.7,95.5,13.42,117.3,182.5,35.2,0
45.0,0,1,1,0,0,31.9,114.8,0.0,1.0,1.0,0.0,118.8,78.2,220.0,42.0,5.8,57.0,15.29,91.2,171.4,31.0,0
28.0,0,1,1,0,0,19.5,90.1,0.0,1.0,1.0,0.0,149.3,80.9,119.0,48.0,4.7,72.0,8.77,40.2,142.7,19.7,0
49.0,0,1,1,0,0,38.5,126.2,0.0,1.0,1.0,0.0,137.7,88.9,134.0,45.0,6.0,95.6,8.31,122.1,176.0,39.4,0
66.0,0,1,1,0,0,38.0,118.2,0.0,1.0,1.0,0.0,117.2,74.9,173.0,38.0,6.1,99.8,2.46,130.8,187.1,37.4,0
45.0,0,1,1,0,0,36.2,111.0,0.0,1.0,1.0,0.0,119.4,72.0,167.0,28.0,6.2,100.0,12.23,96.5,162.7,36.4,0
76.0,0,1,1,0,0,37.8,121.5,0.0,1.0,1.0,0.0,115.7,67.2,225.0,44.0,6.1,79.6,8.92,131.9,185.9,38.2,0
71.0,0,1,1,0,0,27.2,94.6,0.0,1.0,1.0,0.0,127.8,80.6,232.0,61.0,5.6,64.7,1.87,89.2,184.0,26.4,0
60.0,0,1,1,0,0,29.9,100.6,0.0,1.0,1.0,0.0,117.6,75.9,185.0,33.0,7.9,43.6,46.0,61.4,163.1,23.1,0
46.0,0,1,1,0,0,18.7,74.1,0.0,1.0,1.0,0.0,133.8,82.0,104.0,32.0,5.0,93.7,7.54,69.8,185.3,20.3,0
51.0,0,1,1,0,0,33.8,105.3,0.0,1.0,1.0,0.0,116.6,80.4,189.0,30.0,10.5,107.3,5.32,124.7,190.1,34.5,0
43.0,0,1,1,0,0,44.4,124.3,0.0,1.0,1.0,0.0,136.2,87.8,180.0,42.0,5.5,103.3,4.62,151.0,185.4,43.9,0
26.0,0,1,1,0,0,21.0,82.2,0.0,1.0,1.0,0.0,140.4,86.9,198.0,44.0,5.0,90.8,7.72,72.8,183.3,21.7,0
46.0,0,1,1,0,0,37.7,119.2,0.0,1.0,1.0,0.0,129.5,77.8,204.0,40.0,6.4,104.9,5.81,110.0,169.3,38.4,0
38.0,0,1,1,0,0,40.7,124.3,0.0,1.0,1.0,0.0,139.0,91.3,226.0,36.0,5.8,107.7,11.13,115.6,172.1,39.0,0
44.0,0,1,1,0,0,22.2,87.7,0.0,1.0,1.0,0.0,99.5,64.8,125.0,32.0,5.8,101.0,0.3,63.6,170.1,22.0,0
41.0,0,1,1,0,0,35.2,104.9,0.0,1.0,1.0,0.0,139.4,91.2,186.0,39.0,5.8,74.8,20.1,90.1,160.9,34.8,0
50.0,0,1,1,0,0,31.9,113.9,0.0,1.0,1.0,0.0,138.3,95.7,183.0,30.0,8.0,84.0,6.06,80.3,159.6,31.5,0
47.0,0,1,1,0,0,30.1,110.5,0.0,1.0,1.0,0.0,119.0,73.7,165.0,37.0,5.9,85.4,41.55,77.7,168.4,27.4,0
42.0,0,1,1,0,0,38.7,121.3,0.0,1.0,1.0,0.0,100.6,69.8,174.0,37.0,7.2,96.8,7.97,68.3,142.4,33.7,0
37.0,0,1,1,0,0,20.7,79.2,0.0,1.0,1.0,0.0,136.5,69.7,132.0,69.0,4.8,61.4,32.46,50.5,156.7,20.6,0
21.0,0,1,0,0,1,49.7,137.2,0.0,0.0,0.0,0.0,121.6,81.9,144.0,43.0,5.0,128.3,5.61,152.9,180.9,46.7,1
38.0,0,1,0,0,1,27.6,99.0,0.0,0.0,0.0,0.0,109.5,75.5,224.0,36.0,4.9,62.8,1.21,81.9,171.5,27.8,1
42.0,0,1,0,0,1,28.9,101.6,0.0,0.0,0.0,0.0,97.8,67.4,180.0,30.0,5.5,106.6,31.36,108.5,193.1,29.1,1
68.0,0,1,0,0,1,28.6,106.6,0.0,0.0,0.0,0.0,124.8,73.5,202.0,43.0,5.2,104.1,91.74,90.0,181.4,27.4,1
49.0,0,1,0,0,1,24.5,95.3,0.0,0.0,0.0,0.0,126.9,79.5,217.0,79.0,6.0,75.1,11.57,51.1,147.7,23.4,1
78.0,0,1,0,0,1,31.8,99.6,0.0,0.0,0.0,0.0,127.3,77.5,206.0,45.0,5.7,73.3,10.78,63.2,143.8,30.5,1
21.0,0,1,0,0,1,45.2,141.1,0.0,0.0,0.0,0.0,103.9,56.8,117.0,31.0,5.0,102.4,37.21,136.0,176.6,43.6,1
30.0,0,1,0,0,1,28.4,109.3,0.0,0.0,0.0,0.0,132.2,80.5,194.0,40.0,5.0,65.3,6.28,85.1,174.1,28.1,1
72.0,0,1,0,0,1,22.7,102.7,0.0,0.0,0.0,0.0,105.8,57.8,221.0,38.0,6.3,66.5,42.36,73.5,179.7,22.8,1
19.0,0,1,0,0,1,39.3,127.9,0.0,0.0,0.0,0.0,110.6,84.7,164.0,34.0,4.9,131.3,9.3,117.0,174.4,38.5,1
33.0,0,1,0,0,1,30.5,96.3,0.0,0.0,0.0,0.0,111.4,72.8,169.0,38.0,5.1,127.6,5.92,102.0,185.0,29.8,1
78.0,0,1,0,0,1,26.3,95.4,0.0,0.0,0.0,0.0,122.2,74.7,165.0,50.0,5.3,73.0,32.26,77.9,176.0,25.1,1
44.0,0,1,0,0,1,37.1,111.4,0.0,0.0,0.0,0.0,114.2,64.3,200.0,43.0,6.3,105.8,380.35,111.0,172.2,37.4,1
39.0,0,1,0,0,1,27.7,108.6,0.0,0.0,0.0,0.0,116.7,75.3,168.0,39.0,5.0,86.1,43.57,102.1,186.8,29.3,1
32.0,0,1,0,0,1,23.3,85.5,0.0,0.0,0.0,0.0,113.3,69.3,174.0,40.0,5.5,123.5,5.67,64.9,174.6,21.3,1
73.0,0,1,0,0,1,32.4,113.6,0.0,0.0,0.0,0.0,112.6,70.7,218.0,41.0,7.4,93.6,34.47,96.2,178.8,30.1,1
20.0,0,1,0,0,1,22.0,74.0,0.0,0.0,0.0,0.0,106.1,61.5,142.0,39.0,10.1,123.9,25.06,51.2,158.8,20.3,1
34.0,0,1,0,0,1,32.6,100.8,0.0,0.0,0.0,0.0,110.3,75.8,143.0,44.0,5.3,116.0,30.37,85.4,167.1,30.6,1
39.0,0,1,0,0,1,24.6,83.5,0.0,0.0,0.0,0.0,150.8,87.1,171.0,52.0,5.3,88.0,38.68,60.1,157.1,24.3,1
37.0,0,1,0,0,1,27.1,94.4,0.0,0.0,0.0,0.0,102.3,67.5,184.0,42.0,4.5,123.7,4.25,72.1,176.9,23.0,1
78.0,0,1,0,0,1,32.2,99.8,0.0,0.0,0.0,0.0,114.2,76.8,217.0,55.0,7.9,84.1,51.47,79.4,157.5,32.0,1
57.0,0,1,0,0,1,50.5,136.4,0.0,0.0,0.0,0.0,125.3,71.1,173.0,43.0,12.0,112.4,46.78,133.0,166.3,48.1,1
33.0,0,1,0,0,1,25.7,89.4,0.0,0.0,0.0,0.0,138.0,80.5,216.0,66.0,5.3,84.2,2.27,69.4,165.2,25.4,1
62.0,0,1,0,0,1,22.2,69.8,0.0,0.0,0.0,0.0,110.3,70.4,185.0,40.0,5.4,74.2,42.39,51.3,152.7,22.0,1
45.0,0,1,0,0,1,25.9,92.7,0.0,0.0,0.0,0.0,104.1,72.7,221.0,41.0,5.6,114.2,6.43,84.6,182.6,25.4,1
19.0,0,1,0,0,1,23.2,80.5,0.0,0.0,0.0,0.0,110.4,69.1,157.0,66.0,5.3,125.7,63.02,74.9,178.7,23.5,1
39.0,0,1,0,0,1,35.4,102.5,0.0,0.0,0.0,0.0,112.3,76.3,123.0,45.0,5.4,112.2,134.79,123.4,188.1,34.9,1
19.0,0,1,0,0,1,49.6,137.1,0.0,0.0,0.0,0.0,108.6,74.1,179.0,38.0,5.4,137.0,1.84,162.3,184.3,47.8,1
65.0,0,1,0,0,1,30.1,89.1,0.0,0.0,0.0,0.0,117.8,75.9,178.0,46.0,5.9,120.0,44.81,69.1,155.1,28.7,1
26.0,0,1,0,0,1,27.2,95.1,0.0,0.0,0.0,0.0,130.6,82.8,185.0,38.0,7.6,100.9,9.03,62.3,146.0,29.2,1
39.0,0,1,0,0,1,25.0,89.8,0.0,0.0,0.0,0.0,105.0,69.1,186.0,45.0,4.8,124.5,186.23,61.8,153.5,26.2,1
51.0,0,1,0,0,1,36.2,116.3,0.0,0.0,0.0,0.0,140.9,88.7,204.0,74.0,6.2,104.5,9.36,110.5,179.3,34.4,1
49.0,0,1,0,0,1,23.0,79.1,0.0,0.0,0.0,0.0,106.8,69.3,147.0,40.0,5.1,100.6,3.34,63.9,162.7,24.1,1
70.0,0,1,0,0,1,23.1,85.3,0.0,0.0,0.0,0.0,114.5,76.4,196.0,44.0,5.5,69.2,5.5,78.2,168.4,27.6,1
26.0,0,1,0,0,1,34.9,103.6,0.0,0.0,0.0,0.0,133.2,85.9,215.0,45.0,5.1,106.4,7.89,75.4,151.3,32.9,1
71.0,0,1,0,0,1,32.3,109.6,0.0,0.0,0.0,0.0,118.6,76.3,195.0,39.0,5.7,84.3,7.09,106.3,182.8,31.8,1
50.0,0,1,0,0,1,32.7,110.3,0.0,0.0,0.0,0.0,144.7,78.2,169.0,40.0,5.3,71.0,38.3,97.3,178.1,30.7,1
60.0,0,1,0,0,1,22.1,78.7,0.0,0.0,0.0,0.0,109.3,55.9,172.0,49.0,5.7,116.0,9.11,64.7,170.6,22.2,1
46.0,0,1,0,0,1,52.3,149.7,0.0,0.0,0.0,0.0,134.3,65.6,242.0,45.0,5.3,90.4,7.54,151.1,174.7,49.5,1
20.0,0,1,0,0,1,35.7,115.9,0.0,0.0,0.0,0.0,140.8,82.9,109.0,32.0,5.2,72.5,9.83,124.5,186.4,35.8,1
22.0,0,1,0,0,1,37.8,119.9,0.0,0.0,0.0,0.0,131.8,80.8,122.0,38.0,5.0,107.9,8.09,126.3,187.6,35.9,1
66.0,0,1,0,0,1,34.9,96.8,0.0,0.0,0.0,0.0,118.8,74.9,141.0,58.0,5.6,81.3,48.24,118.3,192.2,32.0,1
69.0,0,1,0,0,1,38.1,119.7,0.0,0.0,0.0,0.0,127.1,73.8,226.0,43.0,7.2,73.6,34.74,108.3,169.2,37.8,1
27.0,0,1,0,0,1,24.4,83.2,0.0,0.0,0.0,0.0,123.9,72.4,157.0,62.0,5.2,111.6,2.04,73.6,171.8,24.9,1
35.0,0,1,0,0,1,31.6,102.6,0.0,0.0,0.0,0.0,137.7,89.1,189.0,53.0,6.0,74.9,17.18,83.3,164.6,30.8,1
23.0,0,1,0,0,1,38.9,123.0,0.0,0.0,0.0,0.0,108.0,67.7,225.0,39.0,5.5,127.0,9.13,103.8,172.1,35.0,1
24.0,0,1,0,0,1,28.8,98.8,0.0,0.0,0.0,0.0,124.9,80.1,167.0,45.0,5.3,69.5,47.11,92.0,181.6,27.9,1
74.0,0,1,0,0,1,27.6,78.0,0.0,0.0,0.0,0.0,116.7,68.0,170.0,68.0,5.1,71.3,20.16,61.1,152.7,26.2,1
52.0,0,1,0,0,1,24.4,94.0,0.0,0.0,0.0,0.0,137.4,84.1,204.0,42.0,4.9,114.3,8.23,79.1,177.0,25.2,1
73.0,0,1,0,0,1,27.4,102.7,0.0,0.0,0.0,0.0,156.0,90.0,101.0,39.0,5.8,75.5,2.77,91.5,188.2,25.8,1
46.0,0,1,0,0,1,25.1,91.3,0.0,0.0,0.0,0.0,131.5,78.7,187.0,52.0,5.5,78.6,13.64,69.3,171.8,23.5,1
72.0,0,1,0,0,1,37.5,105.9,0.0,0.0,0.0,0.0,127.2,72.4,150.0,53.0,5.4,114.9,35.15,73.2,154.1,30.8,1
19.0,0,1,0,0,1,36.1,116.2,0.0,0.0,0.0,0.0,126.1,83.8,175.0,56.0,4.7,128.1,4.89,106.5,180.5,32.7,1
63.0,0,1,0,0,1,42.5,126.9,0.0,0.0,0.0,0.0,134.4,74.2,159.0,30.0,5.1,75.6,27.67,134.2,184.5,39.4,1
50.0,0,1,0,0,1,38.7,128.3,0.0,0.0,0.0,0.0,112.7,62.0,199.0,34.0,5.0,78.0,19.8,128.8,186.6,37.0,1
35.0,0,1,0,0,1,42.3,133.9,0.0,0.0,0.0,0.0,112.2,71.1,102.0,36.0,5.5,88.7,29.11,152.2,195.4,39.9,1
55.0,0,1,0,0,1,26.2,97.4,0.0,0.0,0.0,0.0,106.5,73.3,179.0,52.0,7.0,68.7,168.19,88.4,184.4,26.0,1
22.0,0,1,0,0,1,23.6,80.8,0.0,0.0,0.0,0.0,97.3,69.3,173.0,51.0,6.8,139.7,33.08,67.2,173.0,22.5,1
59.0,0,1,0,0,1,30.1,104.3,0.0,0.0,0.0,0.0,131.3,83.4,183.0,37.0,5.2,66.1,23.98,106.6,189.0,29.8,1
22.0,0,1,0,0,1,24.1,91.0,0.0,0.0,0.0,0.0,110.8,78.6,143.0,57.0,5.1,75.0,8.76,82.2,186.1,23.7,1
38.0,0,1,0,0,1,46.8,138.2,0.0,0.0,0.0,0.0,117.5,75.3,177.0,37.0,5.8,114.1,40.92,132.5,171.7,44.9,1
74.0,0,1,0,0,1,39.2,120.0,0.0,0.0,0.0,0.0,115.1,84.2,226.0,41.0,5.6,86.2,8.86,121.5,180.3,37.4,1
35.0,0,1,0,0,1,38.6,112.9,0.0,0.0,0.0,0.0,140.0,80.0,187.0,54.0,5.2,123.5,22.67,90.7,159.8,35.5,1
62.0,0,1,0,0,1,33.3,114.8,0.0,0.0,0.0,0.0,125.2,78.4,163.0,61.0,6.0,74.8,9.47,109.3,186.8,31.3,1
23.0,0,1,0,0,1,22.1,76.5,0.0,0.0,0.0,0.0,105.2,70.8,140.0,40.0,4.8,128.9,35.99,56.5,172.3,19.0,1
78.0,1,0,0,0,1,30.2,97.8,0.0,1.0,0.0,0.0,131.8,65.9,250.0,46.0,9.6,87.0,40.0,76.0,159.1,30.0,1
35.0,1,0,0,0,1,27.6,97.2,0.0,1.0,0.0,0.0,130.4,84.8,172.0,45.0,5.3,102.1,42.87,63.6,154.8,26.5,1
70.0,1,0,0,0,1,31.2,99.5,0.0,1.0,0.0,0.0,122.2,74.3,205.0,75.0,6.1,76.3,30.03,84.1,168.8,29.5,1
50.0,1,0,0,0,1,21.8,86.0,0.0,1.0,0.0,0.0,120.4,79.1,180.0,43.0,5.9,112.0,34.48,64.0,172.5,21.5,1
34.0,1,0,0,0,1,38.5,114.5,0.0,1.0,0.0,0.0,101.7,68.6,160.0,52.0,5.8,63.5,2.91,78.3,160.4,30.4,1
72.0,1,0,0,0,1,41.7,132.2,0.0,1.0,0.0,0.0,107.3,75.6,238.0,45.0,7.4,81.0,487.79,105.9,157.7,42.6,1
41.0,1,0,0,0,1,36.3,127.7,0.0,1.0,0.0,0.0,132.3,75.2,207.0,36.0,5.6,95.5,1.69,83.1,157.8,33.4,1
49.0,1,0,0,0,1,36.6,114.7,0.0,1.0,0.0,0.0,130.0,70.6,193.0,36.0,5.5,65.5,87.06,86.9,158.7,34.5,1
45.0,1,0,0,0,1,38.2,90.7,0.0,1.0,0.0,0.0,123.3,67.1,242.0,80.0,5.9,102.2,31.47,95.9,162.5,36.3,1
71.0,1,0,0,0,1,28.6,91.2,0.0,1.0,0.0,0.0,118.4,82.2,169.0,79.0,5.5,100.4,13.06,68.6,158.0,27.5,1
33.0,1,0,0,0,1,54.3,145.8,0.0,1.0,0.0,0.0,109.5,66.9,180.0,48.0,6.1,118.6,41.95,129.7,156.8,52.8,1
46.0,1,0,0,0,1,49.8,147.2,0.0,1.0,0.0,0.0,118.8,80.9,178.0,55.0,5.7,63.1,11.38,114.1,155.5,47.2,1
20.0,1,0,0,0,1,40.5,124.1,0.0,1.0,0.0,0.0,111.6,65.3,185.0,43.0,5.1,109.1,18.82,94.4,157.4,38.1,1
33.0,1,0,0,0,1,22.5,90.4,0.0,1.0,0.0,0.0,111.8,72.3,218.0,49.0,5.7,64.8,39.9,71.0,175.2,23.1,1
72.0,1,0,0,0,1,27.2,92.8,0.0,1.0,0.0,0.0,131.9,84.3,189.0,49.0,5.5,79.3,9.36,80.5,167.1,28.8,1
63.0,1,0,0,0,1,23.3,89.5,0.0,1.0,0.0,0.0,130.5,79.7,180.0,81.0,5.2,71.6,13.72,58.3,160.3,22.7,1
59.0,1,0,0,0,1,39.4,120.9,0.0,1.0,0.0,0.0,160.5,103.0,178.0,50.0,6.0,75.2,8.54,94.9,159.0,37.6,1
63.0,1,0,0,0,1,40.7,124.8,0.0,1.0,0.0,0.0,100.9,73.3,184.0,38.0,6.1,109.3,8.26,82.2,145.4,38.9,1
34.0,1,0,0,0,1,28.6,99.0,0.0,1.0,0.0,0.0,132.2,79.7,119.0,56.0,5.8,51.3,4.14,69.6,158.5,27.7,1
57.0,1,0,0,0,1,40.6,123.0,0.0,1.0,0.0,0.0,133.4,76.7,222.0,53.0,5.6,72.3,50.35,134.2,187.8,38.1,1
71.0,1,0,0,0,1,40.2,128.8,0.0,1.0,0.0,0.0,128.2,81.7,215.0,33.0,6.9,63.9,418.99,100.9,159.1,39.8,1
52.0,1,0,0,0,1,32.7,103.2,0.0,1.0,0.0,0.0,106.9,76.3,198.0,41.0,5.8,90.6,6.55,69.3,149.1,31.2,1
70.0,1,0,0,0,1,37.8,110.7,0.0,1.0,0.0,0.0,140.5,84.7,178.0,52.0,6.1,74.3,13.09,78.9,157.6,31.8,1
55.0,1,0,0,0,1,40.3,122.1,0.0,1.0,0.0,0.0,108.3,76.7,233.0,33.0,5.8,91.4,238.26,96.4,159.6,37.8,1
56.0,1,0,0,0,1,28.7,108.2,0.0,1.0,0.0,0.0,123.5,82.3,170.0,40.0,5.4,79.5,17.23,58.1,159.2,22.9,1
32.0,1,0,0,0,1,33.6,107.6,0.0,1.0,0.0,0.0,134.0,83.1,228.0,42.0,5.6,95.6,21.16,71.2,157.0,28.9,1
69.0,1,0,0,0,1,23.3,91.5,0.0,1.0,0.0,0.0,109.7,65.5,176.0,36.0,5.6,82.8,11.58,70.0,176.8,22.4,1
66.0,1,0,0,0,1,25.0,89.6,0.0,1.0,0.0,0.0,126.5,78.4,186.0,79.0,6.0,83.5,49.49,60.0,160.1,23.4,1
33.0,1,0,0,0,1,43.1,121.7,0.0,1.0,0.0,0.0,107.0,74.8,212.0,39.0,6.2,100.7,6.02,104.7,165.1,38.4,1
65.0,1,0,0,0,1,25.7,72.5,0.0,1.0,0.0,0.0,109.1,73.7,180.0,47.0,6.2,112.1,96.13,55.9,151.4,24.4,1
61.0,1,0,0,0,1,20.0,76.1,0.0,1.0,0.0,0.0,132.2,68.7,206.0,64.0,4.9,104.9,36.57,51.6,158.3,20.6,1
23.0,1,0,0,0,1,35.6,122.3,0.0,1.0,0.0,0.0,110.1,73.5,177.0,41.0,10.0,95.6,9.74,87.2,158.3,34.8,1
71.0,1,0,0,0,1,36.8,106.2,0.0,1.0,0.0,0.0,105.6,67.0,167.0,29.0,10.1,106.0,42.28,94.3,162.5,35.7,1
62.0,1,0,0,0,1,25.6,90.8,0.0,1.0,0.0,0.0,109.1,73.6,218.0,89.0,6.6,111.8,8.5,59.9,153.4,25.4,1
22.0,1,0,0,0,1,23.4,82.2,0.0,1.0,0.0,0.0,116.3,72.5,111.0,78.0,6.3,122.8,32.36,53.9,148.5,24.4,1
71.0,1,0,0,0,1,21.4,85.1,0.0,1.0,0.0,0.0,120.2,71.8,173.0,60.0,6.2,100.6,157.15,46.8,150.0,20.8,1
52.0,1,0,0,0,1,36.1,94.2,0.0,1.0,0.0,0.0,107.4,65.1,184.0,44.0,7.0,72.5,401.42,106.8,169.0,37.4,1
63.0,1,0,0,0,1,25.4,90.4,0.0,1.0,0.0,0.0,132.0,79.9,224.0,74.0,5.8,45.6,5.01,63.7,162.6,24.1,1
71.0,1,0,0,0,1,42.0,133.5,0.0,1.0,0.0,0.0,118.3,46.3,189.0,41.0,9.0,64.3,38.89,90.9,149.9,40.4,1
27.0,1,0,0,0,1,43.5,125.8,0.0,1.0,0.0,0.0,123.5,72.2,203.0,28.0,5.2,83.2,8.94,114.2,170.2,39.4,1
48.0,1,0,0,0,1,39.0,106.2,0.0,1.0,0.0,0.0,124.6,75.8,201.0,72.0,9.4,87.9,34.05,118.1,177.9,37.3,1
60.0,1,0,0,0,1,24.6,87.0,0.0,1.0,0.0,0.0,121.9,60.0,169.0,40.0,6.2,75.9,29.83,55.9,152.5,24.1,1
46.0,1,0,0,0,1,39.2,118.6,0.0,1.0,0.0,0.0,129.3,63.0,180.0,79.0,5.8,51.9,31.75,104.3,165.1,38.3,1
40.0,1,0,0,0,1,45.8,143.7,0.0,1.0,0.0,0.0,108.2,81.3,111.0,33.0,5.8,121.0,45.61,117.6,159.5,46.2,1
45.0,1,0,0,0,1,21.2,87.4,0.0,1.0,0.0,0.0,103.2,72.6,158.0,40.0,7.7,76.3,29.79,56.9,164.9,20.9,1
25.0,1,0,0,0,1,26.3,93.7,0.0,1.0,0.0,0.0,121.6,83.7,122.0,33.0,5.5,87.5,6.54,83.8,166.8,30.1,1
67.0,1,0,0,0,1,27.7,97.1,0.0,1.0,0.0,0.0,130.3,52.0,241.0,44.0,6.2,66.8,10.13,59.6,150.1,26.4,1
51.0,1,0,0,0,1,54.7,145.4,0.0,1.0,0.0,0.0,114.0,74.9,201.0,44.0,6.8,63.5,43.21,111.7,153.0,47.7,1
33.0,1,0,0,0,1,38.1,114.1,0.0,1.0,0.0,0.0,97.6,64.2,151.0,36.0,5.7,104.6,6.19,94.1,157.0,38.2,1
67.0,1,0,0,0,1,39.2,124.5,0.0,1.0,0.0,0.0,95.1,64.7,167.0,40.0,8.6,71.1,2.55,78.3,154.9,32.6,1
48.0,1,0,0,0,1,23.2,79.2,0.0,1.0,0.0,0.0,113.4,67.4,249.0,66.0,5.4,37.4,3.81,57.0,159.3,22.5,1
20.0,1,0,0,0,1,27.5,91.9,0.0,1.0,0.0,0.0,102.8,74.1,163.0,52.0,5.1,124.5,35.07,62.0,171.2,21.2,1
71.0,1,0,0,0,1,24.9,82.4,0.0,1.0,0.0,0.0,126.5,85.5,190.0,79.0,5.8,55.0,14.03,68.4,162.8,25.8,1
74.0,1,0,0,0,1,25.1,79.6,0.0,1.0,0.0,0.0,136.8,79.8,223.0,76.0,5.7,65.2,45.34,53.1,151.1,23.3,1
71.0,1,0,0,0,1,22.1,74.4,0.0,1.0,0.0,0.0,149.7,79.6,135.0,74.0,5.8,51.6,11.66,54.4,162.4,20.6,1
53.0,1,0,0,0,1,24.6,84.3,0.0,1.0,0.0,0.0,112.8,67.2,103.0,71.0,6.2,102.7,7.15,55.4,151.6,24.1,1
29.0,1,0,0,0,1,24.9,72.7,0.0,1.0,0.0,0.0,114.0,79.6,115.0,44.0,5.8,73.0,59.7,59.5,168.9,20.9,1
45.0,1,0,0,0,1,57.1,162.0,0.0,1.0,0.0,0.0,116.7,73.4,144.0,34.0,5.5,82.6,40.42,131.4,154.7,54.9,1
57.0,1,0,0,0,1,40.5,134.4,0.0,1.0,0.0,0.0,109.6,69.4,201.0,50.0,5.8,96.5,13.87,73.4,139.6,37.7,1
39.0,1,0,0,0,1,26.4,79.4,0.0,1.0,0.0,0.0,127.2,83.7,190.0,77.0,5.6,61.2,54.34,73.6,168.4,25.9,1
67.0,1,0,0,0,1,37.3,117.7,0.0,1.0,0.0,0.0,134.2,92.5,202.0,86.0,5.8,75.5,31.32,87.1,157.6,35.1,1
66.0,1,0,0,0,1,50.7,149.1,0.0,1.0,0.0,0.0,92.0,68.3,211.0,63.0,5.8,91.6,5.31,87.5,140.4,44.4,1
69.0,1,0,0,0,1,26.8,92.7,0.0,1.0,0.0,0.0,105.4,61.2,182.0,43.0,6.0,49.3,315.65,59.0,155.3,24.5,1
36.0,1,0,1,0,0,45.8,125.8,0.0,0.0,1.0,0.0,116.9,67.9,192.0,44.0,5.4,111.3,38.68,106.5,153.0,45.5,0
51.0,1,0,1,0,0,33.7,116.4,0.0,0.0,1.0,0.0,108.8,72.0,149.0,33.0,5.3,111.5,9.59,91.7,171.1,31.3,0
49.0,1,0,1,0,0,27.1,88.1,0.0,0.0,1.0,0.0,129.8,82.6,204.0,43.0,7.7,82.5,4.43,56.5,144.4,27.1,0
44.0,1,0,1,0,0,37.0,104.6,0.0,0.0,1.0,0.0,104.2,69.8,107.0,42.0,9.6,90.1,3.71,89.6,157.8,36.0,0
61.0,1,0,1,0,0,23.3,92.5,0.0,0.0,1.0,0.0,120.7,71.4,246.0,50.0,5.3,47.8,6.23,72.2,173.8,23.9,0
36.0,1,0,1,0,0,37.7,113.1,0.0,0.0,1.0,0.0,111.9,71.7,210.0,27.0,5.1,110.9,7.97,82.2,152.7,35.3,0
30.0,1,0,1,0,0,49.3,147.4,0.0,0.0,1.0,0.0,109.4,74.6,175.0,39.0,5.4,99.5,8.13,119.3,158.8,47.3,0
64.0,1,0,1,0,0,26.4,105.4,0.0,0.0,1.0,0.0,100.4,59.5,95.0,45.0,6.5,43.2,48.39,62.6,158.8,24.8,0
51.0,1,0,1,0,0,26.0,88.4,0.0,0.0,1.0,0.0,122.3,79.9,224.0,74.0,5.2,65.3,11.44,72.7,168.9,25.5,0
53.0,1,0,1,0,0,36.5,107.3,0.0,0.0,1.0,0.0,94.6,69.9,171.0,60.0,6.5,101.1,15.99,95.1,164.7,35.1,0
43.0,1,0,1,0,0,40.6,123.8,0.0,0.0,1.0,0.0,145.3,87.0,249.0,43.0,5.9,115.2,14.11,103.8,165.3,38.0,0
51.0,1,0,1,0,0,37.4,119.8,0.0,0.0,1.0,0.0,97.1,72.8,216.0,48.0,5.5,103.5,9.73,99.8,165.2,36.6,0
67.0,1,0,1,0,0,26.3,85.7,0.0,0.0,1.0,0.0,116.3,72.4,244.0,106.0,5.2,72.3,10.09,62.7,153.6,26.6,0
43.0,1,0,1,0,0,35.2,113.1,0.0,0.0,1.0,0.0,124.1,81.6,155.0,57.0,5.3,92.2,8.7,75.8,148.2,34.5,0
48.0,1,0,1,0,0,22.8,78.2,0.0,0.0,1.0,0.0,132.4,78.7,185.0,48.0,5.3,124.8,7.86,50.4,151.2,22.1,0
36.0,1,0,1,0,0,42.0,125.5,0.0,0.0,1.0,0.0,107.2,70.4,191.0,71.0,5.3,106.9,9.0,98.0,157.7,39.4,0
49.0,1,0,1,0,0,28.2,90.1,0.0,0.0,1.0,0.0,133.2,76.0,199.0,39.0,5.5,94.4,10.3,60.8,152.1,26.3,0
43.0,1,0,1,0,0,24.8,87.6,0.0,0.0,1.0,0.0,123.6,78.3,124.0,44.0,6.6,110.0,12.91,67.8,168.7,23.8,0
38.0,1,0,1,0,0,51.0,138.4,0.0,0.0,1.0,0.0,111.7,67.6,178.0,42.0,5.5,108.1,43.38,118.3,158.5,47.1,0
58.0,1,0,1,0,0,36.6,102.3,0.0,0.0,1.0,0.0,121.8,72.3,168.0,38.0,6.5,118.3,12.83,106.9,164.7,39.4,0
50.0,1,0,1,0,0,25.0,88.0,0.0,0.0,1.0,0.0,102.8,66.3,150.0,54.0,5.6,89.0,260.66,60.5,152.2,26.1,0
32.0,1,0,1,0,0,23.4,91.9,0.0,0.0,1.0,0.0,132.2,79.1,191.0,40.0,5.0,87.1,4.58,64.2,173.4,21.4,0
49.0,1,0,1,0,0,37.4,110.8,0.0,0.0,1.0,0.0,121.7,82.1,190.0,44.0,5.3,110.0,2.08,89.1,158.4,35.5,0
63.0,1,0,1,0,0,41.6,128.5,0.0,0.0,1.0,0.0,110.7,63.5,159.0,74.0,6.4,86.8,12.93,90.7,152.8,38.9,0
58.0,1,0,1,0,0,32.1,108.4,0.0,0.0,1.0,0.0,132.2,82.7,197.0,46.0,5.6,97.6,11.21,74.5,152.5,32.0,0
48.0,1,0,1,0,0,21.1,75.6,0.0,0.0,1.0,0.0,122.9,73.8,169.0,55.0,4.9,107.6,2.28,49.8,158.2,19.9,0
51.0,1,0,1,0,0,34.1,105.7,0.0,0.0,1.0,0.0,107.8,63.6,145.0,38.0,5.3,54.8,3.09,85.0,169.4,29.6,0
43.0,1,0,1,0,0,49.3,133.0,0.0,0.0,1.0,0.0,138.3,88.3,176.0,39.0,5.5,118.4,9.53,131.5,164.6,48.5,0
42.0,1,0,1,0,0,45.6,133.8,0.0,0.0,1.0,0.0,126.9,78.9,220.0,50.0,5.6,119.2,7.63,123.3,169.2,43.1,0
42.0,1,0,1,0,0,29.7,105.1,0.0,0.0,1.0,0.0,129.7,81.2,195.0,41.0,5.2,72.3,10.99,89.9,167.6,32.0,0
29.0,1,0,1,0,0,24.9,84.2,0.0,0.0,1.0,0.0,135.1,78.7,173.0,42.0,5.4,67.9,7.29,46.7,150.9,20.5,0
50.0,1,0,1,0,0,33.1,101.8,0.0,0.0,1.0,0.0,133.0,90.1,259.0,46.0,5.6,108.5,4.6,89.7,167.4,32.0,0
47.0,1,0,1,0,0,51.0,147.5,0.0,0.0,1.0,0.0,114.9,81.4,203.0,38.0,5.8,104.1,5.9,142.5,169.9,49.4,0
45.0,1,0,1,0,0,28.1,96.7,0.0,0.0,1.0,0.0,113.1,68.1,187.0,54.0,5.0,93.4,37.67,52.6,150.9,23.1,0
34.0,1,0,1,0,0,18.3,79.5,0.0,0.0,1.0,0.0,125.5,82.3,164.0,37.0,4.3,122.4,12.57,43.8,154.7,18.3,0
58.0,1,0,1,0,0,26.6,85.2,0.0,0.0,1.0,0.0,107.8,70.0,177.0,76.0,5.7,68.6,9.19,68.9,159.0,27.2,0
28.0,1,0,1,0,0,19.2,69.2,0.0,0.0,1.0,0.0,97.7,71.4,169.0,41.0,5.5,132.5,11.82,53.3,166.7,19.2,0
33.0,1,0,1,0,0,23.7,86.7,0.0,0.0,1.0,0.0,109.6,66.4,222.0,45.0,5.8,88.1,8.22,54.0,157.2,21.9,0
52.0,1,0,1,0,0,27.5,95.3,0.0,0.0,1.0,0.0,122.2,73.6,166.0,87.0,5.3,126.5,2.17,63.7,150.0,28.3,0
45.0,1,0,1,0,0,30.9,102.1,0.0,0.0,1.0,0.0,130.0,74.8,215.0,38.0,4.9,105.1,8.94,54.5,136.0,29.5,0
41.0,1,0,1,0,0,44.8,126.6,0.0,0.0,1.0,0.0,111.2,68.9,218.0,39.0,5.8,121.1,44.59,123.2,168.1,43.6,0
46.0,1,0,1,0,0,24.2,93.5,0.0,0.0,1.0,0.0,119.3,81.5,211.0,39.0,5.8,83.2,6.17,80.8,181.5,24.5,0
51.0,1,0,1,0,0,33.1,103.2,0.0,0.0,1.0,0.0,128.5,81.7,192.0,54.0,5.3,79.8,11.04,81.9,160.1,31.9,0
52.0,1,0,1,0,0,36.1,101.7,0.0,0.0,1.0,0.0,125.9,61.1,120.0,45.0,5.8,47.7,7.82,90.9,162.6,34.4,0
46.0,1,0,1,0,0,25.7,94.2,0.0,0.0,1.0,0.0,118.7,46.8,202.0,45.0,5.4,76.0,9.45,66.6,165.1,24.4,0
19.0,1,0,1,0,0,35.0,111.3,0.0,0.0,1.0,0.0,105.3,68.0,206.0,47.0,5.0,69.8,7.14,95.1,169.7,33.0,0
70.0,1,0,1,0,0,36.5,111.2,0.0,0.0,1.0,0.0,133.9,82.6,172.0,39.0,5.4,111.6,72.93,82.8,149.2,37.2,0
54.0,1,0,1,0,0,23.6,81.9,0.0,0.0,1.0,0.0,139.7,84.8,209.0,56.0,5.1,85.2,9.67,60.6,162.2,23.0,0
22.0,1,0,1,0,0,26.5,98.0,0.0,0.0,1.0,0.0,130.3,68.0,196.0,30.0,5.7,100.4,32.01,79.0,175.6,25.6,0
31.0,1,0,1,0,0,23.3,78.9,0.0,0.0,1.0,0.0,136.5,82.5,153.0,36.0,5.8,129.8,10.0,63.0,167.5,22.5,0
34.0,1,0,1,0,0,36.4,108.1,0.0,0.0,1.0,0.0,90.5,56.8,149.0,33.0,5.3,104.0,3.5,71.7,158.7,28.5,0
36.0,1,0,1,0,0,27.7,103.4,0.0,0.0,1.0,0.0,101.0,72.5,131.0,42.0,5.1,107.5,13.41,70.8,173.9,23.4,0
32.0,1,0,1,0,0,23.8,79.7,0.0,0.0,1.0,0.0,121.9,84.8,205.0,37.0,5.5,109.0,3.92,64.5,164.8,23.7,0
34.0,1,0,1,0,0,27.5,102.2,0.0,0.0,1.0,0.0,106.9,73.9,155.0,65.0,5.3,104.8,10.15,74.1,168.5,26.1,0
38.0,1,0,1,0,0,27.0,92.4,0.0,0.0,1.0,0.0,105.7,70.4,135.0,60.0,5.2,108.7,6.58,75.3,170.2,26.0,0
68.0,1,0,1,0,0,28.5,105.3,0.0,0.0,1.0,0.0,124.9,56.6,222.0,53.0,4.9,72.3,50.51,70.9,158.9,28.1,0
46.0,1,0,1,0,0,22.8,74.6,0.0,0.0,1.0,0.0,141.2,81.5,173.0,71.0,5.1,84.2,13.62,53.9,158.4,21.5,0
62.0,1,0,1,0,0,38.9,128.1,0.0,0.0,1.0,0.0,137.8,80.6,121.0,46.0,11.2,55.6,2.1,115.0,184.9,33.6,0
36.0,1,0,1,0,0,39.0,110.5,0.0,0.0,1.0,0.0,96.7,66.6,162.0,36.0,5.3,124.6,53.67,93.8,159.5,36.9,0
70.0,0,1,0,1,0,26.8,93.5,0.0,1.0,1.0,1.0,124.4,77.5,188.0,40.0,5.6,75.3,5.86,75.5,171.8,25.6,0
62.0,0,1,0,1,0,20.5,82.8,0.0,1.0,1.0,1.0,148.4,87.6,229.0,45.0,5.3,93.6,3.58,67.1,181.7,20.3,0
76.0,0,1,0,1,0,24.1,82.9,0.0,1.0,1.0,1.0,127.9,70.9,229.0,102.0,5.1,72.0,7.76,59.2,158.4,23.6,0
66.0,0,1,0,1,0,31.8,109.5,0.0,1.0,1.0,1.0,144.3,84.4,121.0,42.0,5.6,65.4,178.25,82.0,168.6,28.8,0
75.0,0,1,0,1,0,30.1,112.7,0.0,1.0,1.0,1.0,120.6,72.9,148.0,38.0,6.0,78.5,7.93,108.2,192.3,29.3,0
73.0,0,1,0,1,0,35.1,116.6,0.0,1.0,1.0,1.0,137.4,77.6,207.0,42.0,7.1,78.7,4.58,103.5,172.5,34.8,0
71.0,0,1,0,1,0,35.8,114.6,0.0,1.0,1.0,1.0,112.7,65.9,141.0,41.0,4.6,69.1,28.65,96.9,164.9,35.6,0
52.0,0,1,0,1,0,31.5,109.4,0.0,1.0,1.0,1.0,110.5,74.8,247.0,45.0,5.0,103.3,9.37,76.3,159.2,30.1,0
50.0,0,1,0,1,0,21.0,89.6,0.0,1.0,1.0,1.0,111.8,72.5,160.0,47.0,5.2,80.0,22.53,65.2,172.4,21.9,0
63.0,0,1,0,1,0,29.8,106.5,0.0,1.0,1.0,1.0,149.1,89.4,148.0,52.0,4.9,82.0,9.94,83.7,172.6,28.1,0
70.0,0,1,0,1,0,28.6,107.0,0.0,1.0,1.0,1.0,120.4,67.4,145.0,52.0,5.5,67.4,7.03,91.2,183.5,27.1,0
73.0,0,1,0,1,0,27.1,93.5,0.0,1.0,1.0,1.0,169.0,83.2,173.0,66.0,5.4,65.9,10.35,85.4,182.6,25.6,0
79.0,0,1,0,1,0,25.3,99.6,0.0,1.0,1.0,1.0,137.5,82.9,134.0,40.0,5.4,93.4,56.69,74.6,175.1,24.3,0
63.0,0,1,0,1,0,25.7,101.0,0.0,1.0,1.0,1.0,164.0,92.3,199.0,42.0,6.1,72.6,41.58,91.2,190.7,25.1,0
62.0,0,1,0,1,0,40.6,131.3,0.0,1.0,1.0,1.0,109.3,64.0,122.0,45.0,7.2,85.1,12.59,117.8,170.7,40.4,0
72.0,0,1,0,1,0,26.2,107.1,0.0,1.0,1.0,1.0,127.5,80.3,152.0,35.0,6.1,88.0,29.51,67.6,167.8,24.0,0
56.0,0,1,0,1,0,38.4,122.0,0.0,1.0,1.0,1.0,114.4,68.6,169.0,61.0,7.6,98.7,17.42,88.4,155.1,36.8,0
62.0,0,1,0,1,0,27.7,107.4,0.0,1.0,1.0,1.0,102.3,70.0,151.0,37.0,5.3,85.9,11.61,94.3,187.9,26.7,0
48.0,0,1,0,1,0,32.1,108.0,0.0,1.0,1.0,1.0,113.4,72.5,128.0,41.0,5.4,78.5,4.46,104.7,182.9,31.3,0
71.0,0,1,0,1,0,28.4,112.7,0.0,1.0,1.0,1.0,109.3,46.6,158.0,40.0,4.8,80.7,11.99,93.1,180.0,28.7,0
40.0,0,1,0,1,0,29.5,110.0,0.0,1.0,1.0,1.0,117.9,72.2,160.0,25.0,5.3,74.5,2.03,93.1,179.4,28.9,0
62.0,0,1,0,1,0,56.2,159.6,0.0,1.0,1.0,1.0,114.1,59.5,151.0,59.0,5.5,68.2,17.77,142.8,165.0,52.4,0
65.0,0,1,0,1,0,26.3,86.4,0.0,1.0,1.0,1.0,114.8,71.6,137.0,53.0,7.2,91.2,25.61,87.7,183.5,26.0,0
74.0,0,1,0,1,0,29.0,100.7,0.0,1.0,1.0,1.0,115.9,55.3,163.0,78.0,4.9,74.8,21.66,84.3,173.0,28.2,0
71.0,0,1,0,1,0,25.4,94.8,0.0,1.0,1.0,1.0,112.9,68.2,162.0,39.0,4.7,74.3,107.2,78.2,178.8,24.5,0
69.0,0,1,0,1,0,27.3,93.8,0.0,1.0,1.0,1.0,135.7,80.7,237.0,48.0,5.5,51.0,3.95,99.1,187.5,28.2,0
74.0,0,1,0,1,0,25.5,107.5,0.0,1.0,1.0,1.0,130.0,79.9,214.0,68.0,5.8,62.5,5.65,80.0,174.6,26.2,0
67.0,0,1,0,1,0,28.7,109.1,0.0,1.0,1.0,1.0,130.3,79.6,219.0,52.0,5.5,75.5,8.52,90.0,179.4,28.0,0
71.0,0,1,0,1,0,25.7,88.4,0.0,1.0,1.0,1.0,131.2,45.1,118.0,76.0,5.0,76.0,5.27,86.6,183.4,25.7,0
73.0,0,1,0,1,0,23.6,89.1,0.0,1.0,1.0,1.0,120.3,71.0,215.0,58.0,4.8,106.1,36.49,79.3,179.2,24.7,0
70.0,0,1,0,1,0,24.3,93.7,0.0,1.0,1.0,1.0,158.1,94.2,179.0,54.0,5.6,78.1,18.91,87.6,185.2,25.5,0
78.0,0,1,0,1,0,38.3,131.9,0.0,1.0,1.0,1.0,105.8,63.1,92.0,47.0,4.8,81.3,37.5,126.9,187.4,36.1,0
66.0,0,1,0,1,0,26.3,97.4,0.0,1.0,1.0,1.0,105.8,70.7,226.0,42.0,4.6,87.7,47.04,83.5,181.5,25.4,0
65.0,0,1,0,1,0,23.9,99.2,0.0,1.0,1.0,1.0,119.7,64.8,163.0,50.0,4.9,87.5,13.92,66.7,178.0,21.1,0
62.0,0,1,0,1,0,28.4,97.2,0.0,1.0,1.0,1.0,123.8,65.9,161.0,35.0,6.9,64.0,0.3,102.1,190.2,28.2,0
68.0,0,1,0,1,0,31.3,110.2,0.0,1.0,1.0,1.0,139.0,84.6,217.0,40.0,5.6,58.9,4.27,96.0,180.0,29.6,0
29.0,0,1,0,1,0,23.8,91.7,0.0,1.0,1.0,1.0,109.0,68.8,181.0,39.0,4.8,93.2,1.58,76.3,180.8,23.3,0
79.0,0,1,0,1,0,39.3,124.9,0.0,1.0,1.0,1.0,98.4,50.2,142.0,44.0,4.7,71.7,38.56,140.3,195.6,36.7,0
43.0,0,1,0,1,0,25.4,92.2,0.0,1.0,1.0,1.0,128.2,82.0,132.0,39.0,5.8,61.3,2.54,79.2,172.6,26.6,0
29.0,0,1,0,1,0,33.8,114.9,0.0,1.0,1.0,1.0,126.5,83.4,173.0,37.0,5.3,89.5,10.92,78.9,169.4,27.5,0
71.0,0,1,0,1,0,27.4,88.8,0.0,1.0,1.0,1.0,106.2,72.9,226.0,49.0,5.4,69.8,9.28,86.3,176.2,27.8,0
65.0,0,1,0,1,0,20.9,91.3,0.0,1.0,1.0,1.0,126.8,84.6,168.0,58.0,6.5,79.3,2.63,72.0,177.7,22.8,0
73.0,0,1,0,1,0,33.9,110.3,0.0,1.0,1.0,1.0,132.1,74.2,162.0,43.0,6.1,65.6,12.5,95.4,165.6,34.8,0
78.0,0,1,0,1,0,26.6,95.9,0.0,1.0,1.0,1.0,110.2,61.5,239.0,45.0,5.2,97.1,5.86,48.3,167.6,17.2,0
70.0,0,1,0,1,0,23.1,93.4,0.0,1.0,1.0,1.0,131.4,81.6,167.0,36.0,5.2,87.1,6.54,81.5,190.7,22.4,0
63.0,0,1,0,1,0,37.3,118.1,0.0,1.0,1.0,1.0,118.1,75.6,194.0,34.0,5.7,78.4,8.5,89.9,158.4,35.8,0
69.0,0,1,0,1,0,28.5,97.5,0.0,1.0,1.0,1.0,132.9,84.2,169.0,32.0,4.7,97.2,10.44,89.9,181.6,27.3,0
68.0,0,1,0,1,0,42.4,134.4,0.0,1.0,1.0,1.0,110.5,69.9,188.0,43.0,5.7,93.7,4.04,128.6,177.5,40.8,0
69.0,0,1,0,1,0,26.8,89.5,0.0,1.0,1.0,1.0,114.4,75.4,185.0,48.0,5.6,112.2,7.62,96.4,189.8,26.8,0
71.0,0,1,0,1,0,31.3,115.2,0.0,1.0,1.0,1.0,123.7,60.6,153.0,41.0,5.3,75.7,50.81,89.8,173.8,29.7,0
72.0,0,1,0,1,0,27.5,105.7,0.0,1.0,1.0,1.0,146.1,64.8,173.0,63.0,5.7,69.1,10.99,80.4,174.5,26.4,0
73.0,0,1,0,1,0,32.2,114.7,0.0,1.0,1.0,1.0,127.4,80.1,210.0,36.0,5.4,97.5,4.73,102.9,182.5,30.9,0
71.0,0,1,0,1,0,35.5,123.3,0.0,1.0,1.0,1.0,104.9,76.8,205.0,38.0,5.7,89.5,15.28,70.9,143.3,34.5,0
77.0,0,1,0,1,0,27.4,96.0,0.0,1.0,1.0,1.0,113.1,52.7,225.0,57.0,5.6,78.3,13.58,81.6,174.6,26.8,0
73.0,0,1,0,1,0,30.1,114.1,0.0,1.0,1.0,1.0,126.4,66.3,191.0,35.0,5.6,96.5,12.61,104.3,192.9,28.0,0
68.0,0,1,0,1,0,21.2,90.0,0.0,1.0,1.0,1.0,155.6,88.5,211.0,40.0,8.3,79.7,33.59,71.7,178.1,22.6,0
64.0,0,1,0,1,0,23.4,90.3,0.0,1.0,1.0,1.0,126.2,68.6,166.0,63.0,5.6,72.7,9.9,66.8,172.1,22.6,0
73.0,0,1,0,1,0,23.3,90.0,0.0,1.0,1.0,1.0,116.7,64.1,224.0,74.0,5.2,70.7,29.06,69.5,171.7,23.6,0
76.0,0,1,0,1,0,30.4,105.9,0.0,1.0,1.0,1.0,100.1,55.8,189.0,43.0,5.4,74.9,19.91,108.5,188.4,30.6,0
65.0,1,0,1,0,0,38.9,123.7,0.0,1.0,1.0,0.0,135.0,74.4,196.0,63.0,6.1,48.1,14.0,102.9,167.4,36.7,0
37.0,1,0,1,0,0,35.3,102.2,0.0,1.0,1.0,0.0,130.7,86.1,229.0,35.0,8.0,109.9,4.83,90.1,159.6,35.4,0
68.0,1,0,1,0,0,20.8,86.7,0.0,1.0,1.0,0.0,139.2,66.7,136.0,66.0,5.1,53.1,10.92,55.8,162.6,21.1,0
70.0,1,0,1,0,0,42.1,120.4,0.0,1.0,1.0,0.0,150.2,84.0,231.0,33.0,4.8,38.4,48.64,85.0,150.0,37.8,0
73.0,1,0,1,0,0,23.3,83.9,0.0,1.0,1.0,0.0,126.2,80.4,218.0,36.0,5.3,85.7,0.3,77.1,179.2,24.0,0
45.0,1,0,1,0,0,25.3,91.4,0.0,1.0,1.0,0.0,129.1,73.8,216.0,38.0,5.3,72.4,9.1,63.7,155.7,26.3,0
29.0,1,0,1,0,0,26.6,85.1,0.0,1.0,1.0,0.0,115.5,69.6,180.0,46.0,5.2,104.6,2.7,47.5,137.4,25.2,0
47.0,1,0,1,0,0,37.4,119.9,0.0,1.0,1.0,0.0,119.0,66.7,191.0,40.0,5.0,61.8,11.47,99.1,167.1,35.5,0
32.0,1,0,1,0,0,20.5,73.2,0.0,1.0,1.0,0.0,120.8,81.5,175.0,38.0,4.8,126.6,11.58,63.8,172.8,21.4,0
22.0,1,0,1,0,0,34.2,102.7,0.0,1.0,1.0,0.0,120.3,65.2,178.0,39.0,5.3,115.3,10.71,91.4,166.1,33.1,0
25.0,1,0,1,0,0,26.9,90.1,0.0,1.0,1.0,0.0,123.3,76.1,185.0,48.0,5.9,103.8,7.12,66.7,160.6,25.9,0
28.0,1,0,1,0,0,25.2,90.1,0.0,1.0,1.0,0.0,104.6,64.9,159.0,38.0,5.4,78.4,1.43,72.3,170.0,25.0,0
65.0,1,0,1,0,0,22.7,83.5,0.0,1.0,1.0,0.0,108.6,68.6,213.0,39.0,5.5,84.1,0.3,45.8,154.4,19.2,0
43.0,1,0,1,0,0,35.6,107.4,0.0,1.0,1.0,0.0,111.9,75.3,165.0,51.0,5.4,84.1,15.91,81.0,153.0,34.6,0
68.0,1,0,1,0,0,23.9,83.2,0.0,1.0,1.0,0.0,131.4,76.6,143.0,46.0,5.6,74.8,3.6,44.8,157.8,18.0,0
72.0,1,0,1,0,0,28.9,102.2,0.0,1.0,1.0,0.0,132.3,83.2,196.0,64.0,5.1,55.4,8.54,80.1,168.8,28.1,0
61.0,1,0,1,0,0,34.6,112.9,0.0,1.0,1.0,0.0,128.5,85.0,219.0,38.0,6.1,94.3,5.96,86.1,159.4,33.9,0
48.0,1,0,1,0,0,29.5,98.7,0.0,1.0,1.0,0.0,129.1,80.6,213.0,40.0,5.6,107.0,7.45,67.6,158.8,26.8,0
46.0,1,0,1,0,0,37.3,118.7,0.0,1.0,1.0,0.0,98.2,65.9,174.0,35.0,4.7,76.5,32.32,91.1,168.2,32.2,0
52.0,1,0,1,0,0,26.2,99.0,0.0,1.0,1.0,0.0,127.7,81.4,153.0,44.0,5.6,55.8,6.45,75.4,169.1,26.4,0
54.0,1,0,1,0,0,28.6,83.5,0.0,1.0,1.0,0.0,128.3,75.0,171.0,38.0,4.9,76.4,9.73,67.3,156.7,27.4,0
73.0,1,0,1,0,0,28.0,95.7,0.0,1.0,1.0,0.0,133.0,79.2,229.0,89.0,5.7,78.6,11.95,85.0,177.0,27.1,0
69.0,1,0,1,0,0,29.4,100.9,0.0,1.0,1.0,0.0,139.5,56.3,160.0,54.0,5.3,86.9,5.59,63.2,150.5,27.9,0
59.0,1,0,1,0,0,34.4,104.5,0.0,1.0,1.0,0.0,128.0,74.2,201.0,29.0,5.1,77.0,4.43,86.9,162.9,32.7,0
33.0,1,0,1,0,0,35.5,115.5,0.0,1.0,1.0,0.0,108.0,96.7,187.0,42.0,5.5,99.6,5.99,91.0,162.1,34.6,0
72.0,1,0,1,0,0,47.0,128.6,0.0,1.0,1.0,0.0,102.5,69.5,164.0,47.0,5.4,119.4,6.3,115.2,162.6,43.6,0
54.0,1,0,1,0,0,36.6,108.7,0.0,1.0,1.0,0.0,106.5,67.9,191.0,38.0,7.9,66.9,10.33,85.7,153.2,36.5,0
39.0,1,0,1,0,0,37.1,119.9,0.0,1.0,1.0,0.0,127.3,81.8,199.0,36.0,5.8,102.5,8.02,72.2,173.5,24.0,0
36.0,1,0,1,0,0,52.6,143.3,0.0,1.0,1.0,0.0,129.8,67.8,165.0,52.0,8.3,114.6,32.82,128.1,159.3,50.5,0
73.0,1,0,1,0,0,26.5,71.8,0.0,1.0,1.0,0.0,129.7,72.9,157.0,48.0,5.5,69.0,2.69,71.8,168.9,25.2,0
28.0,1,0,1,0,0,39.7,116.0,0.0,1.0,1.0,0.0,137.8,84.6,166.0,34.0,5.4,51.1,12.31,75.1,140.0,38.3,0
55.0,1,0,1,0,0,22.2,87.1,0.0,1.0,1.0,0.0,154.7,89.1,200.0,63.0,4.8,67.2,8.2,58.4,168.6,20.5,0
49.0,1,0,1,0,0,35.4,107.7,0.0,1.0,1.0,0.0,111.0,72.8,185.0,46.0,5.9,90.2,12.43,79.0,156.0,32.5,0
55.0,1,0,1,0,0,23.7,86.7,0.0,1.0,1.0,0.0,148.4,84.3,170.0,83.0,4.8,58.0,2.3,57.5,156.0,23.6,0
49.0,1,0,1,0,0,41.0,121.2,0.0,1.0,1.0,0.0,99.2,74.0,155.0,65.0,5.1,107.3,3.32,109.9,170.8,37.7,0
58.0,1,0,1,0,0,28.6,97.8,0.0,1.0,1.0,0.0,126.6,78.0,162.0,63.0,5.3,79.1,5.24,66.8,152.6,28.7,0
59.0,1,0,1,0,0,28.2,96.2,0.0,1.0,1.0,0.0,134.7,77.1,245.0,35.0,5.7,87.9,27.05,74.9,164.8,27.6,0
33.0,1,0,1,0,0,48.4,129.5,0.0,1.0,1.0,0.0,117.7,80.4,189.0,36.0,5.3,126.7,38.49,116.3,159.0,46.0,0
64.0,1,0,1,0,0,23.7,76.3,0.0,1.0,1.0,0.0,123.9,52.0,156.0,82.0,5.7,101.3,38.22,59.0,155.8,24.3,0
53.0,1,0,1,0,0,21.7,82.7,0.0,1.0,1.0,0.0,106.8,76.9,220.0,36.0,5.5,74.0,10.21,52.6,154.8,22.0,0
46.0,1,0,1,0,0,45.0,127.5,0.0,1.0,1.0,0.0,133.6,82.5,218.0,43.0,5.2,109.3,15.88,126.8,168.6,44.6,0
51.0,1,0,1,0,0,40.4,126.7,0.0,1.0,1.0,0.0,98.7,65.9,187.0,44.0,5.9,101.2,8.23,99.6,158.4,39.7,0
34.0,1,0,1,0,0,37.8,113.6,0.0,1.0,1.0,0.0,119.2,71.7,112.0,40.0,5.9,84.7,52.41,85.7,153.2,36.5,0
47.0,1,0,1,0,0,22.7,85.4,0.0,1.0,1.0,0.0,114.7,76.3,202.0,36.0,5.9,80.5,9.85,60.9,180.8,18.6,0
57.0,1,0,1,0,0,20.9,74.3,0.0,1.0,1.0,0.0,140.7,77.5,176.0,71.0,5.0,117.1,10.36,55.9,164.9,20.6,0
55.0,1,0,1,0,0,41.7,132.0,0.0,1.0,1.0,0.0,135.5,88.4,151.0,36.0,7.1,72.3,4.56,101.9,157.3,41.2,0
65.0,1,0,1,0,0,37.7,118.5,0.0,1.0,1.0,0.0,124.5,75.1,191.0,38.0,5.8,57.3,9.79,84.2,154.9,35.1,0
60.0,1,0,1,0,0,29.5,97.9,0.0,1.0,1.0,0.0,107.9,70.3,104.0,50.0,5.0,60.8,1.3,82.8,171.2,28.2,0
66.0,1,0,1,0,0,38.1,119.8,0.0,1.0,1.0,0.0,135.1,81.0,122.0,60.0,6.0,69.3,2.07,89.6,158.6,35.6,0
46.0,1,0,1,0,0,20.7,79.8,0.0,1.0,1.0,0.0,106.7,63.1,168.0,55.0,5.5,109.5,50.43,52.2,158.2,20.9,0
62.0,0,1,0,1,0,41.5,140.1,1.0,1.0,1.0,1.0,110.5,71.1,166.0,29.0,7.2,79.3,35.45,147.5,192.7,39.7,1
75.0,0,1,0,1,0,41.6,138.3,1.0,1.0,1.0,1.0,131.0,65.7,105.0,30.0,13.1,26.3,1163.9,130.2,178.1,41.0,1
63.0,0,1,0,1,0,37.8,125.5,1.0,1.0,1.0,1.0,128.1,60.7,192.0,30.0,10.6,103.4,418.16,91.1,154.7,38.1,1
73.0,0,1,0,1,0,26.8,95.4,1.0,1.0,1.0,1.0,103.7,59.8,128.0,34.0,5.7,57.5,11.06,81.8,175.8,26.5,1
75.0,0,1,0,1,0,33.5,118.4,1.0,1.0,1.0,1.0,138.7,69.8,200.0,38.0,9.9,67.8,41.09,110.9,185.1,32.4,1
72.0,0,1,0,1,0,33.9,118.7,1.0,1.0,1.0,1.0,112.0,71.7,178.0,43.0,11.7,60.2,63.69,100.4,174.1,33.1,1
73.0,0,1,0,1,0,41.8,134.0,1.0,1.0,1.0,1.0,103.1,53.5,121.0,39.0,8.4,69.7,8.96,97.4,155.0,40.6,1
61.0,0,1,0,1,0,33.4,110.7,1.0,1.0,1.0,1.0,96.9,70.3,130.0,33.0,6.4,69.6,61.16,81.0,152.5,34.8,1
74.0,0,1,0,1,0,34.5,121.2,1.0,1.0,1.0,1.0,118.6,60.9,104.0,38.0,7.8,63.7,10.87,103.4,176.7,33.1,1
40.0,0,1,0,1,0,43.1,136.0,1.0,1.0,1.0,1.0,123.9,78.1,206.0,34.0,8.1,93.6,49.14,89.9,158.2,35.9,1
77.0,0,1,0,1,0,29.2,107.4,1.0,1.0,1.0,1.0,122.1,58.2,125.0,35.0,8.3,67.5,64.62,98.2,181.9,29.7,1
75.0,0,1,0,1,0,40.9,131.3,1.0,1.0,1.0,1.0,128.1,61.1,205.0,41.0,8.5,68.1,37.67,129.1,181.6,39.1,1
68.0,0,1,0,1,0,38.8,136.4,1.0,1.0,1.0,1.0,94.4,55.6,151.0,42.0,6.9,68.5,203.93,91.7,157.7,36.9,1
74.0,0,1,0,1,0,27.0,106.5,1.0,1.0,1.0,1.0,120.0,65.5,201.0,36.0,6.4,90.1,10.07,85.8,179.2,26.7,1
71.0,0,1,0,1,0,37.5,130.5,1.0,1.0,1.0,1.0,161.1,70.9,136.0,34.0,7.0,61.3,4.47,86.0,155.3,35.7,1
76.0,0,1,0,1,0,40.7,126.4,1.0,1.0,1.0,1.0,118.4,61.2,119.0,38.0,6.6,23.6,45.77,124.2,179.0,38.8,1
71.0,0,1,0,1,0,38.6,128.3,1.0,1.0,1.0,1.0,152.4,72.8,168.0,39.0,6.5,80.8,54.65,129.4,183.1,38.6,1
52.0,0,1,0,1,0,56.3,173.8,1.0,1.0,1.0,1.0,101.9,69.7,117.0,36.0,8.8,82.0,67.15,132.3,153.5,56.1,1
77.0,0,1,0,1,0,42.3,137.4,1.0,1.0,1.0,1.0,130.9,79.7,127.0,43.0,7.1,64.9,10.11,133.8,186.4,38.5,1
68.0,0,1,0,1,0,37.7,126.1,1.0,1.0,1.0,1.0,119.6,59.8,128.0,48.0,13.3,79.7,33.92,110.1,168.0,39.0,1
73.0,0,1,0,1,0,29.0,112.1,1.0,1.0,1.0,1.0,101.8,64.2,198.0,36.0,13.2,106.8,46.79,81.7,170.3,28.2,1
66.0,0,1,0,1,0,42.3,142.1,1.0,1.0,1.0,1.0,114.7,74.4,99.0,32.0,8.6,75.8,12.15,135.5,184.1,40.0,1
69.0,0,1,0,1,0,28.8,106.2,1.0,1.0,1.0,1.0,120.3,70.5,160.0,28.0,5.7,91.5,45.58,99.1,182.3,29.8,1
59.0,0,1,0,1,0,38.0,133.8,1.0,1.0,1.0,1.0,103.8,79.3,105.0,32.0,6.3,71.2,892.5,123.7,189.1,34.6,1
78.0,0,1,0,1,0,33.4,120.8,1.0,1.0,1.0,1.0,102.4,69.2,175.0,42.0,5.8,37.3,41.74,96.7,173.1,32.3,1
75.0,0,1,0,1,0,33.9,118.0,1.0,1.0,1.0,1.0,125.3,76.3,142.0,36.0,9.6,69.7,335.66,101.4,180.7,31.0,1
65.0,0,1,0,1,0,41.6,138.7,1.0,1.0,1.0,1.0,106.5,59.3,138.0,35.0,6.4,53.8,62.11,122.6,175.8,39.7,1
74.0,0,1,0,1,0,39.9,124.9,1.0,1.0,1.0,1.0,124.3,72.2,127.0,40.0,7.5,73.5,31.44,120.7,173.8,39.9,1
78.0,0,1,0,1,0,31.3,111.3,1.0,1.0,1.0,1.0,164.8,74.4,127.0,43.0,6.1,44.5,273.2,94.5,179.7,29.3,1
70.0,0,1,0,1,0,40.3,139.5,1.0,1.0,1.0,1.0,131.9,63.6,207.0,26.0,5.7,60.0,57.82,110.2,169.2,38.5,1
76.0,0,1,0,1,0,27.3,106.2,1.0,1.0,1.0,1.0,132.3,78.0,133.0,45.0,10.1,55.1,7.19,50.6,156.4,20.7,1
69.0,0,1,0,1,0,39.9,124.1,1.0,1.0,1.0,1.0,95.5,65.0,136.0,33.0,6.3,77.0,41.48,92.5,152.6,39.7,1
72.0,0,1,0,1,0,35.6,119.9,1.0,1.0,1.0,1.0,133.6,63.9,129.0,41.0,5.9,72.6,10.18,75.1,151.4,32.8,1
79.0,0,1,0,1,0,40.9,133.3,1.0,1.0,1.0,1.0,116.1,63.5,158.0,27.0,6.8,58.9,8.04,125.7,179.8,38.9,1
75.0,0,1,0,1,0,43.8,136.8,1.0,1.0,1.0,1.0,135.2,67.0,126.0,55.0,9.5,37.5,45.07,131.2,178.4,41.2,1
69.0,0,1,0,1,0,40.2,124.6,1.0,1.0,1.0,1.0,132.2,74.0,145.0,38.0,6.6,99.1,10.43,127.4,177.6,40.4,1
72.0,0,1,0,1,0,29.8,104.9,1.0,1.0,1.0,1.0,106.9,65.9,127.0,49.0,6.7,76.2,9.41,93.6,180.2,28.8,1
77.0,0,1,0,1,0,31.8,111.7,1.0,1.0,1.0,1.0,140.8,69.8,143.0,42.0,7.6,43.8,26.1,91.2,173.4,30.3,1
77.0,0,1,0,1,0,36.9,126.5,1.0,1.0,1.0,1.0,118.3,72.9,190.0,36.0,7.2,66.2,13.26,105.2,169.5,36.6,1
75.0,0,1,0,1,0,32.5,114.6,1.0,1.0,1.0,1.0,129.2,73.5,182.0,46.0,7.5,71.2,41.21,71.8,158.3,28.6,1
49.0,0,1,0,1,0,40.4,142.9,1.0,1.0,1.0,1.0,115.6,76.3,172.0,30.0,8.9,73.2,997.58,137.3,186.8,39.4,1
51.0,0,1,0,1,0,39.7,142.2,1.0,1.0,1.0,1.0,136.1,83.9,161.0,32.0,7.0,79.4,68.6,90.0,155.0,37.4,1
69.0,0,1,0,1,0,37.3,129.7,1.0,1.0,1.0,1.0,117.4,73.5,92.0,35.0,8.5,94.3,38.6,112.8,176.5,36.2,1
72.0,0,1,0,1,0,22.6,86.7,1.0,1.0,1.0,1.0,125.3,62.1,197.0,39.0,8.4,70.0,178.04,51.0,151.7,22.1,1
72.0,0,1,0,1,0,38.8,126.8,1.0,1.0,1.0,1.0,136.4,77.7,163.0,31.0,8.2,71.7,450.24,109.2,170.1,37.7,1
70.0,0,1,0,1,0,39.6,134.1,1.0,1.0,1.0,1.0,131.1,66.6,114.0,34.0,8.8,103.5,10.78,124.2,177.4,39.5,1
73.0,0,1,0,1,0,23.7,96.2,1.0,1.0,1.0,1.0,111.4,66.1,178.0,47.0,7.5,71.0,47.58,69.0,170.7,23.7,1
78.0,0,1,0,1,0,41.9,139.2,1.0,1.0,1.0,1.0,105.8,71.7,148.0,38.0,8.5,102.7,61.43,96.0,156.6,39.1,1
63.0,1,0,0,0,1,49.2,122.5,1.0,1.0,1.0,0.0,108.8,59.2,140.0,35.0,8.2,72.8,43.92,115.1,157.6,46.4,1
45.0,1,0,0,0,1,28.3,98.2,1.0,1.0,1.0,0.0,148.0,77.2,248.0,74.0,8.5,78.6,6.47,59.2,152.1,25.6,1
73.0,1,0,0,0,1,22.6,84.8,1.0,1.0,1.0,0.0,107.4,34.0,204.0,81.0,5.3,61.1,7.16,43.9,142.4,21.6,1
68.0,1,0,0,0,1,26.0,91.6,1.0,1.0,1.0,0.0,122.2,62.8,196.0,31.0,5.9,54.7,40.67,74.1,168.9,26.0,1
59.0,1,0,0,0,1,27.5,96.0,1.0,1.0,1.0,0.0,124.1,75.4,189.0,52.0,5.7,70.8,367.39,68.4,154.1,28.8,1
47.0,1,0,0,0,1,24.0,91.8,1.0,1.0,1.0,0.0,183.8,66.6,166.0,42.0,8.6,57.1,1128.59,67.4,169.0,23.6,1
70.0,1,0,0,0,1,39.5,119.2,1.0,1.0,1.0,0.0,143.0,88.6,129.0,42.0,7.5,34.0,204.32,97.3,157.4,39.3,1
74.0,1,0,0,0,1,39.9,127.9,1.0,1.0,1.0,0.0,107.9,69.3,173.0,42.0,7.5,69.6,11.49,114.1,169.7,39.6,1
49.0,1,0,0,0,1,39.9,128.3,1.0,1.0,1.0,0.0,109.7,76.8,74.0,36.0,7.2,38.3,3.21,111.8,173.4,37.2,1
46.0,1,0,0,0,1,32.1,110.6,1.0,1.0,1.0,0.0,130.3,83.4,203.0,39.0,6.3,65.8,69.54,68.4,143.4,33.3,1
68.0,1,0,0,0,1,40.5,121.8,1.0,1.0,1.0,0.0,142.4,84.4,227.0,47.0,9.4,36.5,42.93,92.1,151.6,40.1,1
45.0,1,0,0,0,1,54.6,151.5,1.0,1.0,1.0,0.0,101.6,68.5,126.0,32.0,9.9,97.2,52.19,106.8,158.3,42.6,1
74.0,1,0,0,0,1,34.8,111.7,1.0,1.0,1.0,0.0,164.7,91.5,161.0,45.0,6.0,85.3,4.82,87.8,159.1,34.7,1
70.0,1,0,0,0,1,32.4,107.7,1.0,1.0,1.0,0.0,130.9,34.3,179.0,39.0,5.3,76.1,34.32,75.3,153.8,31.8,1
62.0,1,0,0,0,1,36.9,115.6,1.0,1.0,1.0,0.0,130.2,81.4,140.0,77.0,9.8,61.2,4.76,82.0,153.1,35.0,1
60.0,1,0,0,0,1,37.0,104.5,1.0,1.0,1.0,0.0,107.7,70.5,183.0,41.0,7.3,99.2,7.28,77.2,151.5,33.6,1
69.0,1,0,0,0,1,40.4,123.1,1.0,1.0,1.0,0.0,97.4,66.8,160.0,72.0,8.0,100.0,12.85,92.5,151.4,40.3,1
50.0,1,0,0,0,1,42.5,136.3,1.0,1.0,1.0,0.0,102.4,70.9,144.0,30.0,11.8,32.8,57.32,101.7,156.4,41.6,1
45.0,1,0,0,0,1,34.0,109.8,1.0,1.0,1.0,0.0,126.4,78.6,163.0,44.0,11.9,89.7,13.13,93.7,162.7,35.4,1
55.0,1,0,0,0,1,38.0,118.5,1.0,1.0,1.0,0.0,127.9,78.6,177.0,44.0,6.3,52.8,23.27,86.6,153.7,36.7,1
75.0,1,0,0,0,1,41.9,126.8,1.0,1.0,1.0,0.0,100.7,57.1,172.0,40.0,11.6,52.0,480.01,98.4,157.9,39.5,1
73.0,1,0,0,0,1,40.7,127.3,1.0,1.0,1.0,0.0,134.0,83.9,164.0,44.0,12.3,82.4,133.4,69.3,141.3,34.7,1
74.0,1,0,0,0,1,41.6,119.4,1.0,1.0,1.0,0.0,129.0,84.4,169.0,42.0,6.7,55.4,480.69,108.1,166.9,38.8,1
65.0,1,0,0,0,1,54.4,155.8,1.0,1.0,1.0,0.0,131.4,67.8,131.0,29.0,7.6,95.0,432.73,176.0,185.8,51.0,1
42.0,1,0,0,0,1,35.0,104.0,1.0,1.0,1.0,0.0,112.7,76.6,180.0,43.0,6.0,100.6,6.83,90.7,172.4,30.5,1
61.0,1,0,0,0,1,40.8,128.2,1.0,1.0,1.0,0.0,98.1,66.6,181.0,36.0,6.7,112.6,3.92,101.5,157.8,40.7,1
49.0,1,0,0,0,1,42.2,125.5,1.0,1.0,1.0,0.0,108.3,69.9,160.0,38.0,6.2,82.9,5.76,94.8,159.3,37.4,1
53.0,1,0,0,0,1,37.6,108.6,1.0,1.0,1.0,0.0,140.8,84.4,221.0,40.0,9.7,99.8,12.89,91.7,154.0,38.7,1
65.0,1,0,0,0,1,37.3,117.0,1.0,1.0,1.0,0.0,116.3,83.2,181.0,44.0,5.6,71.1,25.14,102.6,164.8,37.8,1
69.0,1,0,0,0,1,36.6,102.9,1.0,1.0,1.0,0.0,104.7,69.4,132.0,47.0,12.1,69.5,37.55,86.8,152.0,37.6,1
68.0,1,0,0,0,1,42.4,130.6,1.0,1.0,1.0,0.0,128.2,76.4,165.0,56.0,5.7,82.4,5.74,92.0,153.2,39.2,1
46.0,1,0,0,0,1,32.1,92.7,1.0,1.0,1.0,0.0,115.3,69.5,164.0,36.0,6.3,111.0,22.3,79.6,157.3,32.2,1
46.0,1,0,0,0,1,41.6,126.0,1.0,1.0,1.0,0.0,104.9,56.7,177.0,42.0,10.9,65.0,342.56,103.0,158.9,40.8,1
73.0,1,0,0,0,1,39.0,115.5,1.0,1.0,1.0,0.0,105.6,68.6,134.0,37.0,10.9,66.0,22.71,89.1,150.8,39.2,1
51.0,1,0,0,0,1,31.3,107.5,1.0,1.0,1.0,0.0,105.5,61.7,125.0,42.0,5.5,71.1,4.9,96.8,178.3,30.4,1
75.0,1,0,0,0,1,36.0,119.5,1.0,1.0,1.0,0.0,122.6,88.4,202.0,34.0,7.1,65.9,18.46,72.1,142.1,35.7,1
44.0,1,0,0,0,1,34.7,128.7,1.0,1.0,1.0,0.0,118.5,74.8,108.0,32.0,8.1,92.5,8.53,78.9,152.8,33.8,1
43.0,1,0,0,0,1,37.9,122.8,1.0,1.0,1.0,0.0,99.6,68.6,187.0,36.0,8.0,69.4,38.69,91.2,159.3,35.9,1
63.0,1,0,0,0,1,39.9,129.2,1.0,1.0,1.0,0.0,126.5,67.6,202.0,62.0,6.2,59.1,3.72,93.8,153.8,39.6,1
71.0,1,0,0,0,1,34.5,125.7,1.0,1.0,1.0,0.0,127.1,56.0,148.0,50.0,6.5,33.6,3.99,90.5,160.4,35.2,1
49.0,1,0,0,0,1,33.3,110.4,1.0,1.0,1.0,0.0,110.9,73.3,148.0,35.0,8.9,73.3,16.39,74.1,153.2,31.6,1
51.0,1,0,0,0,1,32.6,112.0,1.0,1.0,1.0,0.0,133.5,64.7,160.0,51.0,5.8,71.8,479.39,78.9,158.9,31.2,1
47.0,1,0,0,0,1,38.9,116.5,1.0,1.0,1.0,0.0,105.9,80.2,170.0,38.0,5.8,109.0,34.39,105.7,162.4,40.1,1
65.0,1,0,0,0,1,27.0,96.3,1.0,1.0,1.0,0.0,127.5,69.9,196.0,68.0,8.3,70.3,374.41,57.6,151.2,25.2,1
54.0,1,0,0,0,1,42.0,138.6,1.0,1.0,1.0,0.0,107.0,71.0,166.0,44.0,11.9,97.1,10.62,113.4,164.9,41.7,1
68.0,1,0,0,0,1,25.6,87.2,1.0,1.0,1.0,0.0,126.6,84.7,170.0,52.0,5.6,69.7,45.3,62.6,158.7,24.8,1
57.0,1,0,0,0,1,36.7,126.8,1.0,1.0,1.0,0.0,108.4,65.4,178.0,41.0,9.9,109.2,48.19,75.0,151.3,32.8,1
48.0,0,1,0,1,0,36.7,123.6,1.0,1.0,1.0,0.0,104.0,71.0,149.0,44.0,10.9,98.9,32.61,116.9,177.7,37.0,0
48.0,0,1,0,1,0,45.3,148.4,1.0,1.0,1.0,0.0,95.6,64.4,196.0,43.0,6.0,106.3,9.78,152.3,188.1,43.0,0
61.0,0,1,0,1,0,28.4,110.1,1.0,1.0,1.0,0.0,122.9,78.0,207.0,37.0,8.6,67.5,5.54,107.2,186.5,30.8,0
56.0,0,1,0,1,0,34.5,119.1,1.0,1.0,1.0,0.0,113.2,70.9,112.0,42.0,8.3,87.1,3.77,120.2,186.4,34.6,0
71.0,0,1,0,1,0,37.3,123.2,1.0,1.0,1.0,0.0,119.0,72.8,125.0,36.0,10.4,99.4,3.45,111.1,189.7,30.9,0
74.0,0,1,0,1,0,42.0,145.3,1.0,1.0,1.0,0.0,129.1,82.3,220.0,37.0,10.4,98.9,8.87,121.0,169.7,42.0,0
68.0,0,1,0,1,0,35.2,114.6,1.0,1.0,1.0,0.0,136.4,82.4,259.0,32.0,6.5,72.3,53.53,74.7,171.0,25.6,0
71.0,0,1,0,1,0,23.7,93.5,1.0,1.0,1.0,0.0,121.1,70.8,223.0,49.0,5.1,45.5,24.71,76.2,179.0,23.8,0
47.0,0,1,0,1,0,42.7,140.1,1.0,1.0,1.0,0.0,115.5,83.9,175.0,33.0,5.7,103.2,43.16,126.3,175.9,40.8,0
45.0,0,1,0,1,0,24.8,98.9,1.0,1.0,1.0,0.0,112.7,71.4,183.0,38.0,7.9,108.7,0.3,84.1,186.1,24.3,0
76.0,0,1,0,1,0,38.5,131.9,1.0,1.0,1.0,0.0,128.3,68.4,174.0,40.0,6.3,61.3,341.25,114.9,177.5,36.5,0
50.0,0,1,0,1,0,32.7,99.7,1.0,1.0,1.0,0.0,110.9,75.9,181.0,29.0,5.9,99.0,12.05,70.4,159.7,27.6,0
51.0,0,1,0,1,0,42.1,142.8,1.0,1.0,1.0,0.0,138.3,84.7,133.0,28.0,7.0,90.3,4.81,92.6,187.0,26.5,0
69.0,0,1,0,1,0,33.8,126.9,1.0,1.0,1.0,0.0,99.1,67.5,119.0,45.0,5.7,78.7,14.02,101.8,175.8,32.9,0
66.0,0,1,0,1,0,25.4,100.5,1.0,1.0,1.0,0.0,101.0,59.5,143.0,40.0,6.5,66.6,12.74,54.7,150.3,24.2,0
62.0,0,1,0,1,0,43.2,137.7,1.0,1.0,1.0,0.0,103.4,65.2,145.0,40.0,10.0,67.9,206.06,137.8,180.0,42.5,0
72.0,0,1,0,1,0,39.7,124.3,1.0,1.0,1.0,0.0,126.3,66.8,174.0,48.0,5.6,96.2,29.4,121.5,179.6,37.7,0
71.0,0,1,0,1,0,36.2,123.8,1.0,1.0,1.0,0.0,143.5,81.7,164.0,35.0,5.7,81.5,39.62,129.6,190.6,35.7,0
73.0,0,1,0,1,0,48.8,150.8,1.0,1.0,1.0,0.0,166.7,91.3,157.0,39.0,8.9,84.1,39.25,166.8,185.8,48.3,0
78.0,0,1,0,1,0,27.7,107.8,1.0,1.0,1.0,0.0,137.4,77.2,183.0,46.0,6.2,71.1,10.4,92.1,181.9,27.8,0
41.0,0,1,0,1,0,37.6,133.0,1.0,1.0,1.0,0.0,137.0,80.0,92.0,37.0,11.3,101.5,2.01,123.7,182.3,37.2,0
64.0,0,1,0,1,0,19.7,84.5,1.0,1.0,1.0,0.0,99.7,64.0,161.0,30.0,5.0,60.2,197.3,49.4,159.4,19.4,0
64.0,0,1,0,1,0,36.4,119.5,1.0,1.0,1.0,0.0,109.8,71.8,165.0,43.0,6.2,120.1,234.9,105.2,173.8,34.8,0
68.0,0,1,0,1,0,35.9,121.1,1.0,1.0,1.0,0.0,123.6,81.9,132.0,40.0,6.7,97.5,879.4,122.5,186.8,35.1,0
71.0,0,1,0,1,0,37.9,124.0,1.0,1.0,1.0,0.0,130.5,80.3,163.0,42.0,15.1,70.9,872.58,91.4,159.3,36.0,0
49.0,0,1,0,1,0,39.5,124.1,1.0,1.0,1.0,0.0,130.8,81.7,205.0,37.0,7.9,75.6,12.73,100.1,160.7,38.8,0
63.0,0,1,0,1,0,56.6,160.8,1.0,1.0,1.0,0.0,145.6,85.2,171.0,49.0,5.8,90.2,8.07,188.0,186.7,53.9,0
48.0,0,1,0,1,0,40.4,131.0,1.0,1.0,1.0,0.0,123.2,68.1,132.0,34.0,11.6,99.9,6.67,147.4,191.1,40.4,0
54.0,0,1,0,1,0,39.1,125.7,1.0,1.0,1.0,0.0,117.7,75.7,210.0,38.0,9.7,94.9,11.81,116.9,174.5,38.4,0
75.0,0,1,0,1,0,33.3,118.7,1.0,1.0,1.0,0.0,139.4,74.8,224.0,37.0,5.7,78.2,39.1,117.6,186.7,33.7,0
72.0,0,1,0,1,0,33.6,118.4,1.0,1.0,1.0,0.0,124.6,93.6,171.0,43.0,6.2,98.9,8.41,108.9,183.9,32.2,0
70.0,0,1,0,1,0,35.2,119.6,1.0,1.0,1.0,0.0,124.9,68.1,214.0,42.0,5.5,70.7,7.44,77.4,154.7,32.3,0
70.0,0,1,0,1,0,26.2,105.5,1.0,1.0,1.0,0.0,96.4,63.8,208.0,30.0,7.4,103.6,6.96,76.4,171.3,26.0,0
77.0,0,1,0,1,0,39.5,123.3,1.0,1.0,1.0,0.0,115.9,70.1,133.0,42.0,8.4,29.4,30.53,133.1,188.5,37.5,0
68.0,0,1,0,1,0,39.0,126.4,1.0,1.0,1.0,0.0,146.9,89.3,172.0,43.0,10.9,53.1,9.98,108.2,167.7,38.5,0
67.0,0,1,0,1,0,42.1,143.3,1.0,1.0,1.0,0.0,97.7,69.5,179.0,39.0,5.8,78.4,48.74,121.2,175.4,39.4,0
49.0,0,1,0,1,0,42.6,142.6,1.0,1.0,1.0,0.0,139.2,80.8,105.0,35.0,6.6,75.8,11.42,144.7,186.3,41.7,0
65.0,0,1,0,1,0,36.6,118.4,1.0,1.0,1.0,0.0,125.6,79.8,168.0,39.0,5.8,68.2,12.07,123.0,185.5,35.7,0
73.0,0,1,0,1,0,41.5,111.8,1.0,1.0,1.0,0.0,113.2,69.5,170.0,36.0,6.2,105.5,6.59,97.9,157.2,39.6,0
52.0,0,1,0,1,0,50.1,132.9,1.0,1.0,1.0,0.0,132.4,79.8,220.0,40.0,6.1,94.2,17.96,123.5,159.0,48.8,0
72.0,0,1,0,1,0,33.8,109.2,1.0,1.0,1.0,0.0,95.1,62.8,164.0,55.0,5.6,108.5,8.27,85.2,162.7,32.2,0
71.0,0,1,0,1,0,37.3,130.7,1.0,1.0,1.0,0.0,125.4,80.5,111.0,57.0,9.4,98.9,43.24,115.3,175.5,37.4,0
74.0,0,1,0,1,0,39.8,132.5,1.0,1.0,1.0,0.0,107.2,69.9,152.0,40.0,6.8,104.5,3.36,122.7,184.4,36.1,0
40.0,0,1,0,1,0,46.8,142.8,1.0,1.0,1.0,0.0,134.1,84.2,213.0,45.0,5.7,101.0,411.47,122.1,166.6,44.0,0
78.0,0,1,0,1,0,42.2,128.8,1.0,1.0,1.0,0.0,131.2,81.5,116.0,31.0,5.0,89.0,7.62,120.3,169.2,42.0,0
61.0,1,0,0,0,1,32.9,100.2,1.0,1.0,0.0,0.0,131.8,76.8,253.0,43.0,5.9,95.7,6.91,77.9,157.8,31.3,0
61.0,1,0,0,0,1,36.3,114.7,1.0,1.0,0.0,0.0,129.2,87.6,208.0,42.0,6.6,67.4,6.36,85.8,158.4,34.2,0
40.0,1,0,0,0,1,39.7,115.0,1.0,1.0,0.0,0.0,105.3,69.2,170.0,37.0,5.4,109.5,20.81,112.4,168.5,39.6,0
41.0,1,0,0,0,1,38.2,112.1,1.0,1.0,0.0,0.0,117.4,81.6,154.0,47.0,4.8,83.6,5.62,124.0,182.0,37.4,0
34.0,1,0,0,0,1,37.0,105.8,1.0,1.0,0.0,0.0,155.4,88.4,188.0,45.0,5.6,102.1,127.94,88.2,158.6,35.1,0
35.0,1,0,0,0,1,37.6,109.7,1.0,1.0,0.0,0.0,147.7,85.2,226.0,41.0,6.0,69.8,25.35,81.2,154.8,33.9,0
61.0,1,0,0,0,1,27.0,96.4,1.0,1.0,0.0,0.0,101.5,64.5,186.0,101.0,8.3,65.4,6.01,47.8,152.3,20.6,0
43.0,1,0,0,0,1,38.7,109.6,1.0,1.0,0.0,0.0,140.0,86.8,242.0,49.0,6.3,124.6,7.74,96.0,157.6,38.7,0
42.0,1,0,0,0,1,31.2,105.0,1.0,1.0,0.0,0.0,133.0,64.2,186.0,64.0,5.7,90.5,10.15,100.2,182.2,30.2,0
74.0,1,0,0,0,1,46.5,140.9,1.0,1.0,0.0,0.0,132.3,80.6,216.0,40.0,7.4,56.2,38.49,114.7,159.3,45.2,0
70.0,1,0,0,0,1,24.9,92.5,1.0,1.0,0.0,0.0,129.9,83.5,143.0,51.0,6.4,71.3,11.43,71.7,173.2,23.9,0
46.0,1,0,0,0,1,40.9,125.5,1.0,1.0,0.0,0.0,99.9,77.4,184.0,31.0,6.4,92.1,13.95,99.7,158.8,39.5,0
47.0,1,0,0,0,1,37.0,107.0,1.0,1.0,0.0,0.0,123.5,76.2,166.0,36.0,7.1,92.4,5.32,88.4,155.9,36.4,0
51.0,1,0,0,0,1,45.4,132.9,1.0,1.0,0.0,0.0,106.9,40.4,171.0,35.0,6.3,101.8,9.25,94.7,145.6,44.6,0
54.0,1,0,0,0,1,25.7,87.4,1.0,1.0,0.0,0.0,124.6,84.9,198.0,63.0,7.5,101.0,79.36,71.2,165.2,26.1,0
43.0,1,0,0,0,1,44.5,125.6,1.0,1.0,0.0,0.0,119.0,78.6,244.0,51.0,6.9,103.0,8.34,138.2,181.5,42.0,0
75.0,1,0,0,0,1,40.8,122.9,1.0,1.0,0.0,0.0,119.2,70.1,166.0,47.0,10.3,95.2,5.39,129.9,181.5,39.4,0
58.0,1,0,0,0,1,42.8,127.4,1.0,1.0,0.0,0.0,144.9,80.8,186.0,48.0,9.0,91.8,8.96,92.9,155.1,38.6,0
50.0,1,0,0,0,1,32.8,102.3,1.0,1.0,0.0,0.0,130.8,79.3,230.0,41.0,5.8,108.4,31.19,76.5,157.8,30.7,0
35.0,1,0,0,0,1,52.4,144.6,1.0,1.0,0.0,0.0,111.9,68.0,200.0,31.0,6.1,75.1,6.57,136.4,167.9,48.4,0
71.0,0,1,0,0,1,36.6,124.8,1.0,1.0,1.0,0.0,112.8,73.9,145.0,29.0,7.3,79.0,28.63,109.4,177.3,34.8,1
48.0,0,1,0,0,1,25.5,104.4,1.0,1.0,1.0,0.0,126.6,83.1,203.0,35.0,7.6,90.8,13.09,86.9,179.2,27.0,1
44.0,0,1,0,0,1,41.2,119.4,1.0,1.0,1.0,0.0,103.3,72.0,125.0,34.0,10.5,108.4,3.31,106.7,169.5,37.2,1
56.0,0,1,0,0,1,38.1,120.6,1.0,1.0,1.0,0.0,121.0,77.3,185.0,38.0,8.1,73.8,4.52,138.9,192.4,37.5,1
51.0,0,1,0,0,1,23.4,92.0,1.0,1.0,1.0,0.0,126.6,77.4,194.0,34.0,6.2,64.5,0.3,70.5,169.8,24.5,1
52.0,0,1,0,0,1,38.6,121.2,1.0,1.0,1.0,0.0,102.5,66.4,150.0,40.0,6.2,93.3,6.98,117.8,178.7,36.9,1
72.0,0,1,0,0,1,41.9,136.7,1.0,1.0,1.0,0.0,133.5,71.5,120.0,48.0,7.6,63.2,34.35,150.6,187.2,43.0,1
72.0,0,1,0,0,1,36.8,128.3,1.0,1.0,1.0,0.0,98.7,56.8,68.0,38.0,10.4,87.3,8.01,90.2,158.7,35.8,1
63.0,0,1,0,0,1,26.6,97.9,1.0,1.0,1.0,0.0,107.6,65.7,211.0,46.0,10.5,61.4,939.73,71.9,168.4,25.4,1
48.0,0,1,0,0,1,40.2,126.6,1.0,1.0,1.0,0.0,106.4,64.7,125.0,33.0,9.0,61.0,489.89,140.2,185.8,40.6,1
73.0,0,1,0,0,1,40.9,134.4,1.0,1.0,1.0,0.0,112.9,88.0,134.0,41.0,7.0,56.2,54.04,135.3,180.7,41.4,1
73.0,0,1,0,0,1,38.3,123.1,1.0,1.0,1.0,0.0,132.3,77.8,154.0,34.0,13.6,57.3,45.3,134.4,189.6,37.4,1
50.0,0,1,0,0,1,38.3,112.8,1.0,1.0,1.0,0.0,122.2,80.2,248.0,40.0,8.0,75.7,37.66,83.0,146.6,38.6,1
51.0,0,1,0,0,1,24.4,87.7,1.0,1.0,1.0,0.0,152.1,72.8,148.0,52.0,4.7,94.2,3.61,72.8,168.1,25.8,1
58.0,0,1,0,0,1,41.6,141.8,1.0,1.0,1.0,0.0,132.1,78.3,208.0,39.0,5.5,70.2,12.94,142.2,189.6,39.6,1
76.0,0,1,0,0,1,40.2,134.3,1.0,1.0,1.0,0.0,146.3,83.4,209.0,39.0,7.5,67.7,9.56,112.1,168.4,39.5,1
34.0,0,1,0,0,1,35.9,125.1,1.0,1.0,1.0,0.0,131.3,91.3,148.0,40.0,5.8,98.3,9.81,118.1,182.8,35.3,1
78.0,0,1,0,0,1,40.1,127.4,1.0,1.0,1.0,0.0,110.5,69.2,106.0,54.0,6.2,67.6,43.37,113.4,171.6,38.5,1
70.0,0,1,0,0,1,38.6,127.7,1.0,1.0,1.0,0.0,103.3,61.6,133.0,33.0,9.0,43.6,447.16,85.3,148.7,38.6,1
52.0,0,1,0,0,1,39.0,121.7,1.0,1.0,1.0,0.0,110.3,71.9,183.0,35.0,7.3,28.4,306.65,136.2,187.9,38.6,1
62.0,0,1,0,0,1,28.1,104.5,1.0,1.0,1.0,0.0,109.4,63.1,103.0,42.0,9.3,63.1,63.19,77.4,171.1,26.4,1
62.0,0,1,0,0,1,38.2,133.9,1.0,1.0,1.0,0.0,137.8,84.8,171.0,40.0,8.8,73.7,31.62,107.7,175.0,35.2,1
72.0,0,1,0,0,1,25.7,98.5,1.0,1.0,1.0,0.0,148.8,89.4,207.0,35.0,5.8,67.0,22.38,87.2,180.0,26.9,1
47.0,0,1,0,0,1,51.7,153.5,1.0,1.0,1.0,0.0,129.0,78.0,166.0,35.0,8.3,54.4,43.71,121.8,156.1,50.0,1
69.0,0,1,0,0,1,38.9,128.4,1.0,1.0,1.0,0.0,120.4,65.0,207.0,32.0,6.3,97.7,29.6,118.1,176.8,37.8,1
46.0,0,1,0,0,1,38.8,116.5,1.0,1.0,1.0,0.0,119.2,79.5,169.0,38.0,9.5,88.8,108.0,135.0,173.5,44.8,1
65.0,0,1,0,0,1,32.8,117.5,1.0,1.0,1.0,0.0,124.9,76.2,137.0,38.0,8.3,89.0,32.86,115.8,189.5,32.3,1
78.0,0,1,0,0,1,31.4,107.4,1.0,1.0,1.0,0.0,124.8,40.7,184.0,40.0,6.8,65.7,60.73,69.9,152.9,29.9,1
70.0,0,1,0,0,1,25.3,97.8,1.0,1.0,1.0,0.0,129.9,84.5,131.0,37.0,15.9,85.4,1347.73,80.9,179.0,25.3,1
47.0,0,1,0,0,1,34.3,121.1,1.0,1.0,1.0,0.0,99.1,67.1,170.0,36.0,5.8,71.1,8.3,96.2,168.4,33.9,1
65.0,0,1,0,0,1,36.3,116.6,1.0,1.0,1.0,0.0,109.4,80.8,143.0,42.0,10.3,50.3,6.28,97.7,175.8,31.6,1
39.0,0,1,0,0,1,38.5,126.5,1.0,1.0,1.0,0.0,124.8,96.9,174.0,45.0,5.8,78.4,27.12,99.6,160.1,38.9,1
34.0,0,1,0,0,1,34.2,112.7,1.0,1.0,1.0,0.0,145.8,79.1,203.0,42.0,6.1,96.9,1.78,121.0,180.6,37.1,1
48.0,0,1,0,0,1,35.4,121.2,1.0,1.0,1.0,0.0,107.1,68.5,215.0,39.0,13.2,73.6,7.75,78.9,173.4,26.2,1
72.0,0,1,0,0,1,36.7,121.0,1.0,1.0,1.0,0.0,137.1,77.9,203.0,37.0,6.1,73.0,8.73,86.9,153.8,36.7,1
70.0,0,1,0,0,1,30.2,107.3,1.0,1.0,1.0,0.0,100.0,68.9,111.0,38.0,7.6,62.7,12.74,69.3,151.4,30.2,1
71.0,0,1,0,0,1,25.9,93.8,1.0,1.0,1.0,0.0,163.8,61.8,187.0,39.0,5.5,84.4,159.17,47.3,138.1,24.8,1
70.0,0,1,0,0,1,32.8,115.4,1.0,1.0,1.0,0.0,133.1,37.2,152.0,36.0,10.5,63.4,57.12,72.6,149.4,32.5,1
73.0,0,1,0,0,1,39.6,130.1,1.0,1.0,1.0,0.0,144.8,82.1,125.0,37.0,6.5,79.9,31.52,123.2,181.6,37.3,1
77.0,0,1,0,0,1,30.4,107.6,1.0,1.0,1.0,0.0,143.8,78.7,136.0,41.0,5.4,73.3,8.36,94.4,174.4,31.0,1
60.0,0,1,0,0,1,37.1,118.9,1.0,1.0,1.0,0.0,117.3,70.3,167.0,43.0,8.7,66.0,45.95,104.9,172.1,35.4,0
72.0,0,1,0,0,1,37.9,121.5,1.0,1.0,1.0,0.0,102.0,73.2,177.0,30.0,6.5,90.0,7.69,113.5,173.3,37.8,0
46.0,0,1,0,0,1,37.6,134.1,1.0,1.0,1.0,0.0,130.9,75.8,166.0,30.0,7.6,94.3,2.43,135.9,189.9,37.7,0
47.0,0,1,0,0,1,39.5,125.1,1.0,1.0,1.0,0.0,121.0,80.6,157.0,36.0,8.0,100.2,11.96,114.0,172.2,38.4,0
73.0,0,1,0,0,1,35.7,122.0,1.0,1.0,1.0,0.0,148.7,88.7,195.0,40.0,11.6,96.5,45.95,115.0,180.5,35.3,0
70.0,0,1,0,0,1,31.8,117.5,1.0,1.0,1.0,0.0,112.9,72.3,153.0,37.0,7.1,89.0,1.91,107.8,184.7,31.6,0
51.0,0,1,0,0,1,40.6,136.4,1.0,1.0,1.0,0.0,137.8,70.4,170.0,46.0,11.2,9.3,529.25,136.0,185.1,39.7,0
70.0,0,1,0,0,1,37.1,124.1,1.0,1.0,1.0,0.0,133.0,86.3,209.0,38.0,14.2,101.6,36.79,94.4,160.0,36.9,0
73.0,0,1,0,0,1,37.0,110.1,1.0,1.0,1.0,0.0,110.1,72.3,217.0,57.0,6.1,101.3,9.21,66.5,146.6,30.9,0
76.0,0,1,0,0,1,26.2,99.6,1.0,1.0,1.0,0.0,130.2,46.2,105.0,80.0,6.2,81.5,30.37,74.6,173.2,24.9,0
48.0,0,1,0,0,1,38.3,119.2,1.0,1.0,1.0,0.0,121.3,88.8,224.0,42.0,6.2,69.3,3.45,74.6,143.2,36.4,0
69.0,0,1,0,0,1,36.7,129.6,1.0,1.0,1.0,0.0,112.9,60.2,176.0,34.0,6.0,61.7,54.52,109.1,176.9,34.8,0
24.0,0,1,0,0,1,41.5,134.3,1.0,1.0,1.0,0.0,110.8,77.4,191.0,38.0,8.4,95.7,6.17,141.0,183.6,41.8,0
50.0,0,1,0,0,1,32.3,105.5,1.0,1.0,1.0,0.0,121.1,73.1,221.0,50.0,6.5,112.8,9.33,111.2,186.0,32.1,0
67.0,0,1,0,0,1,39.0,134.5,1.0,1.0,1.0,0.0,134.4,79.3,195.0,37.0,10.0,99.6,7.01,114.6,171.5,39.0,0
56.0,0,1,0,0,1,39.5,126.3,1.0,1.0,1.0,0.0,104.5,66.6,176.0,35.0,6.1,85.7,299.49,102.5,168.0,36.3,0
61.0,0,1,0,0,1,29.4,101.2,1.0,1.0,1.0,0.0,106.7,76.8,105.0,37.0,7.3,97.5,2.76,74.1,157.9,29.7,0
55.0,0,1,0,0,1,41.1,124.4,1.0,1.0,1.0,0.0,122.8,76.9,181.0,36.0,14.6,89.4,9.67,121.9,174.6,40.0,0
69.0,0,1,0,0,1,28.6,103.4,1.0,1.0,1.0,0.0,134.3,82.4,191.0,68.0,6.1,96.7,6.78,79.8,170.9,27.3,0
51.0,0,1,0,0,1,41.0,139.1,1.0,1.0,1.0,0.0,131.6,83.6,98.0,39.0,14.3,99.5,12.49,152.3,192.0,41.3,0
51.0,0,1,0,0,1,32.6,110.5,1.0,1.0,1.0,0.0,110.3,71.1,117.0,39.0,7.7,119.7,7.29,96.0,173.3,32.0,0
69.0,0,1,0,0,1,35.2,117.9,1.0,1.0,1.0,0.0,132.0,84.2,178.0,44.0,6.0,90.7,35.97,118.6,185.7,34.4,0
63.0,0,1,0,0,1,39.9,126.6,1.0,1.0,1.0,0.0,170.3,92.3,144.0,45.0,7.6,59.0,6.82,108.6,169.1,38.0,0
46.0,0,1,0,0,1,32.6,118.2,1.0,1.0,1.0,0.0,127.1,78.3,118.0,42.0,14.6,99.9,8.77,95.9,175.2,31.2,0
70.0,0,1,0,0,1,32.9,119.4,1.0,1.0,1.0,0.0,141.4,87.5,160.0,46.0,6.0,59.5,6.83,105.3,182.1,31.8,0
48.0,0,1,0,0,1,45.5,138.1,1.0,1.0,1.0,0.0,100.6,89.5,207.0,49.0,7.1,72.6,11.08,135.2,172.6,45.4,0
67.0,0,1,0,0,1,39.2,117.0,1.0,1.0,1.0,0.0,115.7,73.6,102.0,32.0,6.3,136.4,11.01,107.9,170.5,37.1,0
55.0,0,1,0,0,1,34.5,119.7,1.0,1.0,1.0,0.0,108.0,70.1,183.0,39.0,8.7,99.1,8.63,84.8,175.6,27.5,0
57.0,0,1,0,0,1,40.2,137.9,1.0,1.0,1.0,0.0,109.8,74.4,187.0,36.0,5.9,110.6,16.19,132.3,188.8,37.1,0
73.0,0,1,0,0,1,29.9,101.4,1.0,1.0,1.0,0.0,158.9,91.8,138.0,42.0,5.6,64.1,7.63,98.1,184.4,28.9,0
71.0,0,1,0,0,1,43.0,133.9,1.0,1.0,1.0,0.0,112.3,77.4,148.0,36.0,11.1,117.4,39.48,143.6,183.5,42.6,0
72.0,0,1,0,0,1,37.0,119.9,1.0,1.0,1.0,0.0,130.8,81.0,141.0,55.0,5.4,104.4,12.08,111.0,173.8,36.7,0
45.0,0,1,0,0,1,40.2,128.5,1.0,1.0,1.0,0.0,114.7,74.4,176.0,33.0,4.9,60.8,9.28,111.2,168.7,39.1,0
70.0,0,1,0,0,1,42.4,130.5,1.0,1.0,1.0,0.0,106.4,72.6,144.0,39.0,6.2,80.8,5.24,122.0,175.6,39.6,0
55.0,0,1,0,0,1,39.5,127.0,1.0,1.0,1.0,0.0,134.0,86.8,180.0,39.0,5.9,53.1,26.88,77.0,141.5,38.5,0
47.0,0,1,0,0,1,37.1,126.5,1.0,1.0,1.0,0.0,121.2,75.8,218.0,45.0,5.5,107.5,7.78,106.0,179.5,32.9,0
71.0,0,1,0,0,1,34.8,122.9,1.0,1.0,1.0,0.0,126.5,96.8,167.0,36.0,6.0,92.7,3.71,121.7,189.7,33.8,0
59.0,0,1,0,0,1,31.5,110.1,1.0,1.0,1.0,0.0,111.6,36.6,173.0,40.0,11.1,92.5,325.06,110.8,190.8,30.4,0
33.0,0,1,0,0,1,39.0,124.2,1.0,1.0,1.0,0.0,103.5,73.7,172.0,43.0,5.6,120.4,8.51,126.5,182.0,38.2,0
32.0,0,1,0,0,1,39.4,113.3,1.0,0.0,1.0,0.0,117.2,75.7,132.0,34.0,5.9,85.4,12.73,115.0,175.1,37.5,0
70.0,0,1,0,0,1,38.1,124.6,1.0,0.0,1.0,0.0,112.0,68.5,129.0,40.0,6.9,85.2,40.68,112.4,173.4,37.4,0
42.0,0,1,0,0,1,38.0,120.7,1.0,0.0,1.0,0.0,137.7,83.2,147.0,37.0,7.4,109.1,8.12,112.4,173.4,37.4,0
28.0,0,1,0,0,1,37.4,114.4,1.0,0.0,1.0,0.0,109.8,72.3,236.0,50.0,5.8,95.3,7.54,87.5,154.8,36.5,0
22.0,0,1,0,0,1,34.5,105.0,1.0,0.0,1.0,0.0,106.3,69.1,99.0,41.0,5.0,127.4,16.07,109.1,179.4,33.9,0
49.0,0,1,0,0,1,39.6,132.2,1.0,0.0,1.0,0.0,109.1,70.0,143.0,40.0,7.6,105.2,10.14,111.9,169.8,38.8,0
54.0,0,1,0,0,1,41.7,118.5,1.0,0.0,1.0,0.0,110.3,74.0,221.0,40.0,6.5,91.0,1.93,87.2,152.0,37.7,0
60.0,0,1,0,0,1,36.5,126.0,1.0,0.0,1.0,0.0,130.7,74.6,151.0,51.0,11.6,93.0,40.31,110.5,179.5,34.3,0
22.0,0,1,0,0,1,44.8,133.7,1.0,0.0,1.0,0.0,115.1,72.7,191.0,39.0,6.0,94.9,32.91,125.6,173.2,41.9,0
51.0,0,1,0,0,1,32.9,115.7,1.0,0.0,1.0,0.0,165.5,92.5,169.0,40.0,6.3,103.4,2.87,109.2,179.5,33.9,0
64.0,0,1,0,0,1,47.9,132.9,1.0,0.0,1.0,0.0,108.0,75.3,171.0,38.0,5.7,126.5,21.44,125.4,172.8,42.0,0
59.0,0,1,0,0,1,32.0,106.7,1.0,0.0,1.0,0.0,134.5,80.8,106.0,47.0,6.3,98.2,7.27,86.2,165.5,31.5,0
70.0,0,1,0,0,1,26.7,96.1,1.0,0.0,1.0,0.0,125.8,61.8,155.0,30.0,6.2,63.5,4.38,79.4,174.4,26.1,0
28.0,0,1,0,0,1,41.9,128.6,1.0,0.0,1.0,0.0,111.1,72.9,206.0,34.0,5.3,109.5,7.64,143.2,186.6,41.1,0
34.0,0,1,0,0,1,38.3,99.4,1.0,0.0,1.0,0.0,106.8,68.5,209.0,32.0,5.2,73.9,12.48,91.1,156.1,37.4,0
73.0,0,1,0,0,1,28.4,100.4,1.0,0.0,1.0,0.0,139.9,72.3,223.0,41.0,5.8,42.1,6.41,91.7,178.2,28.9,0
38.0,0,1,0,0,1,23.4,91.4,1.0,0.0,1.0,0.0,108.6,73.9,152.0,41.0,6.5,100.5,2.59,89.2,190.4,24.6,0
31.0,0,1,0,0,1,45.5,137.3,1.0,0.0,1.0,0.0,138.3,84.2,220.0,57.0,6.4,97.1,10.5,128.5,177.4,40.8,0
48.0,0,1,0,0,1,31.9,101.7,1.0,0.0,1.0,0.0,138.6,86.7,205.0,33.0,5.6,118.9,8.18,105.2,183.7,31.2,0
49.0,0,1,0,0,1,29.0,104.7,1.0,0.0,1.0,0.0,158.5,88.5,235.0,39.0,5.3,35.4,103.03,79.9,170.3,27.5,0
49.0,0,1,0,0,1,35.3,109.1,1.0,0.0,1.0,0.0,114.1,81.5,170.0,39.0,12.4,81.6,6.61,62.1,151.8,27.0,0
24.0,0,1,0,0,1,35.5,116.4,1.0,0.0,1.0,0.0,116.2,70.9,251.0,40.0,4.8,95.5,32.5,97.8,169.5,34.0,0
77.0,0,1,0,0,1,32.3,107.7,1.0,0.0,1.0,0.0,127.3,66.3,204.0,71.0,5.2,54.7,38.88,74.3,154.4,31.2,0
47.0,0,1,0,0,1,38.5,120.8,1.0,0.0,1.0,0.0,139.8,86.6,181.0,37.0,5.6,93.9,11.6,94.8,173.4,31.5,0
54.0,0,1,0,0,1,39.7,134.0,1.0,0.0,1.0,0.0,120.7,65.1,133.0,28.0,6.0,97.6,2.05,116.8,176.5,37.5,0
69.0,0,1,0,0,1,31.7,110.6,1.0,0.0,1.0,0.0,140.3,87.3,183.0,43.0,6.4,121.1,2.35,89.4,173.6,29.7,0
47.0,0,1,0,0,1,42.0,132.4,1.0,0.0,1.0,0.0,112.2,68.7,163.0,45.0,5.6,136.9,0.3,154.6,185.3,45.0,0
61.0,0,1,0,0,1,29.8,110.9,1.0,0.0,1.0,0.0,145.5,95.4,168.0,32.0,6.3,85.8,6.16,86.3,170.7,29.6,0
59.0,0,1,0,0,1,37.2,126.5,1.0,0.0,1.0,0.0,126.6,101.7,197.0,35.0,12.0,57.5,12.96,122.5,187.3,34.9,0
50.0,0,1,0,0,1,35.2,126.3,1.0,0.0,1.0,0.0,111.7,75.3,131.0,32.0,9.2,97.7,39.53,86.9,173.2,29.0,0
22.0,0,1,0,0,1,27.4,98.6,1.0,0.0,1.0,0.0,138.9,84.0,177.0,41.0,4.8,91.6,2.16,75.0,167.5,26.7,0
45.0,0,1,0,0,1,31.3,103.9,1.0,0.0,1.0,0.0,109.2,71.1,175.0,35.0,7.0,109.1,2.39,90.5,177.8,28.6,0
75.0,0,1,0,0,1,57.2,165.3,1.0,0.0,1.0,0.0,127.0,72.0,155.0,39.0,8.2,85.0,19.91,140.3,160.3,54.6,0
44.0,0,1,0,0,1,40.7,119.3,1.0,0.0,1.0,0.0,125.6,79.2,197.0,39.0,8.9,79.3,7.35,139.6,189.1,39.0,0
69.0,0,1,0,0,1,25.9,104.7,1.0,0.0,1.0,0.0,114.9,73.1,225.0,43.0,5.8,91.6,4.73,84.8,185.9,24.5,0
40.0,0,1,0,0,1,42.7,134.3,1.0,0.0,1.0,0.0,123.3,77.2,125.0,40.0,5.8,66.1,1251.85,130.1,172.5,43.7,0
74.0,0,1,0,0,1,24.6,101.3,1.0,0.0,1.0,0.0,115.9,62.5,146.0,41.0,5.2,107.5,34.77,68.7,172.1,23.2,0
54.0,0,1,0,0,1,36.9,130.9,1.0,0.0,1.0,0.0,121.2,70.5,196.0,32.0,6.7,91.6,25.87,119.9,184.2,35.3,0
44.0,1,0,0,0,1,37.2,117.7,0.0,1.0,1.0,1.0,110.5,61.2,140.0,33.0,5.2,85.7,53.34,84.6,154.0,35.7,0
49.0,1,0,0,0,1,37.0,117.4,0.0,1.0,1.0,1.0,132.3,86.9,222.0,39.0,6.0,82.1,3.8,102.7,168.8,36.0,0
72.0,1,0,0,0,1,30.7,98.5,0.0,1.0,1.0,1.0,120.4,65.7,110.0,40.0,5.6,73.1,12.27,78.7,159.3,31.0,0
73.0,1,0,0,0,1,21.8,75.1,0.0,1.0,1.0,1.0,111.4,67.1,185.0,49.0,5.5,60.8,41.09,50.7,152.0,21.9,0
68.0,1,0,0,0,1,20.8,82.5,0.0,1.0,1.0,1.0,133.6,78.0,177.0,68.0,5.8,68.8,11.72,50.6,157.9,20.3,0
34.0,1,0,0,0,1,27.5,106.2,0.0,1.0,1.0,1.0,147.0,69.2,211.0,36.0,5.5,88.2,4.97,77.3,171.6,26.3,0
58.0,1,0,0,0,1,34.5,115.4,0.0,1.0,1.0,1.0,106.2,69.4,129.0,40.0,6.1,62.9,256.74,73.5,151.0,32.2,0
61.0,1,0,0,0,1,33.6,105.3,0.0,1.0,1.0,1.0,91.0,66.6,175.0,51.0,5.9,60.4,7.82,87.7,171.4,29.9,0
61.0,1,0,0,0,1,42.2,124.1,0.0,1.0,1.0,1.0,114.1,65.6,144.0,49.0,5.5,75.0,12.94,113.5,168.9,39.8,0
64.0,1,0,0,0,1,25.9,91.3,0.0,1.0,1.0,1.0,127.9,78.0,214.0,56.0,5.3,63.5,6.42,72.4,166.7,26.1,0
63.0,1,0,0,0,1,27.7,90.9,0.0,1.0,1.0,1.0,132.5,74.7,209.0,68.0,5.5,67.7,8.95,72.2,165.2,26.5,0
66.0,1,0,0,0,1,28.5,104.1,0.0,1.0,1.0,1.0,121.0,64.2,293.0,55.0,5.5,78.2,158.67,68.2,156.5,27.9,0
62.0,1,0,0,0,1,20.8,81.0,0.0,1.0,1.0,1.0,130.9,69.1,223.0,60.0,6.3,33.6,24.35,52.6,162.0,20.0,0
71.0,1,0,0,0,1,29.1,99.2,0.0,1.0,1.0,1.0,131.6,68.4,240.0,84.0,5.9,53.8,0.83,68.1,158.4,27.2,0
34.0,1,0,0,0,1,26.2,96.2,0.0,1.0,1.0,1.0,143.6,90.3,250.0,56.0,8.5,92.0,4.35,77.0,162.4,29.2,0
70.0,1,0,0,0,1,27.5,94.4,0.0,1.0,1.0,1.0,110.5,39.2,195.0,54.0,5.7,62.0,28.88,77.0,169.9,26.7,0
78.0,1,0,0,0,1,24.5,89.5,0.0,1.0,1.0,1.0,126.0,56.3,163.0,68.0,5.6,95.8,38.09,63.5,162.3,24.1,0
59.0,1,0,0,0,1,34.0,111.2,0.0,1.0,1.0,1.0,123.9,62.8,144.0,96.0,6.1,61.1,39.54,83.6,158.8,33.1,0
72.0,1,0,0,0,1,42.9,129.4,0.0,1.0,1.0,1.0,126.6,80.1,97.0,59.0,5.7,75.6,16.13,130.8,180.5,40.2,0
54.0,1,0,0,0,1,30.4,109.2,0.0,1.0,1.0,1.0,139.3,67.4,150.0,77.0,7.9,61.0,34.37,75.0,153.4,31.9,0
66.0,1,0,0,0,1,28.1,102.4,0.0,1.0,1.0,1.0,130.4,81.3,205.0,68.0,6.2,59.6,9.48,72.4,164.7,26.7,0
66.0,1,0,0,0,1,36.2,114.7,0.0,1.0,1.0,1.0,132.3,55.8,170.0,36.0,5.8,67.4,27.77,77.9,159.0,30.8,0
71.0,1,0,0,0,1,40.9,133.9,0.0,1.0,1.0,1.0,107.9,80.3,128.0,39.0,6.1,74.8,12.01,103.6,162.7,39.1,0
78.0,1,0,0,0,1,21.5,83.8,0.0,1.0,1.0,1.0,108.5,69.2,169.0,85.0,5.5,79.7,12.74,44.8,149.9,19.9,0
59.0,1,0,0,0,1,35.1,116.0,0.0,1.0,1.0,1.0,132.1,89.4,190.0,51.0,5.7,111.3,5.44,94.3,166.8,33.9,0
68.0,1,0,0,0,1,38.5,107.7,0.0,1.0,1.0,1.0,131.2,85.3,169.0,34.0,6.4,88.1,28.53,92.0,158.5,36.6,0
50.0,1,0,0,0,1,34.9,108.2,0.0,1.0,1.0,1.0,141.8,93.4,244.0,46.0,6.1,84.1,5.21,67.1,143.7,32.5,0
66.0,1,0,0,0,1,47.4,142.5,0.0,1.0,1.0,1.0,98.5,67.9,246.0,43.0,5.9,83.1,33.94,107.5,155.4,44.5,0
77.0,1,0,0,0,1,26.4,93.1,0.0,1.0,1.0,1.0,120.7,52.4,191.0,63.0,6.0,42.1,9.52,58.3,151.0,25.5,0
48.0,1,0,0,0,1,26.3,91.0,0.0,1.0,1.0,1.0,136.3,81.2,208.0,107.0,6.4,65.1,7.63,64.0,159.4,25.2,0
57.0,1,0,0,0,1,38.2,125.7,0.0,1.0,1.0,1.0,114.1,69.8,171.0,50.0,6.9,98.1,7.03,92.9,157.8,37.3,0
74.0,1,0,0,0,1,24.5,87.8,0.0,1.0,1.0,1.0,135.9,87.2,194.0,102.0,5.0,56.5,7.49,54.0,148.0,24.7,0
66.0,1,0,0,0,1,29.8,106.2,0.0,1.0,1.0,1.0,108.3,68.8,203.0,82.0,5.0,75.1,5.79,74.1,162.8,28.0,0
69.0,1,0,0,0,1,25.9,92.4,0.0,1.0,1.0,1.0,121.7,74.9,214.0,58.0,5.8,72.6,5.12,58.8,154.9,24.5,0
71.0,1,0,0,0,1,41.6,127.7,0.0,1.0,1.0,1.0,105.6,65.8,103.0,48.0,8.7,70.9,35.96,96.6,154.7,40.4,0
71.0,1,0,0,0,1,26.6,109.1,0.0,1.0,1.0,1.0,110.7,73.4,132.0,38.0,6.1,69.0,14.03,82.4,175.9,26.6,0
70.0,0,1,0,0,1,26.1,76.5,0.0,1.0,0.0,0.0,126.8,77.3,185.0,75.0,6.0,65.3,13.22,82.3,179.7,25.5,1
52.0,0,1,0,0,1,54.2,156.2,0.0,1.0,0.0,0.0,133.9,78.8,133.0,36.0,5.8,114.6,5.34,182.9,188.0,51.8,1
69.0,0,1,0,0,1,22.7,86.9,0.0,1.0,0.0,0.0,108.6,69.3,202.0,54.0,5.4,85.5,3.55,63.2,174.6,20.7,1
66.0,0,1,0,0,1,22.7,86.1,0.0,1.0,0.0,0.0,156.0,70.1,211.0,57.0,7.8,81.1,28.66,80.6,185.5,23.4,1
74.0,0,1,0,0,1,35.6,110.0,0.0,1.0,0.0,0.0,132.8,59.8,204.0,35.0,4.9,76.7,7.0,85.7,158.9,33.9,1
72.0,0,1,0,0,1,23.2,92.0,0.0,1.0,0.0,0.0,144.8,67.8,202.0,42.0,6.3,71.7,25.29,68.3,172.4,23.0,1
72.0,0,1,0,0,1,24.5,88.0,0.0,1.0,0.0,0.0,104.7,58.2,279.0,40.0,12.0,73.9,14.11,56.4,154.4,23.7,1
32.0,0,1,0,0,1,42.2,100.8,0.0,1.0,0.0,0.0,114.1,59.8,141.0,54.0,5.8,128.6,39.49,89.1,154.0,37.6,1
29.0,0,1,0,0,1,28.6,94.0,0.0,1.0,0.0,0.0,112.0,60.0,167.0,51.0,5.7,78.9,137.62,73.4,163.2,27.6,1
22.0,0,1,0,0,1,26.3,92.2,0.0,1.0,0.0,0.0,108.8,62.6,179.0,55.0,5.9,93.6,6.34,81.6,177.7,25.8,1
68.0,0,1,0,0,1,39.8,122.2,0.0,1.0,0.0,0.0,129.2,61.2,208.0,37.0,9.3,79.1,1.7,89.6,152.8,38.4,1
65.0,0,1,0,0,1,22.1,86.9,0.0,1.0,0.0,0.0,118.7,68.5,123.0,33.0,5.2,86.5,15.71,70.2,182.7,21.0,1
69.0,0,1,0,0,1,44.2,141.0,0.0,1.0,0.0,0.0,129.5,82.0,164.0,45.0,6.1,66.0,25.97,129.8,175.7,42.0,1
39.0,0,1,0,0,1,28.5,88.8,0.0,1.0,0.0,0.0,92.4,70.8,141.0,36.0,4.9,103.6,39.68,64.9,153.5,27.5,1
72.0,0,1,0,0,1,26.5,88.2,0.0,1.0,0.0,0.0,125.1,61.7,119.0,60.0,5.5,84.2,65.53,81.5,178.8,25.5,1
59.0,0,1,0,0,1,33.0,112.6,0.0,1.0,0.0,0.0,124.6,73.8,164.0,38.0,5.8,104.9,11.71,96.7,172.8,32.4,1
79.0,0,1,0,0,1,32.4,112.5,0.0,1.0,0.0,0.0,141.3,89.3,194.0,42.0,5.7,102.4,30.59,109.4,189.4,30.5,1
75.0,0,1,0,0,1,22.2,89.7,0.0,1.0,0.0,0.0,108.8,48.6,165.0,41.0,5.3,51.9,23.16,56.5,168.2,20.0,1
61.0,0,1,0,0,1,22.2,84.4,0.0,1.0,0.0,0.0,110.5,62.8,118.0,71.0,5.6,74.8,28.71,72.9,181.6,22.1,1
71.0,0,1,0,0,1,19.4,80.6,0.0,1.0,0.0,0.0,120.9,67.9,146.0,91.0,5.0,82.0,6.63,69.0,185.0,20.2,1
65.0,0,1,0,0,1,22.7,86.6,0.0,1.0,0.0,0.0,118.2,80.3,231.0,76.0,4.9,88.5,21.47,68.5,177.8,21.7,1
46.0,0,1,0,0,1,34.3,114.5,0.0,1.0,0.0,0.0,127.3,88.9,236.0,31.0,6.0,109.0,4.79,107.6,176.9,34.4,1
35.0,0,1,0,0,1,27.2,108.5,0.0,1.0,0.0,0.0,114.6,69.7,178.0,44.0,5.1,73.0,39.17,84.7,179.7,26.2,1
72.0,0,1,0,0,1,26.0,92.7,0.0,1.0,0.0,0.0,140.8,74.5,199.0,55.0,5.5,71.8,5.57,83.8,183.2,25.0,1
44.0,0,1,0,0,1,37.5,123.5,0.0,1.0,0.0,0.0,151.1,104.6,173.0,44.0,5.8,68.8,990.34,98.3,165.3,36.0,1
24.0,0,1,0,0,1,37.9,115.0,0.0,1.0,0.0,0.0,102.3,67.5,176.0,37.0,5.2,88.1,4.67,137.2,190.8,37.7,1
67.0,0,1,0,0,1,25.6,98.0,0.0,1.0,0.0,0.0,119.8,82.4,172.0,43.0,5.6,80.0,41.28,81.8,176.3,26.3,1
74.0,0,1,0,0,1,38.8,122.1,0.0,1.0,0.0,0.0,131.6,84.5,171.0,56.0,11.6,50.5,18.6,124.3,185.2,36.2,1
70.0,0,1,0,0,1,37.7,91.9,0.0,1.0,0.0,0.0,154.7,73.4,140.0,35.0,7.1,68.0,26.74,134.9,190.3,37.3,1
55.0,0,1,0,0,1,41.9,128.1,0.0,1.0,0.0,0.0,93.5,69.1,271.0,36.0,6.5,82.8,63.36,112.6,165.6,41.0,1
31.0,0,1,0,0,1,40.6,115.8,0.0,1.0,0.0,0.0,107.9,64.6,177.0,47.0,5.8,95.0,119.49,92.6,152.6,39.8,1
74.0,0,1,0,0,1,32.7,111.1,0.0,1.0,0.0,0.0,146.1,66.7,161.0,56.0,5.3,59.7,9.85,114.0,189.7,31.7,1
44.0,0,1,0,0,1,40.2,120.8,0.0,1.0,0.0,0.0,136.7,92.2,185.0,51.0,5.5,115.8,12.59,105.9,165.0,38.9,1
70.0,0,1,0,0,1,26.4,89.5,0.0,1.0,0.0,0.0,138.8,61.3,200.0,82.0,4.8,75.7,4.3,72.5,168.6,25.5,1
34.0,0,1,0,0,1,27.2,87.8,0.0,1.0,0.0,0.0,140.5,77.4,185.0,39.0,4.9,86.3,2.79,90.5,184.7,26.5,1
45.0,0,1,0,0,1,26.8,89.8,0.0,1.0,0.0,0.0,105.0,71.0,143.0,45.0,11.3,75.5,19.39,49.2,148.0,22.4,1
76.0,0,1,0,0,1,27.7,96.0,0.0,1.0,1.0,0.0,145.5,83.6,247.0,93.0,5.8,58.8,3.81,65.6,158.8,26.0,1
72.0,0,1,0,0,1,20.9,90.7,0.0,1.0,1.0,0.0,166.2,76.7,180.0,52.0,5.7,65.3,39.25,60.4,173.4,20.1,1
72.0,0,1,0,0,1,25.4,104.9,0.0,1.0,1.0,0.0,116.1,71.8,208.0,30.0,6.6,81.7,10.22,78.7,184.6,23.1,1
72.0,0,1,0,0,1,39.4,127.2,0.0,1.0,1.0,0.0,189.5,98.3,125.0,36.0,11.6,65.0,40.74,127.7,173.5,42.4,1
71.0,0,1,0,0,1,29.1,108.0,0.0,1.0,1.0,0.0,141.5,79.2,208.0,32.0,12.8,47.4,41.52,90.7,187.0,25.9,1
69.0,0,1,0,0,1,20.4,88.2,0.0,1.0,1.0,0.0,106.2,59.4,183.0,38.0,5.2,79.3,24.83,56.7,188.5,15.9,1
42.0,0,1,0,0,1,38.0,113.4,0.0,1.0,1.0,0.0,110.8,88.0,149.0,68.0,6.6,118.4,13.85,93.2,158.1,37.3,1
73.0,0,1,0,0,1,28.7,95.8,0.0,1.0,1.0,0.0,111.5,72.5,192.0,39.0,5.4,120.2,34.94,74.2,165.2,27.2,1
71.0,0,1,0,0,1,51.3,150.7,0.0,1.0,1.0,0.0,130.1,82.8,140.0,41.0,5.9,63.9,2.23,171.4,182.9,51.2,1
66.0,0,1,0,0,1,29.2,111.4,0.0,1.0,1.0,0.0,132.6,70.0,151.0,38.0,10.3,83.3,31.94,110.0,182.3,33.1,1
73.0,0,1,0,0,1,30.9,105.3,0.0,1.0,1.0,0.0,127.2,75.7,210.0,44.0,5.8,48.6,5.86,73.1,153.1,31.2,1
72.0,0,1,0,0,1,36.9,127.5,0.0,1.0,1.0,0.0,108.5,73.5,276.0,45.0,10.4,68.5,329.31,130.5,184.4,38.4,1
67.0,0,1,0,0,1,40.1,114.7,0.0,1.0,1.0,0.0,108.9,74.3,224.0,36.0,8.1,66.6,17.15,140.2,190.8,38.5,1
72.0,0,1,0,0,1,35.0,119.3,0.0,1.0,1.0,0.0,106.3,57.2,250.0,48.0,5.9,71.2,23.67,92.4,164.9,34.0,1
67.0,0,1,0,0,1,36.5,120.4,0.0,1.0,1.0,0.0,111.9,71.1,174.0,54.0,5.2,78.3,22.5,118.1,181.9,35.7,1
72.0,0,1,0,0,1,36.7,126.1,0.0,1.0,1.0,0.0,142.0,82.2,124.0,36.0,5.9,70.2,36.47,118.7,182.4,35.7,1
71.0,0,1,0,0,1,34.2,118.8,0.0,1.0,1.0,0.0,148.3,76.8,177.0,31.0,5.3,75.6,24.95,107.9,182.4,32.4,1
64.0,0,1,0,0,1,28.4,113.7,0.0,1.0,1.0,0.0,109.6,53.4,169.0,39.0,5.5,73.0,16.94,76.8,169.9,26.6,1
40.0,0,1,0,0,1,39.7,125.0,0.0,1.0,1.0,0.0,122.1,57.8,169.0,38.0,5.7,29.6,785.28,86.8,143.4,42.2,1
68.0,0,1,0,0,1,38.1,118.3,0.0,1.0,1.0,0.0,127.9,77.0,173.0,47.0,12.5,46.5,29.04,106.5,169.1,37.2,1
66.0,0,1,0,0,1,21.3,82.3,0.0,1.0,1.0,0.0,108.9,74.8,163.0,94.0,5.7,72.0,7.01,66.0,175.4,21.4,1
47.0,0,1,0,0,1,20.9,82.9,0.0,1.0,1.0,0.0,126.0,90.8,178.0,67.0,5.1,72.0,29.69,62.7,168.2,22.2,1
72.0,0,1,0,0,1,28.9,91.7,0.0,1.0,1.0,0.0,138.6,70.3,152.0,40.0,6.5,70.9,36.01,69.9,155.5,28.9,1
25.0,0,1,0,0,1,39.9,129.0,0.0,1.0,1.0,0.0,126.6,81.4,137.0,33.0,8.2,120.2,8.92,102.1,157.7,41.1,1
74.0,0,1,0,0,1,28.7,94.3,0.0,1.0,1.0,0.0,117.3,65.8,168.0,45.0,9.3,56.0,7.07,96.6,187.2,27.6,1
68.0,0,1,0,0,1,26.0,99.2,0.0,1.0,1.0,0.0,139.3,83.3,215.0,64.0,5.8,65.9,11.9,84.9,183.8,25.1,1
67.0,0,1,0,0,1,24.4,79.3,0.0,1.0,1.0,0.0,114.9,51.8,136.0,29.0,9.4,76.5,126.18,45.8,138.6,23.8,1
70.0,0,1,0,0,1,38.0,118.8,0.0,1.0,1.0,0.0,107.4,76.0,225.0,37.0,10.6,80.5,31.83,132.6,188.4,37.3,1
40.0,0,1,0,0,1,29.1,92.9,0.0,1.0,1.0,0.0,136.9,81.9,242.0,104.0,6.4,74.9,15.63,70.9,155.1,29.5,1
70.0,0,1,0,0,1,30.8,108.3,0.0,1.0,1.0,0.0,155.4,88.8,149.0,40.0,5.4,93.8,30.72,96.6,181.0,29.5,1
61.0,0,1,0,0,1,40.2,129.2,0.0,1.0,1.0,0.0,110.6,69.9,176.0,41.0,6.5,102.3,39.41,96.3,157.9,38.6,1
61.0,0,1,0,0,1,27.0,93.1,0.0,1.0,1.0,0.0,158.6,70.1,238.0,87.0,5.6,67.0,3.49,83.7,177.5,26.6,1
72.0,0,1,0,0,1,26.0,95.9,0.0,1.0,1.0,0.0,128.4,80.6,104.0,49.0,5.3,67.5,17.78,82.2,174.0,27.1,1
72.0,0,1,0,0,1,36.2,124.5,0.0,1.0,1.0,0.0,105.5,70.8,169.0,37.0,5.4,70.3,7.79,95.2,165.3,34.8,1
73.0,0,1,0,0,1,27.8,107.3,0.0,1.0,1.0,0.0,166.3,80.6,221.0,44.0,5.1,42.5,7.77,76.2,168.8,26.7,1
71.0,0,1,0,0,1,39.8,126.3,0.0,1.0,1.0,0.0,157.7,87.2,163.0,39.0,6.2,52.3,6.24,93.1,156.8,37.9,1
76.0,0,1,0,1,0,27.1,91.8,0.0,1.0,1.0,0.0,105.0,39.8,180.0,58.0,5.5,66.5,7.16,59.8,152.9,25.6,1
69.0,0,1,0,1,0,39.4,122.4,0.0,1.0,1.0,0.0,115.0,72.9,205.0,51.0,7.9,101.5,66.49,130.1,185.0,38.0,1
72.0,0,1,0,1,0,32.5,106.9,0.0,1.0,1.0,0.0,131.3,81.8,143.0,34.0,5.1,75.3,10.15,107.8,183.0,32.2,1
71.0,0,1,0,1,0,37.0,111.9,0.0,1.0,1.0,0.0,130.0,83.3,198.0,46.0,10.1,72.2,29.95,120.9,183.5,35.9,1
71.0,0,1,0,1,0,41.5,114.1,0.0,1.0,1.0,0.0,105.7,34.1,211.0,41.0,5.5,70.8,155.91,93.7,153.2,39.9,1
75.0,0,1,0,1,0,41.0,134.6,0.0,1.0,1.0,0.0,100.0,70.8,165.0,38.0,5.7,78.2,33.14,136.4,182.8,40.8,1
74.0,0,1,0,1,0,45.1,146.4,0.0,1.0,1.0,0.0,117.7,65.2,144.0,36.0,5.8,80.5,48.14,126.7,171.9,42.9,1
34.0,0,1,0,1,0,36.3,108.4,0.0,1.0,1.0,0.0,99.7,62.6,167.0,27.0,5.6,92.1,8.09,83.0,151.5,36.2,1
61.0,0,1,0,1,0,28.2,98.8,0.0,1.0,1.0,0.0,109.9,64.2,161.0,30.0,6.4,73.8,37.29,68.9,157.7,27.7,1
74.0,0,1,0,1,0,34.7,112.0,0.0,1.0,1.0,0.0,129.1,69.0,242.0,92.0,5.4,71.2,422.96,108.6,182.2,32.7,1
73.0,0,1,0,1,0,42.8,141.0,0.0,1.0,1.0,0.0,127.5,63.8,208.0,38.0,5.8,93.2,26.96,132.4,177.5,42.0,1
73.0,0,1,0,1,0,49.3,143.1,0.0,1.0,1.0,0.0,131.2,77.0,130.0,38.0,9.8,50.4,46.12,151.1,181.1,46.1,1
72.0,0,1,0,1,0,19.4,79.3,0.0,1.0,1.0,0.0,129.9,79.1,218.0,44.0,5.7,67.6,19.5,59.6,175.3,19.4,1
73.0,0,1,0,1,0,22.9,90.3,0.0,1.0,1.0,0.0,118.4,85.5,171.0,39.0,5.8,97.7,6.34,74.5,181.3,22.7,1
46.0,0,1,0,1,0,45.1,133.4,0.0,1.0,1.0,0.0,128.6,90.5,214.0,46.0,5.7,101.2,8.62,110.9,160.1,43.3,1
70.0,0,1,0,1,0,38.3,126.1,0.0,1.0,1.0,0.0,120.3,66.9,113.0,44.0,5.5,84.3,46.18,104.4,168.6,36.7,1
66.0,0,1,0,1,0,29.2,104.0,0.0,1.0,1.0,0.0,133.0,65.8,196.0,57.0,5.3,79.8,10.04,100.8,188.7,28.3,1
67.0,0,1,0,1,0,28.9,93.0,0.0,1.0,1.0,0.0,119.3,64.8,157.0,43.0,5.2,75.3,104.04,71.6,154.5,30.0,1
30.0,0,1,0,1,0,22.5,94.2,0.0,1.0,1.0,0.0,126.5,74.7,155.0,51.0,5.1,99.8,36.68,70.0,175.2,22.8,1
22.0,0,1,0,1,0,24.2,90.1,0.0,1.0,1.0,0.0,116.3,63.7,177.0,40.0,5.2,76.7,61.45,67.8,173.8,22.4,1
48.0,0,1,0,1,0,34.3,114.7,0.0,1.0,1.0,0.0,113.5,75.3,193.0,32.0,5.2,68.8,16.34,112.2,183.5,33.3,1
66.0,0,1,0,1,0,26.3,94.5,0.0,1.0,1.0,0.0,126.0,81.3,112.0,35.0,5.8,85.9,20.58,93.6,186.2,27.0,1
53.0,0,1,0,1,0,26.1,108.3,0.0,1.0,1.0,0.0,116.4,74.4,186.0,36.0,5.7,105.6,368.22,76.0,168.4,26.8,1
71.0,0,1,0,1,0,37.3,120.7,0.0,1.0,1.0,0.0,103.7,54.6,172.0,71.0,5.7,79.9,9.07,85.6,154.3,35.9,1
73.0,0,1,0,1,0,44.4,134.6,0.0,1.0,1.0,0.0,141.9,88.5,149.0,55.0,6.0,59.6,36.37,116.3,166.7,41.9,1
48.0,0,1,0,1,0,35.0,119.2,0.0,1.0,1.0,0.0,112.5,77.3,151.0,46.0,5.8,103.5,29.55,104.3,177.4,33.2,1
71.0,0,1,0,1,0,32.2,103.8,0.0,1.0,1.0,0.0,104.8,71.0,146.0,43.0,10.3,63.6,410.38,97.2,170.8,33.3,1
71.0,0,1,0,1,0,30.3,117.2,0.0,1.0,1.0,0.0,112.2,72.2,113.0,35.0,5.5,75.7,47.13,91.2,179.1,28.4,1
58.0,0,1,0,1,0,35.4,122.5,0.0,1.0,1.0,0.0,126.0,76.3,162.0,36.0,5.4,73.1,28.42,120.8,185.2,35.2,1
75.0,0,1,0,1,0,25.3,90.4,0.0,1.0,1.0,0.0,112.7,75.8,235.0,38.0,5.7,78.2,44.74,79.7,180.3,24.5,1
60.0,0,1,0,1,0,22.1,89.5,0.0,1.0,1.0,0.0,113.6,59.1,161.0,68.0,5.0,81.1,6.29,63.0,171.5,21.4,1
59.0,0,1,0,1,0,41.0,123.9,0.0,1.0,1.0,0.0,119.9,76.9,164.0,58.0,6.9,78.8,400.34,100.2,159.7,39.3,1
72.0,0,1,0,1,0,31.6,109.5,0.0,1.0,1.0,0.0,109.1,58.7,213.0,74.0,5.6,81.2,42.98,102.5,183.2,30.5,1
70.0,0,1,0,1,0,35.9,115.4,0.0,1.0,1.0,0.0,111.5,72.7,179.0,32.0,7.5,81.0,47.89,114.6,176.6,36.7,1
62.0,1,0,0,0,1,35.0,98.8,1.0,0.0,0.0,0.0,104.4,56.5,240.0,61.0,5.6,95.9,11.63,95.2,164.8,35.1,0
43.0,1,0,0,0,1,38.3,123.1,1.0,0.0,0.0,0.0,128.9,76.2,206.0,40.0,6.6,105.8,3.15,99.0,162.0,37.7,0
47.0,1,0,0,0,1,45.1,129.1,1.0,0.0,0.0,0.0,115.2,70.9,176.0,37.0,5.6,49.3,17.15,103.4,159.1,40.8,0
68.0,1,0,0,0,1,35.3,116.8,1.0,0.0,0.0,0.0,128.1,61.8,203.0,38.0,5.3,78.0,6.11,104.1,174.5,34.2,0
46.0,1,0,0,0,1,33.6,111.8,1.0,0.0,0.0,0.0,133.4,81.9,160.0,35.0,5.3,110.5,10.17,79.2,155.6,32.7,0
31.0,1,0,0,0,1,23.5,79.8,1.0,0.0,0.0,0.0,104.8,63.4,221.0,40.0,5.0,77.2,1.64,60.4,167.5,21.5,0
45.0,1,0,0,0,1,46.6,138.4,1.0,0.0,0.0,0.0,111.4,64.0,180.0,43.0,7.5,87.7,9.4,128.8,168.5,45.4,0
64.0,1,0,0,0,1,58.0,153.6,1.0,0.0,0.0,0.0,131.5,76.0,227.0,43.0,5.7,115.8,8.04,133.0,155.1,55.3,0
65.0,1,0,0,0,1,27.4,95.4,1.0,0.0,0.0,0.0,131.1,77.3,179.0,37.0,11.1,100.0,26.47,62.2,159.0,24.6,0
41.0,1,0,0,0,1,30.0,93.4,1.0,0.0,0.0,0.0,95.7,66.0,103.0,36.0,4.9,89.3,5.19,83.1,158.3,33.2,0
28.0,1,0,0,0,1,28.5,92.1,1.0,0.0,0.0,0.0,106.0,68.0,104.0,32.0,4.8,129.7,21.05,58.5,160.0,22.8,0
22.0,1,0,0,0,1,41.9,120.7,1.0,0.0,0.0,0.0,108.8,69.7,219.0,53.0,5.2,112.3,5.68,106.5,160.0,41.6,0
53.0,1,0,0,0,1,32.8,114.2,1.0,0.0,0.0,0.0,153.7,86.1,192.0,35.0,5.3,85.2,4.45,90.7,171.3,30.9,0
57.0,1,0,0,0,1,48.3,129.1,1.0,0.0,0.0,0.0,124.5,77.6,193.0,44.0,5.0,60.6,10.44,109.2,161.9,41.7,0
31.0,1,0,0,0,1,56.4,148.4,1.0,0.0,0.0,0.0,116.9,86.8,210.0,36.0,5.5,131.0,9.81,127.7,157.3,51.6,0
44.0,1,0,0,0,1,37.6,115.6,1.0,0.0,0.0,0.0,118.7,72.1,114.0,36.0,5.0,97.3,2.22,101.2,168.1,35.8,0
51.0,1,0,0,0,1,54.8,158.3,1.0,0.0,0.0,0.0,97.2,64.7,191.0,36.0,6.3,116.2,9.09,141.1,162.9,53.2,0
67.0,1,0,0,0,1,32.9,115.3,1.0,0.0,0.0,0.0,124.8,78.3,226.0,39.0,6.0,116.0,12.36,84.0,162.7,31.7,0
50.0,1,0,0,0,1,31.8,113.6,1.0,0.0,0.0,0.0,124.0,73.2,211.0,42.0,6.2,105.3,3.83,90.1,169.4,31.4,0
32.0,1,0,0,0,1,31.5,94.4,1.0,0.0,0.0,0.0,129.5,76.6,178.0,40.0,6.1,63.1,5.75,69.2,152.8,29.6,0
54.0,1,0,0,0,1,25.6,87.1,1.0,0.0,0.0,0.0,101.5,65.5,131.0,28.0,5.6,102.0,11.51,62.9,154.7,26.3,0
39.0,1,0,0,0,1,24.7,78.5,1.0,0.0,0.0,0.0,130.6,78.0,240.0,43.0,5.2,91.7,11.57,55.3,151.0,24.3,0
76.0,0,1,0,0,1,26.4,95.3,0.0,1.0,1.0,1.0,127.9,79.7,193.0,84.0,5.5,64.3,1.35,86.3,180.1,26.6,0
59.0,0,1,0,0,1,24.1,81.7,0.0,1.0,1.0,1.0,138.7,73.5,189.0,47.0,6.0,127.3,4.14,89.5,188.8,25.1,0
60.0,0,1,0,0,1,28.6,91.4,0.0,1.0,1.0,1.0,127.0,64.7,144.0,39.0,5.3,76.8,7.41,100.2,188.4,28.2,0
62.0,0,1,0,0,1,30.1,101.6,0.0,1.0,1.0,1.0,149.8,77.2,209.0,47.0,5.9,57.2,47.83,72.9,162.3,27.7,0
61.0,0,1,0,0,1,21.5,83.6,0.0,1.0,1.0,1.0,146.4,85.5,189.0,40.0,5.0,70.5,8.43,70.7,181.7,21.4,0
50.0,0,1,0,0,1,21.7,81.2,0.0,1.0,1.0,1.0,109.9,69.3,159.0,42.0,5.0,81.9,5.05,64.0,169.7,22.2,0
71.0,0,1,0,0,1,35.8,111.9,0.0,1.0,1.0,1.0,122.2,83.3,245.0,43.0,6.3,99.2,6.5,97.1,170.1,33.6,0
21.0,0,1,0,0,1,26.2,103.7,0.0,1.0,1.0,1.0,110.2,76.5,129.0,29.0,5.2,108.3,34.67,85.4,176.7,27.4,0
74.0,0,1,0,0,1,29.2,107.9,0.0,1.0,1.0,1.0,112.0,72.1,234.0,44.0,5.1,60.6,40.96,90.7,178.7,28.4,0
70.0,0,1,0,0,1,28.9,97.3,0.0,1.0,1.0,1.0,130.3,70.7,130.0,76.0,5.9,59.7,2.79,84.4,171.7,28.6,0
39.0,0,1,0,0,1,45.1,110.3,0.0,1.0,1.0,1.0,131.7,74.6,117.0,85.0,5.8,57.9,11.58,162.0,191.0,44.4,0
68.0,0,1,0,0,1,35.1,113.1,0.0,1.0,1.0,1.0,99.5,68.1,170.0,42.0,6.4,58.3,9.39,81.3,152.7,34.8,0
70.0,0,1,0,0,1,27.0,102.6,0.0,1.0,1.0,1.0,109.5,67.6,192.0,62.0,5.3,57.7,7.33,86.0,181.9,26.0,0
62.0,0,1,0,0,1,28.2,104.8,0.0,1.0,1.0,1.0,119.2,74.0,208.0,47.0,5.4,61.9,17.23,103.4,196.5,26.8,0
72.0,0,1,0,0,1,26.4,104.3,0.0,1.0,1.0,1.0,107.2,61.0,163.0,64.0,6.0,98.7,43.34,86.5,183.7,25.6,0
72.0,0,1,0,0,1,32.4,111.6,0.0,1.0,1.0,1.0,117.6,61.8,252.0,38.0,5.8,58.2,9.71,65.7,148.1,29.9,0
66.0,0,1,0,0,1,26.0,99.5,0.0,1.0,1.0,1.0,122.2,60.3,174.0,64.0,5.3,95.0,42.85,71.0,171.2,24.2,0
70.0,0,1,0,0,1,43.0,132.6,0.0,1.0,1.0,1.0,148.4,46.7,166.0,41.0,7.0,59.2,36.7,137.7,183.1,41.1,0
75.0,0,1,0,0,1,25.3,97.7,0.0,1.0,1.0,1.0,126.9,65.0,216.0,55.0,5.4,69.9,3.9,76.7,174.9,25.1,0
71.0,0,1,0,0,1,36.8,121.3,0.0,1.0,1.0,1.0,110.8,76.9,203.0,40.0,7.1,78.3,6.96,98.8,168.5,34.8,0
70.0,0,1,0,0,1,25.6,94.2,0.0,1.0,1.0,1.0,150.6,82.6,164.0,57.0,5.7,81.6,7.9,76.3,184.9,22.3,0
77.0,0,1,0,0,1,42.8,129.9,0.0,1.0,1.0,1.0,126.1,70.9,180.0,39.0,5.1,32.6,23.82,140.4,182.1,42.4,0
69.0,0,1,0,0,1,28.6,91.7,0.0,1.0,1.0,1.0,124.0,79.6,160.0,89.0,5.5,83.1,7.44,69.3,155.8,28.6,0
62.0,0,1,0,0,1,24.5,98.6,0.0,1.0,1.0,1.0,122.0,67.6,166.0,51.0,5.6,75.9,13.85,69.9,174.2,23.0,0
76.0,0,1,0,0,1,28.4,102.9,0.0,1.0,1.0,1.0,134.3,82.0,163.0,36.0,7.0,50.3,1.76,90.3,182.9,27.0,0
71.0,0,1,0,0,1,27.1,106.6,0.0,1.0,1.0,1.0,123.7,73.7,113.0,49.0,5.4,91.9,7.59,86.6,181.4,26.3,0
48.0,0,1,0,0,1,31.0,96.8,0.0,1.0,1.0,1.0,133.7,81.6,206.0,46.0,4.9,82.1,6.44,85.6,170.0,29.6,0
54.0,0,1,0,0,1,27.4,105.4,0.0,1.0,1.0,1.0,112.8,57.2,162.0,35.0,8.4,89.1,46.75,87.9,182.5,26.4,0
68.0,0,1,0,0,1,23.2,83.8,0.0,1.0,1.0,1.0,144.0,84.8,180.0,39.0,7.4,94.0,34.04,81.4,189.5,22.7,0
62.0,0,1,0,0,1,27.3,94.8,0.0,1.0,1.0,1.0,101.9,76.5,169.0,37.0,5.7,88.5,7.53,89.3,180.9,27.3,0
53.0,0,1,0,0,1,21.5,80.4,0.0,1.0,1.0,1.0,121.1,79.8,152.0,53.0,5.2,73.7,24.1,52.6,158.8,20.9,0
67.0,0,1,0,0,1,25.5,95.2,0.0,1.0,1.0,1.0,113.3,63.0,159.0,39.0,10.1,59.7,7.25,64.9,159.5,25.5,0
58.0,0,1,0,0,1,23.2,96.2,0.0,1.0,1.0,1.0,102.7,69.5,175.0,50.0,5.5,60.7,10.47,71.1,173.6,23.6,0
22.0,0,1,0,0,1,36.8,117.8,1.0,0.0,0.0,0.0,140.8,76.8,167.0,37.0,6.4,116.3,2.29,118.8,179.7,36.8,0
55.0,0,1,0,0,1,29.7,103.9,1.0,0.0,0.0,0.0,119.4,86.5,231.0,40.0,6.1,71.4,7.82,96.5,179.4,30.0,0
32.0,0,1,0,0,1,29.4,97.3,1.0,0.0,0.0,0.0,114.0,73.3,120.0,38.0,5.7,75.3,3.88,92.7,173.7,30.7,0
72.0,0,1,0,0,1,26.4,85.0,1.0,0.0,0.0,0.0,94.6,59.5,181.0,60.0,6.1,98.0,18.23,50.1,154.3,21.1,0
36.0,0,1,0,0,1,46.8,140.7,1.0,0.0,0.0,0.0,129.7,84.5,114.0,41.0,5.2,71.3,16.18,148.0,181.5,44.9,0
29.0,0,1,0,0,1,31.9,109.4,1.0,0.0,0.0,0.0,128.4,81.4,217.0,48.0,5.2,105.8,10.8,101.1,179.3,31.4,0
27.0,0,1,0,0,1,33.4,106.4,1.0,0.0,0.0,0.0,111.7,73.6,113.0,36.0,6.3,99.3,3.9,101.1,166.5,36.5,0
61.0,0,1,0,0,1,46.8,130.6,1.0,0.0,0.0,0.0,134.4,77.2,241.0,36.0,5.8,92.6,7.78,128.7,168.6,45.3,0
66.0,0,1,0,0,1,40.4,128.1,1.0,0.0,0.0,0.0,108.7,76.5,207.0,36.0,5.7,120.9,11.39,126.0,184.6,37.0,0
68.0,0,1,0,0,1,25.5,91.9,1.0,0.0,0.0,0.0,142.9,71.9,135.0,39.0,6.3,68.6,9.65,83.9,182.0,25.3,0
22.0,0,1,0,0,1,24.3,83.5,1.0,0.0,0.0,0.0,107.0,61.9,145.0,41.0,5.5,114.5,10.5,60.4,158.5,24.1,0
41.0,0,1,0,0,1,32.8,110.8,1.0,0.0,0.0,0.0,110.2,70.4,213.0,36.0,5.3,77.7,3.48,99.3,179.9,30.7,0
30.0,0,1,0,0,1,34.3,110.9,1.0,0.0,0.0,0.0,138.3,79.7,152.0,45.0,8.0,97.3,8.57,110.3,182.3,33.2,0
35.0,0,1,0,0,1,30.6,96.9,1.0,0.0,0.0,0.0,99.9,64.5,119.0,38.0,5.9,121.0,10.15,103.0,184.3,30.3,0
69.0,0,1,0,0,1,39.9,116.4,1.0,0.0,0.0,0.0,137.5,73.5,177.0,41.0,5.4,97.5,5.68,113.8,173.9,37.6,0
52.0,0,1,0,0,1,38.0,121.9,1.0,0.0,0.0,0.0,127.0,64.2,122.0,30.0,7.2,114.2,7.08,123.4,183.0,36.8,0
44.0,0,1,0,0,1,29.4,92.2,1.0,0.0,0.0,0.0,146.7,74.6,178.0,35.0,6.8,61.7,5.19,77.8,174.6,25.5,0
50.0,0,1,0,0,1,27.8,108.1,1.0,0.0,0.0,0.0,111.8,58.6,195.0,74.0,10.8,75.5,13.48,100.0,185.1,29.2,0
28.0,0,1,0,0,1,26.6,72.6,1.0,0.0,0.0,0.0,94.2,63.0,122.0,37.0,5.5,104.2,6.91,80.1,174.2,26.4,0
65.0,0,1,0,0,1,24.8,85.3,1.0,0.0,0.0,0.0,129.5,62.7,163.0,48.0,5.3,93.1,7.79,60.2,160.2,23.4,0
71.0,0,1,0,0,1,41.7,128.9,1.0,0.0,0.0,0.0,136.4,78.6,111.0,31.0,5.9,96.1,2.42,119.5,179.5,37.1,0
55.0,0,1,0,0,1,37.4,121.3,1.0,0.0,0.0,0.0,112.4,73.1,227.0,48.0,6.3,95.9,6.67,124.6,186.6,35.8,0
58.0,0,1,0,0,1,30.1,113.4,1.0,0.0,0.0,0.0,115.0,71.9,175.0,40.0,6.1,107.5,84.3,93.3,181.1,28.4,0
58.0,0,1,0,0,1,27.0,99.1,1.0,0.0,0.0,0.0,111.6,72.2,229.0,46.0,5.7,95.9,14.07,58.8,148.7,26.6,0
45.0,0,1,0,0,1,36.2,119.4,1.0,0.0,0.0,0.0,107.6,59.5,97.0,36.0,5.3,123.9,6.76,111.8,179.1,34.9,0
30.0,0,1,0,0,1,24.6,85.5,1.0,0.0,0.0,0.0,98.2,65.0,216.0,33.0,5.5,112.6,2.16,85.8,182.2,25.8,0
38.0,0,1,0,0,1,39.5,121.0,1.0,0.0,0.0,0.0,103.6,74.7,167.0,36.0,6.4,118.0,0.3,112.1,173.9,37.1,0
60.0,0,1,0,0,1,34.8,109.7,1.0,0.0,0.0,0.0,123.4,75.5,188.0,43.0,5.9,98.7,44.01,84.6,159.5,33.3,0
44.0,0,1,0,0,1,40.4,136.3,1.0,0.0,0.0,0.0,141.5,88.4,193.0,36.0,8.8,102.8,9.08,136.4,185.7,39.6,0
48.0,0,1,0,0,1,24.8,93.4,1.0,0.0,0.0,0.0,122.3,74.0,175.0,43.0,5.4,70.0,47.38,74.9,173.9,24.8,0
21.0,0,1,0,0,1,26.2,73.7,1.0,0.0,0.0,0.0,105.1,67.6,209.0,56.0,5.2,100.4,5.32,67.2,162.2,25.5,0
27.0,0,1,0,0,1,40.1,112.9,1.0,0.0,0.0,0.0,130.4,84.5,171.0,41.0,5.6,118.2,48.7,117.9,179.0,36.8,0
67.0,0,1,0,0,1,35.1,109.1,1.0,0.0,0.0,0.0,120.2,73.8,87.0,38.0,7.3,74.0,6.6,94.8,168.5,33.4,0
66.0,0,1,1,0,0,29.3,107.0,0.0,0.0,0.0,0.0,124.4,76.2,199.0,45.0,6.1,91.8,10.98,87.1,173.6,28.9,1
52.0,0,1,1,0,0,26.2,105.1,0.0,0.0,0.0,0.0,126.0,73.3,214.0,85.0,5.9,77.0,13.96,74.7,171.3,25.5,1
28.0,0,1,1,0,0,36.4,110.9,0.0,0.0,0.0,0.0,112.3,76.1,170.0,34.0,5.2,105.1,8.98,92.4,159.7,36.2,1
53.0,0,1,1,0,0,27.9,93.1,0.0,0.0,0.0,0.0,118.6,76.9,197.0,66.0,5.5,104.0,4.75,63.6,154.6,26.6,1
37.0,0,1,1,0,0,42.8,123.6,0.0,0.0,0.0,0.0,123.7,75.8,176.0,52.0,5.4,122.5,35.76,123.9,173.6,41.1,1
33.0,0,1,1,0,0,21.4,86.4,0.0,0.0,0.0,0.0,105.7,67.5,146.0,73.0,5.4,60.3,20.72,68.3,173.2,22.8,1
33.0,0,1,1,0,0,27.1,102.1,0.0,0.0,0.0,0.0,106.8,66.0,161.0,41.0,5.2,116.2,11.03,84.0,183.8,24.9,1
21.0,0,1,1,0,0,33.4,116.8,0.0,0.0,0.0,0.0,108.8,59.8,130.0,57.0,4.8,91.7,22.88,109.3,185.7,31.7,1
54.0,0,1,1,0,0,29.7,105.1,0.0,0.0,0.0,0.0,106.4,68.6,156.0,38.0,5.6,71.0,947.89,97.0,183.2,28.9,1
33.0,0,1,1,0,0,40.6,133.2,0.0,0.0,0.0,0.0,115.8,69.9,200.0,44.0,5.7,95.4,9.04,130.3,176.3,41.9,1
35.0,0,1,1,0,0,39.5,130.3,0.0,0.0,0.0,0.0,106.4,71.0,153.0,42.0,6.4,113.6,1.47,128.8,187.8,36.5,1
79.0,0,1,1,0,0,42.0,132.8,0.0,0.0,0.0,0.0,122.4,78.7,220.0,39.0,5.9,71.8,44.68,148.2,188.6,41.7,1
26.0,0,1,1,0,0,21.1,74.0,0.0,0.0,0.0,0.0,105.8,69.1,186.0,45.0,5.3,102.0,59.81,48.6,162.6,18.4,1
29.0,0,1,1,0,0,51.8,141.6,0.0,0.0,0.0,0.0,103.4,69.6,146.0,35.0,5.3,127.1,4.64,135.8,162.6,51.4,1
46.0,0,1,1,0,0,20.9,72.8,0.0,0.0,0.0,0.0,113.9,68.4,151.0,35.0,5.9,124.0,20.15,73.3,186.8,21.0,1
71.0,0,1,1,0,0,19.4,80.0,0.0,0.0,0.0,0.0,99.0,69.5,185.0,54.0,5.2,98.9,24.69,54.3,168.8,19.1,1
32.0,0,1,1,0,0,22.8,80.8,0.0,0.0,0.0,0.0,109.4,59.4,205.0,34.0,5.9,112.8,32.33,44.2,143.3,21.5,1
31.0,0,1,1,0,0,38.1,101.7,0.0,0.0,0.0,0.0,132.4,83.0,115.0,38.0,5.4,126.0,10.0,81.1,146.2,37.9,1
19.0,0,1,1,0,0,32.9,93.8,0.0,0.0,0.0,0.0,110.7,69.0,196.0,37.0,5.1,133.3,7.19,90.2,167.9,32.0,1
34.0,0,1,1,0,0,36.2,113.8,0.0,0.0,0.0,0.0,112.2,71.1,213.0,73.0,5.3,98.0,9.56,129.2,189.9,35.8,1
20.0,0,1,1,0,0,28.7,97.8,0.0,0.0,0.0,0.0,104.6,64.7,184.0,27.0,5.8,120.9,5.7,83.2,169.8,28.8,1
30.0,0,1,1,0,0,38.0,120.5,0.0,0.0,0.0,0.0,130.5,82.0,207.0,38.0,7.9,118.7,11.32,71.9,138.3,37.6,1
33.0,0,1,1,0,0,47.2,127.6,0.0,0.0,0.0,0.0,108.6,80.1,197.0,40.0,5.4,111.3,20.23,128.7,166.8,46.3,1
37.0,0,1,1,0,0,28.4,94.6,0.0,0.0,0.0,0.0,110.7,72.7,133.0,60.0,5.5,78.8,1.9,89.9,183.5,26.7,1
67.0,0,1,1,0,0,26.6,94.3,0.0,0.0,0.0,0.0,134.2,70.0,150.0,61.0,5.2,79.5,10.68,83.4,182.6,25.0,1
59.0,0,1,1,0,0,39.9,122.7,0.0,0.0,0.0,0.0,120.0,84.5,218.0,44.0,8.8,57.4,8.21,90.1,158.3,36.0,1
31.0,0,1,1,0,0,22.2,90.2,0.0,0.0,0.0,0.0,117.2,71.6,181.0,56.0,6.0,88.5,29.7,66.0,186.1,19.1,1
36.0,0,1,1,0,0,32.7,111.6,0.0,0.0,0.0,0.0,123.2,76.3,217.0,33.0,6.0,71.1,13.85,112.3,189.4,31.3,1
36.0,0,1,1,0,0,21.7,81.3,0.0,0.0,0.0,0.0,106.1,76.4,138.0,38.0,5.1,127.4,30.56,73.0,182.2,22.0,1
41.0,0,1,1,0,0,36.0,102.4,0.0,0.0,0.0,0.0,122.1,76.9,125.0,34.0,5.1,115.6,45.95,77.6,157.9,31.1,1
31.0,0,1,1,0,0,32.7,99.9,0.0,0.0,0.0,0.0,111.2,72.4,148.0,48.0,5.5,110.7,5.44,94.5,159.8,37.0,1
21.0,0,1,1,0,0,30.7,95.8,0.0,0.0,0.0,0.0,108.0,66.9,152.0,41.0,4.7,132.9,10.05,106.4,188.0,30.1,1
36.0,0,1,1,0,0,30.6,99.0,0.0,0.0,0.0,0.0,102.3,71.7,180.0,40.0,5.2,130.2,4.55,107.4,190.3,29.7,1
71.0,0,1,0,1,0,27.6,110.0,1.0,1.0,1.0,0.0,103.7,68.6,116.0,30.0,6.7,89.6,12.41,63.9,152.8,27.4,1
44.0,0,1,0,1,0,21.9,86.9,1.0,1.0,1.0,0.0,125.7,74.2,169.0,43.0,9.9,73.3,249.4,51.0,149.3,22.9,1
70.0,0,1,0,1,0,44.5,149.5,1.0,1.0,1.0,0.0,112.0,55.7,130.0,35.0,7.1,70.0,52.71,131.0,173.6,43.5,1
47.0,0,1,0,1,0,43.0,146.1,1.0,1.0,1.0,0.0,113.5,74.9,92.0,30.0,11.5,93.4,129.75,144.5,186.9,41.4,1
69.0,0,1,0,1,0,37.4,127.9,1.0,1.0,1.0,0.0,124.9,79.5,96.0,41.0,9.8,66.5,40.17,122.8,186.5,35.3,1
76.0,0,1,0,1,0,35.2,117.5,1.0,1.0,1.0,0.0,129.3,68.9,143.0,38.0,6.2,89.2,8.04,93.8,168.6,33.0,1
74.0,0,1,0,1,0,40.1,129.7,1.0,1.0,1.0,0.0,128.3,68.7,116.0,33.0,15.0,72.8,53.88,112.3,170.6,38.6,1
40.0,0,1,0,1,0,42.6,138.8,1.0,1.0,1.0,0.0,108.1,62.7,189.0,41.0,8.8,135.7,53.37,120.1,174.2,39.6,1
69.0,0,1,0,1,0,33.4,116.3,1.0,1.0,1.0,0.0,98.8,57.1,197.0,35.0,10.6,51.8,21.31,87.3,178.8,27.3,1
73.0,0,1,0,1,0,41.1,138.6,1.0,1.0,1.0,0.0,128.3,70.5,164.0,28.0,16.3,92.5,6.41,74.2,141.9,36.8,1
43.0,0,1,0,1,0,40.3,132.6,1.0,1.0,1.0,0.0,111.3,74.4,121.0,30.0,11.8,115.4,34.7,119.1,170.3,41.1,1
71.0,0,1,0,1,0,41.0,130.8,1.0,1.0,1.0,0.0,114.4,69.7,189.0,36.0,7.0,102.3,24.4,135.1,184.2,39.8,1
74.0,0,1,0,1,0,35.1,127.7,1.0,1.0,1.0,0.0,116.9,76.8,196.0,26.0,6.1,77.2,11.96,114.4,183.2,34.1,1
69.0,0,1,0,1,0,28.1,97.4,1.0,1.0,1.0,0.0,131.1,74.9,138.0,39.0,15.0,74.0,345.02,76.1,165.0,28.0,1
72.0,0,1,0,1,0,37.3,127.3,1.0,1.0,1.0,0.0,126.0,76.6,153.0,36.0,9.8,37.5,22.96,88.4,158.5,35.2,1
69.0,0,1,0,1,0,42.4,131.6,1.0,1.0,1.0,0.0,104.8,66.5,192.0,32.0,8.4,111.7,47.59,132.2,180.5,40.6,1
71.0,0,1,0,1,0,29.8,105.4,1.0,1.0,1.0,0.0,123.0,81.5,155.0,42.0,10.0,68.3,17.57,79.5,165.6,29.0,1
69.0,0,1,0,1,0,38.1,125.4,1.0,1.0,1.0,0.0,119.2,74.3,190.0,39.0,11.7,98.5,7.72,128.8,186.6,37.0,1
74.0,0,1,0,1,0,26.1,100.4,1.0,1.0,1.0,0.0,131.2,80.4,154.0,33.0,5.8,101.8,1.22,54.8,146.0,25.7,1
47.0,0,1,0,1,0,35.5,128.5,1.0,1.0,1.0,0.0,102.4,68.5,149.0,33.0,9.6,66.0,32.23,108.4,171.8,36.7,1
74.0,0,1,0,1,0,40.9,138.1,1.0,1.0,1.0,0.0,116.9,71.0,99.0,42.0,6.7,84.4,348.78,137.3,187.0,39.3,1
71.0,0,1,0,1,0,41.8,130.1,1.0,1.0,1.0,0.0,134.1,80.9,167.0,41.0,6.2,57.3,46.09,116.9,169.3,40.8,1
70.0,0,1,0,1,0,43.1,144.9,1.0,1.0,1.0,0.0,106.0,69.0,96.0,31.0,7.9,97.1,314.36,130.6,174.1,43.1,1
35.0,0,1,0,1,0,25.9,88.0,1.0,1.0,1.0,0.0,118.7,78.2,166.0,40.0,13.4,100.3,181.66,77.7,175.2,25.3,1
50.0,0,1,0,1,0,43.5,129.2,1.0,1.0,1.0,0.0,147.2,91.3,108.0,32.0,11.1,90.2,37.58,126.3,181.0,38.6,1
71.0,0,1,0,1,0,34.4,125.4,1.0,1.0,1.0,0.0,101.8,66.4,152.0,37.0,9.1,70.0,8.34,65.4,142.6,32.2,1
58.0,0,1,0,1,0,40.5,140.5,1.0,1.0,1.0,0.0,109.8,74.0,103.0,34.0,10.3,105.6,706.44,139.6,187.9,39.6,1
69.0,0,1,0,1,0,42.3,138.9,1.0,1.0,1.0,0.0,167.2,86.0,101.0,36.0,9.0,72.3,34.88,143.0,186.7,41.0,1
67.0,0,1,0,1,0,43.8,139.5,1.0,1.0,1.0,0.0,106.9,34.0,204.0,48.0,5.5,60.9,462.91,127.9,176.1,41.2,1
74.0,0,1,0,1,0,34.4,120.6,1.0,1.0,1.0,0.0,115.8,72.7,218.0,37.0,5.6,73.4,38.34,70.4,146.1,33.0,1
67.0,0,1,0,1,0,33.5,121.3,1.0,1.0,1.0,0.0,104.2,66.1,119.0,46.0,8.9,73.6,238.05,115.5,186.1,33.3,1
64.0,0,1,0,1,0,40.5,131.4,1.0,1.0,1.0,0.0,120.8,78.0,159.0,26.0,7.4,82.8,978.15,139.9,186.2,40.3,1
57.0,0,1,0,1,0,39.0,133.7,1.0,1.0,1.0,0.0,134.3,66.2,217.0,37.0,5.5,78.7,40.36,128.4,182.8,38.4,1
71.0,1,0,0,0,1,24.1,91.4,1.0,0.0,1.0,0.0,129.3,79.1,161.0,29.0,4.9,83.0,2.09,54.0,151.7,23.5,0
40.0,1,0,0,0,1,34.4,106.0,1.0,0.0,1.0,0.0,132.0,80.3,183.0,40.0,5.2,61.0,10.3,85.7,158.2,34.2,0
59.0,1,0,0,0,1,34.8,106.7,1.0,0.0,1.0,0.0,124.0,78.8,207.0,44.0,5.7,114.4,5.17,88.1,160.3,34.3,0
44.0,1,0,0,0,1,40.9,127.8,1.0,0.0,1.0,0.0,128.5,80.4,210.0,37.0,9.1,46.1,9.28,100.4,158.4,40.0,0
53.0,1,0,0,0,1,30.0,93.5,1.0,0.0,1.0,0.0,112.4,59.8,205.0,39.0,7.2,93.5,8.48,74.0,158.3,29.5,0
73.0,1,0,0,0,1,39.1,121.3,1.0,0.0,1.0,0.0,119.2,77.7,179.0,40.0,5.6,69.0,261.46,88.8,152.6,38.1,0
53.0,1,0,0,0,1,34.8,116.7,1.0,0.0,1.0,0.0,105.2,63.5,205.0,42.0,8.6,99.9,9.34,86.3,158.2,34.5,0
60.0,1,0,0,0,1,39.7,117.6,1.0,0.0,1.0,0.0,133.3,79.5,165.0,41.0,8.9,60.7,7.32,100.2,158.9,39.7,0
22.0,1,0,0,0,1,43.2,131.2,1.0,0.0,1.0,0.0,133.2,89.1,270.0,43.0,6.1,95.9,11.43,102.5,157.2,41.5,0
72.0,1,0,0,0,1,38.2,119.7,1.0,0.0,1.0,0.0,114.6,67.2,151.0,42.0,6.1,113.5,257.68,89.5,157.3,36.2,0
41.0,1,0,0,0,1,37.5,117.5,1.0,0.0,1.0,0.0,131.3,82.1,225.0,33.0,8.2,110.0,6.24,104.3,164.9,38.4,0
42.0,1,0,0,0,1,39.0,113.8,1.0,0.0,1.0,0.0,113.3,69.6,208.0,59.0,7.5,86.9,8.5,97.5,158.6,38.8,0
46.0,1,0,0,0,1,41.5,120.1,1.0,0.0,1.0,0.0,115.5,66.5,218.0,45.0,5.7,94.5,9.25,98.1,153.0,41.9,0
70.0,1,0,0,0,1,26.7,86.6,1.0,0.0,1.0,0.0,131.3,79.0,115.0,108.0,6.0,97.4,10.1,58.7,157.9,23.5,0
52.0,1,0,0,0,1,42.3,120.8,1.0,0.0,1.0,0.0,129.2,80.3,113.0,35.0,6.4,83.0,6.78,75.4,154.5,31.6,0
62.0,1,0,0,0,1,30.7,92.2,1.0,0.0,1.0,0.0,127.7,80.4,196.0,55.0,6.7,109.6,6.36,78.4,162.4,29.7,0
47.0,1,0,0,0,1,29.7,101.0,1.0,0.0,1.0,0.0,127.5,79.7,193.0,39.0,5.5,99.7,9.54,69.0,158.4,27.5,0
45.0,1,0,0,0,1,43.6,140.9,1.0,0.0,1.0,0.0,96.8,67.7,193.0,42.0,6.0,76.4,9.37,99.0,167.9,35.1,0
65.0,1,0,0,0,1,49.9,146.2,1.0,0.0,1.0,0.0,108.9,73.0,182.0,58.0,5.6,68.2,10.45,85.7,142.0,42.5,0
65.0,1,0,0,0,1,38.5,111.6,1.0,0.0,1.0,0.0,123.3,67.4,110.0,41.0,6.6,100.7,7.34,95.9,159.1,37.9,0
49.0,1,0,0,0,1,23.3,80.5,1.0,0.0,1.0,0.0,118.5,72.9,177.0,38.0,8.1,100.0,7.45,34.6,134.2,19.2,0
58.0,1,0,0,0,1,35.8,117.0,1.0,0.0,1.0,0.0,106.8,74.4,205.0,26.0,7.0,94.1,0.78,82.0,152.6,35.2,0
50.0,1,0,0,0,1,33.8,111.4,1.0,0.0,1.0,0.0,132.6,79.7,241.0,42.0,5.3,92.2,10.85,87.5,156.8,35.6,0
68.0,1,0,0,0,1,57.2,162.1,1.0,0.0,1.0,0.0,113.5,75.3,171.0,87.0,6.5,54.1,12.46,135.8,158.2,54.3,0
54.0,1,0,0,0,1,27.3,96.7,1.0,0.0,1.0,0.0,124.8,76.6,173.0,38.0,5.7,92.3,31.07,69.9,159.3,27.6,0
32.0,1,0,0,0,1,29.7,105.8,1.0,0.0,1.0,0.0,103.3,79.7,198.0,54.0,5.4,89.9,11.09,79.9,165.0,29.3,0
53.0,1,0,0,0,1,38.3,100.9,1.0,0.0,1.0,0.0,112.5,71.8,169.0,44.0,5.7,87.1,4.96,84.4,151.2,36.9,0
48.0,1,0,0,0,1,29.2,106.5,1.0,0.0,1.0,0.0,134.8,84.7,166.0,24.0,6.2,73.4,7.19,71.5,155.4,29.6,0
73.0,1,0,0,0,1,49.7,136.6,1.0,0.0,1.0,0.0,105.7,69.5,107.0,33.0,6.8,105.8,5.44,110.0,155.2,45.7,0
71.0,1,0,0,0,1,36.1,118.4,1.0,0.0,1.0,0.0,126.4,82.9,227.0,46.0,5.7,44.8,2.71,82.6,157.4,33.3,0
30.0,1,0,0,0,1,34.1,103.9,1.0,0.0,1.0,0.0,117.5,75.4,166.0,36.0,8.9,110.6,9.4,75.3,151.4,32.8,0
46.0,1,0,0,0,1,52.3,152.6,1.0,0.0,1.0,0.0,97.2,69.4,151.0,35.0,6.0,116.8,9.68,128.1,156.7,52.2,0
73.0,1,0,0,0,1,24.8,85.7,0.0,0.0,1.0,0.0,103.0,73.3,125.0,76.0,5.8,54.3,46.8,53.9,145.6,25.4,1
71.0,1,0,0,0,1,27.3,98.7,0.0,0.0,1.0,0.0,127.5,79.5,224.0,59.0,5.5,80.2,9.1,64.5,154.2,27.1,1
27.0,1,0,0,0,1,25.2,90.9,0.0,0.0,1.0,0.0,105.5,72.3,209.0,44.0,6.8,102.1,1.67,62.5,158.0,25.0,1
48.0,1,0,0,0,1,31.1,87.0,0.0,0.0,1.0,0.0,131.0,76.7,256.0,42.0,5.4,102.2,0.3,71.6,157.2,29.0,1
68.0,1,0,0,0,1,19.2,71.1,0.0,0.0,1.0,0.0,128.7,82.2,232.0,114.0,5.6,58.3,35.4,42.7,150.0,19.0,1
70.0,1,0,0,0,1,36.0,105.4,0.0,0.0,1.0,0.0,117.9,74.6,157.0,91.0,6.4,112.6,43.35,80.0,151.4,34.9,1
63.0,1,0,0,0,1,42.5,120.1,0.0,0.0,1.0,0.0,109.4,76.5,165.0,37.0,5.6,117.2,8.23,100.0,158.4,39.9,1
60.0,1,0,0,0,1,26.7,72.7,0.0,0.0,1.0,0.0,123.9,75.9,249.0,46.0,6.2,87.1,2.54,61.7,156.5,25.2,1
55.0,1,0,0,0,1,24.7,93.9,0.0,0.0,1.0,0.0,116.9,58.4,192.0,46.0,6.1,86.3,48.49,61.5,162.4,23.3,1
60.0,1,0,0,0,1,38.3,120.4,0.0,0.0,1.0,0.0,154.6,93.2,186.0,61.0,6.0,91.0,10.48,87.9,153.4,37.4,1
69.0,1,0,0,0,1,24.8,94.1,0.0,0.0,1.0,0.0,132.1,79.9,181.0,65.0,5.5,84.1,11.16,65.9,165.3,24.1,1
70.0,1,0,0,0,1,27.8,92.2,0.0,0.0,1.0,0.0,150.8,81.4,170.0,58.0,5.2,59.2,9.23,62.6,152.7,26.8,1
45.0,1,0,0,0,1,21.2,74.2,0.0,0.0,1.0,0.0,131.8,74.9,174.0,56.0,5.7,107.1,59.05,61.4,168.1,21.7,1
68.0,1,0,0,0,1,26.9,90.2,0.0,0.0,1.0,0.0,130.8,78.8,227.0,79.0,5.4,76.9,7.13,55.3,145.6,26.1,1
30.0,1,0,0,0,1,22.6,77.6,0.0,0.0,1.0,0.0,98.9,61.2,87.0,39.0,5.6,127.7,146.08,62.9,166.8,22.6,1
33.0,1,0,0,0,1,36.2,109.5,0.0,0.0,1.0,0.0,127.8,75.1,217.0,68.0,5.5,75.7,28.48,86.1,158.1,34.5,1
65.0,1,0,0,0,1,25.2,94.2,0.0,0.0,1.0,0.0,147.9,71.0,190.0,38.0,5.3,65.4,11.93,70.0,172.8,23.5,1
44.0,1,0,0,0,1,33.3,114.4,0.0,0.0,1.0,0.0,92.4,69.4,186.0,47.0,6.1,75.8,49.24,81.2,158.0,32.5,1
28.0,1,0,0,0,1,32.3,98.2,0.0,0.0,1.0,0.0,104.6,73.5,179.0,45.0,5.3,67.6,10.89,79.6,157.3,32.2,1
72.0,1,0,0,0,1,37.1,102.3,0.0,0.0,1.0,0.0,120.0,88.2,198.0,79.0,5.7,60.2,10.77,108.9,172.3,36.7,1
53.0,1,0,0,0,1,28.1,90.5,0.0,0.0,1.0,0.0,136.3,62.4,209.0,38.0,5.8,115.9,0.3,69.6,160.1,27.2,1
70.0,1,0,0,0,1,28.7,94.6,0.0,0.0,1.0,0.0,126.4,76.1,207.0,56.0,5.7,69.1,12.51,62.3,151.9,27.0,1
76.0,1,0,0,0,1,31.2,94.4,0.0,0.0,1.0,0.0,130.3,59.5,180.0,60.0,5.0,70.8,35.8,80.2,162.5,30.4,1
70.0,1,0,0,0,1,23.9,82.3,0.0,0.0,1.0,0.0,112.3,59.3,176.0,71.0,5.3,97.4,10.61,55.9,158.8,22.2,1
20.0,1,0,0,0,1,27.4,87.6,0.0,0.0,1.0,0.0,115.3,85.9,171.0,57.0,5.4,136.8,7.6,64.0,158.1,25.6,1
47.0,1,0,0,0,1,53.0,137.7,0.0,0.0,1.0,0.0,105.2,78.8,162.0,44.0,11.0,102.9,40.82,136.6,168.0,48.4,1
29.0,1,0,0,0,1,37.1,109.4,0.0,0.0,1.0,0.0,112.2,79.9,206.0,44.0,5.5,114.1,8.89,77.9,158.0,31.2,1
63.0,1,0,0,0,1,27.3,83.4,0.0,0.0,1.0,0.0,121.9,73.0,180.0,60.0,5.2,97.2,9.8,82.9,172.1,28.0,1
64.0,1,0,0,0,1,43.1,127.4,0.0,0.0,1.0,0.0,142.2,77.2,203.0,45.0,5.4,55.8,203.94,93.6,152.3,40.3,1
70.0,1,0,0,0,1,22.7,88.1,0.0,0.0,1.0,0.0,126.4,61.2,200.0,83.0,5.8,63.2,11.34,47.7,148.0,21.8,1
73.0,0,1,0,0,1,22.3,89.5,1.0,1.0,1.0,1.0,140.3,76.0,167.0,57.0,6.3,47.3,15.12,68.8,176.4,22.1,0
66.0,0,1,0,0,1,30.1,114.1,1.0,1.0,1.0,1.0,107.7,69.5,220.0,43.0,9.0,61.3,5.17,95.0,179.6,29.5,0
66.0,0,1,0,0,1,37.5,130.7,1.0,1.0,1.0,1.0,129.8,67.3,153.0,27.0,7.7,78.7,41.49,130.9,188.8,36.7,0
76.0,0,1,0,0,1,28.2,100.3,1.0,1.0,1.0,1.0,127.6,84.3,205.0,51.0,5.2,71.4,16.25,80.9,171.3,27.6,0
71.0,0,1,0,0,1,42.0,141.0,1.0,1.0,1.0,1.0,101.3,68.5,150.0,42.0,7.2,35.3,49.58,78.1,150.4,34.5,0
74.0,0,1,0,0,1,33.0,111.3,1.0,1.0,1.0,1.0,120.6,70.9,221.0,40.0,5.7,79.2,26.97,106.2,184.3,31.3,0
74.0,0,1,0,0,1,40.9,130.8,1.0,1.0,1.0,1.0,127.8,81.2,163.0,36.0,6.5,34.5,319.53,130.4,185.0,38.1,0
77.0,0,1,0,0,1,23.9,91.5,1.0,1.0,1.0,1.0,132.5,82.9,183.0,44.0,5.2,56.3,6.72,83.3,180.0,25.7,0
71.0,0,1,0,0,1,35.8,129.5,1.0,1.0,1.0,1.0,137.8,76.4,214.0,42.0,8.4,94.2,40.5,105.4,175.8,34.1,0
74.0,0,1,0,0,1,31.9,120.9,1.0,1.0,1.0,1.0,122.2,76.7,176.0,30.0,5.6,105.9,10.03,102.7,183.3,30.6,0
66.0,0,1,0,0,1,30.9,117.3,1.0,1.0,1.0,1.0,135.4,81.6,132.0,90.0,5.9,89.9,11.74,88.9,174.6,29.2,0
47.0,0,1,0,0,1,35.2,127.7,1.0,1.0,1.0,1.0,110.0,71.8,156.0,33.0,10.8,76.2,13.05,95.2,158.6,37.8,0
75.0,0,1,0,0,1,24.5,94.4,1.0,1.0,1.0,1.0,126.9,79.3,198.0,52.0,5.6,73.6,7.83,75.0,179.7,23.2,0
66.0,0,1,0,0,1,39.1,129.4,1.0,1.0,1.0,1.0,107.0,67.6,219.0,37.0,5.7,90.3,2.56,80.4,157.6,32.4,0
63.0,0,1,0,0,1,35.2,122.0,1.0,1.0,1.0,1.0,111.8,77.6,115.0,41.0,11.4,75.0,317.85,102.2,185.4,29.7,0
50.0,0,1,0,0,1,35.7,109.5,1.0,1.0,1.0,1.0,121.2,78.2,182.0,35.0,6.3,113.2,0.3,84.4,153.3,35.9,0
73.0,0,1,0,0,1,36.6,130.4,1.0,1.0,1.0,1.0,163.7,90.4,95.0,36.0,11.0,81.5,8.9,103.7,172.1,35.0,0
70.0,0,1,0,0,1,32.0,107.7,1.0,1.0,1.0,1.0,99.7,63.7,181.0,58.0,5.5,70.1,9.6,92.7,168.9,32.5,0
77.0,0,1,0,0,1,38.5,132.4,1.0,1.0,1.0,1.0,137.8,73.2,201.0,34.0,7.7,88.2,16.12,114.4,178.0,36.1,0
63.0,0,1,0,0,1,22.6,85.8,1.0,1.0,1.0,1.0,113.0,48.7,184.0,42.0,7.5,83.2,4.32,64.7,169.8,22.4,0
72.0,0,1,0,0,1,34.5,117.1,1.0,1.0,1.0,1.0,105.9,63.1,126.0,35.0,10.0,91.1,10.96,117.8,183.6,34.9,0
73.0,0,1,0,0,1,33.4,121.7,1.0,1.0,1.0,1.0,129.5,80.4,135.0,48.0,11.1,89.6,9.54,84.6,162.4,32.1,0
46.0,0,1,0,0,1,40.9,138.4,1.0,1.0,1.0,1.0,138.1,83.3,108.0,42.0,8.7,104.4,0.3,145.6,186.1,42.0,0
74.0,0,1,0,0,1,39.0,130.7,1.0,1.0,1.0,1.0,144.5,74.0,118.0,40.0,7.4,101.7,347.28,137.0,189.2,38.3,0
70.0,0,1,0,0,1,25.4,100.6,1.0,1.0,1.0,1.0,137.8,69.8,203.0,42.0,5.8,65.1,2.96,85.6,183.2,25.5,0
51.0,0,1,0,0,1,36.7,125.5,1.0,1.0,1.0,1.0,129.3,82.5,141.0,36.0,12.3,74.7,10.08,126.1,190.0,34.9,0
49.0,0,1,0,0,1,33.1,118.3,1.0,1.0,1.0,1.0,177.9,93.2,211.0,39.0,6.1,100.3,5.79,101.8,171.5,34.6,0
73.0,0,1,0,0,1,31.0,115.3,1.0,1.0,1.0,1.0,135.0,77.7,101.0,43.0,9.9,93.8,8.3,93.0,174.2,30.7,0
63.0,0,1,0,0,1,34.8,114.7,1.0,1.0,1.0,1.0,134.1,80.7,210.0,36.0,6.1,53.3,15.95,123.8,186.7,35.5,0
73.0,0,1,0,1,0,30.6,104.3,0.0,1.0,0.0,0.0,102.5,57.6,167.0,39.0,5.2,86.5,33.29,91.5,179.1,28.5,1
68.0,0,1,0,1,0,36.4,122.3,0.0,1.0,0.0,0.0,131.8,74.0,206.0,56.0,6.3,65.6,4.8,119.6,185.0,34.9,1
54.0,0,1,0,1,0,26.7,80.8,0.0,1.0,0.0,0.0,115.3,72.2,166.0,42.0,6.3,98.3,10.76,97.3,185.7,28.2,1
68.0,0,1,0,1,0,30.9,101.5,0.0,1.0,0.0,0.0,123.3,68.0,113.0,58.0,7.3,91.1,274.35,74.4,153.7,31.5,1
70.0,0,1,0,1,0,39.9,120.9,0.0,1.0,0.0,0.0,124.3,77.3,162.0,29.0,5.7,78.9,4.25,93.4,167.3,33.4,1
79.0,0,1,0,1,0,24.5,82.1,0.0,1.0,0.0,0.0,116.2,73.1,157.0,63.0,5.5,76.9,46.0,83.4,185.2,24.3,1
63.0,0,1,0,1,0,21.8,81.7,0.0,1.0,0.0,0.0,130.6,70.5,178.0,43.0,5.3,89.7,45.76,61.0,169.1,21.3,1
78.0,0,1,0,1,0,23.5,83.3,0.0,1.0,0.0,0.0,113.3,74.0,124.0,34.0,6.0,119.8,29.41,81.9,186.0,23.7,1
62.0,0,1,0,1,0,38.0,121.3,0.0,1.0,0.0,0.0,125.3,80.6,176.0,40.0,5.7,78.8,8.83,108.9,172.5,36.6,1
71.0,0,1,0,1,0,40.1,88.9,0.0,1.0,0.0,0.0,120.1,62.7,110.0,35.0,6.4,55.9,31.25,100.7,157.4,40.6,1
72.0,0,1,0,1,0,30.6,102.6,0.0,1.0,0.0,0.0,95.9,50.3,130.0,40.0,8.9,51.5,38.08,75.7,158.5,30.1,1
78.0,0,1,0,1,0,24.4,96.5,0.0,1.0,0.0,0.0,107.3,63.5,198.0,39.0,5.5,84.1,42.74,90.3,187.0,25.8,1
65.0,0,1,0,1,0,26.8,99.0,0.0,1.0,0.0,0.0,105.8,68.1,120.0,43.0,5.1,78.3,9.22,92.2,186.2,26.6,1
20.0,0,1,0,1,0,37.0,109.3,0.0,1.0,0.0,0.0,97.7,76.5,172.0,27.0,6.2,139.2,40.6,108.0,167.7,38.4,1
40.0,0,1,0,1,0,44.6,126.7,0.0,1.0,0.0,0.0,107.4,63.7,181.0,45.0,6.0,95.2,4.52,121.5,168.6,42.8,1
75.0,0,1,0,1,0,27.0,94.8,0.0,1.0,0.0,0.0,130.0,58.0,185.0,46.0,5.0,59.8,8.35,67.8,157.6,27.3,1
71.0,0,1,0,1,0,22.2,83.6,0.0,1.0,0.0,0.0,101.5,57.3,126.0,39.0,5.3,85.2,140.01,63.2,170.4,21.8,1
74.0,0,1,0,1,0,24.7,91.2,0.0,1.0,0.0,0.0,122.5,53.4,175.0,48.0,5.6,72.3,28.36,84.5,179.7,26.2,1
70.0,0,1,0,1,0,20.1,69.9,0.0,1.0,0.0,0.0,123.1,75.9,127.0,45.0,5.7,81.4,40.19,42.8,146.3,20.0,1
31.0,0,1,0,1,0,31.1,95.5,0.0,1.0,0.0,0.0,105.8,68.1,156.0,37.0,4.9,84.2,4.71,110.0,191.8,29.9,1
28.0,0,1,0,1,0,41.2,127.6,0.0,1.0,0.0,0.0,125.9,66.5,181.0,33.0,5.9,100.3,47.16,121.7,174.2,40.1,1
47.0,0,1,0,1,0,45.3,131.5,0.0,1.0,0.0,0.0,107.6,78.5,180.0,38.0,5.1,107.9,38.99,124.1,172.2,41.9,1
47.0,0,1,0,1,0,34.3,119.3,0.0,1.0,0.0,0.0,134.3,78.4,189.0,42.0,5.2,59.8,19.24,114.0,184.5,33.5,1
60.0,0,1,0,1,0,51.6,145.0,0.0,1.0,0.0,0.0,133.3,81.3,214.0,49.0,6.0,100.1,11.05,136.7,168.1,48.4,1
44.0,0,1,0,1,0,21.7,76.4,0.0,1.0,0.0,0.0,102.3,71.0,165.0,40.0,5.2,101.8,29.82,64.7,171.2,22.1,1
47.0,0,1,0,1,0,23.7,85.6,0.0,1.0,0.0,0.0,97.4,66.1,163.0,49.0,5.3,91.7,11.34,69.9,171.9,23.7,1
72.0,0,1,0,1,0,36.6,120.0,0.0,1.0,0.0,0.0,110.5,67.5,188.0,36.0,5.9,79.3,38.4,121.5,187.4,34.6,1
58.0,1,0,0,0,1,42.1,119.4,1.0,1.0,0.0,0.0,131.8,78.1,181.0,51.0,11.5,44.1,6.22,94.6,155.6,39.1,1
72.0,1,0,0,0,1,43.2,140.6,1.0,1.0,0.0,0.0,196.9,105.2,106.0,43.0,11.0,58.5,38.28,98.2,151.5,42.8,1
70.0,1,0,0,0,1,23.7,90.6,1.0,1.0,0.0,0.0,143.1,92.4,205.0,47.0,5.9,82.3,6.48,55.5,155.8,22.9,1
45.0,1,0,0,0,1,31.3,97.8,1.0,1.0,0.0,0.0,112.6,79.6,168.0,41.0,5.3,102.3,7.9,91.8,170.4,31.6,1
77.0,1,0,0,0,1,22.2,77.8,1.0,1.0,0.0,0.0,120.8,66.0,148.0,53.0,5.5,62.6,36.05,53.0,157.7,21.3,1
72.0,1,0,0,0,1,52.0,148.3,1.0,1.0,0.0,0.0,106.2,66.8,166.0,44.0,9.9,90.1,5.92,121.8,158.4,48.5,1
72.0,1,0,0,0,1,37.9,119.4,1.0,1.0,0.0,0.0,130.1,75.2,225.0,40.0,5.7,62.6,32.68,86.8,151.5,37.8,1
48.0,1,0,0,0,1,26.8,94.4,1.0,1.0,0.0,0.0,110.4,76.0,175.0,41.0,6.1,102.3,55.32,81.4,168.0,28.8,1
53.0,1,0,0,0,1,27.5,100.5,1.0,1.0,0.0,0.0,138.8,83.7,189.0,44.0,5.3,86.0,27.6,89.9,184.6,26.4,1
72.0,1,0,0,0,1,46.2,146.3,1.0,1.0,0.0,0.0,124.2,71.9,163.0,54.0,11.1,59.9,37.74,105.3,154.1,44.4,1
63.0,1,0,0,0,1,49.3,133.3,1.0,1.0,0.0,0.0,121.0,67.9,245.0,39.0,11.8,74.7,19.99,105.7,149.5,47.3,1
51.0,1,0,0,0,1,39.0,124.7,1.0,1.0,0.0,0.0,110.3,69.4,117.0,32.0,13.7,121.0,5.09,129.4,186.8,37.1,1
52.0,1,0,0,0,1,29.1,92.4,1.0,1.0,0.0,0.0,125.3,79.0,122.0,39.0,6.1,74.7,20.68,41.2,150.8,18.1,1
40.0,1,0,0,0,1,42.4,126.4,1.0,1.0,0.0,0.0,103.4,71.9,243.0,36.0,12.7,111.4,46.23,120.9,173.0,40.4,1
46.0,1,0,0,0,1,40.2,124.3,1.0,1.0,0.0,0.0,154.4,105.4,221.0,39.0,8.2,82.6,12.58,98.2,158.3,39.2,1
53.0,1,0,0,0,1,37.1,128.3,1.0,1.0,1.0,1.0,139.4,75.5,92.0,43.0,9.6,44.5,17.97,84.9,157.1,34.4,1
74.0,1,0,0,0,1,40.6,117.5,1.0,1.0,1.0,1.0,97.1,63.4,159.0,37.0,7.2,112.6,10.59,97.3,158.2,38.9,1
65.0,1,0,0,0,1,43.4,131.7,1.0,1.0,1.0,1.0,99.6,67.6,157.0,41.0,7.3,53.5,50.8,97.7,154.5,40.9,1
69.0,1,0,0,0,1,36.2,125.3,1.0,1.0,1.0,1.0,124.8,77.1,107.0,27.0,7.6,73.7,175.2,92.8,165.0,34.1,1
48.0,1,0,0,0,1,25.3,91.9,1.0,1.0,1.0,1.0,106.3,60.2,128.0,63.0,5.8,67.0,104.36,78.3,177.1,25.0,1
68.0,1,0,0,0,1,37.1,117.2,1.0,1.0,1.0,1.0,90.9,62.5,130.0,49.0,5.6,78.7,37.5,110.7,173.0,37.0,1
67.0,1,0,0,0,1,38.6,118.8,1.0,1.0,1.0,1.0,98.0,52.9,162.0,37.0,6.9,68.4,32.05,91.0,156.8,37.0,1
75.0,1,0,0,0,1,26.1,93.6,1.0,1.0,1.0,1.0,131.7,71.9,192.0,96.0,5.7,50.8,61.31,57.7,152.2,24.9,1
71.0,1,0,0,0,1,26.6,103.1,1.0,1.0,1.0,1.0,125.0,76.6,153.0,45.0,5.8,48.0,35.55,65.1,159.1,25.7,1
78.0,1,0,0,0,1,43.2,141.0,1.0,1.0,1.0,1.0,113.5,51.0,97.0,53.0,7.4,64.1,57.06,114.2,165.2,41.8,1
71.0,1,0,0,0,1,27.9,106.1,1.0,1.0,1.0,1.0,118.9,61.4,168.0,73.0,7.0,66.5,61.23,65.8,157.4,26.6,1
72.0,1,0,0,0,1,39.0,126.1,1.0,1.0,1.0,1.0,118.0,44.9,162.0,35.0,6.9,62.0,40.79,98.6,163.2,37.0,1
69.0,1,0,0,0,1,34.3,103.9,1.0,1.0,1.0,1.0,145.3,75.2,156.0,50.0,7.3,114.0,422.95,86.5,158.8,34.3,1
71.0,1,0,0,0,1,49.4,151.6,1.0,1.0,1.0,1.0,108.6,74.4,194.0,38.0,7.7,65.9,124.48,123.7,167.4,44.1,1
70.0,1,0,0,0,1,36.4,121.9,1.0,1.0,1.0,1.0,142.0,78.1,157.0,51.0,5.3,62.4,52.11,83.5,152.7,35.8,1
71.0,1,0,0,0,1,34.1,122.7,1.0,1.0,1.0,1.0,111.7,59.3,167.0,25.0,6.6,103.0,345.42,83.2,156.8,33.8,1
72.0,1,0,0,0,1,38.9,126.6,1.0,1.0,1.0,1.0,110.8,71.2,159.0,40.0,10.1,69.7,7.61,138.4,190.4,38.2,1
75.0,1,0,0,0,1,36.1,126.2,1.0,1.0,1.0,1.0,127.8,66.0,185.0,37.0,7.3,61.2,34.59,85.4,155.8,35.2,1
50.0,1,0,0,0,1,34.0,107.2,1.0,1.0,1.0,1.0,104.2,65.3,167.0,40.0,11.1,97.0,62.07,77.1,156.7,31.4,1
75.0,1,0,0,0,1,41.9,129.7,1.0,1.0,1.0,1.0,129.4,66.8,88.0,35.0,11.1,49.2,10.57,97.1,159.3,38.3,1
64.0,1,0,0,0,1,36.2,111.2,1.0,1.0,1.0,1.0,136.8,81.2,173.0,39.0,6.4,68.9,8.1,97.5,165.2,35.7,1
73.0,1,0,0,0,1,38.9,123.8,1.0,1.0,1.0,1.0,120.7,75.8,132.0,37.0,6.1,95.9,8.94,77.6,159.2,30.6,1
68.0,1,0,0,0,1,33.3,113.4,1.0,1.0,1.0,1.0,142.6,71.4,171.0,55.0,6.6,78.8,13.13,88.7,167.6,31.6,1
72.0,1,0,0,0,1,27.6,94.9,1.0,1.0,1.0,1.0,106.4,69.6,169.0,86.0,5.5,69.9,113.17,54.8,141.1,27.5,1
79.0,1,0,0,0,1,37.2,121.0,1.0,1.0,1.0,1.0,134.3,62.4,141.0,75.0,5.8,34.0,17.47,87.1,158.9,34.5,1
74.0,1,0,0,0,1,26.3,101.5,1.0,1.0,1.0,1.0,127.0,68.9,120.0,84.0,6.0,67.9,190.89,66.6,162.4,25.3,1
69.0,0,1,0,1,0,26.5,96.7,0.0,0.0,0.0,0.0,113.1,73.4,174.0,54.0,5.2,58.1,5.91,90.8,187.9,25.7,1
68.0,0,1,0,1,0,28.1,98.8,0.0,0.0,0.0,0.0,101.2,73.2,190.0,85.0,5.1,78.2,6.41,63.0,151.2,27.6,1
31.0,0,1,0,1,0,29.6,101.2,0.0,0.0,0.0,0.0,105.5,74.6,208.0,39.0,5.1,103.9,12.38,93.5,180.8,28.6,1
48.0,0,1,0,1,0,20.2,76.4,0.0,0.0,0.0,0.0,151.5,86.3,133.0,34.0,4.9,76.8,39.48,68.2,183.8,20.2,1
31.0,0,1,0,1,0,39.6,127.9,0.0,0.0,0.0,0.0,105.2,72.5,205.0,31.0,4.9,112.7,7.97,103.4,163.0,38.9,1
53.0,0,1,0,1,0,26.3,94.4,0.0,0.0,0.0,0.0,132.8,80.1,203.0,74.0,4.9,81.4,5.06,88.1,186.3,25.4,1
50.0,0,1,0,1,0,24.8,99.0,0.0,0.0,0.0,0.0,130.3,80.8,123.0,41.0,5.4,91.9,4.12,67.0,182.1,20.2,1
32.0,0,1,0,1,0,29.6,102.4,0.0,0.0,0.0,0.0,108.7,72.9,197.0,51.0,5.4,99.0,8.95,57.9,153.6,24.5,1
39.0,0,1,0,1,0,38.1,129.6,0.0,0.0,0.0,0.0,103.6,71.4,172.0,30.0,5.5,106.9,11.23,111.8,172.6,37.5,1
43.0,0,1,0,1,0,29.0,99.3,0.0,0.0,0.0,0.0,114.3,72.5,143.0,63.0,4.8,89.3,1.25,65.0,154.4,27.3,1
69.0,0,1,0,1,0,30.2,108.2,0.0,0.0,0.0,0.0,131.7,76.5,125.0,46.0,5.7,72.2,198.83,102.8,187.8,29.1,1
72.0,0,1,0,1,0,31.2,114.9,0.0,0.0,0.0,0.0,125.1,58.6,181.0,46.0,9.1,71.7,44.4,84.9,169.2,29.7,1
28.0,0,1,0,1,0,23.6,86.4,0.0,0.0,0.0,0.0,120.7,72.5,182.0,47.0,4.9,77.9,7.69,69.5,168.9,24.4,1
61.0,0,1,0,1,0,23.2,96.8,0.0,0.0,0.0,0.0,114.3,75.9,120.0,36.0,6.7,78.4,5.39,63.6,170.7,21.8,1
78.0,0,1,0,1,0,33.9,117.1,0.0,0.0,0.0,0.0,107.0,73.6,201.0,37.0,6.0,86.4,38.05,94.1,169.9,32.6,1
78.0,0,1,0,1,0,24.1,85.5,0.0,0.0,0.0,0.0,90.4,65.5,187.0,37.0,4.7,97.8,44.05,62.0,164.9,22.8,1
68.0,0,1,0,1,0,21.1,81.5,0.0,0.0,0.0,0.0,103.5,65.0,179.0,56.0,5.8,102.1,38.62,70.8,183.1,21.1,1
37.0,0,1,0,1,0,29.5,102.5,0.0,0.0,0.0,0.0,114.0,59.9,141.0,42.0,5.4,68.8,5.68,89.7,180.3,27.6,1
39.0,0,1,0,1,0,26.1,84.6,0.0,0.0,0.0,0.0,122.6,73.1,194.0,42.0,5.3,99.2,13.57,87.2,186.0,25.2,1
75.0,0,1,0,1,0,41.2,126.4,0.0,0.0,0.0,0.0,110.9,66.6,145.0,39.0,5.9,73.2,53.19,136.1,185.8,39.4,1
60.0,0,1,0,1,0,22.7,84.2,0.0,0.0,0.0,0.0,132.2,74.4,154.0,48.0,6.2,89.4,3.38,73.9,170.8,25.3,1
53.0,0,1,0,1,0,36.6,105.9,0.0,0.0,0.0,0.0,110.1,74.4,244.0,36.0,5.8,132.2,7.72,118.5,183.1,35.3,1
28.0,0,1,0,1,0,22.1,75.9,0.0,0.0,0.0,0.0,129.1,81.4,151.0,41.0,6.0,84.2,285.63,51.6,158.7,20.5,1
76.0,0,1,0,1,0,26.3,94.3,0.0,0.0,0.0,0.0,105.3,62.6,126.0,79.0,5.8,68.3,323.44,75.2,169.1,26.3,1
70.0,0,1,0,1,0,32.0,93.9,0.0,0.0,0.0,0.0,155.2,84.7,160.0,41.0,11.0,62.6,86.0,78.6,159.1,31.0,1
34.0,0,1,0,1,0,31.3,102.6,0.0,0.0,0.0,0.0,113.3,73.1,111.0,28.0,5.9,116.5,12.97,106.3,189.7,29.5,1
72.0,0,1,0,0,1,41.2,133.4,1.0,1.0,1.0,1.0,102.8,56.8,175.0,55.0,7.7,104.7,7.82,129.1,180.3,39.7,1
75.0,0,1,0,0,1,35.6,113.8,1.0,1.0,1.0,1.0,135.5,80.3,172.0,51.0,6.1,76.4,46.19,119.5,186.8,34.2,1
59.0,0,1,0,0,1,43.7,138.5,1.0,1.0,1.0,1.0,101.6,64.4,89.0,39.0,5.6,89.6,10.1,123.6,169.5,43.0,1
44.0,0,1,0,0,1,38.3,131.6,1.0,1.0,1.0,1.0,132.5,90.6,211.0,27.0,9.0,66.7,11.25,130.7,189.4,36.4,1
78.0,0,1,0,0,1,44.1,142.1,1.0,1.0,1.0,1.0,148.5,83.3,213.0,40.0,6.0,63.4,12.58,146.1,184.9,42.7,1
53.0,0,1,0,0,1,41.2,139.0,1.0,1.0,1.0,1.0,113.2,74.3,165.0,30.0,7.6,43.9,0.56,95.6,154.5,40.0,1
78.0,0,1,0,0,1,42.9,138.4,1.0,1.0,1.0,1.0,139.1,64.5,131.0,36.0,9.4,41.4,39.52,142.4,185.5,41.4,1
67.0,0,1,0,0,1,25.8,97.0,1.0,1.0,1.0,1.0,117.4,74.5,213.0,46.0,6.1,68.0,1092.26,84.5,179.0,26.4,1
67.0,0,1,0,0,1,38.9,126.2,1.0,1.0,1.0,1.0,114.2,76.5,165.0,38.0,5.6,81.3,11.64,127.6,182.5,38.3,1
73.0,0,1,0,0,1,35.6,114.1,1.0,1.0,1.0,1.0,133.3,83.3,220.0,41.0,8.5,65.2,20.29,86.1,154.6,36.0,1
54.0,0,1,0,0,1,36.9,113.7,1.0,1.0,1.0,1.0,104.2,73.1,133.0,29.0,7.9,121.2,10.97,84.9,153.5,36.0,1
76.0,0,1,0,0,1,43.4,136.3,1.0,1.0,1.0,1.0,118.4,64.5,153.0,41.0,11.0,107.1,12.35,140.5,185.3,40.9,1
65.0,0,1,0,0,1,36.2,125.1,1.0,1.0,1.0,1.0,119.3,59.2,188.0,42.0,9.4,45.7,11.19,109.5,174.4,36.0,1
79.0,0,1,0,0,1,34.3,111.5,1.0,1.0,1.0,1.0,106.2,49.0,164.0,39.0,7.1,69.4,13.41,102.1,169.4,35.6,1
76.0,0,1,0,0,1,38.4,121.3,1.0,1.0,1.0,1.0,145.1,86.0,133.0,40.0,6.5,41.5,10.12,84.1,151.6,36.6,1
62.0,0,1,0,0,1,36.7,127.0,1.0,1.0,1.0,1.0,116.5,80.0,169.0,48.0,10.0,56.8,16.13,107.7,173.5,35.8,1
70.0,0,1,0,0,1,20.2,89.4,1.0,1.0,1.0,1.0,132.2,70.6,173.0,47.0,12.7,70.1,5.85,72.6,187.9,20.6,1
71.0,0,1,0,0,1,40.0,135.1,1.0,1.0,1.0,1.0,118.7,60.7,106.0,37.0,13.6,44.2,6.58,122.5,176.8,39.2,1
54.0,0,1,0,0,1,26.7,97.4,1.0,1.0,1.0,1.0,118.0,58.8,141.0,38.0,7.2,51.7,337.53,61.2,157.6,24.7,1
73.0,0,1,0,0,1,28.0,98.2,1.0,1.0,1.0,1.0,113.9,57.5,208.0,37.0,5.9,49.8,27.25,96.7,188.8,27.1,1
69.0,0,1,0,0,1,36.1,115.8,1.0,1.0,1.0,1.0,108.3,63.6,146.0,34.0,9.8,54.3,49.77,102.3,167.7,36.4,1
79.0,0,1,0,0,1,34.5,120.2,1.0,1.0,1.0,1.0,143.1,64.4,90.0,38.0,8.7,55.7,15.11,113.5,180.9,34.7,1
73.0,0,1,0,0,1,28.4,105.0,1.0,1.0,1.0,1.0,115.2,63.6,122.0,49.0,5.7,97.3,4.9,66.2,152.2,28.6,1
47.0,0,1,0,0,1,39.1,137.0,1.0,1.0,1.0,1.0,101.2,68.1,150.0,40.0,8.1,118.4,62.71,111.9,170.6,38.4,1
73.0,0,1,0,0,1,26.3,106.4,1.0,1.0,1.0,1.0,125.7,79.1,158.0,36.0,13.8,59.1,45.38,82.9,178.0,26.2,1
50.0,0,1,0,0,1,26.7,96.2,1.0,1.0,0.0,0.0,114.2,64.9,182.0,41.0,5.9,89.1,7.0,74.9,172.9,25.1,0
51.0,0,1,0,0,1,33.1,112.6,1.0,1.0,0.0,0.0,143.8,93.4,184.0,37.0,5.9,113.8,11.3,87.3,165.4,31.9,0
41.0,0,1,0,0,1,36.7,127.4,1.0,1.0,0.0,0.0,133.0,81.5,280.0,33.0,9.6,124.2,35.18,103.6,173.1,34.6,0
49.0,0,1,0,0,1,36.0,116.4,1.0,1.0,0.0,0.0,135.6,84.4,237.0,39.0,5.4,90.3,4.3,125.6,188.6,35.3,0
58.0,0,1,0,0,1,29.9,109.8,1.0,1.0,0.0,0.0,134.5,77.4,158.0,61.0,5.9,124.1,23.2,84.8,172.1,28.6,0
42.0,0,1,0,0,1,27.3,95.4,1.0,1.0,0.0,0.0,114.3,71.7,205.0,43.0,5.0,106.6,7.76,92.4,179.9,28.6,0
68.0,0,1,0,0,1,20.7,89.9,1.0,1.0,0.0,0.0,138.1,80.5,98.0,54.0,7.8,76.2,32.93,51.6,158.3,20.6,0
62.0,0,1,0,0,1,37.6,121.4,1.0,1.0,0.0,0.0,147.2,82.1,147.0,43.0,9.5,94.5,4.83,123.0,172.7,41.2,0
56.0,0,1,0,0,1,43.1,139.2,1.0,1.0,0.0,0.0,133.0,80.8,152.0,41.0,6.9,107.6,4.82,100.2,154.3,42.1,0
46.0,0,1,0,0,1,54.9,158.4,1.0,1.0,0.0,0.0,130.4,81.6,185.0,45.0,6.0,95.8,5.86,159.9,175.5,51.9,0
45.0,0,1,0,0,1,30.9,114.9,1.0,1.0,0.0,0.0,143.1,72.9,171.0,36.0,7.9,60.5,0.3,89.5,168.6,31.5,0
72.0,0,1,0,0,1,39.1,123.4,1.0,1.0,0.0,0.0,143.1,89.4,231.0,43.0,6.2,55.6,8.49,130.3,187.4,37.1,0
29.0,0,1,0,0,1,29.5,102.0,1.0,1.0,0.0,0.0,131.4,80.9,170.0,39.0,5.3,75.7,6.47,65.8,162.7,24.9,0
34.0,0,1,0,0,1,38.2,133.4,1.0,1.0,0.0,0.0,140.3,79.2,200.0,43.0,5.9,99.6,7.08,105.1,172.8,35.2,0
47.0,0,1,0,0,1,32.9,111.7,1.0,1.0,0.0,0.0,139.6,83.2,245.0,46.0,7.1,70.3,9.54,111.1,185.2,32.4,0
47.0,0,1,0,0,1,51.2,147.1,1.0,1.0,0.0,0.0,127.1,79.6,114.0,39.0,6.6,106.8,10.12,182.5,192.1,49.4,0
41.0,0,1,0,0,1,57.1,165.6,1.0,1.0,0.0,0.0,112.2,75.9,151.0,37.0,6.0,85.9,3.2,156.2,169.8,54.2,0
62.0,0,1,0,0,1,49.5,137.1,1.0,1.0,0.0,0.0,97.1,52.2,148.0,35.0,10.8,99.6,138.85,105.7,151.8,45.9,0
51.0,0,1,0,0,1,23.8,90.7,1.0,1.0,0.0,0.0,105.8,68.3,167.0,42.0,8.7,111.5,5.41,81.0,184.1,23.9,0
69.0,0,1,0,0,1,40.9,127.2,1.0,1.0,0.0,0.0,129.5,75.6,272.0,43.0,5.0,76.8,4.5,140.3,189.1,39.2,0
73.0,0,1,0,0,1,38.3,125.7,1.0,1.0,0.0,0.0,111.4,74.1,168.0,36.0,5.2,79.8,3.5,126.6,185.2,36.9,0
74.0,0,1,0,0,1,43.4,140.0,1.0,1.0,0.0,0.0,140.5,79.9,127.0,42.0,9.8,80.8,8.76,138.0,182.1,41.6,0
62.0,1,0,0,1,0,36.7,101.3,1.0,1.0,1.0,0.0,107.4,58.1,175.0,53.0,6.1,95.4,263.45,78.6,150.6,34.6,0
56.0,1,0,0,1,0,36.6,119.5,1.0,1.0,1.0,0.0,105.1,71.2,168.0,38.0,9.1,93.0,1.33,95.8,162.4,36.3,0
72.0,1,0,0,1,0,31.1,116.5,1.0,1.0,1.0,0.0,124.4,78.1,250.0,32.0,5.4,80.8,8.76,101.5,182.4,30.5,0
46.0,1,0,0,1,0,36.9,110.0,1.0,1.0,1.0,0.0,122.6,81.0,197.0,36.0,8.8,99.0,5.08,72.1,154.3,30.3,0
59.0,1,0,0,1,0,39.2,126.8,1.0,1.0,1.0,0.0,134.5,61.5,105.0,34.0,10.8,93.7,298.69,100.1,158.9,39.7,0
41.0,1,0,0,1,0,36.5,114.7,1.0,1.0,1.0,0.0,120.1,72.5,189.0,45.0,6.2,96.7,38.49,82.1,150.0,36.5,0
58.0,1,0,0,1,0,33.9,104.9,1.0,1.0,1.0,0.0,119.2,76.7,157.0,64.0,5.2,99.7,11.99,74.5,159.5,29.3,0
70.0,1,0,0,1,0,40.8,139.6,1.0,1.0,1.0,0.0,102.5,84.0,202.0,44.0,7.3,98.9,4.48,144.6,190.9,39.7,0
73.0,1,0,0,1,0,50.6,147.5,1.0,1.0,1.0,0.0,152.6,87.7,197.0,50.0,6.2,69.9,11.24,111.1,152.7,47.6,0
59.0,1,0,0,1,0,48.7,146.5,1.0,1.0,1.0,0.0,130.8,79.4,183.0,40.0,5.7,94.0,10.35,110.6,152.9,47.3,0
41.0,1,0,0,1,0,31.0,98.4,1.0,1.0,1.0,0.0,118.1,73.8,136.0,31.0,6.9,60.9,6.19,80.2,158.1,32.1,0
63.0,1,0,0,1,0,39.9,139.4,1.0,1.0,1.0,0.0,115.6,76.2,226.0,37.0,10.9,99.7,12.79,76.3,154.6,31.9,0
44.0,1,0,0,1,0,45.8,151.6,1.0,1.0,1.0,0.0,109.8,69.4,197.0,46.0,9.1,112.4,9.77,107.7,157.0,43.7,0
42.0,1,0,0,1,0,31.3,120.4,1.0,1.0,1.0,0.0,104.8,72.3,167.0,34.0,6.0,94.6,39.84,76.8,157.3,31.0,0
67.0,1,0,0,1,0,37.3,119.9,1.0,1.0,1.0,0.0,104.9,66.0,144.0,35.0,8.4,97.8,0.3,84.7,153.5,35.9,0
54.0,1,0,0,1,0,38.7,123.9,1.0,1.0,1.0,0.0,122.4,66.5,137.0,36.0,7.1,90.9,11.37,80.0,156.1,32.8,0
32.0,1,0,0,1,0,34.5,109.1,1.0,1.0,1.0,0.0,104.2,62.9,167.0,45.0,5.8,86.7,36.13,78.1,152.0,33.8,0
54.0,1,0,0,1,0,26.5,97.4,1.0,1.0,1.0,0.0,113.8,73.6,130.0,34.0,6.3,98.6,30.58,72.2,168.3,25.5,0
48.0,1,0,0,1,0,39.8,120.8,1.0,1.0,1.0,0.0,111.9,67.7,201.0,82.0,6.8,71.0,10.53,72.1,155.6,29.8,0
74.0,1,0,0,1,0,33.6,114.2,1.0,1.0,1.0,0.0,108.9,55.3,169.0,36.0,5.9,94.7,9.92,75.5,152.8,32.3,0
41.0,1,0,0,1,0,42.3,122.6,1.0,1.0,1.0,0.0,138.2,74.2,197.0,38.0,5.7,101.4,10.54,102.6,159.0,40.6,0
59.0,1,0,0,1,0,37.8,131.1,1.0,1.0,1.0,0.0,125.5,75.0,217.0,30.0,7.4,95.9,56.2,92.5,159.0,36.6,0
70.0,1,0,0,1,0,39.9,135.9,1.0,1.0,1.0,0.0,133.6,82.2,127.0,38.0,10.2,83.6,6.08,134.8,179.0,42.1,0
48.0,1,0,0,1,0,38.3,93.6,1.0,1.0,1.0,0.0,106.9,62.6,167.0,45.0,8.8,96.8,6.78,103.9,169.0,36.4,0
61.0,1,0,0,1,0,36.2,116.2,1.0,1.0,1.0,0.0,142.4,80.4,199.0,38.0,10.8,99.3,35.25,79.1,151.2,34.6,0
53.0,0,1,0,0,1,29.1,104.1,0.0,0.0,1.0,0.0,111.8,59.9,159.0,56.0,5.3,83.4,48.31,98.8,190.6,27.2,1
44.0,0,1,0,0,1,40.7,118.3,0.0,0.0,1.0,0.0,131.4,84.5,151.0,35.0,10.1,107.8,24.93,109.5,170.7,37.6,1
33.0,0,1,0,0,1,26.0,97.4,0.0,0.0,1.0,0.0,109.6,55.8,128.0,43.0,8.1,69.9,48.57,88.8,186.6,25.5,1
27.0,0,1,0,0,1,53.2,151.7,0.0,0.0,1.0,0.0,108.0,66.4,180.0,44.0,5.5,114.7,14.44,128.3,158.0,51.4,1
74.0,0,1,0,0,1,21.2,78.9,0.0,0.0,1.0,0.0,123.6,73.8,133.0,38.0,14.2,78.6,52.55,65.2,175.2,21.2,1
47.0,0,1,0,0,1,41.7,136.7,0.0,0.0,1.0,0.0,117.2,82.5,158.0,39.0,11.9,88.3,33.0,126.6,180.1,39.0,1
24.0,0,1,0,0,1,35.7,115.1,0.0,0.0,1.0,0.0,111.2,74.1,161.0,41.0,5.4,127.0,98.07,113.8,182.0,34.3,1
55.0,0,1,0,0,1,27.1,89.9,0.0,0.0,1.0,0.0,107.2,70.5,163.0,38.0,5.0,136.5,43.32,77.8,170.9,26.6,1
54.0,0,1,0,0,1,24.8,95.0,0.0,0.0,1.0,0.0,111.7,73.3,161.0,40.0,5.1,97.6,37.69,73.6,172.7,24.7,1
79.0,0,1,0,0,1,24.3,92.4,0.0,0.0,1.0,0.0,132.2,74.6,165.0,73.0,6.3,73.1,18.84,59.1,158.5,23.5,1
51.0,0,1,0,0,1,21.8,93.0,0.0,0.0,1.0,0.0,114.6,76.3,137.0,28.0,5.1,77.2,8.81,72.1,183.6,21.4,1
21.0,0,1,0,0,1,26.7,86.3,0.0,0.0,1.0,0.0,105.9,92.1,153.0,45.0,5.3,131.4,5.94,70.2,168.0,24.9,1
49.0,0,1,0,0,1,33.0,102.1,0.0,0.0,1.0,0.0,100.6,52.9,152.0,69.0,6.5,118.1,133.89,101.0,177.4,32.1,1
18.0,0,1,0,0,1,25.6,74.3,0.0,0.0,1.0,0.0,118.6,72.2,182.0,51.0,4.9,133.9,18.8,60.1,156.8,24.4,1
75.0,0,1,0,0,1,23.3,98.0,0.0,0.0,1.0,0.0,118.1,62.2,211.0,61.0,5.4,72.3,7.9,62.1,168.5,21.9,1
71.0,0,1,0,0,1,21.3,83.5,0.0,0.0,1.0,0.0,118.4,75.3,150.0,74.0,6.3,71.1,32.86,50.1,157.2,20.3,1
52.0,0,1,0,0,1,40.9,135.6,0.0,0.0,1.0,0.0,127.6,85.9,158.0,50.0,7.0,93.6,16.05,85.6,148.1,39.0,1
60.0,0,1,0,0,1,21.4,90.9,0.0,0.0,1.0,0.0,128.7,80.7,188.0,59.0,7.1,98.0,30.52,68.4,184.4,20.1,1
45.0,0,1,0,0,1,25.7,102.4,0.0,0.0,1.0,0.0,120.8,86.9,145.0,59.0,5.2,84.1,13.02,78.3,178.6,24.6,1
60.0,0,1,0,0,1,31.6,113.2,0.0,0.0,1.0,0.0,105.5,73.1,173.0,35.0,5.8,88.1,12.94,105.8,184.3,31.1,1
70.0,0,1,0,0,1,21.1,88.1,0.0,0.0,1.0,0.0,113.0,65.2,206.0,41.0,5.3,119.2,5.54,72.0,184.7,21.1,1
71.0,0,1,0,0,1,24.2,82.4,0.0,0.0,1.0,0.0,102.8,59.2,219.0,44.0,6.4,90.8,97.24,61.8,159.0,24.5,1
26.0,0,1,0,0,1,21.1,78.0,0.0,0.0,1.0,0.0,109.9,82.1,171.0,36.0,5.4,134.7,56.63,60.9,168.9,21.4,1
68.0,0,1,0,0,1,22.2,82.6,0.0,0.0,1.0,0.0,125.7,49.4,172.0,65.0,5.6,78.0,3.06,67.4,171.5,22.9,1
80.0,1,0,0,0,1,35.0,103.6,0.0,1.0,1.0,0.0,112.9,58.0,143.0,69.0,5.4,102.4,11.04,94.0,165.1,34.5,0
80.0,1,0,0,0,1,30.1,111.7,0.0,1.0,1.0,0.0,99.1,53.2,162.0,51.0,6.3,81.8,4.59,75.9,159.8,29.7,0
80.0,1,0,0,0,1,42.0,129.0,0.0,1.0,1.0,0.0,150.6,77.5,231.0,63.0,6.9,72.7,13.58,103.1,159.7,40.4,0
80.0,1,0,0,0,1,46.5,132.9,0.0,1.0,1.0,0.0,129.4,69.4,139.0,82.0,5.1,81.0,26.66,125.6,168.2,44.4,0
80.0,1,0,0,0,1,28.3,90.6,0.0,1.0,1.0,0.0,149.6,80.8,194.0,97.0,5.3,48.5,34.61,66.3,157.6,26.7,0
80.0,1,0,0,0,1,24.8,90.9,0.0,1.0,1.0,0.0,125.1,59.8,220.0,82.0,5.5,70.1,3.52,63.4,164.9,23.3,0
80.0,1,0,0,0,1,42.4,136.9,0.0,1.0,1.0,0.0,132.5,64.0,213.0,40.0,5.7,57.7,361.86,84.3,144.3,40.5,0
80.0,1,0,0,0,1,26.2,94.3,0.0,1.0,1.0,0.0,117.5,73.2,138.0,43.0,5.9,85.5,13.61,70.9,172.7,23.8,0
80.0,1,0,0,0,1,22.6,87.4,0.0,1.0,1.0,0.0,124.2,76.4,214.0,58.0,5.5,76.6,13.79,57.6,157.4,23.3,0
80.0,1,0,0,0,1,28.0,98.2,0.0,1.0,1.0,0.0,119.7,75.7,197.0,74.0,5.4,63.7,9.19,73.4,162.5,27.8,0
80.0,1,0,0,0,1,41.2,124.9,0.0,1.0,1.0,0.0,112.4,44.2,183.0,33.0,6.5,75.9,6.83,106.0,167.3,37.9,0
80.0,1,0,0,0,1,27.7,96.4,0.0,1.0,1.0,0.0,122.0,62.4,211.0,79.0,5.7,48.8,7.62,72.8,164.9,26.8,0
80.0,1,0,0,0,1,24.4,90.8,0.0,1.0,1.0,0.0,131.9,63.3,231.0,69.0,5.8,73.5,8.99,58.3,158.0,23.4,0
80.0,1,0,0,0,1,29.7,69.3,0.0,1.0,1.0,0.0,148.2,76.1,232.0,46.0,5.4,54.4,11.48,78.3,164.7,28.9,0
80.0,1,0,0,0,1,23.0,88.6,0.0,1.0,1.0,0.0,118.1,71.4,185.0,35.0,5.5,74.0,7.54,55.7,160.3,21.7,0
80.0,1,0,0,0,1,23.6,82.8,0.0,1.0,1.0,0.0,125.8,63.8,210.0,56.0,4.9,99.1,25.76,57.2,156.9,23.3,0
80.0,1,0,0,0,1,24.2,85.8,0.0,1.0,1.0,0.0,147.7,87.8,211.0,76.0,6.0,70.8,5.36,61.1,162.4,23.2,0
80.0,1,0,0,0,1,27.5,102.2,0.0,1.0,1.0,0.0,139.2,82.0,187.0,36.0,5.9,80.7,8.62,68.7,162.4,26.1,0
80.0,1,0,0,0,1,28.9,101.7,0.0,1.0,1.0,0.0,132.0,64.3,189.0,63.0,5.6,83.8,4.85,82.7,169.8,28.7,0
80.0,1,0,0,0,1,26.8,95.7,0.0,1.0,1.0,0.0,132.9,61.7,167.0,89.0,5.7,62.3,12.14,59.7,152.4,25.7,0
80.0,1,0,0,0,1,29.1,99.5,0.0,1.0,1.0,0.0,134.3,77.3,210.0,82.0,4.9,63.9,3.11,64.9,148.8,29.3,0
80.0,1,0,0,0,1,20.3,73.6,0.0,1.0,1.0,0.0,125.6,79.0,249.0,60.0,5.2,86.9,6.53,48.9,151.0,21.5,0
80.0,1,0,0,0,1,27.3,97.8,0.0,1.0,1.0,0.0,130.7,67.3,146.0,57.0,5.4,72.7,9.21,71.5,169.5,24.9,0
80.0,1,0,0,0,1,18.9,74.6,0.0,1.0,1.0,0.0,109.6,52.3,186.0,43.0,4.9,79.6,8.01,50.8,165.1,18.6,0
70.0,1,0,0,1,0,27.5,94.5,0.0,1.0,1.0,0.0,151.5,47.1,135.0,50.0,5.4,63.3,30.27,65.0,151.8,28.2,1
72.0,1,0,0,1,0,35.3,112.4,0.0,1.0,1.0,0.0,128.0,90.0,191.0,42.0,6.9,101.1,29.13,79.6,157.9,31.9,1
70.0,1,0,0,1,0,34.5,111.8,0.0,1.0,1.0,0.0,125.4,56.5,162.0,34.0,5.5,102.7,27.22,74.5,151.3,32.5,1
70.0,1,0,0,1,0,25.5,86.8,0.0,1.0,1.0,0.0,108.2,50.9,205.0,89.0,5.3,89.4,11.4,60.6,159.0,24.0,1
72.0,1,0,0,1,0,29.4,99.5,0.0,1.0,1.0,0.0,132.6,77.8,178.0,51.0,6.3,54.4,27.59,88.5,173.4,29.4,1
74.0,1,0,0,1,0,24.5,92.7,0.0,1.0,1.0,0.0,149.2,60.6,194.0,62.0,5.9,59.4,33.35,56.7,157.1,23.0,1
71.0,1,0,0,1,0,22.2,82.5,0.0,1.0,1.0,0.0,141.1,73.1,161.0,75.0,5.3,56.3,63.37,55.9,158.4,22.3,1
79.0,1,0,0,1,0,37.3,125.8,0.0,1.0,1.0,0.0,107.8,47.6,145.0,50.0,8.4,63.8,42.06,85.2,156.9,34.6,1
77.0,1,0,0,1,0,42.9,129.0,0.0,1.0,1.0,0.0,111.6,72.6,187.0,56.0,5.6,40.2,40.89,103.6,159.0,41.0,1
75.0,1,0,0,1,0,24.4,87.4,0.0,1.0,1.0,0.0,128.5,66.4,189.0,78.0,6.2,79.7,30.68,54.7,153.7,23.2,1
69.0,1,0,0,1,0,27.3,93.1,0.0,1.0,1.0,0.0,123.3,46.2,172.0,63.0,5.3,75.2,12.79,60.2,152.4,25.9,1
66.0,1,0,0,1,0,47.9,150.4,0.0,1.0,1.0,0.0,108.4,67.7,136.0,40.0,8.5,74.2,33.92,114.2,158.5,45.5,1
73.0,1,0,0,1,0,24.9,89.1,0.0,1.0,1.0,0.0,138.1,61.4,140.0,37.0,5.7,75.5,31.06,84.9,185.6,24.7,1
75.0,1,0,0,1,0,33.4,114.2,0.0,1.0,1.0,0.0,114.6,73.0,182.0,82.0,5.7,62.8,5.29,73.7,152.2,31.8,1
67.0,1,0,0,1,0,36.3,116.2,0.0,1.0,1.0,0.0,113.2,76.7,133.0,42.0,6.1,77.7,25.85,99.4,172.1,33.6,1
54.0,1,0,0,1,0,32.6,96.8,0.0,1.0,1.0,0.0,114.3,34.0,200.0,49.0,5.7,102.7,7.06,74.9,153.0,32.0,1
61.0,1,0,0,1,0,28.0,98.9,0.0,1.0,1.0,0.0,109.5,64.5,177.0,73.0,5.9,101.9,25.46,73.8,165.2,27.0,1
69.0,1,0,0,1,0,25.7,89.8,0.0,1.0,1.0,0.0,122.8,62.3,124.0,52.0,4.5,80.9,10.94,65.4,162.9,24.6,1
49.0,1,0,0,1,0,36.2,109.2,0.0,1.0,1.0,0.0,107.7,58.2,198.0,37.0,6.4,93.2,1227.14,81.9,154.2,34.5,1
70.0,1,0,0,1,0,27.7,99.1,0.0,1.0,1.0,0.0,112.6,73.7,198.0,30.0,8.1,76.9,9.09,69.1,158.6,27.5,1
64.0,1,0,0,1,0,40.4,126.4,0.0,1.0,1.0,0.0,99.6,88.7,198.0,84.0,6.2,59.1,12.87,91.3,156.8,37.1,1
65.0,1,0,0,1,0,30.2,98.9,0.0,1.0,1.0,0.0,134.3,82.6,224.0,53.0,5.7,61.2,5.38,64.4,165.2,23.6,1
48.0,1,0,0,1,0,24.6,68.8,0.0,1.0,1.0,0.0,94.6,58.5,139.0,42.0,7.2,105.5,49.02,50.8,142.3,25.1,1
60.0,1,0,0,1,0,35.7,118.7,0.0,1.0,1.0,0.0,126.1,70.1,209.0,39.0,5.5,93.8,22.85,92.1,165.2,33.8,1
42.0,1,0,1,0,0,36.8,115.5,0.0,0.0,0.0,0.0,103.5,65.3,186.0,83.0,5.6,115.8,64.23,86.8,157.6,35.0,1
29.0,1,0,1,0,0,28.5,86.8,0.0,0.0,0.0,0.0,123.1,71.1,153.0,46.0,5.8,118.5,3.08,68.9,167.5,24.5,1
52.0,1,0,1,0,0,42.5,121.5,0.0,0.0,0.0,0.0,118.0,76.1,173.0,35.0,5.5,74.9,49.83,101.1,157.9,40.5,1
31.0,1,0,1,0,0,22.9,90.8,0.0,0.0,0.0,0.0,112.3,71.7,119.0,34.0,9.0,104.9,8.26,68.9,166.8,24.8,1
50.0,1,0,1,0,0,42.6,130.1,0.0,0.0,0.0,0.0,101.8,69.3,190.0,47.0,5.4,84.3,9.92,135.6,184.0,40.1,1
21.0,1,0,1,0,0,29.5,94.4,0.0,0.0,0.0,0.0,121.6,65.1,204.0,46.0,6.3,125.1,47.09,81.6,169.1,28.5,1
23.0,1,0,1,0,0,47.7,125.7,0.0,0.0,0.0,0.0,114.6,71.2,159.0,39.0,6.2,118.6,7.7,113.1,157.8,45.4,1
60.0,1,0,1,0,0,47.5,134.3,0.0,0.0,0.0,0.0,119.3,74.0,209.0,33.0,5.4,96.9,39.73,88.8,153.1,37.9,1
72.0,1,0,1,0,0,48.9,136.0,0.0,0.0,0.0,0.0,111.9,74.6,190.0,40.0,7.1,101.7,9.68,158.2,184.7,46.4,1
49.0,1,0,1,0,0,40.3,109.6,0.0,0.0,0.0,0.0,121.5,83.3,181.0,41.0,5.8,107.0,339.67,84.4,156.7,34.4,1
32.0,1,0,1,0,0,34.6,115.9,0.0,0.0,0.0,0.0,131.6,79.8,116.0,37.0,5.9,68.2,10.22,84.9,156.4,34.7,1
75.0,1,0,1,0,0,20.9,85.5,0.0,0.0,0.0,0.0,104.8,67.7,175.0,40.0,5.5,118.3,7.59,61.9,175.3,20.1,1
22.0,1,0,1,0,0,38.4,106.7,0.0,0.0,0.0,0.0,100.7,75.6,107.0,41.0,6.2,110.2,45.33,113.5,168.8,39.8,1
44.0,1,0,1,0,0,40.7,123.1,0.0,0.0,0.0,0.0,104.5,65.8,198.0,46.0,6.3,108.5,40.51,91.5,154.1,38.5,1
67.0,1,0,1,0,0,23.5,85.1,0.0,0.0,0.0,0.0,134.4,88.8,189.0,63.0,5.5,81.9,52.22,66.9,171.4,22.8,1
33.0,1,0,1,0,0,30.8,97.7,0.0,0.0,0.0,0.0,114.8,82.2,173.0,55.0,4.9,122.0,50.61,66.9,154.0,28.2,1
40.0,1,0,1,0,0,38.9,122.2,0.0,0.0,0.0,0.0,138.8,82.7,227.0,59.0,5.1,86.8,9.85,88.5,156.5,36.1,1
34.0,1,0,1,0,0,50.4,129.6,0.0,0.0,0.0,0.0,135.4,75.3,193.0,107.0,5.5,105.0,3.81,107.0,157.3,43.2,1
50.0,1,0,1,0,0,26.7,95.8,0.0,0.0,0.0,0.0,130.4,77.1,159.0,36.0,5.6,74.3,10.33,48.7,152.6,20.9,1
40.0,1,0,1,0,0,22.9,79.3,0.0,0.0,0.0,0.0,123.6,83.3,181.0,39.0,5.3,107.2,8.74,61.4,162.9,23.1,1
53.0,1,0,1,0,0,24.4,77.7,0.0,0.0,0.0,0.0,95.5,70.5,211.0,39.0,5.6,84.3,10.68,55.8,152.9,23.9,1
34.0,1,0,1,0,0,32.4,103.5,0.0,0.0,0.0,0.0,123.7,72.6,90.0,40.0,5.1,102.4,7.93,107.3,187.2,30.6,1
30.0,1,0,1,0,0,23.3,70.1,0.0,0.0,0.0,0.0,111.9,78.5,188.0,34.0,4.9,121.4,38.95,63.0,159.6,24.7,1
47.0,1,0,0,1,0,41.3,131.4,1.0,1.0,1.0,0.0,130.4,83.8,155.0,42.0,8.3,25.7,40.8,114.0,165.1,41.8,1
71.0,1,0,0,1,0,39.9,125.2,1.0,1.0,1.0,0.0,136.6,78.3,97.0,36.0,5.9,56.8,548.68,83.1,154.5,34.8,1
68.0,1,0,0,1,0,20.8,86.5,1.0,1.0,1.0,0.0,131.5,75.9,176.0,49.0,6.6,62.6,5.03,47.5,146.8,22.1,1
52.0,1,0,0,1,0,40.5,123.4,1.0,1.0,1.0,0.0,101.0,68.1,183.0,32.0,8.2,101.9,247.1,95.5,153.9,40.3,1
63.0,1,0,0,1,0,37.2,119.6,1.0,1.0,1.0,0.0,101.3,59.8,139.0,31.0,6.1,113.3,50.71,85.4,155.7,35.2,1
71.0,1,0,0,1,0,47.1,144.3,1.0,1.0,1.0,0.0,137.7,84.9,177.0,56.0,10.3,97.1,100.45,114.7,162.3,43.6,1
73.0,1,0,0,1,0,41.5,139.7,1.0,1.0,1.0,0.0,98.7,49.9,103.0,39.0,7.7,98.4,51.32,94.8,155.3,39.3,1
56.0,1,0,0,1,0,34.2,122.6,1.0,1.0,1.0,0.0,105.3,77.4,163.0,26.0,6.5,76.0,5.05,70.8,148.1,32.3,1
52.0,1,0,0,1,0,35.7,106.9,1.0,1.0,1.0,0.0,89.9,50.7,197.0,48.0,6.0,59.1,18.41,83.8,156.9,34.0,1
72.0,1,0,0,1,0,24.7,89.0,1.0,1.0,1.0,0.0,120.5,65.1,211.0,48.0,8.5,56.9,180.81,62.5,157.3,25.3,1
72.0,1,0,0,1,0,37.7,119.6,1.0,1.0,1.0,0.0,144.7,82.0,181.0,46.0,5.6,90.0,9.79,68.6,158.7,27.2,1
63.0,1,0,0,1,0,34.0,112.2,1.0,1.0,1.0,0.0,97.4,80.1,213.0,39.0,12.7,67.4,217.55,80.9,157.7,32.5,1
69.0,1,0,0,1,0,42.3,137.6,1.0,1.0,1.0,0.0,111.3,66.9,118.0,44.0,8.7,38.9,49.21,101.0,157.4,40.8,1
68.0,1,0,0,1,0,38.6,122.1,1.0,1.0,1.0,0.0,118.5,56.6,158.0,42.0,10.6,73.5,313.33,92.7,156.3,38.0,1
54.0,1,0,0,1,0,39.1,118.4,1.0,1.0,1.0,0.0,96.8,69.6,172.0,47.0,9.6,114.5,52.13,90.8,150.1,40.3,1
70.0,1,0,0,1,0,38.1,122.9,1.0,1.0,1.0,0.0,125.2,61.7,116.0,40.0,10.8,64.4,13.5,134.5,188.8,37.7,1
71.0,1,0,0,1,0,35.9,107.5,1.0,1.0,1.0,0.0,129.3,75.3,103.0,34.0,6.3,98.8,30.55,74.7,156.2,30.6,1
51.0,1,0,0,1,0,40.8,127.1,1.0,1.0,1.0,0.0,112.2,74.5,177.0,37.0,7.4,104.4,394.16,144.4,185.8,41.8,1
50.0,1,0,0,1,0,39.8,116.9,1.0,1.0,1.0,0.0,104.7,75.7,143.0,42.0,8.2,105.2,3.6,83.5,157.4,33.7,1
67.0,1,0,0,1,0,39.1,130.9,1.0,1.0,1.0,0.0,136.3,84.3,194.0,52.0,9.3,38.7,119.41,111.3,169.4,38.8,1
42.0,1,0,0,1,0,34.6,124.6,1.0,1.0,1.0,0.0,149.0,90.2,119.0,39.0,6.5,84.8,3.94,90.6,165.1,33.2,1
70.0,1,0,0,1,0,37.8,123.0,1.0,1.0,1.0,0.0,121.1,49.4,169.0,35.0,9.2,99.9,27.17,83.3,159.5,32.7,1
69.0,1,0,0,1,0,25.2,84.7,1.0,1.0,1.0,0.0,109.8,67.7,94.0,48.0,5.7,87.1,50.92,49.1,150.5,21.7,1
73.0,0,1,0,1,0,31.6,114.0,1.0,1.0,1.0,1.0,123.9,70.7,73.0,32.0,11.4,67.8,3.0,83.9,161.2,32.3,0
77.0,0,1,0,1,0,39.4,125.0,1.0,1.0,1.0,1.0,132.8,79.1,160.0,40.0,9.4,58.9,486.9,87.9,154.4,36.9,0
76.0,0,1,0,1,0,36.3,125.2,1.0,1.0,1.0,1.0,119.0,48.1,173.0,44.0,7.4,57.5,45.31,119.1,186.5,34.2,0
72.0,0,1,0,1,0,25.7,100.5,1.0,1.0,1.0,1.0,93.9,54.5,127.0,45.0,9.3,92.4,334.63,31.8,146.6,14.0,0
76.0,0,1,0,1,0,45.1,144.4,1.0,1.0,1.0,1.0,153.8,88.7,170.0,45.0,8.8,52.5,33.22,121.9,168.5,42.9,0
72.0,0,1,0,1,0,35.3,113.2,1.0,1.0,1.0,1.0,112.4,70.2,147.0,35.0,9.1,73.6,4.22,103.4,168.7,36.3,0
74.0,0,1,0,1,0,30.7,110.4,1.0,1.0,1.0,1.0,128.4,66.7,101.0,46.0,5.9,74.9,15.3,92.3,177.8,29.2,0
54.0,0,1,0,1,0,38.2,133.1,1.0,1.0,1.0,1.0,144.6,83.7,141.0,48.0,13.2,73.6,53.95,133.2,191.3,36.4,0
69.0,0,1,0,1,0,33.5,122.7,1.0,1.0,1.0,1.0,132.5,64.6,168.0,30.0,5.1,73.9,11.44,111.6,186.1,32.2,0
70.0,0,1,0,1,0,40.5,124.9,1.0,1.0,1.0,1.0,120.4,72.3,150.0,39.0,8.4,102.1,357.23,107.8,175.9,34.8,0
69.0,0,1,0,1,0,41.0,133.9,1.0,1.0,1.0,1.0,103.2,70.7,146.0,37.0,6.6,73.8,30.63,127.2,182.1,38.4,0
72.0,0,1,0,1,0,38.0,129.5,1.0,1.0,1.0,1.0,136.1,80.0,114.0,34.0,11.7,95.7,783.02,130.7,189.0,36.6,0
63.0,0,1,0,1,0,38.6,132.8,1.0,1.0,1.0,1.0,144.5,80.4,139.0,41.0,14.5,100.3,42.24,118.3,173.9,39.1,0
68.0,0,1,0,1,0,23.0,89.5,1.0,1.0,1.0,1.0,154.7,83.5,195.0,35.0,5.9,72.5,8.95,79.4,187.0,22.7,0
70.0,0,1,0,1,0,42.8,134.8,1.0,1.0,1.0,1.0,127.9,66.7,198.0,35.0,4.8,94.8,31.87,123.3,175.6,40.0,0
73.0,0,1,0,1,0,34.5,110.1,1.0,1.0,1.0,1.0,122.8,73.7,161.0,38.0,5.6,78.2,0.3,122.1,190.1,33.8,0
74.0,0,1,0,1,0,50.9,152.2,1.0,1.0,1.0,1.0,130.6,79.1,111.0,42.0,7.8,68.1,7.62,180.6,190.1,50.0,0
72.0,0,1,0,1,0,22.6,92.9,1.0,1.0,1.0,1.0,131.1,79.0,140.0,55.0,5.8,76.8,2.91,81.5,181.3,24.8,0
74.0,0,1,0,1,0,31.7,106.7,1.0,1.0,1.0,1.0,106.6,71.5,200.0,35.0,8.4,83.9,9.05,89.7,168.4,31.6,0
72.0,0,1,0,1,0,41.8,138.2,1.0,1.0,1.0,1.0,105.9,51.2,87.0,37.0,11.3,94.8,1103.41,117.4,170.9,40.2,0
73.0,0,1,0,1,0,33.1,121.0,1.0,1.0,1.0,1.0,155.5,74.5,164.0,36.0,7.3,67.7,48.12,102.0,171.6,34.6,0
73.0,0,1,0,1,0,37.2,133.5,1.0,1.0,1.0,1.0,106.1,56.3,184.0,40.0,6.5,94.1,47.06,112.3,178.1,35.4,0
72.0,0,1,0,1,0,23.3,104.8,1.0,1.0,1.0,1.0,136.3,80.8,89.0,31.0,8.1,72.3,6.24,82.6,181.4,25.1,0
63.0,1,0,0,1,0,25.8,105.4,0.0,1.0,1.0,1.0,109.3,63.1,199.0,32.0,4.9,79.5,130.36,79.2,183.5,23.5,0
35.0,1,0,0,1,0,26.5,89.8,0.0,1.0,1.0,1.0,104.2,71.3,181.0,51.0,5.2,76.9,10.83,64.7,159.8,25.3,0
70.0,1,0,0,1,0,32.2,111.7,0.0,1.0,1.0,1.0,102.6,67.7,160.0,48.0,5.4,89.8,43.95,81.7,179.7,25.3,0
61.0,1,0,0,1,0,27.8,88.1,0.0,1.0,1.0,1.0,121.5,72.6,184.0,81.0,5.5,66.1,14.93,63.1,155.8,26.0,0
68.0,1,0,0,1,0,41.3,121.2,0.0,1.0,1.0,1.0,96.3,65.8,191.0,33.0,5.6,89.9,10.07,98.9,157.7,39.8,0
78.0,1,0,0,1,0,29.8,105.2,0.0,1.0,1.0,1.0,96.5,65.0,157.0,57.0,5.3,78.1,57.13,81.3,168.8,28.5,0
66.0,1,0,0,1,0,31.6,104.6,0.0,1.0,1.0,1.0,137.0,82.4,205.0,67.0,6.7,101.9,384.81,77.0,157.7,31.0,0
52.0,1,0,0,1,0,33.1,113.3,0.0,1.0,1.0,1.0,138.0,84.9,165.0,45.0,5.4,71.6,6.06,98.9,175.5,32.1,0
73.0,1,0,0,1,0,35.2,111.3,0.0,1.0,1.0,1.0,107.9,60.7,105.0,47.0,6.4,79.1,5.51,92.7,164.8,34.1,0
69.0,1,0,0,1,0,41.4,125.5,0.0,1.0,1.0,1.0,94.2,60.4,153.0,43.0,5.3,94.8,5.41,130.1,183.1,38.8,0
45.0,1,0,0,1,0,30.5,105.0,0.0,1.0,1.0,1.0,121.2,80.1,155.0,36.0,5.8,80.4,10.7,81.9,156.7,33.4,0
59.0,1,0,0,1,0,28.2,91.8,0.0,1.0,1.0,1.0,103.4,44.4,170.0,83.0,5.4,61.4,51.98,60.5,151.3,26.4,0
76.0,1,0,0,1,0,43.5,132.3,0.0,1.0,1.0,1.0,135.4,57.6,193.0,45.0,5.5,73.7,13.01,105.3,159.1,41.6,0
69.0,1,0,0,1,0,21.8,86.0,0.0,1.0,1.0,1.0,147.3,89.3,200.0,51.0,5.6,65.1,15.14,59.4,166.4,21.4,0
70.0,1,0,0,1,0,30.7,101.9,0.0,1.0,1.0,1.0,126.0,79.9,217.0,45.0,5.9,70.3,9.42,70.2,154.9,29.2,0
77.0,1,0,0,1,0,27.7,95.7,0.0,1.0,1.0,1.0,140.5,79.4,201.0,61.0,5.2,66.8,6.72,72.2,162.5,27.3,0
41.0,1,0,0,1,0,52.7,152.4,0.0,1.0,1.0,1.0,101.5,72.6,205.0,44.0,5.3,61.4,3.26,128.0,158.1,51.2,0
74.0,1,0,0,1,0,27.4,83.7,0.0,1.0,1.0,1.0,164.2,86.7,214.0,85.0,5.2,76.3,12.56,57.2,150.8,25.1,0
64.0,1,0,0,1,0,22.0,87.5,0.0,1.0,1.0,1.0,134.8,88.3,258.0,63.0,5.6,71.9,9.47,59.6,167.9,21.2,0
70.0,1,0,0,1,0,22.8,84.0,0.0,1.0,1.0,1.0,122.0,71.9,244.0,66.0,6.8,116.0,8.29,62.0,158.7,24.6,0
65.0,1,0,0,1,0,29.4,93.9,0.0,1.0,1.0,1.0,104.3,74.6,125.0,71.0,5.6,74.5,7.02,69.0,158.7,27.4,0
63.0,1,0,0,1,0,31.0,98.5,0.0,1.0,1.0,1.0,111.8,66.6,194.0,45.0,5.4,64.9,9.89,84.2,168.5,29.7,0
56.0,0,1,1,0,0,38.4,122.8,1.0,1.0,1.0,0.0,113.9,77.5,191.0,39.0,5.9,80.1,5.9,128.5,185.4,37.4,0
32.0,0,1,1,0,0,42.5,142.9,1.0,1.0,1.0,0.0,120.3,66.7,191.0,39.0,6.4,92.5,48.72,153.0,184.4,45.0,0
69.0,0,1,1,0,0,38.1,136.6,1.0,1.0,1.0,0.0,106.4,69.5,133.0,41.0,6.3,67.6,12.69,100.2,172.8,33.6,0
49.0,0,1,1,0,0,39.0,126.6,1.0,1.0,1.0,0.0,110.8,71.2,208.0,39.0,7.0,73.4,322.1,101.5,173.4,33.8,0
59.0,0,1,1,0,0,35.0,112.7,1.0,1.0,1.0,0.0,127.6,71.7,185.0,46.0,7.0,65.4,9.65,83.2,158.3,33.2,0
65.0,0,1,1,0,0,36.3,128.3,1.0,1.0,1.0,0.0,145.3,83.8,144.0,34.0,9.1,50.5,7.0,107.2,171.1,36.6,0
41.0,0,1,1,0,0,34.8,108.3,1.0,1.0,1.0,0.0,130.2,79.5,232.0,48.0,5.8,86.6,4.4,98.2,169.1,34.3,0
54.0,0,1,1,0,0,37.5,121.8,1.0,1.0,1.0,0.0,133.9,77.0,146.0,36.0,6.3,86.0,34.17,120.7,178.0,38.1,0
64.0,0,1,1,0,0,32.3,101.4,1.0,1.0,1.0,0.0,106.8,67.5,136.0,46.0,6.5,95.5,22.95,81.4,158.4,32.4,0
48.0,0,1,1,0,0,37.3,127.4,1.0,1.0,1.0,0.0,107.2,66.9,94.0,32.0,6.3,74.2,14.23,124.8,179.2,38.9,0
51.0,0,1,1,0,0,35.4,107.6,1.0,1.0,1.0,0.0,113.6,63.4,147.0,38.0,6.0,98.8,4.69,81.8,162.6,31.0,0
48.0,0,1,1,0,0,39.8,128.2,1.0,1.0,1.0,0.0,112.3,72.4,141.0,39.0,5.8,77.9,11.08,135.2,187.9,38.3,0
59.0,0,1,1,0,0,44.4,138.4,1.0,1.0,1.0,0.0,139.1,79.4,158.0,33.0,10.2,94.8,1.43,153.3,185.7,44.5,0
51.0,0,1,1,0,0,33.8,116.5,1.0,1.0,1.0,0.0,107.4,65.8,196.0,35.0,7.0,86.9,37.38,80.7,159.1,31.9,0
52.0,0,1,1,0,0,42.0,132.7,1.0,1.0,1.0,0.0,145.4,85.8,204.0,45.0,10.5,109.3,7.29,132.8,179.8,41.1,0
67.0,0,1,1,0,0,34.5,118.7,1.0,1.0,1.0,0.0,128.9,89.2,154.0,32.0,5.9,60.7,40.71,105.8,175.3,34.4,0
45.0,0,1,1,0,0,39.1,131.0,1.0,1.0,1.0,0.0,112.8,71.0,174.0,45.0,5.6,108.2,12.52,106.8,168.1,37.8,0
50.0,0,1,1,0,0,42.8,136.6,1.0,1.0,1.0,0.0,128.4,73.4,115.0,34.0,6.0,67.9,9.7,88.7,185.4,25.8,0
54.0,0,1,1,0,0,37.2,122.7,1.0,1.0,1.0,0.0,115.8,77.0,127.0,28.0,5.3,80.9,2.66,109.7,173.1,36.6,0
66.0,0,1,1,0,0,29.2,107.9,1.0,1.0,1.0,0.0,123.1,60.2,200.0,40.0,6.1,52.5,44.44,86.3,176.9,27.6,0
63.0,0,1,1,0,0,29.2,111.5,1.0,1.0,1.0,0.0,113.1,71.3,109.0,41.0,6.0,97.3,1.67,90.3,172.1,30.5,0
64.0,1,0,0,1,0,27.0,74.3,0.0,0.0,0.0,0.0,133.7,64.8,220.0,65.0,5.6,108.9,6.7,71.8,165.5,26.2,1
30.0,1,0,0,1,0,39.5,122.2,0.0,0.0,0.0,0.0,108.3,73.1,177.0,45.0,5.6,93.4,64.77,124.4,182.9,37.2,1
49.0,1,0,0,1,0,51.0,131.1,0.0,0.0,0.0,0.0,112.7,83.7,172.0,48.0,10.4,100.8,104.35,122.9,165.2,45.0,1
39.0,1,0,0,1,0,38.6,111.1,0.0,0.0,0.0,0.0,99.4,81.5,197.0,45.0,9.1,107.2,37.74,83.2,156.7,33.9,1
32.0,1,0,0,1,0,61.6,171.7,0.0,0.0,0.0,0.0,114.0,65.9,135.0,47.0,6.9,87.5,14.32,134.9,153.0,57.6,1
69.0,1,0,0,1,0,22.9,83.8,0.0,0.0,0.0,0.0,141.6,86.5,188.0,44.0,5.3,109.0,13.4,62.5,167.4,22.3,1
60.0,1,0,0,1,0,21.8,70.9,0.0,0.0,0.0,0.0,114.0,61.6,212.0,62.0,5.5,74.7,13.11,52.1,158.5,20.7,1
51.0,1,0,0,1,0,42.3,115.5,0.0,0.0,0.0,0.0,101.4,67.2,168.0,33.0,5.9,110.3,28.57,100.3,162.9,37.8,1
56.0,1,0,0,1,0,55.1,135.8,0.0,0.0,0.0,0.0,107.2,65.7,180.0,37.0,5.4,112.2,4.08,124.4,158.2,49.7,1
78.0,1,0,0,1,0,50.7,128.3,0.0,0.0,0.0,0.0,99.2,76.9,190.0,43.0,5.8,91.2,11.01,111.9,152.6,48.0,1
21.0,1,0,0,1,0,42.8,121.1,0.0,0.0,0.0,0.0,112.1,69.6,181.0,35.0,5.3,96.6,34.69,103.5,157.9,41.5,1
59.0,1,0,0,1,0,55.8,158.9,0.0,0.0,0.0,0.0,127.9,78.3,178.0,39.0,5.6,96.6,5.89,125.5,154.9,52.3,1
63.0,1,0,0,1,0,23.0,87.8,0.0,0.0,0.0,0.0,122.9,60.4,246.0,69.0,5.3,80.6,8.92,58.4,160.1,22.8,1
39.0,1,0,0,1,0,24.5,82.6,0.0,0.0,0.0,0.0,114.7,70.3,179.0,74.0,5.8,65.6,40.83,63.9,166.4,23.1,1
46.0,1,0,0,1,0,37.7,108.5,0.0,0.0,0.0,0.0,92.0,71.6,138.0,39.0,5.7,119.5,45.0,89.1,156.8,36.2,1
72.0,1,0,0,1,0,28.7,100.3,0.0,0.0,0.0,0.0,117.8,75.0,146.0,36.0,5.5,57.2,14.46,65.1,153.6,27.6,1
37.0,1,0,0,1,0,35.0,106.0,0.0,0.0,0.0,0.0,107.0,75.3,186.0,35.0,5.4,106.5,12.05,76.4,158.0,30.6,1
56.0,1,0,0,1,0,44.5,125.0,0.0,0.0,0.0,0.0,116.1,69.5,124.0,34.0,5.7,106.5,7.33,114.6,165.3,41.9,1
74.0,1,0,0,1,0,27.7,98.4,0.0,0.0,0.0,0.0,135.0,73.8,219.0,46.0,5.8,84.9,43.88,50.1,138.3,26.2,1
71.0,1,0,0,1,0,26.7,94.9,0.0,0.0,0.0,0.0,123.3,72.8,209.0,86.0,5.5,75.5,10.87,58.2,153.6,24.7,1
64.0,1,0,0,1,0,21.3,78.3,0.0,0.0,1.0,0.0,92.5,71.6,158.0,41.0,4.7,89.2,50.97,45.3,153.0,19.4,1
67.0,1,0,0,1,0,25.0,81.6,0.0,0.0,1.0,0.0,133.9,99.1,239.0,35.0,5.3,133.2,38.75,68.1,162.4,25.8,1
38.0,1,0,0,1,0,26.8,77.6,0.0,0.0,1.0,0.0,110.4,69.5,175.0,38.0,5.5,77.3,11.53,59.3,152.2,25.6,1
46.0,1,0,0,1,0,41.3,139.1,0.0,0.0,1.0,0.0,116.8,78.6,179.0,50.0,9.0,98.5,60.3,120.2,168.2,42.5,1
70.0,1,0,0,1,0,21.5,80.9,0.0,0.0,1.0,0.0,132.3,85.5,231.0,80.0,6.1,77.6,103.27,54.9,162.2,20.9,1
61.0,1,0,0,1,0,25.2,82.6,0.0,0.0,1.0,0.0,125.1,66.0,189.0,64.0,6.3,96.5,11.9,59.9,157.8,24.1,1
51.0,1,0,0,1,0,35.0,99.1,0.0,0.0,1.0,0.0,127.2,75.6,202.0,36.0,6.1,72.0,14.13,77.5,153.2,33.0,1
70.0,1,0,0,1,0,23.5,90.3,0.0,0.0,1.0,0.0,130.4,77.9,173.0,60.0,5.2,105.3,1.8,48.2,162.3,18.3,1
33.0,1,0,0,1,0,26.9,79.9,0.0,0.0,1.0,0.0,110.1,70.6,220.0,54.0,5.4,73.0,10.31,69.9,158.2,27.9,1
63.0,1,0,0,1,0,19.1,78.6,0.0,0.0,1.0,0.0,136.4,72.3,176.0,74.0,5.0,76.4,11.65,54.8,167.3,19.6,1
64.0,1,0,0,1,0,21.6,87.3,0.0,0.0,1.0,0.0,109.4,59.5,153.0,51.0,5.6,69.7,5.33,50.5,156.8,20.5,1
54.0,1,0,0,1,0,45.0,125.8,0.0,0.0,1.0,0.0,131.5,76.8,86.0,32.0,7.1,89.6,10.46,125.7,173.5,41.7,1
49.0,1,0,0,1,0,28.3,88.2,0.0,0.0,1.0,0.0,110.0,54.6,238.0,48.0,5.9,98.6,5.04,65.1,154.6,27.2,1
69.0,1,0,0,1,0,20.8,77.2,0.0,0.0,1.0,0.0,122.5,73.6,139.0,87.0,5.0,60.7,41.65,45.0,151.6,19.6,1
35.0,1,0,0,1,0,27.3,98.9,0.0,0.0,1.0,0.0,142.8,82.0,225.0,84.0,5.7,63.8,56.11,60.6,150.4,26.8,1
35.0,1,0,0,1,0,47.6,130.9,0.0,0.0,1.0,0.0,116.9,71.1,196.0,47.0,6.0,101.5,11.17,113.9,156.3,46.6,1
75.0,1,0,0,1,0,25.8,93.1,0.0,0.0,1.0,0.0,130.4,75.1,183.0,79.0,4.9,78.6,13.8,69.5,160.3,27.0,1
64.0,1,0,0,1,0,23.3,56.4,0.0,0.0,1.0,0.0,129.4,85.0,198.0,58.0,5.4,58.0,3.74,70.5,175.9,22.8,1
40.0,1,0,0,1,0,36.7,109.5,0.0,0.0,1.0,0.0,102.0,71.9,203.0,35.0,11.2,55.8,111.06,77.6,158.3,31.0,1
44.0,1,0,0,1,0,32.9,112.2,0.0,0.0,1.0,0.0,128.8,76.8,239.0,47.0,5.6,100.0,6.47,113.7,188.6,32.0,1
64.0,0,1,1,0,0,33.9,115.5,0.0,1.0,1.0,1.0,129.8,80.2,207.0,34.0,5.7,93.3,5.15,111.3,184.6,32.7,0
76.0,0,1,1,0,0,27.0,109.1,0.0,1.0,1.0,1.0,128.6,72.5,216.0,37.0,8.5,54.8,9.88,89.9,182.8,26.9,0
40.0,0,1,1,0,0,36.4,119.9,0.0,1.0,1.0,1.0,130.3,80.8,154.0,48.0,5.9,94.5,334.99,112.9,182.0,34.1,0
33.0,0,1,1,0,0,30.1,102.5,0.0,1.0,1.0,1.0,103.3,71.4,141.0,43.0,4.9,110.2,41.45,101.2,181.6,30.7,0
73.0,0,1,1,0,0,27.8,101.5,0.0,1.0,1.0,1.0,111.8,65.5,177.0,46.0,5.2,103.5,124.54,90.0,181.4,27.4,0
51.0,0,1,1,0,0,31.4,109.9,0.0,1.0,1.0,1.0,139.3,89.8,219.0,44.0,10.8,103.7,5.33,76.6,166.7,27.6,0
43.0,0,1,1,0,0,23.8,99.2,0.0,1.0,1.0,1.0,130.7,80.9,155.0,35.0,5.4,46.1,12.19,78.1,181.0,23.8,0
74.0,0,1,1,0,0,29.8,107.2,0.0,1.0,1.0,1.0,106.4,68.8,143.0,33.0,4.9,83.3,0.3,106.2,192.8,28.6,0
41.0,0,1,1,0,0,43.4,135.0,0.0,1.0,1.0,1.0,133.1,80.1,175.0,34.0,5.4,100.1,8.2,157.0,197.8,40.1,0
68.0,0,1,1,0,0,37.4,128.3,0.0,1.0,1.0,1.0,135.9,89.6,166.0,43.0,5.3,134.6,16.8,130.8,185.7,37.9,0
65.0,0,1,1,0,0,37.3,126.0,0.0,1.0,1.0,1.0,133.8,74.1,168.0,31.0,5.4,67.1,38.53,130.6,189.1,36.5,0
41.0,0,1,1,0,0,36.5,120.0,0.0,1.0,1.0,1.0,135.6,79.0,164.0,35.0,5.6,99.7,4.96,125.3,186.8,35.9,0
75.0,0,1,1,0,0,36.2,115.4,0.0,1.0,1.0,1.0,134.1,82.4,183.0,44.0,4.9,81.5,17.27,79.1,151.8,34.3,0
69.0,0,1,1,0,0,30.0,102.7,0.0,1.0,1.0,1.0,130.7,80.5,175.0,41.0,5.4,76.7,9.32,86.5,169.7,30.0,0
75.0,0,1,1,0,0,24.6,91.7,0.0,1.0,1.0,1.0,127.6,73.4,162.0,37.0,5.6,71.4,33.58,74.6,171.5,25.4,0
68.0,0,1,1,0,0,34.6,109.0,0.0,1.0,1.0,1.0,139.2,84.4,191.0,29.0,6.1,92.0,2.76,101.7,172.2,34.3,0
67.0,0,1,1,0,0,32.6,110.9,0.0,1.0,1.0,1.0,99.8,70.7,113.0,41.0,6.0,116.6,32.83,88.1,172.3,29.7,0
49.0,0,1,1,0,0,23.0,96.7,0.0,1.0,1.0,1.0,110.6,72.6,204.0,40.0,5.9,101.3,4.97,64.4,182.6,19.3,0
52.0,0,1,1,0,0,35.9,117.0,0.0,1.0,1.0,1.0,140.0,54.6,138.0,34.0,5.4,61.5,7.18,83.1,151.0,36.5,0
77.0,0,1,0,0,1,25.1,88.9,0.0,0.0,0.0,1.0,141.1,77.8,203.0,77.0,5.0,88.6,6.26,69.4,173.5,23.1,0
78.0,0,1,0,0,1,29.0,106.1,0.0,0.0,0.0,1.0,120.7,61.6,212.0,34.0,5.1,77.5,6.83,106.8,192.3,28.9,0
37.0,0,1,0,0,1,39.2,125.2,0.0,0.0,0.0,1.0,129.0,89.4,121.0,42.0,5.3,67.1,9.34,122.4,176.5,39.3,0
62.0,0,1,0,0,1,32.4,107.1,0.0,0.0,0.0,1.0,111.6,61.7,228.0,68.0,5.9,81.6,8.41,92.3,173.2,30.8,0
43.0,0,1,0,0,1,29.6,100.6,0.0,0.0,0.0,1.0,107.7,65.2,116.0,56.0,4.6,98.1,2.01,77.7,161.9,29.6,0
32.0,0,1,0,0,1,26.8,92.8,0.0,0.0,0.0,1.0,102.0,54.6,192.0,69.0,5.2,108.6,6.33,93.0,189.0,26.0,0
79.0,0,1,0,0,1,36.5,117.7,0.0,0.0,0.0,1.0,96.7,71.2,205.0,65.0,5.6,102.2,11.85,88.6,159.5,34.8,0
68.0,0,1,0,0,1,25.9,93.0,0.0,0.0,0.0,1.0,137.0,81.8,173.0,59.0,7.3,77.4,5.61,79.9,177.7,25.3,0
49.0,0,1,0,0,1,39.3,116.3,0.0,0.0,0.0,1.0,98.2,72.3,181.0,35.0,5.8,134.5,33.55,108.7,169.6,37.8,0
31.0,0,1,0,0,1,27.4,103.2,0.0,0.0,0.0,1.0,110.6,66.0,212.0,36.0,5.3,82.1,7.66,90.4,182.8,27.1,0
30.0,0,1,0,0,1,25.2,83.6,0.0,0.0,0.0,1.0,130.2,74.1,186.0,46.0,5.0,90.6,7.17,72.1,168.7,25.3,0
31.0,0,1,0,0,1,25.6,95.7,0.0,0.0,0.0,1.0,107.0,73.2,121.0,37.0,4.7,100.2,33.58,80.5,175.0,26.3,0
27.0,0,1,0,0,1,36.5,114.7,0.0,0.0,0.0,1.0,115.0,62.6,100.0,38.0,5.1,130.4,9.37,101.8,174.5,33.4,0
74.0,0,1,0,0,1,27.6,97.2,0.0,0.0,0.0,1.0,108.5,74.6,191.0,61.0,5.5,59.6,9.88,88.0,181.2,26.8,0
40.0,0,1,0,0,1,30.7,114.1,0.0,0.0,0.0,1.0,136.5,79.9,208.0,46.0,5.0,100.0,41.59,102.2,186.1,29.5,0
40.0,0,1,0,0,1,24.0,85.5,0.0,0.0,0.0,1.0,110.6,74.0,138.0,51.0,5.4,102.4,7.73,72.2,169.0,25.3,0
66.0,0,1,0,0,1,25.6,106.5,0.0,0.0,0.0,1.0,124.8,67.4,186.0,49.0,5.9,82.6,6.45,92.7,192.3,25.1,0
23.0,0,1,0,0,1,33.7,112.6,0.0,0.0,0.0,1.0,110.0,72.1,128.0,45.0,5.9,106.1,9.43,123.2,187.1,35.2,0
29.0,0,1,0,0,1,48.2,139.0,0.0,0.0,0.0,1.0,117.6,82.0,203.0,44.0,5.6,105.1,9.26,144.9,174.2,47.8,0
40.0,1,0,1,0,0,38.0,125.4,1.0,1.0,1.0,0.0,140.4,83.4,161.0,33.0,8.6,71.4,12.95,79.5,160.4,30.9,0
61.0,1,0,1,0,0,39.4,110.6,1.0,1.0,1.0,0.0,119.2,73.2,152.0,34.0,5.6,78.6,15.85,87.4,153.7,37.0,0
69.0,1,0,1,0,0,36.4,126.0,1.0,1.0,1.0,0.0,105.9,71.9,184.0,35.0,9.6,86.2,44.45,102.8,176.3,33.1,0
62.0,1,0,1,0,0,38.9,123.3,1.0,1.0,1.0,0.0,132.4,78.6,120.0,39.0,9.4,63.4,10.7,87.4,149.7,39.0,0
37.0,1,0,1,0,0,37.5,119.8,1.0,1.0,1.0,0.0,128.3,81.5,188.0,36.0,7.9,81.8,5.97,84.1,148.6,38.1,0
41.0,1,0,1,0,0,36.9,106.0,1.0,1.0,1.0,0.0,104.4,73.0,109.0,44.0,12.7,112.1,6.27,78.0,143.8,37.7,0
40.0,1,0,1,0,0,35.3,116.9,1.0,1.0,1.0,0.0,114.0,75.9,216.0,38.0,6.0,103.6,46.9,89.0,160.1,34.7,0
41.0,1,0,1,0,0,36.3,110.2,1.0,1.0,1.0,0.0,126.9,73.4,188.0,43.0,9.7,112.0,25.82,88.2,157.7,35.5,0
53.0,1,0,1,0,0,34.0,106.6,1.0,1.0,1.0,0.0,120.7,76.3,145.0,31.0,8.1,67.9,14.94,79.0,157.4,31.9,0
45.0,1,0,1,0,0,38.1,117.8,1.0,1.0,1.0,0.0,130.9,73.6,193.0,32.0,5.7,95.3,13.77,110.1,169.5,38.3,0
45.0,1,0,1,0,0,39.3,133.2,1.0,1.0,1.0,0.0,140.7,82.7,159.0,49.0,7.0,99.7,6.83,114.3,171.6,38.8,0
57.0,1,0,1,0,0,38.6,127.8,1.0,1.0,1.0,0.0,142.9,87.9,207.0,43.0,5.5,94.4,9.73,88.6,154.8,37.0,0
45.0,1,0,1,0,0,38.4,122.9,1.0,1.0,1.0,0.0,130.6,68.8,201.0,45.0,6.1,90.0,33.74,96.5,158.6,38.4,0
72.0,1,0,1,0,0,23.4,98.9,1.0,1.0,1.0,0.0,125.0,71.7,186.0,75.0,5.4,77.1,43.51,54.9,155.0,22.8,0
69.0,1,0,1,0,0,32.9,109.9,1.0,1.0,1.0,0.0,104.5,78.1,198.0,36.0,8.1,81.9,9.26,53.8,142.2,26.6,0
40.0,1,0,1,0,0,36.3,127.8,1.0,1.0,1.0,0.0,136.3,87.9,220.0,35.0,5.3,87.3,11.76,113.8,180.8,34.8,0
59.0,1,0,1,0,0,50.7,151.7,1.0,1.0,1.0,0.0,134.1,80.0,217.0,36.0,8.5,110.2,12.73,98.1,147.7,45.0,0
50.0,1,0,1,0,0,30.8,107.5,1.0,1.0,1.0,0.0,133.6,75.0,132.0,41.0,5.7,102.2,14.6,72.7,167.0,26.1,0
45.0,1,0,1,0,0,41.3,123.5,1.0,1.0,1.0,0.0,133.0,88.7,234.0,34.0,10.9,103.1,12.57,97.1,153.0,41.5,0
58.0,1,0,1,0,0,35.4,110.3,0.0,1.0,1.0,0.0,103.9,65.8,166.0,35.0,5.7,83.9,50.86,95.0,169.6,33.0,1
58.0,1,0,1,0,0,33.5,114.3,0.0,1.0,1.0,0.0,121.3,41.7,184.0,45.0,5.4,76.3,36.12,64.1,137.3,34.0,1
71.0,1,0,1,0,0,38.1,120.7,0.0,1.0,1.0,0.0,131.9,80.0,185.0,34.0,6.1,97.3,7.63,99.5,157.1,40.3,1
64.0,1,0,1,0,0,26.0,94.3,0.0,1.0,1.0,0.0,129.6,80.6,181.0,49.0,5.2,95.7,8.34,45.8,153.3,19.5,1
61.0,1,0,1,0,0,45.7,141.5,0.0,1.0,1.0,0.0,148.3,83.5,213.0,61.0,5.4,55.5,53.85,127.2,169.7,44.2,1
37.0,1,0,1,0,0,20.4,74.2,0.0,1.0,1.0,0.0,110.1,69.4,181.0,41.0,5.5,105.2,13.35,51.1,156.9,20.8,1
48.0,1,0,1,0,0,25.5,91.6,0.0,1.0,1.0,0.0,126.3,78.6,262.0,34.0,5.7,103.5,7.17,62.5,169.2,21.8,1
69.0,1,0,1,0,0,26.8,85.2,0.0,1.0,1.0,0.0,127.1,76.3,208.0,60.0,5.8,65.6,10.09,62.6,157.3,25.3,1
75.0,1,0,1,0,0,34.2,111.4,0.0,1.0,1.0,0.0,138.4,80.4,160.0,71.0,8.0,50.8,27.32,78.9,150.9,34.6,1
72.0,1,0,1,0,0,38.8,129.4,0.0,1.0,1.0,0.0,129.0,78.8,181.0,38.0,5.9,58.0,15.41,113.5,176.9,36.3,1
65.0,1,0,1,0,0,26.6,92.6,0.0,1.0,1.0,0.0,107.2,75.1,203.0,49.0,5.7,93.9,56.9,64.9,159.6,25.5,1
48.0,1,0,1,0,0,41.5,117.0,0.0,1.0,1.0,0.0,108.7,44.6,119.0,37.0,6.2,110.2,46.03,95.8,155.3,39.7,1
34.0,1,0,1,0,0,24.4,89.3,0.0,1.0,1.0,0.0,104.4,63.7,200.0,55.0,5.4,104.3,29.32,54.5,154.3,22.9,1
61.0,1,0,1,0,0,33.7,110.2,0.0,1.0,1.0,0.0,125.1,79.2,189.0,37.0,6.0,55.2,5.19,67.3,147.3,31.0,1
42.0,1,0,1,0,0,36.1,115.7,0.0,1.0,1.0,0.0,137.0,81.8,240.0,82.0,6.8,105.1,13.78,89.3,158.2,35.7,1
53.0,1,0,1,0,0,40.4,95.4,0.0,1.0,1.0,0.0,128.2,76.4,167.0,39.0,5.9,46.3,3.73,92.0,151.9,39.9,1
41.0,1,0,1,0,0,33.6,104.9,0.0,1.0,1.0,0.0,146.5,77.2,179.0,29.0,6.1,68.8,17.42,71.9,147.2,33.2,1
71.0,1,0,1,0,0,20.7,81.8,0.0,1.0,1.0,0.0,121.2,74.7,165.0,31.0,5.9,75.6,43.74,61.2,167.1,21.9,1
56.0,1,0,1,0,0,43.5,120.2,0.0,1.0,1.0,0.0,107.2,59.5,158.0,35.0,6.0,85.9,60.03,108.2,157.8,43.5,1
70.0,1,0,1,0,0,30.8,103.6,0.0,1.0,0.0,0.0,128.8,82.8,171.0,51.0,5.6,98.2,336.64,84.0,170.0,29.1,1
31.0,1,0,1,0,0,37.3,109.4,0.0,1.0,0.0,0.0,123.0,80.6,169.0,70.0,5.8,96.1,8.57,123.1,181.8,37.2,1
63.0,1,0,1,0,0,20.6,82.8,0.0,1.0,0.0,0.0,118.7,74.5,180.0,67.0,9.3,70.9,170.48,58.8,168.0,20.8,1
68.0,1,0,1,0,0,42.5,125.3,0.0,1.0,0.0,0.0,114.5,53.6,179.0,65.0,5.3,101.4,27.41,102.1,156.5,41.7,1
42.0,1,0,1,0,0,22.8,68.8,0.0,1.0,0.0,0.0,116.8,75.7,189.0,43.0,5.4,100.9,15.53,66.9,173.5,22.2,1
29.0,1,0,1,0,0,35.9,112.8,0.0,1.0,0.0,0.0,110.5,74.5,138.0,42.0,5.3,129.8,45.8,112.8,178.9,35.2,1
19.0,1,0,1,0,0,33.0,104.0,0.0,1.0,0.0,0.0,121.5,78.2,183.0,53.0,6.0,115.7,4.6,92.3,175.0,30.1,1
77.0,1,0,1,0,0,38.1,120.2,0.0,1.0,0.0,0.0,107.1,63.4,131.0,86.0,6.1,52.7,12.72,75.2,148.3,34.2,1
72.0,1,0,1,0,0,39.3,124.6,0.0,1.0,0.0,0.0,113.5,80.5,203.0,48.0,6.8,99.1,6.09,118.6,167.1,42.5,1
71.0,1,0,1,0,0,24.8,85.9,0.0,1.0,0.0,0.0,116.7,72.0,198.0,38.0,5.0,89.3,33.49,63.6,169.2,22.2,1
50.0,1,0,1,0,0,31.4,102.8,0.0,1.0,0.0,0.0,147.6,82.2,174.0,33.0,6.2,101.1,45.42,83.0,169.5,28.9,1
49.0,1,0,1,0,0,39.5,110.6,0.0,1.0,0.0,0.0,111.8,53.4,159.0,44.0,5.4,132.8,7.99,87.2,155.8,35.9,1
52.0,1,0,1,0,0,35.9,115.6,0.0,1.0,0.0,0.0,125.4,66.6,202.0,36.0,5.1,78.3,11.29,100.4,168.9,35.2,1
46.0,1,0,1,0,0,40.3,119.7,0.0,1.0,0.0,0.0,136.1,85.8,179.0,72.0,6.4,90.1,12.5,86.4,152.7,37.1,1
60.0,1,0,1,0,0,43.1,113.3,0.0,1.0,0.0,0.0,172.9,94.3,165.0,64.0,5.9,67.4,7.79,93.8,152.5,40.3,1
55.0,1,0,1,0,0,37.8,117.3,0.0,1.0,0.0,0.0,127.4,82.8,215.0,49.0,5.7,78.8,5.16,105.5,168.2,37.3,1
38.0,1,0,1,0,0,40.3,105.6,0.0,1.0,0.0,0.0,132.8,82.2,160.0,60.0,5.7,92.8,50.31,102.4,160.8,39.6,1
73.0,1,0,1,0,0,40.7,119.4,0.0,1.0,0.0,0.0,126.3,78.0,171.0,48.0,6.3,69.5,46.47,91.1,153.2,38.8,1
23.0,1,0,1,0,0,22.7,79.4,0.0,1.0,0.0,0.0,128.3,83.5,180.0,72.0,5.3,110.9,43.9,41.0,153.5,17.4,1
71.0,1,0,0,1,0,26.3,96.1,0.0,1.0,1.0,1.0,126.2,70.8,162.0,43.0,5.4,63.9,41.16,75.8,166.6,27.3,1
67.0,1,0,0,1,0,23.2,88.6,0.0,1.0,1.0,1.0,176.5,91.3,179.0,59.0,6.2,68.1,11.21,65.0,167.3,23.2,1
73.0,1,0,0,1,0,22.6,88.1,0.0,1.0,1.0,1.0,126.3,51.7,168.0,92.0,5.8,54.7,8.55,55.4,158.2,22.1,1
75.0,1,0,0,1,0,26.9,93.7,0.0,1.0,1.0,1.0,120.3,63.2,88.0,34.0,5.6,76.3,32.33,56.7,146.5,26.4,1
77.0,1,0,0,1,0,27.6,102.2,0.0,1.0,1.0,1.0,122.3,39.7,164.0,69.0,5.7,67.5,42.89,64.3,153.4,27.3,1
69.0,1,0,0,1,0,31.2,111.2,0.0,1.0,1.0,1.0,97.3,72.7,178.0,44.0,5.2,100.9,50.15,92.7,175.9,30.0,1
69.0,1,0,0,1,0,36.2,114.0,0.0,1.0,1.0,1.0,106.4,65.8,105.0,33.0,6.0,116.1,11.26,95.4,162.2,36.3,1
72.0,1,0,0,1,0,28.1,100.1,0.0,1.0,1.0,1.0,149.6,85.2,110.0,37.0,8.2,68.3,48.36,59.6,148.6,27.0,1
71.0,1,0,0,1,0,26.9,96.6,0.0,1.0,1.0,1.0,127.3,45.6,133.0,35.0,6.0,40.5,54.88,71.5,154.4,30.0,1
70.0,1,0,0,1,0,27.3,100.7,0.0,1.0,1.0,1.0,115.8,76.2,155.0,71.0,5.6,79.6,14.82,73.7,170.9,25.2,1
50.0,1,0,0,1,0,43.8,130.9,0.0,1.0,1.0,1.0,110.2,62.2,177.0,40.0,10.9,68.8,178.08,81.9,137.3,43.5,1
79.0,1,0,0,1,0,27.7,97.3,0.0,1.0,1.0,1.0,154.1,84.0,121.0,63.0,6.3,77.0,58.9,75.6,168.3,26.7,1
70.0,1,0,0,1,0,19.1,85.0,0.0,1.0,1.0,1.0,109.7,66.0,160.0,78.0,6.0,44.8,60.7,43.7,153.5,18.5,1
71.0,1,0,0,1,0,25.4,95.5,0.0,1.0,1.0,1.0,134.1,70.4,165.0,47.0,5.8,70.0,56.32,59.9,158.8,23.8,1
70.0,1,0,0,1,0,50.7,148.3,0.0,1.0,1.0,1.0,105.3,79.3,217.0,75.0,5.3,78.3,9.99,117.8,154.6,49.3,1
68.0,1,0,0,1,0,24.7,92.1,0.0,1.0,1.0,1.0,99.0,50.6,138.0,29.0,5.4,89.8,63.83,62.6,153.3,26.6,1
79.0,1,0,0,1,0,34.2,123.6,0.0,1.0,1.0,1.0,96.3,55.5,156.0,35.0,7.4,42.2,151.18,81.7,158.6,32.5,1
73.0,1,0,0,1,0,36.3,115.2,0.0,1.0,1.0,1.0,121.9,76.2,129.0,47.0,7.5,76.1,233.26,107.4,175.8,34.8,1
39.0,0,1,0,1,0,40.8,127.2,0.0,0.0,1.0,0.0,121.6,77.4,162.0,39.0,5.5,130.2,285.32,148.0,181.0,45.2,1
22.0,0,1,0,1,0,43.0,122.0,0.0,0.0,1.0,0.0,108.1,72.9,163.0,51.0,5.3,117.6,4.66,121.7,169.3,42.4,1
33.0,0,1,0,1,0,27.7,100.6,0.0,0.0,1.0,0.0,124.4,79.8,205.0,49.0,5.3,121.9,7.8,71.1,159.2,28.0,1
41.0,0,1,0,1,0,23.0,89.0,0.0,0.0,1.0,0.0,120.7,72.1,168.0,41.0,5.8,121.8,52.59,66.8,164.7,24.6,1
73.0,0,1,0,1,0,28.5,101.6,0.0,0.0,1.0,0.0,106.6,73.2,217.0,88.0,4.7,43.8,7.95,99.1,194.1,26.3,1
53.0,0,1,0,1,0,27.5,95.8,0.0,0.0,1.0,0.0,107.7,65.3,205.0,36.0,6.1,69.1,3.39,79.8,167.7,28.4,1
79.0,0,1,0,1,0,27.9,99.7,0.0,0.0,1.0,0.0,122.0,40.6,237.0,85.0,5.8,62.8,15.41,89.1,182.3,26.8,1
50.0,0,1,0,1,0,34.5,116.3,0.0,0.0,1.0,0.0,122.1,80.0,195.0,32.0,6.2,109.5,39.69,105.4,178.8,33.0,1
47.0,0,1,0,1,0,24.3,80.6,0.0,0.0,1.0,0.0,99.9,69.3,174.0,55.0,5.3,88.5,24.41,61.0,159.4,24.0,1
67.0,0,1,0,1,0,26.5,97.2,0.0,0.0,1.0,0.0,129.2,67.1,145.0,34.0,5.0,76.2,10.41,78.8,179.1,24.6,1
67.0,0,1,0,1,0,31.2,108.9,0.0,0.0,1.0,0.0,103.4,63.9,107.0,73.0,5.8,56.1,30.1,89.9,174.3,29.6,1
73.0,0,1,0,1,0,28.7,98.7,0.0,0.0,1.0,0.0,127.0,63.9,188.0,89.0,5.8,45.3,11.43,92.1,183.8,27.2,1
63.0,0,1,0,1,0,41.3,132.7,0.0,0.0,1.0,0.0,130.5,80.3,166.0,34.0,5.6,84.1,10.18,128.5,183.5,38.1,1
70.0,0,1,0,1,0,28.3,105.9,0.0,0.0,1.0,0.0,134.0,74.6,176.0,67.0,5.9,93.4,52.32,87.4,176.6,28.0,1
73.0,0,1,0,1,0,20.9,87.7,0.0,0.0,1.0,0.0,118.8,69.0,174.0,37.0,10.7,101.0,19.61,75.2,190.8,20.7,1
66.0,0,1,0,1,0,28.8,98.2,0.0,0.0,1.0,0.0,108.1,73.1,205.0,63.0,5.6,79.4,7.42,100.5,189.6,28.0,1
71.0,0,1,0,1,0,22.9,94.3,0.0,0.0,1.0,0.0,131.0,72.1,228.0,40.0,5.7,76.9,9.32,67.7,171.0,23.1,1
79.0,0,1,0,1,0,31.2,114.1,0.0,0.0,1.0,0.0,139.0,84.7,210.0,39.0,5.2,102.5,25.73,99.8,182.5,30.0,1
73.0,1,0,0,0,1,33.1,111.2,0.0,0.0,0.0,1.0,144.7,89.9,205.0,64.0,5.3,82.3,7.05,85.1,164.9,31.3,0
65.0,1,0,0,0,1,26.7,89.9,0.0,0.0,0.0,1.0,106.3,59.7,209.0,68.0,5.3,70.7,14.63,64.8,157.1,26.2,0
49.0,1,0,0,0,1,42.8,129.2,0.0,0.0,0.0,1.0,131.5,85.0,210.0,66.0,6.1,91.6,49.22,95.2,153.7,40.3,0
51.0,1,0,0,0,1,28.2,85.6,0.0,0.0,0.0,1.0,102.0,73.7,181.0,47.0,5.0,103.3,8.62,66.3,151.6,28.9,0
72.0,1,0,0,0,1,28.8,99.2,0.0,0.0,0.0,1.0,121.7,73.8,196.0,92.0,5.7,88.3,16.33,76.6,165.3,28.0,0
44.0,1,0,0,0,1,27.0,98.2,0.0,0.0,0.0,1.0,146.5,84.9,190.0,39.0,6.1,98.0,13.6,68.7,162.6,26.0,0
60.0,1,0,0,0,1,34.2,106.7,0.0,0.0,0.0,1.0,98.6,66.0,184.0,49.0,5.3,75.6,1.06,88.3,163.1,33.2,0
37.0,1,0,0,0,1,31.5,90.1,0.0,0.0,0.0,1.0,110.7,74.8,157.0,80.0,5.2,125.5,8.31,76.3,158.2,30.5,0
50.0,1,0,0,0,1,25.4,88.0,0.0,0.0,0.0,1.0,124.3,81.5,201.0,57.0,4.7,97.3,6.49,60.8,159.2,24.0,0
60.0,1,0,0,0,1,28.1,91.1,0.0,0.0,0.0,1.0,127.4,74.3,195.0,70.0,5.8,87.6,55.6,76.3,167.9,27.1,0
79.0,1,0,0,0,1,34.9,116.9,0.0,0.0,0.0,1.0,120.7,69.1,215.0,63.0,5.7,103.5,53.18,93.2,168.6,32.8,0
66.0,1,0,0,0,1,22.8,87.0,0.0,0.0,0.0,1.0,129.2,80.3,175.0,63.0,6.2,58.6,16.08,50.9,158.2,20.3,0
68.0,1,0,0,0,1,29.6,101.3,0.0,0.0,0.0,1.0,134.6,88.8,160.0,50.0,5.4,69.9,9.11,88.1,179.5,27.3,0
31.0,1,0,0,0,1,27.7,77.6,0.0,0.0,0.0,1.0,91.8,65.7,166.0,46.0,6.1,101.4,6.25,72.2,165.4,26.4,0
75.0,1,0,0,0,1,22.2,88.5,0.0,0.0,0.0,1.0,127.4,75.0,245.0,100.0,5.0,66.0,13.17,44.1,143.4,21.5,0
38.0,1,0,0,0,1,43.3,117.5,0.0,0.0,0.0,1.0,135.0,76.4,239.0,55.0,5.4,94.7,12.5,105.1,159.6,41.3,0
64.0,1,0,0,0,1,27.0,90.3,0.0,0.0,0.0,1.0,113.0,75.2,207.0,66.0,5.9,111.2,8.32,56.0,142.4,27.6,0
61.0,1,0,0,0,1,36.7,108.1,0.0,0.0,0.0,1.0,109.1,59.8,146.0,59.0,5.5,96.9,7.46,88.6,159.3,34.9,0
71.0,0,1,0,0,1,21.0,79.1,0.0,0.0,1.0,1.0,141.3,80.5,162.0,61.0,4.6,76.0,2.79,73.2,182.6,22.0,0
68.0,0,1,0,0,1,28.9,107.0,0.0,0.0,1.0,1.0,109.7,52.2,172.0,48.0,5.3,62.6,14.36,95.7,183.5,28.4,0
71.0,0,1,0,0,1,27.5,104.9,0.0,0.0,1.0,1.0,117.1,74.6,166.0,36.0,5.8,74.7,38.53,88.0,182.0,26.6,0
55.0,0,1,0,0,1,28.3,110.8,0.0,0.0,1.0,1.0,108.9,69.5,129.0,45.0,5.0,91.2,8.69,63.5,171.0,21.7,0
76.0,0,1,0,0,1,32.1,109.3,0.0,0.0,1.0,1.0,126.9,69.3,198.0,65.0,5.8,93.7,6.76,86.1,168.7,30.2,0
43.0,0,1,0,0,1,30.3,103.1,0.0,0.0,1.0,1.0,135.8,71.8,165.0,67.0,5.5,78.0,6.41,90.8,175.3,29.6,0
73.0,0,1,0,0,1,33.3,118.5,0.0,0.0,1.0,1.0,124.8,78.2,240.0,46.0,5.9,52.1,13.01,104.6,178.6,32.8,0
41.0,0,1,0,0,1,25.6,89.8,0.0,0.0,1.0,1.0,110.2,67.2,161.0,32.0,4.6,73.2,7.94,84.0,171.8,28.4,0
62.0,0,1,0,0,1,37.7,123.2,0.0,0.0,1.0,1.0,119.6,73.2,248.0,46.0,5.8,113.0,5.55,80.9,152.2,34.9,0
59.0,0,1,0,0,1,38.4,130.3,0.0,0.0,1.0,1.0,113.2,74.8,158.0,40.0,5.4,99.6,13.15,119.5,182.1,36.0,0
68.0,0,1,0,0,1,52.3,155.7,0.0,0.0,1.0,1.0,124.8,77.4,177.0,40.0,5.6,74.3,4.26,154.4,178.9,48.2,0
78.0,0,1,0,0,1,31.0,108.0,0.0,0.0,1.0,1.0,128.8,60.0,249.0,53.0,6.0,73.0,5.81,85.7,169.7,29.8,0
64.0,0,1,0,0,1,35.4,121.6,0.0,0.0,1.0,1.0,111.6,75.8,177.0,43.0,7.1,126.7,20.93,134.5,192.2,36.4,0
77.0,0,1,0,0,1,31.4,107.2,0.0,0.0,1.0,1.0,127.4,75.0,143.0,45.0,5.6,68.1,5.31,108.4,189.2,30.3,0
74.0,0,1,0,0,1,28.7,85.8,0.0,0.0,1.0,1.0,129.3,78.6,188.0,40.0,5.4,70.5,345.63,60.5,144.8,28.8,0
45.0,0,1,0,0,1,29.2,104.5,0.0,0.0,1.0,1.0,116.4,78.0,173.0,79.0,5.4,100.9,38.55,81.6,181.5,24.8,0
68.0,0,1,0,0,1,24.4,96.0,0.0,0.0,1.0,1.0,100.4,73.2,147.0,38.0,5.7,89.5,5.85,76.1,184.7,22.3,0
69.0,0,1,0,0,1,25.1,96.6,0.0,0.0,1.0,1.0,143.4,81.7,243.0,45.0,5.0,66.1,11.02,70.1,165.5,25.6,0
57.0,0,1,0,1,0,31.3,107.8,1.0,1.0,0.0,0.0,128.3,77.6,181.0,45.0,5.0,101.1,9.69,108.0,185.0,31.6,0
75.0,0,1,0,1,0,39.6,125.3,1.0,1.0,0.0,0.0,133.7,81.8,172.0,97.0,6.8,68.2,51.68,117.9,177.3,37.5,0
43.0,0,1,0,1,0,23.7,87.6,1.0,1.0,0.0,0.0,101.7,63.2,114.0,33.0,7.0,96.0,2.08,67.2,167.6,23.9,0
62.0,0,1,0,1,0,44.3,138.6,1.0,1.0,0.0,0.0,144.0,89.5,156.0,40.0,5.8,99.8,9.76,130.4,174.8,42.7,0
34.0,0,1,0,1,0,43.5,130.7,1.0,1.0,0.0,0.0,116.3,69.8,103.0,28.0,5.5,87.2,45.68,156.6,194.9,41.2,0
60.0,0,1,0,1,0,36.6,123.0,1.0,1.0,0.0,0.0,139.3,82.5,250.0,47.0,5.2,103.9,6.84,110.4,178.8,34.5,0
51.0,0,1,0,1,0,36.6,102.7,1.0,1.0,0.0,0.0,124.4,77.4,152.0,49.0,10.1,99.5,2.98,96.2,169.8,33.4,0
41.0,0,1,0,1,0,36.4,112.6,1.0,1.0,0.0,0.0,115.2,71.9,177.0,35.0,6.5,109.9,5.69,121.7,185.6,35.3,0
74.0,0,1,0,1,0,37.2,113.1,1.0,1.0,0.0,0.0,133.3,81.1,184.0,41.0,5.5,83.7,34.73,119.1,180.0,36.7,0
67.0,0,1,0,1,0,28.5,103.2,1.0,1.0,0.0,0.0,156.6,76.6,123.0,40.0,4.9,100.8,49.67,78.1,167.8,27.7,0
55.0,0,1,0,1,0,37.7,124.0,1.0,1.0,0.0,0.0,121.5,76.5,154.0,40.0,6.0,104.9,0.3,111.4,175.3,36.3,0
68.0,0,1,0,1,0,41.2,126.1,1.0,1.0,0.0,0.0,100.2,67.4,122.0,43.0,5.2,102.2,13.23,111.7,170.0,38.6,0
51.0,0,1,0,1,0,41.2,137.0,1.0,1.0,0.0,0.0,125.4,76.0,171.0,40.0,5.5,92.0,25.13,134.2,186.8,38.5,0
71.0,0,1,0,1,0,29.4,111.7,1.0,1.0,0.0,0.0,106.0,65.8,162.0,37.0,5.6,111.7,3.66,95.1,182.8,28.5,0
73.0,0,1,0,1,0,23.5,93.5,1.0,1.0,0.0,0.0,125.6,74.6,182.0,37.0,4.6,84.9,9.78,75.4,181.9,22.8,0
64.0,0,1,0,1,0,38.3,121.8,1.0,1.0,0.0,0.0,145.5,74.8,213.0,56.0,5.2,113.4,9.12,85.1,152.4,36.6,0
73.0,0,1,0,1,0,42.6,141.4,1.0,1.0,0.0,0.0,114.0,69.4,201.0,37.0,10.9,106.1,57.84,135.4,183.5,40.2,0
67.0,0,1,0,1,0,28.7,102.1,0.0,0.0,0.0,1.0,133.2,81.9,196.0,44.0,6.0,73.5,6.64,102.1,188.1,28.9,0
68.0,0,1,0,1,0,24.8,85.6,0.0,0.0,0.0,1.0,121.2,73.1,129.0,48.0,4.2,119.8,4.7,75.2,174.0,24.8,0
67.0,0,1,0,1,0,20.5,71.4,0.0,0.0,0.0,1.0,113.7,73.6,196.0,36.0,5.0,95.3,2.96,46.8,165.0,17.2,0
65.0,0,1,0,1,0,27.5,99.7,0.0,0.0,0.0,1.0,108.1,69.4,164.0,39.0,4.8,105.3,25.28,87.3,181.2,26.6,0
74.0,0,1,0,1,0,30.6,93.8,0.0,0.0,0.0,1.0,148.4,87.6,126.0,40.0,7.3,69.3,9.84,97.1,178.5,30.5,0
33.0,0,1,0,1,0,27.9,94.6,0.0,0.0,0.0,1.0,134.6,80.3,218.0,44.0,5.2,72.2,7.44,79.1,176.1,25.5,0
66.0,0,1,0,1,0,26.3,92.7,0.0,0.0,0.0,1.0,152.3,91.0,181.0,42.0,5.2,88.5,16.82,62.8,154.4,26.4,0
29.0,0,1,0,1,0,29.5,103.6,0.0,0.0,0.0,1.0,103.3,74.3,132.0,64.0,4.9,102.4,10.23,96.4,179.1,30.0,0
74.0,0,1,0,1,0,23.2,90.0,0.0,0.0,0.0,1.0,90.3,52.0,133.0,27.0,4.8,95.9,3.21,75.7,182.8,22.7,0
72.0,0,1,0,1,0,29.0,106.7,0.0,0.0,0.0,1.0,138.7,83.6,121.0,49.0,6.1,106.1,30.3,83.1,172.4,27.9,0
20.0,0,1,0,1,0,40.5,129.7,0.0,0.0,0.0,1.0,91.1,63.6,118.0,38.0,5.0,99.8,5.37,116.9,172.7,39.2,0
29.0,0,1,0,1,0,25.0,92.7,0.0,0.0,0.0,1.0,100.4,68.5,151.0,34.0,4.8,106.8,11.23,90.6,189.4,25.2,0
58.0,0,1,0,1,0,29.8,105.5,0.0,0.0,0.0,1.0,105.4,72.6,160.0,58.0,5.4,112.5,7.96,108.9,189.6,30.3,0
70.0,0,1,0,1,0,28.7,90.8,0.0,0.0,0.0,1.0,132.5,77.3,196.0,64.0,5.4,73.0,2.3,59.2,145.1,28.1,0
20.0,0,1,0,1,0,27.3,96.9,0.0,0.0,0.0,1.0,104.9,65.1,136.0,40.0,4.7,98.8,3.36,85.2,180.6,26.1,0
74.0,0,1,0,1,0,22.2,83.4,0.0,0.0,0.0,1.0,107.5,69.3,235.0,86.0,4.8,67.7,11.36,58.2,165.0,21.4,0
62.0,0,1,0,1,0,27.0,104.3,0.0,0.0,0.0,1.0,118.7,75.3,169.0,38.0,5.4,111.6,58.27,62.4,155.2,25.9,0
39.0,0,1,1,0,0,23.0,91.9,0.0,1.0,0.0,0.0,107.7,100.1,151.0,40.0,5.9,89.0,5.25,45.1,157.2,18.3,1
34.0,0,1,1,0,0,46.3,126.9,0.0,1.0,0.0,0.0,108.2,76.2,207.0,36.0,5.2,112.7,6.57,112.8,158.5,44.9,1
66.0,0,1,1,0,0,38.8,130.2,0.0,1.0,0.0,0.0,104.5,64.0,173.0,80.0,5.5,88.5,65.39,107.3,168.1,38.0,1
68.0,0,1,1,0,0,37.1,98.7,0.0,1.0,0.0,0.0,129.5,77.7,142.0,38.0,5.6,97.2,3.05,117.6,182.4,35.4,1
42.0,0,1,1,0,0,37.4,118.0,0.0,1.0,0.0,0.0,155.1,88.4,185.0,45.0,5.6,75.0,24.81,130.9,182.3,39.4,1
72.0,0,1,1,0,0,22.2,87.0,0.0,1.0,0.0,0.0,109.7,76.9,183.0,62.0,5.4,49.6,35.4,55.8,158.7,22.1,1
41.0,0,1,1,0,0,40.6,116.9,0.0,1.0,0.0,0.0,103.4,75.7,142.0,46.0,4.9,116.0,9.04,135.4,182.8,40.5,1
59.0,0,1,1,0,0,22.0,86.1,0.0,1.0,0.0,0.0,135.7,63.8,236.0,71.0,6.3,72.7,6.91,72.9,168.6,25.6,1
71.0,0,1,1,0,0,34.2,118.4,0.0,1.0,0.0,0.0,129.4,81.5,169.0,29.0,5.3,72.6,23.8,74.6,152.3,32.1,1
66.0,0,1,1,0,0,19.8,70.4,0.0,1.0,0.0,0.0,106.0,66.7,134.0,35.0,5.3,102.4,41.37,58.2,181.3,17.7,1
47.0,0,1,1,0,0,52.4,150.5,0.0,1.0,0.0,0.0,103.8,59.8,169.0,49.0,5.6,71.6,188.6,139.8,168.7,49.1,1
44.0,0,1,1,0,0,37.7,126.8,0.0,1.0,0.0,0.0,122.6,74.6,133.0,28.0,8.6,84.0,37.09,100.2,167.2,35.8,1
75.0,0,1,1,0,0,22.9,95.7,0.0,1.0,0.0,0.0,107.6,57.8,188.0,54.0,5.5,69.7,4.5,62.1,176.1,20.0,1
48.0,0,1,1,0,0,49.6,147.6,0.0,1.0,0.0,0.0,112.9,74.0,187.0,43.0,5.1,95.8,37.38,133.4,166.7,48.0,1
45.0,0,1,1,0,0,37.6,113.2,0.0,1.0,0.0,0.0,103.8,73.8,165.0,70.0,5.4,70.8,59.58,82.2,150.9,36.1,1
64.0,0,1,1,0,0,22.4,89.5,0.0,1.0,0.0,0.0,130.5,94.8,164.0,44.0,5.5,101.6,43.24,83.6,189.9,23.2,1
49.0,0,1,1,0,0,37.1,130.4,0.0,1.0,0.0,0.0,141.7,55.5,175.0,35.0,5.3,84.4,5.97,108.7,172.4,36.6,1
40.0,0,1,0,1,0,24.8,104.1,1.0,0.0,1.0,0.0,111.5,71.2,216.0,44.0,5.0,99.1,4.29,87.4,186.3,25.2,0
43.0,0,1,0,1,0,36.5,117.8,1.0,0.0,1.0,0.0,132.1,81.0,145.0,41.0,6.7,76.3,6.66,107.0,175.4,34.8,0
49.0,0,1,0,1,0,44.7,146.0,1.0,0.0,1.0,0.0,101.5,69.0,167.0,41.0,5.8,73.5,9.36,147.6,185.0,43.1,0
64.0,0,1,0,1,0,23.0,96.6,1.0,0.0,1.0,0.0,110.9,68.9,142.0,45.0,8.0,81.4,6.84,50.6,177.7,16.0,0
65.0,0,1,0,1,0,29.2,103.8,1.0,0.0,1.0,0.0,121.1,72.4,179.0,36.0,5.3,83.9,4.77,80.4,169.1,28.1,0
57.0,0,1,0,1,0,36.0,123.6,1.0,0.0,1.0,0.0,142.6,79.7,159.0,41.0,7.9,100.8,7.1,114.6,183.7,34.0,0
68.0,0,1,0,1,0,35.0,113.5,1.0,0.0,1.0,0.0,114.1,73.0,167.0,50.0,7.6,81.3,34.73,117.3,183.2,35.0,0
46.0,0,1,0,1,0,31.3,103.8,1.0,0.0,1.0,0.0,131.7,79.8,188.0,42.0,10.7,102.0,2.94,73.2,170.3,25.2,0
60.0,0,1,0,1,0,42.4,132.3,1.0,0.0,1.0,0.0,123.1,70.9,126.0,47.0,5.6,104.6,30.07,140.4,182.7,42.1,0
61.0,0,1,0,1,0,35.4,113.1,1.0,0.0,1.0,0.0,91.7,68.2,180.0,56.0,5.5,48.8,4.99,57.3,159.8,22.4,0
43.0,0,1,0,1,0,42.2,130.9,1.0,0.0,1.0,0.0,91.5,61.2,160.0,36.0,5.5,129.7,12.61,138.8,182.5,41.7,0
67.0,0,1,0,1,0,41.4,138.6,1.0,0.0,1.0,0.0,94.8,63.5,163.0,31.0,7.3,103.3,11.1,118.1,174.7,38.7,0
50.0,0,1,0,1,0,39.3,127.2,1.0,0.0,1.0,0.0,105.4,50.4,89.0,37.0,7.5,93.2,6.06,120.5,192.7,32.5,0
60.0,0,1,0,1,0,31.9,114.9,1.0,0.0,1.0,0.0,106.0,71.6,183.0,29.0,5.7,104.2,11.71,97.6,173.3,32.5,0
43.0,0,1,0,1,0,33.4,110.9,1.0,0.0,1.0,0.0,110.4,76.1,174.0,46.0,8.6,119.1,10.15,106.3,182.5,31.9,0
73.0,0,1,0,1,0,36.7,112.7,1.0,0.0,1.0,0.0,132.2,76.3,181.0,43.0,7.3,97.0,13.5,118.8,185.1,34.7,0
47.0,0,1,0,1,0,35.9,126.7,1.0,0.0,1.0,0.0,148.7,86.3,217.0,41.0,6.4,63.7,3.94,80.4,152.3,34.7,0
30.0,0,1,0,1,0,43.9,136.4,1.0,1.0,0.0,0.0,109.1,73.3,167.0,38.0,10.1,98.9,425.96,87.9,142.4,43.4,1
46.0,0,1,0,1,0,36.6,124.5,1.0,1.0,0.0,0.0,126.6,77.1,211.0,35.0,5.2,82.0,42.71,140.9,187.2,40.2,1
48.0,0,1,0,1,0,35.4,117.2,1.0,1.0,0.0,0.0,106.5,71.7,215.0,40.0,15.4,78.7,29.16,103.6,165.1,38.0,1
68.0,0,1,0,1,0,24.0,88.2,1.0,1.0,0.0,0.0,142.5,85.7,151.0,40.0,6.1,77.5,18.38,53.0,181.8,16.0,1
59.0,0,1,0,1,0,23.9,89.0,1.0,1.0,0.0,0.0,122.8,68.0,209.0,49.0,7.1,106.8,14.07,67.6,169.0,23.7,1
46.0,0,1,0,1,0,30.1,105.8,1.0,1.0,0.0,0.0,110.1,60.3,141.0,39.0,12.4,66.6,139.74,93.7,177.2,29.8,1
59.0,0,1,0,1,0,40.1,131.7,1.0,1.0,0.0,0.0,129.1,77.5,173.0,36.0,6.2,65.0,22.21,140.2,191.2,38.3,1
70.0,0,1,0,1,0,46.8,141.1,1.0,1.0,0.0,0.0,135.7,76.7,204.0,35.0,6.7,71.7,8.89,145.9,182.7,43.7,1
70.0,0,1,0,1,0,36.6,106.8,1.0,1.0,0.0,0.0,104.1,50.0,167.0,43.0,8.3,110.5,17.94,101.8,169.6,35.4,1
54.0,0,1,0,1,0,42.7,126.6,1.0,1.0,0.0,0.0,106.6,70.9,145.0,47.0,6.4,57.6,41.45,92.8,152.4,40.0,1
64.0,0,1,0,1,0,28.8,102.0,1.0,1.0,0.0,0.0,108.7,74.3,230.0,38.0,6.1,115.0,40.79,71.6,154.1,30.2,1
71.0,0,1,0,1,0,46.4,128.2,1.0,1.0,0.0,0.0,110.3,61.2,173.0,41.0,11.0,64.6,147.54,118.0,164.7,43.5,1
36.0,0,1,0,1,0,41.6,132.1,1.0,1.0,0.0,0.0,103.7,69.4,188.0,40.0,13.8,86.1,310.98,136.4,180.2,42.0,1
72.0,0,1,0,1,0,44.1,106.7,1.0,1.0,0.0,0.0,108.1,70.0,127.0,41.0,9.8,99.7,123.87,101.7,152.7,43.6,1
71.0,0,1,0,1,0,23.8,88.2,1.0,1.0,0.0,0.0,126.3,80.9,103.0,50.0,6.1,103.2,673.65,75.4,174.0,24.9,1
45.0,0,1,0,1,0,39.8,120.2,1.0,1.0,0.0,0.0,124.2,82.7,195.0,41.0,6.2,102.0,33.41,100.1,157.8,40.2,1
76.0,1,0,0,1,0,29.7,114.7,1.0,1.0,1.0,1.0,138.1,58.6,113.0,45.0,11.2,72.6,45.67,102.9,189.2,28.7,0
67.0,1,0,0,1,0,40.9,136.7,1.0,1.0,1.0,1.0,130.1,78.9,152.0,35.0,9.3,78.6,5.63,88.2,151.3,38.5,0
62.0,1,0,0,1,0,51.8,144.4,1.0,1.0,1.0,1.0,137.0,86.8,204.0,38.0,11.6,101.5,299.39,115.2,152.2,49.7,0
55.0,1,0,0,1,0,38.6,136.7,1.0,1.0,1.0,1.0,97.4,67.9,172.0,32.0,5.7,98.7,51.42,79.0,146.2,37.0,0
67.0,1,0,0,1,0,43.7,137.9,1.0,1.0,1.0,1.0,105.9,75.0,90.0,35.0,9.8,84.6,10.06,103.9,154.2,43.7,0
62.0,1,0,0,1,0,36.3,120.7,1.0,1.0,1.0,1.0,137.7,78.8,104.0,45.0,7.1,90.0,9.48,87.8,155.6,36.3,0
72.0,1,0,0,1,0,36.6,121.7,1.0,1.0,1.0,1.0,131.7,79.1,151.0,34.0,5.8,103.0,8.84,73.0,156.4,29.8,0
58.0,1,0,0,1,0,34.3,111.6,1.0,1.0,1.0,1.0,120.7,76.8,189.0,61.0,4.9,108.2,10.55,84.2,160.4,32.7,0
69.0,1,0,0,1,0,34.0,107.7,1.0,1.0,1.0,1.0,136.6,85.3,165.0,33.0,7.0,97.4,414.14,52.5,152.9,22.5,0
70.0,1,0,0,1,0,36.2,128.7,1.0,1.0,1.0,1.0,140.6,81.8,109.0,38.0,7.0,84.1,17.05,81.1,155.3,33.6,0
75.0,1,0,0,1,0,29.7,104.0,1.0,1.0,1.0,1.0,109.9,77.8,166.0,58.0,5.3,92.7,7.87,79.0,167.7,28.1,0
68.0,1,0,0,1,0,35.1,118.5,1.0,1.0,1.0,1.0,91.9,60.3,91.0,33.0,7.0,72.6,6.24,82.3,156.4,33.6,0
67.0,1,0,0,1,0,38.1,134.9,1.0,1.0,1.0,1.0,130.6,70.2,118.0,38.0,8.5,97.9,6.1,124.8,185.0,36.5,0
46.0,1,0,0,1,0,24.1,89.7,1.0,1.0,1.0,1.0,92.1,61.6,207.0,47.0,6.5,85.0,28.99,54.6,152.2,23.6,0
71.0,1,0,0,1,0,39.2,124.5,1.0,1.0,1.0,1.0,133.8,66.7,148.0,37.0,15.1,73.6,6.22,82.1,143.8,39.7,0
74.0,1,0,0,1,0,27.3,100.7,1.0,1.0,1.0,1.0,122.7,73.6,135.0,67.0,5.7,75.3,4.29,84.8,180.7,26.0,0
70.0,1,0,0,0,1,26.6,84.5,0.0,0.0,1.0,1.0,130.0,74.5,227.0,45.0,5.5,92.4,3.52,60.1,153.6,25.5,0
70.0,1,0,0,0,1,27.5,95.3,0.0,0.0,1.0,1.0,131.6,78.2,214.0,40.0,5.4,72.5,4.91,63.6,155.4,26.3,0
47.0,1,0,0,0,1,29.2,92.7,0.0,0.0,1.0,1.0,154.4,80.0,171.0,47.0,6.6,60.5,11.37,61.7,157.6,24.9,0
51.0,1,0,0,0,1,35.3,110.8,0.0,0.0,1.0,1.0,133.4,82.5,225.0,79.0,5.7,93.0,7.91,95.8,164.7,35.3,0
64.0,1,0,0,0,1,27.8,99.0,0.0,0.0,1.0,1.0,119.1,81.6,220.0,74.0,5.9,99.4,6.4,67.3,158.2,26.9,0
58.0,1,0,0,0,1,43.8,130.8,0.0,0.0,1.0,1.0,120.6,73.1,90.0,58.0,6.0,79.6,3.81,108.8,159.3,42.9,0
79.0,1,0,0,0,1,34.5,121.6,0.0,0.0,1.0,1.0,163.9,84.4,233.0,51.0,6.3,61.4,50.54,77.3,160.6,30.0,0
38.0,1,0,0,0,1,23.5,75.0,0.0,0.0,1.0,1.0,103.9,65.8,188.0,63.0,5.6,74.8,3.21,63.9,166.5,23.1,0
71.0,1,0,0,0,1,26.0,94.3,0.0,0.0,1.0,1.0,130.2,80.9,177.0,73.0,6.2,79.2,14.57,66.1,162.3,25.1,0
74.0,1,0,0,0,1,29.2,110.5,0.0,0.0,1.0,1.0,131.8,66.2,184.0,40.0,5.6,68.5,3.52,85.5,173.3,28.5,0
60.0,1,0,0,0,1,23.5,82.9,0.0,0.0,1.0,1.0,126.6,84.3,252.0,46.0,5.7,96.6,15.01,76.1,181.9,23.0,0
57.0,1,0,0,0,1,34.4,115.1,0.0,0.0,1.0,1.0,105.0,68.6,275.0,50.0,5.6,68.4,5.25,89.3,158.8,35.4,0
24.0,1,0,0,0,1,42.0,126.3,0.0,0.0,1.0,1.0,134.1,82.0,163.0,49.0,6.1,93.1,6.58,129.2,184.7,37.9,0
55.0,1,0,0,0,1,26.2,98.4,0.0,0.0,1.0,1.0,114.1,77.9,149.0,43.0,5.4,71.2,5.91,78.4,175.8,25.4,0
34.0,1,0,0,0,1,28.1,98.8,0.0,0.0,1.0,1.0,134.5,70.2,163.0,77.0,5.3,83.7,12.17,72.3,171.4,24.6,0
22.0,1,0,0,0,1,29.1,92.3,0.0,0.0,1.0,1.0,104.4,74.6,194.0,49.0,6.0,109.9,5.11,72.5,159.8,28.4,0
36.0,0,1,0,1,0,29.5,103.1,1.0,0.0,0.0,0.0,145.6,82.5,231.0,47.0,5.6,69.2,2.91,97.4,184.7,28.5,0
58.0,0,1,0,1,0,35.0,114.6,1.0,0.0,0.0,0.0,146.8,76.6,120.0,38.0,10.0,81.9,2.06,109.6,179.9,33.9,0
36.0,0,1,0,1,0,38.5,123.6,1.0,0.0,0.0,0.0,105.2,57.5,156.0,42.0,5.4,131.8,38.39,129.9,195.2,34.1,0
71.0,0,1,0,1,0,26.8,99.2,1.0,0.0,0.0,0.0,134.9,76.3,223.0,39.0,4.4,85.9,5.75,86.2,182.0,26.0,0
33.0,0,1,0,1,0,29.8,100.4,1.0,0.0,0.0,0.0,127.9,75.2,183.0,30.0,4.9,86.0,8.94,108.0,190.3,29.8,0
42.0,0,1,0,1,0,39.1,119.1,1.0,0.0,0.0,0.0,110.1,76.0,142.0,40.0,5.6,106.2,11.06,135.1,186.7,38.8,0
68.0,0,1,0,1,0,37.4,121.2,1.0,0.0,0.0,0.0,100.0,66.6,167.0,33.0,6.7,84.1,9.17,120.8,181.6,36.6,0
58.0,0,1,0,1,0,24.4,89.8,1.0,0.0,0.0,0.0,109.9,64.9,175.0,47.0,5.5,106.5,6.48,56.6,153.9,23.9,0
30.0,0,1,0,1,0,42.3,122.9,1.0,0.0,0.0,0.0,113.6,67.7,145.0,44.0,5.9,113.7,7.82,110.5,166.9,39.7,0
44.0,0,1,0,1,0,39.7,101.9,1.0,0.0,0.0,0.0,109.4,69.3,195.0,50.0,5.5,88.5,6.97,94.4,154.1,39.8,0
58.0,0,1,0,1,0,31.6,105.5,1.0,0.0,0.0,0.0,113.0,69.6,151.0,46.0,5.3,91.2,10.29,94.5,178.7,29.6,0
49.0,0,1,0,1,0,23.3,85.4,1.0,0.0,0.0,0.0,102.8,68.8,154.0,52.0,5.0,95.8,9.9,63.6,166.0,23.1,0
35.0,0,1,0,1,0,25.8,94.1,1.0,0.0,0.0,0.0,121.1,60.9,204.0,45.0,4.8,94.1,8.82,75.6,173.0,25.2,0
65.0,0,1,0,1,0,41.5,140.4,1.0,0.0,0.0,0.0,124.3,57.9,95.0,36.0,5.5,88.0,6.74,139.5,190.4,38.5,0
44.0,0,1,1,0,0,24.1,94.5,1.0,1.0,1.0,0.0,111.1,76.0,148.0,36.0,8.4,55.2,465.7,80.1,184.0,23.7,1
69.0,0,1,1,0,0,40.1,133.1,1.0,1.0,1.0,0.0,150.1,85.2,155.0,35.0,7.7,53.2,42.87,119.1,173.2,39.7,1
67.0,0,1,1,0,0,48.7,144.8,1.0,1.0,1.0,0.0,101.3,65.8,171.0,28.0,6.3,73.2,381.15,142.4,173.0,47.6,1
64.0,0,1,1,0,0,50.4,155.7,1.0,1.0,1.0,0.0,105.5,72.4,173.0,43.0,10.8,82.3,27.78,161.9,182.0,48.9,1
73.0,0,1,1,0,0,40.6,137.6,1.0,1.0,1.0,0.0,105.0,69.5,189.0,52.0,5.9,64.1,273.46,134.8,186.6,38.7,1
51.0,0,1,1,0,0,43.1,130.8,1.0,1.0,1.0,0.0,110.8,64.8,170.0,37.0,13.4,72.7,66.82,92.0,149.9,41.0,1
63.0,0,1,1,0,0,40.0,120.8,1.0,1.0,1.0,0.0,117.7,80.4,169.0,39.0,8.8,51.0,62.87,111.8,169.0,39.1,1
52.0,0,1,1,0,0,35.5,112.6,1.0,1.0,1.0,0.0,133.0,86.7,159.0,46.0,8.0,71.6,34.56,115.8,178.2,36.5,1
73.0,0,1,1,0,0,36.4,121.7,1.0,1.0,1.0,0.0,143.4,87.4,109.0,60.0,5.6,64.3,11.21,123.0,183.7,36.5,1
74.0,0,1,1,0,0,38.4,127.7,1.0,1.0,1.0,0.0,101.4,70.3,141.0,38.0,11.1,112.5,116.3,142.0,184.9,41.5,1
79.0,0,1,1,0,0,39.0,139.8,1.0,1.0,1.0,0.0,112.9,75.8,171.0,31.0,8.5,93.7,11.66,126.7,181.7,38.4,1
41.0,0,1,1,0,0,42.6,146.6,1.0,1.0,1.0,0.0,120.5,85.4,178.0,43.0,6.4,106.0,49.75,134.3,177.9,42.4,1
70.0,0,1,1,0,0,39.3,130.1,1.0,1.0,1.0,0.0,174.0,84.9,154.0,40.0,8.4,70.3,7.63,109.2,166.4,39.5,1
44.0,0,1,1,0,0,44.6,140.3,1.0,1.0,1.0,0.0,126.8,84.8,183.0,35.0,10.0,70.0,60.49,156.5,188.5,44.0,1
50.0,0,1,1,0,0,45.8,142.6,1.0,1.0,1.0,0.0,133.7,78.4,201.0,42.0,7.7,41.9,39.3,157.0,187.9,44.5,1
58.0,0,1,1,0,0,33.9,126.1,1.0,1.0,1.0,0.0,135.1,79.5,133.0,29.0,9.6,56.7,1166.93,78.8,157.9,31.6,1
70.0,0,1,1,0,0,34.7,123.1,0.0,1.0,1.0,0.0,101.4,72.4,149.0,63.0,5.6,73.5,1.79,99.6,168.6,35.0,1
74.0,0,1,1,0,0,41.3,133.8,0.0,1.0,1.0,0.0,145.1,87.3,221.0,48.0,6.3,40.8,8.37,122.1,175.2,39.8,1
62.0,0,1,1,0,0,42.1,133.1,0.0,1.0,1.0,0.0,109.3,58.2,195.0,40.0,5.7,98.1,12.31,125.2,176.0,40.4,1
45.0,0,1,1,0,0,36.6,112.3,0.0,1.0,1.0,0.0,123.4,76.3,155.0,37.0,5.9,105.4,51.22,104.4,171.5,35.5,1
73.0,0,1,1,0,0,38.7,131.8,0.0,1.0,1.0,0.0,103.5,61.3,190.0,35.0,6.5,101.8,41.82,98.9,158.5,39.4,1
63.0,0,1,1,0,0,27.4,94.3,0.0,1.0,1.0,0.0,131.9,76.6,212.0,32.0,5.2,68.4,10.81,87.6,185.0,25.6,1
64.0,0,1,1,0,0,29.0,102.9,0.0,1.0,1.0,0.0,138.0,72.9,190.0,45.0,6.0,50.6,20.69,89.6,173.6,29.7,1
66.0,0,1,1,0,0,38.0,118.5,0.0,1.0,1.0,0.0,121.6,87.6,144.0,37.0,5.6,80.4,10.71,91.0,160.2,35.4,1
73.0,0,1,1,0,0,41.2,137.0,0.0,1.0,1.0,0.0,132.0,83.2,165.0,28.0,6.0,64.9,11.82,135.1,182.5,40.6,1
41.0,0,1,1,0,0,39.3,126.0,0.0,1.0,1.0,0.0,121.6,77.1,238.0,43.0,7.0,100.1,42.61,119.2,170.0,41.2,1
69.0,0,1,1,0,0,26.2,94.1,0.0,1.0,1.0,0.0,129.7,77.8,145.0,39.0,5.1,33.5,49.95,87.8,178.6,27.5,1
58.0,0,1,1,0,0,42.9,131.1,0.0,1.0,1.0,0.0,128.6,70.3,200.0,34.0,5.1,74.3,10.52,142.2,185.3,41.4,1
67.0,0,1,1,0,0,22.1,95.0,0.0,1.0,1.0,0.0,132.3,80.2,198.0,47.0,5.3,63.1,18.27,64.5,171.6,21.9,1
44.0,0,1,1,0,0,36.3,110.5,0.0,1.0,1.0,0.0,112.3,66.6,167.0,30.0,5.8,122.2,7.59,120.7,182.0,36.4,1
74.0,0,1,1,0,0,44.6,138.2,0.0,1.0,1.0,0.0,135.1,74.9,226.0,49.0,5.8,65.5,47.8,145.4,185.2,42.4,1
72.0,0,1,1,0,0,24.7,98.5,0.0,1.0,1.0,0.0,121.2,72.3,170.0,43.0,5.4,64.1,7.34,81.7,185.1,23.8,1
77.0,0,1,1,0,0,25.6,101.3,1.0,1.0,1.0,1.0,103.9,54.7,144.0,35.0,7.0,35.2,15.71,73.4,170.5,25.2,1
71.0,0,1,1,0,0,39.1,134.4,1.0,1.0,1.0,1.0,141.0,80.9,109.0,34.0,7.3,59.7,901.36,126.9,182.6,38.1,1
76.0,0,1,1,0,0,39.9,128.3,1.0,1.0,1.0,1.0,162.2,86.5,134.0,49.0,6.3,90.7,10.3,135.4,175.4,44.0,1
57.0,0,1,1,0,0,29.8,110.5,1.0,1.0,1.0,1.0,106.8,66.4,104.0,34.0,8.5,93.7,50.2,92.6,179.4,28.8,1
74.0,0,1,1,0,0,27.6,103.4,1.0,1.0,1.0,1.0,137.5,69.2,98.0,35.0,12.6,71.1,52.31,86.2,180.4,26.5,1
42.0,0,1,1,0,0,41.9,139.8,1.0,1.0,1.0,1.0,112.9,70.6,150.0,35.0,6.0,110.6,36.81,134.0,179.5,41.6,1
72.0,0,1,1,0,0,38.6,119.2,1.0,1.0,1.0,1.0,101.2,65.5,187.0,40.0,6.0,67.1,500.86,87.3,149.2,39.2,1
74.0,0,1,1,0,0,43.9,146.5,1.0,1.0,1.0,1.0,96.0,61.6,94.0,24.0,7.2,49.3,7.83,114.1,163.1,42.9,1
70.0,0,1,1,0,0,27.0,73.7,1.0,1.0,1.0,1.0,93.1,70.1,168.0,27.0,7.9,84.4,41.38,67.7,156.6,27.6,1
64.0,0,1,1,0,0,38.7,136.2,1.0,1.0,1.0,1.0,124.8,69.6,127.0,32.0,10.7,79.9,472.46,116.8,173.0,39.0,1
64.0,0,1,1,0,0,39.2,128.7,1.0,1.0,1.0,1.0,117.8,66.3,207.0,42.0,5.8,68.2,52.62,86.0,152.5,37.0,1
77.0,0,1,1,0,0,41.7,130.1,1.0,1.0,1.0,1.0,142.0,82.8,108.0,36.0,6.4,69.0,15.51,130.6,177.9,41.3,1
73.0,0,1,1,0,0,24.0,104.1,1.0,1.0,1.0,1.0,120.1,73.5,139.0,41.0,10.0,38.0,14.9,71.8,172.8,24.1,1
48.0,0,1,1,0,0,37.6,123.9,1.0,1.0,1.0,1.0,126.2,66.1,169.0,25.0,10.0,79.9,6.24,112.3,172.4,37.8,1
75.0,0,1,1,0,0,25.9,96.5,1.0,1.0,1.0,1.0,155.2,79.3,190.0,40.0,5.9,69.3,60.9,76.6,172.3,25.8,1
69.0,0,1,1,0,0,48.9,143.9,1.0,1.0,1.0,1.0,101.9,58.4,139.0,36.0,8.9,96.2,39.65,102.7,153.4,43.6,1
73.0,0,1,0,1,0,35.1,126.0,0.0,1.0,1.0,1.0,127.8,56.0,161.0,39.0,5.3,70.1,5.97,109.1,180.9,33.3,1
70.0,0,1,0,1,0,38.5,124.7,0.0,1.0,1.0,1.0,114.9,74.4,154.0,39.0,5.9,75.2,45.13,115.0,175.5,37.3,1
63.0,0,1,0,1,0,23.7,90.2,0.0,1.0,1.0,1.0,150.2,88.7,239.0,45.0,5.0,68.9,4.77,84.0,184.3,24.7,1
70.0,0,1,0,1,0,22.3,88.1,0.0,1.0,1.0,1.0,95.7,46.5,173.0,34.0,5.3,79.8,59.21,77.0,188.8,21.6,1
74.0,0,1,0,1,0,25.3,92.7,0.0,1.0,1.0,1.0,151.3,87.6,190.0,36.0,8.7,74.3,49.38,68.4,172.7,22.9,1
79.0,0,1,0,1,0,29.1,103.4,0.0,1.0,1.0,1.0,156.3,80.0,152.0,46.0,5.2,41.0,11.04,85.2,174.3,28.0,1
70.0,0,1,0,1,0,31.9,111.3,0.0,1.0,1.0,1.0,137.4,63.5,108.0,34.0,5.6,48.6,49.25,111.6,190.4,30.8,1
74.0,0,1,0,1,0,30.4,108.5,0.0,1.0,1.0,1.0,127.7,69.9,224.0,57.0,5.7,56.7,11.19,89.2,178.5,28.0,1
69.0,0,1,0,1,0,24.6,88.9,0.0,1.0,1.0,1.0,105.3,57.8,182.0,41.0,5.4,78.0,8.54,70.2,167.4,25.1,1
66.0,0,1,0,1,0,36.8,129.2,0.0,1.0,1.0,1.0,124.8,82.1,131.0,44.0,5.0,77.2,38.9,92.1,160.1,35.9,1
73.0,0,1,0,1,0,27.0,100.2,0.0,1.0,1.0,1.0,136.5,71.8,93.0,43.0,6.2,70.0,40.21,67.4,159.5,26.5,1
65.0,0,1,0,1,0,24.2,98.0,0.0,1.0,1.0,1.0,99.3,74.8,168.0,54.0,5.3,89.2,12.61,77.7,179.7,24.1,1
74.0,0,1,0,1,0,25.2,94.8,0.0,1.0,1.0,1.0,130.3,85.5,154.0,35.0,6.1,68.8,5.45,65.5,167.2,23.4,1
77.0,0,1,0,1,0,27.3,102.0,0.0,1.0,1.0,1.0,129.2,58.0,221.0,57.0,6.2,50.1,58.64,76.5,169.1,26.7,1
75.0,0,1,0,1,0,31.1,114.7,0.0,1.0,1.0,1.0,135.6,66.9,210.0,34.0,5.5,76.7,52.26,106.5,190.1,29.5,1
45.0,1,0,1,0,0,38.9,124.0,0.0,1.0,1.0,1.0,136.1,83.7,211.0,71.0,6.6,88.9,3.06,119.2,179.2,37.1,0
64.0,1,0,1,0,0,40.8,131.1,0.0,1.0,1.0,1.0,107.8,76.2,213.0,35.0,6.1,92.4,7.43,95.2,154.2,40.0,0
73.0,1,0,1,0,0,27.9,99.0,0.0,1.0,1.0,1.0,97.6,70.8,104.0,53.0,5.3,83.8,7.45,67.0,155.0,27.9,0
50.0,1,0,1,0,0,33.6,105.6,0.0,1.0,1.0,1.0,126.6,80.8,133.0,37.0,5.8,107.6,2.42,82.9,157.4,33.4,0
46.0,1,0,1,0,0,36.7,112.5,0.0,1.0,1.0,1.0,111.2,74.8,164.0,36.0,6.0,88.3,11.96,84.3,152.9,36.1,0
59.0,1,0,1,0,0,38.7,120.2,0.0,1.0,1.0,1.0,135.8,78.0,214.0,42.0,10.6,109.3,8.81,71.7,136.4,38.5,0
58.0,1,0,1,0,0,39.6,124.6,0.0,1.0,1.0,1.0,113.4,78.5,178.0,44.0,10.6,104.8,14.48,87.5,150.8,38.5,0
49.0,1,0,1,0,0,33.3,112.7,0.0,1.0,1.0,1.0,124.0,72.7,125.0,34.0,5.4,78.7,5.5,101.4,176.6,32.5,0
57.0,1,0,1,0,0,35.7,109.0,0.0,1.0,1.0,1.0,123.2,59.7,223.0,37.0,8.1,51.9,14.32,65.8,140.7,33.3,0
71.0,1,0,1,0,0,38.5,122.5,0.0,1.0,1.0,1.0,131.0,91.5,250.0,33.0,6.2,100.3,13.29,94.0,165.2,34.4,0
51.0,1,0,1,0,0,22.8,76.6,0.0,1.0,1.0,1.0,125.8,79.4,153.0,37.0,5.1,91.8,9.04,55.7,153.6,23.6,0
54.0,1,0,1,0,0,21.6,87.1,0.0,1.0,1.0,1.0,125.8,71.3,195.0,37.0,5.7,78.8,33.95,53.7,159.3,21.2,0
43.0,1,0,1,0,0,41.0,131.0,0.0,1.0,1.0,1.0,140.8,80.1,167.0,45.0,5.6,60.8,43.17,139.7,186.5,40.2,0
61.0,1,0,1,0,0,33.1,97.6,0.0,1.0,1.0,1.0,118.9,66.1,158.0,56.0,6.8,102.2,6.55,69.1,156.4,28.2,0
71.0,1,0,1,0,0,36.7,111.0,0.0,1.0,1.0,1.0,116.3,65.1,205.0,40.0,6.1,76.0,7.63,80.8,162.3,30.7,0
80.0,1,0,0,0,1,29.0,95.9,0.0,1.0,0.0,0.0,114.7,52.6,184.0,80.0,5.2,60.1,6.19,72.3,162.6,27.4,0
80.0,1,0,0,0,1,27.0,102.6,0.0,1.0,0.0,0.0,159.9,75.9,200.0,81.0,5.0,99.6,9.1,77.2,172.4,26.0,0
80.0,1,0,0,0,1,29.2,96.7,0.0,1.0,0.0,0.0,126.7,78.8,220.0,74.0,5.6,62.8,11.1,80.1,168.5,28.2,0
80.0,1,0,0,0,1,24.1,92.2,0.0,1.0,0.0,0.0,139.8,81.6,113.0,39.0,5.4,108.0,5.44,57.3,156.6,23.4,0
80.0,1,0,0,0,1,43.8,123.9,0.0,1.0,0.0,0.0,102.6,74.9,187.0,46.0,6.0,68.5,11.6,99.3,154.2,41.8,0
80.0,1,0,0,0,1,22.5,88.0,0.0,1.0,0.0,0.0,112.1,70.7,171.0,85.0,5.5,76.1,46.49,51.0,162.4,19.3,0
80.0,1,0,0,0,1,36.6,115.5,0.0,1.0,0.0,0.0,131.7,57.1,126.0,41.0,6.3,67.6,398.12,86.9,160.9,33.6,0
80.0,1,0,0,0,1,19.9,86.3,0.0,1.0,0.0,0.0,139.9,76.6,207.0,38.0,5.7,59.3,3.39,55.5,173.7,18.4,0
80.0,1,0,0,0,1,39.2,113.3,0.0,1.0,0.0,0.0,119.1,60.7,195.0,64.0,5.6,77.9,21.71,89.6,155.4,37.1,0
80.0,1,0,0,0,1,26.3,95.1,0.0,1.0,0.0,0.0,124.4,75.3,237.0,67.0,5.4,66.8,6.6,62.6,159.1,24.7,0
80.0,1,0,0,0,1,20.5,73.3,0.0,1.0,0.0,0.0,109.0,67.2,183.0,87.0,5.5,86.8,62.71,47.7,151.3,20.9,0
80.0,1,0,0,0,1,32.0,107.5,0.0,1.0,0.0,0.0,147.0,76.7,210.0,55.0,5.7,59.0,8.23,83.6,165.2,30.6,0
70.0,0,1,0,1,0,27.9,95.6,0.0,0.0,1.0,1.0,147.0,87.3,170.0,61.0,4.9,74.8,11.0,90.9,186.2,26.2,0
48.0,0,1,0,1,0,26.4,94.0,0.0,0.0,1.0,1.0,127.6,70.1,175.0,67.0,5.0,82.5,8.03,85.1,184.1,25.1,0
64.0,0,1,0,1,0,24.6,88.4,0.0,0.0,1.0,1.0,100.4,67.1,179.0,73.0,5.5,84.9,9.29,58.1,155.4,24.1,0
75.0,0,1,0,1,0,29.8,110.2,0.0,0.0,1.0,1.0,110.7,73.2,222.0,51.0,5.2,105.6,0.3,94.3,180.0,29.1,0
66.0,0,1,0,1,0,38.7,124.4,0.0,0.0,1.0,1.0,119.3,73.1,185.0,48.0,5.8,90.6,11.53,109.8,172.1,37.1,0
65.0,0,1,0,1,0,27.5,97.2,0.0,0.0,1.0,1.0,98.6,71.6,138.0,61.0,4.9,102.2,8.42,90.2,184.1,26.6,0
57.0,0,1,0,1,0,27.1,94.0,0.0,0.0,1.0,1.0,128.7,69.9,229.0,62.0,4.8,77.2,29.39,74.3,169.4,25.9,0
45.0,0,1,0,1,0,23.9,88.7,0.0,0.0,1.0,1.0,133.6,70.3,219.0,41.0,5.3,83.5,7.57,78.8,182.1,23.8,0
69.0,0,1,0,1,0,35.0,122.3,0.0,0.0,1.0,1.0,131.5,69.2,154.0,62.0,5.0,55.8,8.76,114.9,187.5,32.7,0
44.0,0,1,0,1,0,43.7,129.8,0.0,0.0,1.0,1.0,96.8,61.1,277.0,33.0,5.2,102.0,15.38,139.0,183.5,41.3,0
64.0,0,1,0,1,0,36.2,115.5,0.0,0.0,1.0,1.0,123.0,68.1,121.0,48.0,7.3,70.1,11.3,117.0,186.6,33.6,0
73.0,0,1,0,1,0,40.5,127.6,0.0,0.0,1.0,1.0,112.8,69.0,139.0,61.0,6.0,64.8,10.25,128.1,181.7,38.8,0
68.0,0,1,0,1,0,36.6,117.4,0.0,0.0,1.0,1.0,121.5,66.8,113.0,32.0,5.2,78.4,50.3,116.6,180.0,36.0,0
58.0,0,1,0,1,0,27.6,106.7,0.0,0.0,1.0,1.0,121.6,70.3,151.0,55.0,5.6,73.6,3.71,86.2,179.8,26.7,0
65.0,0,1,0,1,0,22.4,76.8,0.0,0.0,1.0,1.0,110.0,71.6,128.0,51.0,5.6,127.3,0.91,71.0,178.7,22.2,0
65.0,0,1,0,0,1,37.3,125.5,1.0,0.0,0.0,0.0,109.3,71.1,121.0,39.0,6.8,107.9,3.17,126.4,188.0,35.8,1
70.0,0,1,0,0,1,20.0,78.8,1.0,0.0,0.0,0.0,100.5,69.9,170.0,103.0,6.2,62.3,4.16,52.1,162.8,19.7,1
72.0,0,1,0,0,1,21.2,92.4,1.0,0.0,0.0,0.0,102.8,62.3,161.0,29.0,5.8,92.3,8.34,51.9,158.8,20.6,1
52.0,0,1,0,0,1,32.6,99.0,1.0,0.0,0.0,0.0,140.8,84.5,120.0,44.0,6.5,107.0,7.5,103.6,175.9,33.5,1
60.0,0,1,0,0,1,44.2,133.1,1.0,0.0,0.0,0.0,109.3,71.7,140.0,41.0,12.3,71.0,455.72,127.5,172.7,42.8,1
72.0,0,1,0,0,1,38.1,122.7,1.0,0.0,0.0,0.0,130.7,72.4,166.0,43.0,9.0,50.7,112.23,101.9,167.9,36.1,1
65.0,0,1,0,0,1,37.5,122.4,1.0,0.0,0.0,0.0,102.9,81.0,157.0,47.0,8.5,70.2,40.88,105.9,173.5,35.2,1
66.0,0,1,0,0,1,25.1,98.4,1.0,0.0,0.0,0.0,98.6,64.8,113.0,27.0,5.9,72.3,49.52,80.9,175.8,26.2,1
80.0,0,1,0,1,0,30.6,102.6,0.0,1.0,1.0,1.0,132.3,62.9,201.0,55.0,6.1,39.2,42.95,88.1,171.5,29.9,1
80.0,0,1,0,1,0,25.8,101.7,0.0,1.0,1.0,1.0,131.3,81.5,118.0,42.0,5.4,100.9,43.66,84.2,181.4,25.6,1
80.0,0,1,0,1,0,27.7,105.1,0.0,1.0,1.0,1.0,114.6,54.7,115.0,42.0,5.8,64.1,15.91,90.5,182.3,27.2,1
80.0,0,1,0,1,0,28.9,111.1,0.0,1.0,1.0,1.0,122.5,58.9,113.0,75.0,5.3,98.6,46.41,93.5,183.8,27.7,1
80.0,0,1,0,1,0,25.8,101.4,0.0,1.0,1.0,1.0,134.2,58.0,145.0,61.0,5.3,87.3,27.15,76.8,176.8,24.6,1
80.0,0,1,0,1,0,27.0,103.0,0.0,1.0,1.0,1.0,99.8,65.7,158.0,36.0,5.1,81.2,13.5,92.1,184.9,26.9,1
80.0,0,1,0,1,0,20.0,86.9,0.0,1.0,1.0,1.0,128.1,58.7,175.0,89.0,5.2,60.7,43.73,62.8,175.8,20.3,1
80.0,0,1,0,1,0,28.9,99.2,0.0,1.0,1.0,1.0,136.1,56.8,204.0,46.0,6.3,67.0,10.29,74.9,162.5,28.4,1
80.0,0,1,0,1,0,26.3,99.0,0.0,1.0,1.0,1.0,111.6,64.0,142.0,40.0,5.6,90.1,9.81,78.4,171.7,26.6,1
80.0,0,1,0,1,0,33.2,93.7,0.0,1.0,1.0,1.0,94.9,65.0,145.0,40.0,5.4,81.9,6.18,71.1,150.2,31.5,1
80.0,0,1,0,1,0,28.9,113.4,0.0,1.0,1.0,1.0,131.9,76.6,164.0,48.0,5.0,79.5,42.5,93.6,182.4,28.1,1
80.0,0,1,0,1,0,25.8,97.4,0.0,1.0,1.0,1.0,163.7,67.5,153.0,60.0,5.2,71.9,13.93,53.1,144.4,25.5,1
80.0,0,1,0,1,0,28.2,102.7,0.0,1.0,1.0,1.0,102.1,60.6,174.0,40.0,5.4,64.7,1214.78,86.5,177.3,27.5,1
80.0,0,1,0,1,0,27.7,101.6,0.0,1.0,1.0,1.0,130.4,53.7,211.0,41.0,5.2,55.7,46.64,79.2,171.4,27.0,1
67.0,0,1,0,1,0,23.2,86.1,0.0,1.0,0.0,1.0,137.8,79.4,221.0,55.0,5.3,97.0,11.0,84.0,188.8,23.6,0
69.0,0,1,0,1,0,28.2,96.8,0.0,1.0,0.0,1.0,128.4,74.5,155.0,34.0,5.3,75.4,28.23,87.1,179.2,27.1,0
67.0,0,1,0,1,0,42.6,132.5,0.0,1.0,0.0,1.0,96.9,61.6,224.0,25.0,6.0,86.4,6.99,149.4,192.7,40.2,0
31.0,0,1,0,1,0,23.7,84.8,0.0,1.0,0.0,1.0,130.9,81.0,175.0,54.0,5.3,87.8,4.07,85.2,187.8,24.2,0
74.0,0,1,0,1,0,25.9,96.9,0.0,1.0,0.0,1.0,132.6,81.4,213.0,52.0,5.1,84.5,35.72,90.3,187.0,25.8,0
62.0,0,1,0,1,0,29.8,102.7,0.0,1.0,0.0,1.0,146.8,86.0,121.0,42.0,5.6,68.7,88.34,96.6,181.4,29.4,0
75.0,0,1,0,1,0,25.2,88.6,0.0,1.0,0.0,1.0,134.0,83.5,226.0,47.0,6.1,41.2,7.01,82.8,182.6,24.8,0
48.0,0,1,0,1,0,26.9,98.5,0.0,1.0,0.0,1.0,105.7,63.7,181.0,38.0,6.1,77.2,5.27,91.0,186.0,26.3,0
77.0,0,1,0,1,0,30.7,110.9,0.0,1.0,0.0,1.0,102.5,57.9,184.0,50.0,5.1,95.3,4.67,104.9,190.1,29.0,0
22.0,0,1,0,1,0,51.2,133.8,0.0,1.0,0.0,1.0,123.4,85.1,214.0,44.0,4.9,89.7,11.71,151.0,176.8,48.3,0
62.0,0,1,0,1,0,29.8,104.8,0.0,1.0,0.0,1.0,101.7,64.1,118.0,42.0,5.6,104.9,8.85,79.3,169.4,27.6,0
57.0,0,1,0,1,0,25.1,86.4,0.0,1.0,0.0,1.0,98.2,59.1,173.0,50.0,5.9,87.0,42.46,81.0,178.8,25.3,0
61.0,0,1,0,1,0,26.2,92.2,0.0,1.0,0.0,1.0,127.7,61.0,236.0,56.0,5.2,81.2,7.87,63.8,158.7,25.3,0
55.0,0,1,0,1,0,26.7,101.2,0.0,1.0,0.0,1.0,106.7,58.4,167.0,35.0,5.2,83.2,29.8,93.6,179.8,29.0,0
69.0,1,0,1,0,0,39.3,133.3,0.0,1.0,1.0,1.0,146.7,84.1,156.0,48.0,7.9,79.4,321.64,117.2,174.0,38.7,1
49.0,1,0,1,0,0,32.1,109.7,0.0,1.0,1.0,1.0,128.9,82.1,145.0,46.0,9.8,40.5,26.17,87.7,166.7,31.5,1
70.0,1,0,1,0,0,40.4,129.1,0.0,1.0,1.0,1.0,135.7,82.3,136.0,34.0,5.6,97.0,139.26,86.6,148.4,39.3,1
61.0,1,0,1,0,0,21.7,81.6,0.0,1.0,1.0,1.0,96.7,47.5,125.0,78.0,5.5,65.8,9.88,49.3,151.2,21.6,1
57.0,1,0,1,0,0,29.9,110.0,0.0,1.0,1.0,1.0,128.1,72.1,184.0,46.0,11.5,96.0,20.55,86.5,168.4,30.5,1
61.0,1,0,1,0,0,34.8,111.0,0.0,1.0,1.0,1.0,118.6,83.6,174.0,27.0,5.6,71.5,34.51,76.6,149.6,34.2,1
67.0,1,0,1,0,0,34.8,114.7,0.0,1.0,1.0,1.0,126.5,46.7,199.0,63.0,5.9,64.4,44.43,75.3,154.4,31.6,1
66.0,1,0,1,0,0,40.6,117.2,0.0,1.0,1.0,1.0,96.7,58.2,174.0,47.0,5.9,73.2,38.5,103.5,160.3,40.3,1
43.0,1,0,1,0,0,22.4,87.9,0.0,1.0,1.0,1.0,140.4,78.4,223.0,94.0,11.9,75.0,342.05,62.3,170.3,21.5,1
71.0,1,0,1,0,0,19.5,82.4,0.0,1.0,1.0,1.0,123.8,74.0,97.0,53.0,5.5,55.1,4.01,53.6,168.1,19.0,1
73.0,1,0,1,0,0,36.3,114.6,0.0,1.0,1.0,1.0,123.0,62.7,137.0,92.0,5.7,62.3,34.23,84.8,157.8,34.0,1
60.0,1,0,1,0,0,41.0,123.7,0.0,1.0,1.0,1.0,108.2,75.0,159.0,38.0,6.0,89.1,11.38,88.4,177.9,27.9,1
69.0,1,0,1,0,0,28.3,101.0,0.0,1.0,1.0,1.0,92.2,63.4,102.0,49.0,8.0,68.3,38.81,69.8,158.9,27.6,1
62.0,1,0,0,0,1,20.6,75.7,0.0,1.0,0.0,1.0,132.2,71.4,176.0,71.0,4.9,85.1,5.71,62.6,176.8,20.0,0
44.0,1,0,0,0,1,50.6,131.1,0.0,1.0,0.0,1.0,110.3,70.9,237.0,42.0,6.0,113.4,3.73,113.3,156.2,46.4,0
68.0,1,0,0,0,1,22.7,87.8,0.0,1.0,0.0,1.0,157.2,85.7,182.0,52.0,5.5,96.4,6.59,56.3,160.5,21.9,0
72.0,1,0,0,0,1,26.0,84.2,0.0,1.0,0.0,1.0,111.8,62.8,145.0,74.0,7.6,63.8,11.3,55.7,149.0,25.1,0
72.0,1,0,0,0,1,21.4,84.2,0.0,1.0,0.0,1.0,143.9,88.6,154.0,39.0,8.0,83.5,8.03,61.8,170.0,21.4,0
71.0,1,0,0,0,1,21.1,81.7,0.0,1.0,0.0,1.0,111.0,63.3,194.0,89.0,6.6,64.7,9.32,53.4,157.0,21.7,0
37.0,1,0,0,0,1,25.6,89.2,0.0,1.0,0.0,1.0,116.7,78.5,169.0,54.0,4.8,111.9,9.24,73.6,169.7,25.6,0
59.0,1,0,0,0,1,26.6,93.4,0.0,1.0,0.0,1.0,125.3,84.3,210.0,77.0,5.2,65.7,3.63,76.1,167.1,27.2,0
57.0,1,0,0,0,1,41.4,131.5,0.0,1.0,0.0,1.0,110.0,76.1,198.0,68.0,6.2,98.5,10.3,95.3,152.3,41.1,0
59.0,1,0,0,0,1,35.4,115.5,0.0,1.0,0.0,1.0,134.5,92.9,178.0,68.0,6.3,83.7,8.75,72.8,146.9,33.7,0
69.0,1,0,0,0,1,26.1,93.7,0.0,1.0,0.0,1.0,127.4,57.2,234.0,56.0,5.5,73.0,10.58,58.1,152.6,25.0,0
46.0,1,0,0,0,1,35.6,109.7,0.0,1.0,0.0,1.0,117.8,81.8,183.0,36.0,6.1,57.2,10.0,91.0,162.7,34.4,0
67.0,1,0,0,0,1,37.0,104.5,0.0,1.0,0.0,1.0,110.9,82.9,162.0,61.0,5.6,60.4,32.08,89.3,157.7,35.9,0
70.0,0,1,1,0,0,28.6,103.6,0.0,1.0,0.0,1.0,128.6,92.1,116.0,35.0,6.0,104.8,7.77,88.1,189.4,24.6,0
71.0,0,1,1,0,0,23.6,100.1,0.0,1.0,0.0,1.0,129.0,78.2,196.0,41.0,6.1,99.5,8.1,72.7,177.4,23.1,0
68.0,0,1,1,0,0,21.5,90.3,0.0,1.0,0.0,1.0,106.6,66.1,204.0,39.0,5.6,75.8,6.15,80.4,184.9,23.5,0
37.0,0,1,1,0,0,26.3,98.3,0.0,1.0,0.0,1.0,112.1,72.4,116.0,37.0,5.5,121.1,10.02,94.9,190.0,26.3,0
66.0,0,1,1,0,0,29.1,104.8,0.0,1.0,0.0,1.0,128.4,81.5,174.0,57.0,5.4,81.9,0.3,97.6,187.3,27.8,0
46.0,0,1,1,0,0,37.9,127.6,0.0,1.0,0.0,1.0,136.0,79.9,203.0,49.0,6.2,93.3,5.79,99.8,165.4,36.5,0
21.0,0,1,1,0,0,29.5,105.1,0.0,1.0,0.0,1.0,116.0,70.8,147.0,34.0,5.2,112.7,28.5,103.3,184.1,30.5,0
57.0,0,1,1,0,0,29.5,103.2,0.0,1.0,0.0,1.0,124.9,62.7,162.0,50.0,5.2,108.2,10.43,103.9,191.2,28.4,0
70.0,0,1,1,0,0,30.8,107.5,0.0,1.0,0.0,1.0,136.0,68.7,196.0,37.0,4.9,75.2,6.79,103.5,188.8,29.0,0
69.0,0,1,1,0,0,24.9,90.5,0.0,1.0,0.0,1.0,143.5,87.1,132.0,53.0,5.4,88.0,4.98,80.0,180.9,24.4,0
45.0,0,1,1,0,0,36.7,126.0,0.0,1.0,0.0,1.0,136.4,68.4,209.0,42.0,6.7,96.2,34.44,108.5,172.8,36.3,0
45.0,0,1,1,0,0,21.2,89.4,0.0,1.0,0.0,1.0,127.2,75.5,179.0,39.0,5.7,83.6,0.46,75.2,190.8,20.7,0
29.0,0,1,1,0,0,40.8,123.8,0.0,1.0,0.0,1.0,120.2,71.1,160.0,48.0,5.0,133.3,26.27,100.7,160.2,39.2,0
75.0,0,1,1,0,0,25.5,103.0,0.0,1.0,1.0,1.0,127.0,74.9,102.0,70.0,6.1,82.2,13.24,96.1,186.6,27.6,1
68.0,0,1,1,0,0,41.7,137.3,0.0,1.0,1.0,1.0,124.9,84.2,155.0,35.0,5.9,84.5,11.47,101.8,159.5,40.0,1
67.0,0,1,1,0,0,25.6,98.0,0.0,1.0,1.0,1.0,126.9,67.6,125.0,48.0,5.9,64.8,25.44,71.8,173.7,23.8,1
62.0,0,1,1,0,0,21.9,87.5,0.0,1.0,1.0,1.0,112.1,82.0,170.0,33.0,6.6,94.0,5.74,84.0,191.8,22.8,1
70.0,0,1,1,0,0,37.2,121.9,0.0,1.0,1.0,1.0,109.9,60.1,216.0,32.0,5.5,79.0,8.14,87.8,151.6,38.2,1
42.0,0,1,1,0,0,22.2,89.2,0.0,1.0,1.0,1.0,141.1,87.8,231.0,48.0,5.9,70.0,8.62,77.4,181.7,23.4,1
62.0,0,1,1,0,0,24.6,96.4,0.0,1.0,1.0,1.0,120.5,70.9,109.0,36.0,5.9,78.1,47.04,75.3,172.7,25.3,1
74.0,0,1,1,0,0,27.6,98.3,0.0,1.0,1.0,1.0,106.3,46.3,179.0,74.0,5.7,54.5,62.72,55.8,141.2,28.0,1
35.0,0,1,1,0,0,20.6,89.3,0.0,1.0,1.0,1.0,133.0,69.1,177.0,52.0,5.5,57.4,39.25,63.8,170.5,21.9,1
74.0,0,1,1,0,0,39.2,128.0,0.0,1.0,1.0,1.0,118.4,68.5,174.0,39.0,5.3,54.2,3.96,124.5,183.9,36.8,1
74.0,0,1,1,0,0,41.8,134.3,0.0,1.0,1.0,1.0,129.5,76.2,138.0,33.0,5.7,71.1,10.18,128.5,181.3,39.1,1
70.0,0,1,1,0,0,26.8,99.4,0.0,1.0,1.0,1.0,135.9,76.4,170.0,57.0,5.8,78.5,23.04,86.2,189.9,23.9,1
67.0,0,1,1,0,0,21.0,86.7,0.0,1.0,1.0,1.0,92.1,69.5,133.0,38.0,6.1,76.7,42.49,74.8,189.4,20.9,1
80.0,1,0,0,0,1,26.8,97.5,0.0,1.0,1.0,0.0,126.3,73.3,147.0,62.0,5.5,37.3,36.44,80.0,179.7,24.8,1
80.0,1,0,0,0,1,56.8,164.2,0.0,1.0,1.0,0.0,108.0,68.9,108.0,47.0,5.7,38.7,5.93,129.0,158.7,51.2,1
80.0,1,0,0,0,1,27.9,94.8,0.0,1.0,1.0,0.0,128.0,75.0,178.0,77.0,5.4,49.9,31.09,66.9,159.4,26.3,1
80.0,1,0,0,0,1,23.5,92.7,0.0,1.0,1.0,0.0,106.8,53.2,157.0,58.0,5.0,65.9,14.09,50.6,150.4,22.4,1
80.0,1,0,0,0,1,27.1,87.9,0.0,1.0,1.0,0.0,137.9,84.6,247.0,69.0,5.6,57.1,10.13,67.4,162.4,25.6,1
80.0,1,0,0,0,1,21.3,86.9,0.0,1.0,1.0,0.0,144.3,60.9,134.0,53.0,5.9,95.4,50.97,64.0,162.8,24.1,1
80.0,1,0,0,0,1,23.6,86.7,0.0,1.0,1.0,0.0,148.3,85.2,101.0,57.0,5.7,92.2,33.26,54.2,153.7,23.0,1
80.0,1,0,0,0,1,32.5,107.1,0.0,1.0,1.0,0.0,132.2,57.6,198.0,43.0,5.4,32.5,2.7,60.6,144.2,29.1,1
80.0,1,0,0,0,1,39.8,121.4,0.0,1.0,1.0,0.0,125.0,34.0,157.0,66.0,4.8,70.2,33.93,90.9,155.5,37.6,1
80.0,1,0,0,0,1,25.8,95.5,0.0,1.0,1.0,0.0,123.8,74.0,193.0,73.0,5.5,63.2,14.4,61.8,157.7,24.9,1
80.0,1,0,0,0,1,31.2,101.7,0.0,1.0,1.0,0.0,128.2,77.6,199.0,61.0,5.9,85.5,44.53,83.9,168.7,29.5,1
80.0,1,0,0,0,1,24.9,90.7,0.0,1.0,1.0,0.0,119.2,64.3,210.0,77.0,5.6,46.7,5.35,61.4,158.7,24.4,1
80.0,1,0,0,0,1,34.4,104.1,0.0,1.0,1.0,0.0,102.4,63.0,310.0,46.0,5.6,99.4,32.8,72.8,150.8,32.0,1
72.0,0,1,0,0,1,35.5,126.2,1.0,1.0,0.0,1.0,131.3,68.8,108.0,37.0,5.5,48.4,34.75,84.7,157.6,34.1,1
68.0,0,1,0,0,1,41.0,133.9,1.0,1.0,0.0,1.0,161.2,89.8,111.0,44.0,9.6,100.5,6.91,103.4,162.7,39.1,1
74.0,0,1,0,0,1,27.0,106.9,1.0,1.0,0.0,1.0,120.0,61.7,116.0,39.0,5.8,75.5,37.88,97.9,186.1,28.3,1
21.0,0,1,0,0,1,46.9,145.3,1.0,1.0,0.0,1.0,124.4,77.6,160.0,38.0,6.1,69.7,10.68,114.3,159.5,44.9,1
79.0,0,1,0,0,1,32.3,104.6,1.0,1.0,0.0,1.0,114.0,70.0,209.0,37.0,7.6,72.2,529.61,70.2,153.1,29.9,1
68.0,0,1,0,0,1,25.8,92.9,1.0,1.0,0.0,1.0,129.1,72.0,141.0,41.0,6.4,59.4,125.47,57.3,142.8,28.1,1
65.0,0,1,0,0,1,29.7,109.6,1.0,1.0,0.0,1.0,143.0,84.8,150.0,39.0,11.9,61.5,265.95,71.6,156.7,29.1,1
71.0,0,1,0,0,1,39.4,124.1,1.0,1.0,0.0,1.0,123.8,62.2,140.0,54.0,12.0,56.1,51.09,85.7,155.8,35.3,1
68.0,0,1,0,0,1,34.3,119.8,1.0,1.0,0.0,1.0,128.1,55.6,116.0,34.0,5.4,69.3,10.86,114.7,185.4,33.4,1
66.0,0,1,0,0,1,36.9,117.7,1.0,1.0,0.0,1.0,127.1,77.0,149.0,60.0,5.4,80.4,318.12,103.0,171.3,35.1,1
69.0,0,1,0,0,1,24.9,101.7,1.0,1.0,0.0,1.0,112.0,66.9,233.0,50.0,9.2,86.9,146.19,87.8,183.3,26.1,1
61.0,0,1,0,0,1,34.1,110.2,1.0,1.0,0.0,1.0,128.1,87.5,140.0,44.0,6.7,95.6,8.8,115.6,183.1,34.5,1
43.0,0,1,0,0,1,37.5,117.3,1.0,1.0,0.0,1.0,139.3,85.5,174.0,27.0,5.4,82.3,21.49,94.4,158.6,37.5,1
57.0,1,0,0,1,0,28.0,99.8,1.0,0.0,1.0,0.0,105.8,63.5,151.0,42.0,4.9,59.8,7.87,68.3,154.8,28.5,0
40.0,1,0,0,1,0,39.3,124.4,1.0,0.0,1.0,0.0,135.6,81.3,236.0,56.0,9.4,95.2,7.01,96.5,157.9,38.7,0
69.0,1,0,0,1,0,29.4,94.0,1.0,0.0,1.0,0.0,94.2,43.4,187.0,70.0,5.5,82.9,8.06,71.7,159.4,28.2,0
58.0,1,0,0,1,0,41.8,127.2,1.0,0.0,1.0,0.0,112.1,73.2,201.0,42.0,6.4,111.0,6.61,88.2,152.2,38.1,0
62.0,1,0,0,1,0,32.8,100.8,1.0,0.0,1.0,0.0,131.1,79.3,154.0,47.0,6.8,101.7,4.94,81.5,156.6,33.2,0
61.0,1,0,0,1,0,34.5,97.3,1.0,0.0,1.0,0.0,105.1,72.6,184.0,51.0,5.8,66.2,13.17,74.3,149.3,33.3,0
58.0,1,0,0,1,0,27.7,92.8,1.0,0.0,1.0,0.0,106.5,69.6,179.0,44.0,6.2,83.4,1.39,57.0,142.5,28.1,0
74.0,1,0,0,1,0,29.5,97.9,1.0,0.0,1.0,0.0,119.0,59.7,144.0,49.0,5.2,62.1,6.83,69.1,152.8,29.6,0
45.0,1,0,0,1,0,40.8,124.6,1.0,0.0,1.0,0.0,103.8,65.1,198.0,47.0,5.9,105.3,27.19,116.9,169.8,40.6,0
70.0,1,0,0,1,0,30.0,117.3,1.0,0.0,1.0,0.0,113.7,72.6,204.0,46.0,6.1,87.0,15.97,81.9,168.1,29.0,0
44.0,1,0,0,1,0,39.5,115.8,1.0,0.0,1.0,0.0,123.1,73.6,180.0,80.0,5.7,101.2,4.35,90.8,154.5,38.0,0
58.0,1,0,0,1,0,38.4,136.0,1.0,0.0,1.0,0.0,120.0,80.1,127.0,30.0,9.6,94.3,28.14,98.2,159.7,38.5,0
70.0,0,1,0,0,1,29.8,91.1,0.0,1.0,0.0,1.0,107.4,57.5,220.0,90.0,6.0,114.0,8.88,75.4,162.6,28.5,0
73.0,0,1,0,0,1,26.5,97.5,0.0,1.0,0.0,1.0,131.5,76.3,192.0,37.0,5.5,54.4,0.3,85.1,182.9,25.5,0
63.0,0,1,0,0,1,39.7,123.2,0.0,1.0,0.0,1.0,114.1,74.4,238.0,78.0,5.8,73.0,8.89,129.7,184.7,38.0,0
77.0,0,1,0,0,1,32.1,104.5,0.0,1.0,0.0,1.0,107.5,70.6,150.0,55.0,6.0,75.9,12.86,108.8,187.7,30.9,0
67.0,0,1,0,0,1,34.2,116.6,0.0,1.0,0.0,1.0,114.2,75.3,174.0,27.0,5.8,115.8,3.51,112.0,184.5,32.9,0
67.0,0,1,0,0,1,27.2,97.5,0.0,1.0,0.0,1.0,133.5,82.9,196.0,54.0,5.1,93.3,1.47,97.2,190.7,26.7,0
56.0,0,1,0,0,1,36.1,117.8,0.0,1.0,0.0,1.0,153.3,90.1,159.0,39.0,8.6,70.6,10.48,118.7,186.3,34.2,0
52.0,0,1,0,0,1,24.2,88.9,0.0,1.0,0.0,1.0,123.5,70.0,189.0,46.0,5.2,98.9,8.62,78.6,181.0,24.0,0
54.0,0,1,0,0,1,27.8,100.9,0.0,1.0,0.0,1.0,123.2,76.4,170.0,107.0,5.6,65.8,13.27,79.9,172.1,27.0,0
70.0,0,1,0,0,1,37.5,125.4,0.0,1.0,0.0,1.0,127.8,86.8,179.0,45.0,6.1,59.6,8.93,135.4,191.8,36.8,0
50.0,0,1,0,0,1,27.5,94.1,0.0,1.0,0.0,1.0,136.2,87.9,286.0,85.0,5.7,99.3,10.49,67.3,153.4,28.6,0
70.0,0,1,0,0,1,25.4,95.1,0.0,1.0,0.0,1.0,174.9,93.0,165.0,74.0,5.6,65.9,4.57,85.9,185.4,25.0,0
63.0,1,0,0,0,1,42.4,138.4,1.0,1.0,1.0,1.0,115.0,70.2,153.0,38.0,11.1,93.6,26.84,98.8,157.5,39.8,0
71.0,1,0,0,0,1,32.5,109.8,1.0,1.0,1.0,1.0,119.1,52.7,106.0,34.0,8.8,68.5,5.62,76.0,153.9,32.1,0
70.0,1,0,0,0,1,23.4,90.1,1.0,1.0,1.0,1.0,131.3,78.6,130.0,44.0,6.1,75.9,2.24,32.3,141.9,16.0,0
73.0,1,0,0,0,1,20.4,82.2,1.0,1.0,1.0,1.0,113.9,61.5,138.0,83.0,5.9,78.9,9.93,53.3,167.5,19.0,0
73.0,1,0,0,0,1,36.0,119.8,1.0,1.0,1.0,1.0,101.0,34.0,106.0,35.0,8.5,119.1,8.08,81.5,149.0,36.7,0
71.0,1,0,0,0,1,38.9,126.0,1.0,1.0,1.0,1.0,112.3,70.4,160.0,35.0,8.9,90.5,6.28,96.3,159.5,37.9,0
63.0,1,0,0,0,1,24.8,87.6,1.0,1.0,1.0,1.0,132.8,67.9,141.0,65.0,5.7,89.5,8.81,48.1,139.0,24.9,0
63.0,1,0,0,0,1,33.8,109.8,1.0,1.0,1.0,1.0,159.6,87.8,161.0,93.0,5.2,93.8,4.2,74.7,147.7,34.2,0
70.0,1,0,0,0,1,36.7,132.7,1.0,1.0,1.0,1.0,137.2,80.8,103.0,34.0,6.3,85.2,58.07,128.9,187.5,36.7,0
71.0,1,0,0,0,1,26.8,101.2,1.0,1.0,1.0,1.0,109.9,66.0,143.0,65.0,6.3,52.6,6.37,72.1,169.5,25.1,0
69.0,1,0,0,0,1,25.5,104.2,1.0,1.0,1.0,1.0,126.6,71.3,185.0,65.0,6.0,100.3,3.91,62.5,156.9,25.4,0
71.0,1,0,0,0,1,25.5,97.1,1.0,1.0,1.0,1.0,128.1,79.7,167.0,82.0,5.3,67.2,2.92,35.4,134.9,19.4,0
39.0,0,1,1,0,0,38.0,114.7,0.0,0.0,0.0,1.0,105.7,68.8,144.0,31.0,5.1,87.6,6.41,111.9,181.7,33.9,0
48.0,0,1,1,0,0,35.6,115.4,0.0,0.0,0.0,1.0,147.3,101.0,216.0,35.0,5.4,96.5,33.61,122.8,188.8,34.4,0
19.0,0,1,1,0,0,20.8,75.9,0.0,0.0,0.0,1.0,122.1,59.1,175.0,59.0,4.6,92.3,7.25,65.7,182.2,19.8,0
31.0,0,1,1,0,0,30.2,113.3,0.0,0.0,0.0,1.0,117.2,69.7,184.0,39.0,5.0,101.5,10.72,103.2,185.0,30.1,0
22.0,0,1,1,0,0,27.0,78.3,0.0,0.0,0.0,1.0,116.8,87.7,128.0,50.0,7.8,78.4,3.32,78.0,168.6,27.4,0
60.0,0,1,1,0,0,27.5,99.5,0.0,0.0,0.0,1.0,147.2,87.0,148.0,35.0,5.1,79.8,34.93,94.2,188.0,26.7,0
69.0,0,1,1,0,0,32.3,112.9,0.0,0.0,0.0,1.0,111.5,72.9,184.0,33.0,5.1,101.3,5.44,114.2,191.1,31.3,0
22.0,0,1,1,0,0,35.7,123.1,0.0,0.0,0.0,1.0,117.8,70.4,124.0,49.0,5.4,101.9,53.95,132.1,192.5,35.6,0
27.0,0,1,1,0,0,28.0,89.5,0.0,0.0,0.0,1.0,111.3,72.2,161.0,35.0,4.9,136.0,0.3,88.5,176.7,28.3,0
30.0,0,1,1,0,0,30.3,95.4,0.0,0.0,0.0,1.0,132.1,81.0,157.0,68.0,5.4,118.9,6.11,74.1,159.0,29.3,0
21.0,0,1,1,0,0,33.3,118.8,0.0,0.0,0.0,1.0,107.4,66.6,207.0,48.0,4.9,112.4,5.98,113.7,183.4,33.8,0
35.0,0,1,1,0,0,23.9,93.9,0.0,0.0,0.0,1.0,107.1,54.1,181.0,52.0,5.2,100.3,24.66,83.8,190.1,23.2,0
67.0,1,0,0,1,0,27.3,93.8,1.0,0.0,0.0,0.0,144.5,81.9,151.0,49.0,5.5,58.7,4.99,61.0,152.2,26.3,0
37.0,1,0,0,1,0,36.5,112.6,1.0,0.0,0.0,0.0,130.4,79.5,155.0,50.0,9.5,107.6,46.48,87.0,158.8,34.5,0
43.0,1,0,0,1,0,26.1,95.4,1.0,0.0,0.0,0.0,140.3,73.2,189.0,31.0,4.8,113.8,34.48,70.2,179.5,21.8,0
54.0,1,0,0,1,0,23.9,66.7,1.0,0.0,0.0,0.0,107.8,67.3,107.0,47.0,5.9,103.0,13.96,63.7,155.6,26.3,0
48.0,1,0,0,1,0,51.5,149.2,1.0,0.0,0.0,0.0,97.4,55.4,172.0,32.0,6.0,84.4,7.43,116.2,156.0,47.8,0
52.0,1,0,0,1,0,24.6,93.3,1.0,0.0,0.0,0.0,121.2,69.9,237.0,42.0,6.3,103.1,23.9,70.5,167.6,25.1,0
31.0,1,0,0,1,0,38.5,115.5,1.0,0.0,0.0,0.0,111.3,69.7,186.0,43.0,4.6,116.4,9.33,111.7,172.2,37.7,0
35.0,1,0,0,1,0,37.2,112.5,1.0,0.0,0.0,0.0,103.9,79.7,218.0,51.0,5.2,106.9,9.81,92.8,164.6,34.2,0
30.0,1,0,0,1,0,40.8,120.8,1.0,0.0,0.0,0.0,119.8,66.6,200.0,52.0,5.5,98.0,9.89,115.6,169.6,40.2,0
72.0,1,0,0,1,0,27.3,96.2,1.0,0.0,0.0,0.0,126.6,92.7,174.0,40.0,5.3,89.8,6.88,60.5,153.0,25.8,0
80.0,1,0,0,0,1,21.6,77.1,0.0,0.0,1.0,0.0,95.7,54.7,110.0,72.0,5.1,63.5,4.83,63.3,175.0,20.7,0
80.0,1,0,0,0,1,22.8,81.7,0.0,0.0,1.0,0.0,156.5,85.1,177.0,70.0,5.2,100.3,5.48,52.4,152.2,22.6,0
80.0,1,0,0,0,1,27.3,90.8,0.0,0.0,1.0,0.0,124.8,74.6,169.0,66.0,5.2,75.0,2.63,68.9,162.6,26.0,0
80.0,1,0,0,0,1,24.7,85.0,0.0,0.0,1.0,0.0,101.8,53.8,197.0,53.0,5.6,92.4,9.56,56.0,152.4,24.1,0
80.0,1,0,0,0,1,25.1,91.5,0.0,0.0,1.0,0.0,111.5,60.4,212.0,68.0,5.1,91.9,7.76,69.2,165.1,25.4,0
80.0,1,0,0,0,1,35.6,113.6,0.0,0.0,1.0,0.0,126.9,73.4,156.0,91.0,6.2,100.7,9.73,77.4,151.1,33.9,0
80.0,1,0,0,0,1,29.9,100.9,0.0,0.0,1.0,0.0,107.1,69.6,206.0,88.0,5.8,48.8,42.16,73.9,158.9,29.3,0
80.0,1,0,0,0,1,32.4,106.9,0.0,0.0,1.0,0.0,122.4,65.0,152.0,37.0,4.9,78.5,53.04,82.3,159.5,32.3,0
80.0,1,0,0,0,1,25.4,90.1,0.0,0.0,1.0,0.0,124.0,76.4,190.0,94.0,5.7,66.1,8.9,53.2,148.6,24.1,0
80.0,1,0,0,0,1,26.8,85.1,0.0,0.0,1.0,0.0,121.4,68.9,165.0,51.0,5.1,97.1,8.4,59.7,153.6,25.3,0
80.0,1,0,0,0,1,28.2,87.2,0.0,0.0,1.0,0.0,109.4,69.6,231.0,89.0,5.6,77.0,46.32,59.8,161.8,22.8,0
80.0,1,0,0,0,1,26.1,94.9,0.0,0.0,1.0,0.0,97.7,76.1,174.0,68.0,5.1,86.8,11.52,63.3,160.3,24.6,0
46.0,1,0,1,0,0,38.8,105.8,1.0,1.0,0.0,0.0,131.0,76.4,157.0,43.0,5.9,92.7,1.25,88.4,153.5,37.5,0
71.0,1,0,1,0,0,40.8,126.8,1.0,1.0,0.0,0.0,130.1,76.5,157.0,35.0,9.2,72.0,4.45,113.6,174.3,37.4,0
72.0,1,0,1,0,0,23.5,86.9,1.0,1.0,0.0,0.0,117.1,76.6,214.0,49.0,5.6,81.1,12.35,47.6,162.9,17.9,0
29.0,1,0,1,0,0,27.2,97.2,1.0,1.0,0.0,0.0,116.2,71.6,231.0,37.0,5.8,100.3,5.51,64.2,147.7,29.4,0
69.0,1,0,0,1,0,41.5,140.6,1.0,1.0,1.0,1.0,108.5,82.4,140.0,34.0,7.1,101.2,207.62,75.2,154.6,31.5,1
71.0,1,0,0,1,0,34.5,125.6,1.0,1.0,1.0,1.0,121.4,36.4,199.0,42.0,8.5,53.6,11.97,74.8,152.1,32.3,1
73.0,1,0,0,1,0,22.3,80.8,1.0,1.0,1.0,1.0,130.3,82.9,202.0,39.0,6.8,71.3,21.54,52.3,150.5,23.1,1
48.0,1,0,0,1,0,38.7,122.5,1.0,1.0,1.0,1.0,130.9,76.9,184.0,40.0,6.3,75.6,43.21,110.2,168.9,38.6,1
63.0,1,0,0,1,0,36.9,125.0,1.0,1.0,1.0,1.0,125.1,68.9,166.0,27.0,6.8,79.3,10.19,68.9,141.1,34.6,1
72.0,1,0,0,1,0,37.3,125.7,1.0,1.0,1.0,1.0,142.5,70.6,105.0,60.0,9.3,57.2,2.79,98.5,167.5,35.1,1
69.0,1,0,0,1,0,38.8,133.2,1.0,1.0,1.0,1.0,130.7,67.5,89.0,31.0,8.5,59.4,32.65,84.3,155.2,35.0,1
76.0,1,0,0,1,0,24.3,88.5,1.0,1.0,1.0,1.0,102.9,45.6,97.0,42.0,7.8,49.4,54.57,55.6,154.1,23.4,1
55.0,1,0,0,1,0,40.2,125.9,1.0,1.0,1.0,1.0,122.8,72.7,194.0,34.0,10.5,93.1,143.04,95.8,154.4,40.2,1
69.0,1,0,0,1,0,36.4,131.7,1.0,1.0,1.0,1.0,109.5,62.5,142.0,35.0,7.8,79.7,3.63,94.1,176.0,30.4,1
71.0,1,0,0,1,0,42.5,133.3,1.0,1.0,1.0,1.0,107.8,42.4,186.0,32.0,6.6,81.5,33.74,141.5,184.4,41.6,1
75.0,1,0,0,1,0,30.6,116.3,1.0,1.0,1.0,1.0,107.6,54.4,142.0,40.0,7.1,93.6,9.77,72.0,158.3,28.7,1
73.0,1,0,0,0,1,24.8,80.9,0.0,1.0,1.0,1.0,90.3,47.8,101.0,33.0,5.5,58.6,11.35,57.2,155.2,23.8,1
57.0,1,0,0,0,1,35.0,115.7,0.0,1.0,1.0,1.0,130.7,59.9,183.0,38.0,8.6,62.8,314.88,79.9,151.9,34.6,1
61.0,1,0,0,0,1,24.4,84.7,0.0,1.0,1.0,1.0,91.5,52.7,254.0,33.0,6.1,78.2,14.67,58.6,157.9,23.5,1
73.0,1,0,0,0,1,25.1,87.8,0.0,1.0,1.0,1.0,102.9,45.1,204.0,50.0,5.0,70.5,38.93,63.8,157.8,25.6,1
75.0,1,0,0,0,1,25.3,96.8,0.0,1.0,1.0,1.0,126.3,74.9,172.0,71.0,5.5,73.4,7.18,62.9,162.7,23.8,1
70.0,1,0,0,0,1,35.4,114.3,0.0,1.0,1.0,1.0,95.0,70.2,244.0,46.0,6.5,96.7,14.34,83.4,155.5,34.5,1
71.0,1,0,0,0,1,37.3,124.8,0.0,1.0,1.0,1.0,120.5,74.1,227.0,63.0,7.7,42.6,43.12,93.3,168.6,32.8,1
71.0,1,0,0,0,1,42.4,128.4,0.0,1.0,1.0,1.0,126.5,54.3,182.0,83.0,6.6,52.7,63.58,97.8,156.5,39.9,1
68.0,1,0,0,0,1,26.4,93.2,0.0,1.0,1.0,1.0,110.0,69.4,199.0,64.0,5.2,45.6,17.23,55.8,150.0,24.8,1
65.0,1,0,0,0,1,27.1,98.4,0.0,1.0,1.0,1.0,125.1,52.9,179.0,47.0,6.6,68.9,10.88,54.7,156.9,22.2,1
53.0,1,0,0,0,1,24.7,88.7,0.0,1.0,1.0,1.0,127.1,62.0,188.0,34.0,6.3,72.8,30.6,48.3,154.9,20.1,1
60.0,1,0,0,0,1,23.4,79.7,0.0,1.0,1.0,1.0,107.7,65.1,224.0,42.0,6.1,33.1,33.62,52.8,151.5,23.0,1
80.0,0,1,0,1,0,25.2,94.8,0.0,1.0,1.0,0.0,130.6,77.0,198.0,47.0,5.6,77.9,2.91,86.2,186.2,24.9,0
80.0,0,1,0,1,0,26.2,100.7,0.0,1.0,1.0,0.0,122.8,53.3,155.0,87.0,4.5,85.3,26.5,60.9,157.5,24.5,0
80.0,0,1,0,1,0,37.1,126.1,0.0,1.0,1.0,0.0,152.9,87.2,149.0,36.0,5.7,63.2,27.34,120.2,183.5,35.7,0
80.0,0,1,0,1,0,28.8,114.2,0.0,1.0,1.0,0.0,133.4,66.2,164.0,35.0,5.4,77.0,8.71,88.3,179.2,27.5,0
80.0,0,1,0,1,0,30.3,112.9,0.0,1.0,1.0,0.0,98.9,60.8,267.0,35.0,4.7,98.8,6.73,108.7,186.6,31.2,0
80.0,0,1,0,1,0,35.2,122.8,0.0,1.0,1.0,0.0,129.7,60.0,189.0,46.0,5.6,64.1,9.72,98.9,170.4,34.1,0
80.0,0,1,0,1,0,25.0,86.9,0.0,1.0,1.0,0.0,121.0,59.9,153.0,67.0,5.4,77.2,2.65,68.8,173.6,22.8,0
80.0,0,1,0,1,0,34.3,112.9,0.0,1.0,1.0,0.0,135.3,70.3,192.0,38.0,5.4,73.9,7.18,86.0,165.3,31.5,0
69.0,0,1,0,1,0,36.6,125.0,1.0,0.0,1.0,0.0,99.5,67.5,118.0,34.0,5.9,110.6,66.63,118.5,180.9,36.2,1
67.0,0,1,0,1,0,43.2,121.2,1.0,0.0,1.0,0.0,101.3,67.5,129.0,41.0,9.8,75.2,53.95,132.5,176.0,42.8,1
55.0,0,1,0,1,0,27.8,113.6,1.0,0.0,1.0,0.0,115.9,70.4,95.0,36.0,11.6,66.7,8.47,88.1,182.3,26.5,1
70.0,0,1,0,1,0,35.7,108.4,1.0,0.0,1.0,0.0,115.1,71.4,175.0,44.0,7.1,118.3,6.13,86.7,159.3,34.2,1
50.0,0,1,0,1,0,39.8,133.2,1.0,0.0,1.0,0.0,107.7,68.6,175.0,26.0,7.3,105.6,207.86,86.2,155.4,35.7,1
37.0,0,1,0,1,0,37.5,130.4,1.0,0.0,1.0,0.0,131.7,70.9,170.0,38.0,6.2,126.5,10.25,85.1,154.2,35.8,1
44.0,0,1,0,1,0,37.8,127.0,1.0,0.0,1.0,0.0,110.1,71.7,131.0,37.0,9.2,108.8,9.67,92.8,158.0,37.2,1
67.0,0,1,0,1,0,40.9,139.4,1.0,0.0,1.0,0.0,129.7,73.9,159.0,40.0,9.3,101.4,10.91,109.1,165.8,39.7,1
40.0,0,1,0,1,0,40.9,122.7,1.0,0.0,1.0,0.0,106.5,72.8,192.0,32.0,6.2,107.1,39.63,132.3,183.1,39.5,1
40.0,0,1,0,1,0,35.7,119.8,1.0,0.0,1.0,0.0,142.2,86.7,137.0,34.0,9.6,93.6,2.49,126.6,189.2,35.4,1
50.0,0,1,0,1,0,38.0,118.7,1.0,0.0,1.0,0.0,139.5,82.2,177.0,49.0,5.8,66.2,37.62,96.6,167.1,34.6,1
55.0,1,0,1,0,0,43.6,120.8,1.0,0.0,1.0,0.0,130.0,83.8,205.0,52.0,5.1,96.9,14.66,81.3,153.1,34.7,0
46.0,1,0,1,0,0,41.2,116.1,1.0,0.0,1.0,0.0,102.3,71.5,129.0,29.0,6.2,99.4,15.7,104.1,158.7,41.3,0
52.0,1,0,1,0,0,37.9,120.7,1.0,0.0,1.0,0.0,109.6,79.1,237.0,38.0,5.5,70.0,6.66,75.5,143.2,36.8,0
31.0,1,0,1,0,0,23.1,78.6,1.0,0.0,1.0,0.0,127.5,88.0,169.0,35.0,5.4,122.0,7.39,42.6,151.8,18.5,0
43.0,1,0,1,0,0,27.9,86.7,1.0,0.0,1.0,0.0,136.2,68.7,235.0,47.0,5.3,77.2,4.6,61.8,159.8,24.2,0
42.0,1,0,1,0,0,37.6,106.7,1.0,0.0,1.0,0.0,137.8,81.4,180.0,43.0,7.5,107.1,8.37,76.6,154.2,32.2,0
42.0,1,0,1,0,0,38.6,111.8,1.0,0.0,1.0,0.0,127.5,80.0,185.0,65.0,8.2,90.6,9.58,85.7,151.7,37.2,0
36.0,1,0,1,0,0,42.4,129.8,1.0,0.0,1.0,0.0,107.0,72.1,196.0,50.0,5.9,129.0,11.25,126.1,176.2,40.6,0
63.0,1,0,1,0,0,34.0,114.0,1.0,0.0,1.0,0.0,90.9,69.0,103.0,32.0,15.0,61.9,4.71,96.5,168.5,34.0,0
50.0,1,0,1,0,0,26.7,94.1,1.0,0.0,1.0,0.0,128.7,75.3,138.0,39.0,5.5,66.4,7.44,77.4,167.4,27.6,0
37.0,1,0,1,0,0,34.1,118.6,1.0,0.0,1.0,0.0,111.8,73.6,135.0,47.0,6.1,103.9,30.67,111.5,176.9,35.6,0
80.0,1,0,0,1,0,23.8,89.9,0.0,1.0,1.0,0.0,105.2,49.5,125.0,77.0,5.9,84.5,8.53,65.4,165.1,24.0,1
80.0,1,0,0,1,0,37.1,120.7,0.0,1.0,1.0,0.0,113.0,52.3,164.0,39.0,5.7,56.5,60.38,88.4,159.2,34.9,1
80.0,1,0,0,1,0,26.3,99.5,0.0,1.0,1.0,0.0,137.6,55.6,184.0,65.0,5.0,65.3,41.94,82.5,180.2,25.4,1
80.0,1,0,0,1,0,43.4,131.8,0.0,1.0,1.0,0.0,122.5,61.3,225.0,36.0,14.8,78.0,56.38,119.6,165.2,43.8,1
80.0,1,0,0,1,0,32.8,105.7,0.0,1.0,1.0,0.0,131.3,67.2,156.0,99.0,5.3,36.6,43.05,78.2,157.8,31.4,1
80.0,1,0,0,1,0,37.7,132.1,0.0,1.0,1.0,0.0,125.6,78.6,149.0,48.0,10.4,68.6,10.2,90.1,162.4,34.2,1
80.0,1,0,0,1,0,39.8,126.8,0.0,1.0,1.0,0.0,124.5,52.4,146.0,76.0,8.0,36.2,40.74,90.2,155.5,37.3,1
80.0,1,0,0,0,1,24.1,93.8,0.0,0.0,0.0,0.0,165.0,80.1,178.0,76.0,5.2,69.1,38.62,69.8,173.2,23.3,1
80.0,1,0,0,0,1,29.3,98.5,0.0,0.0,0.0,0.0,109.8,66.1,158.0,72.0,5.6,89.3,57.8,81.1,168.3,28.6,1
80.0,1,0,0,0,1,24.8,88.2,0.0,0.0,0.0,0.0,99.7,68.1,167.0,69.0,6.3,76.7,12.28,56.3,154.8,23.5,1
33.0,1,0,0,1,0,38.1,106.6,0.0,1.0,0.0,0.0,112.2,68.8,192.0,43.0,5.0,105.4,26.17,91.8,156.9,37.3,1
70.0,1,0,0,1,0,27.9,99.0,0.0,1.0,0.0,0.0,101.8,59.7,99.0,56.0,5.6,69.3,23.55,80.0,166.8,28.8,1
71.0,1,0,0,1,0,27.4,84.8,0.0,1.0,0.0,0.0,97.2,56.2,201.0,55.0,5.0,85.0,57.69,64.4,154.3,27.1,1
54.0,1,0,0,1,0,26.9,85.6,0.0,1.0,0.0,0.0,143.9,84.5,233.0,41.0,7.5,70.1,30.54,79.9,159.6,31.3,1
50.0,1,0,0,1,0,25.8,94.0,0.0,1.0,0.0,0.0,127.6,80.7,135.0,46.0,5.6,83.7,11.37,76.4,171.9,25.9,1
70.0,1,0,0,1,0,36.1,112.2,0.0,1.0,0.0,0.0,162.4,81.1,120.0,77.0,5.6,78.7,393.04,83.2,157.3,33.6,1
68.0,1,0,0,1,0,30.3,107.8,0.0,1.0,0.0,0.0,103.5,61.8,210.0,37.0,5.2,94.3,6.52,82.9,168.0,29.4,1
66.0,1,0,0,1,0,26.9,92.9,0.0,1.0,0.0,0.0,102.9,70.9,178.0,59.0,4.6,71.1,8.11,64.4,157.4,26.0,1
30.0,1,0,0,1,0,30.6,99.0,0.0,1.0,0.0,0.0,100.0,68.3,172.0,44.0,5.1,109.3,30.37,80.6,172.9,27.0,1
72.0,1,0,0,1,0,36.8,116.3,0.0,1.0,0.0,0.0,126.1,76.5,114.0,36.0,6.0,88.2,7.97,98.1,167.6,34.9,1
42.0,1,0,0,1,0,33.8,111.0,0.0,1.0,0.0,0.0,127.6,87.1,167.0,31.0,5.8,66.3,317.86,69.9,154.4,29.3,1
80.0,0,1,0,1,0,28.3,83.0,0.0,0.0,1.0,0.0,124.9,80.3,132.0,51.0,4.8,101.3,6.01,86.9,175.0,28.4,0
80.0,0,1,0,1,0,43.5,134.5,0.0,0.0,1.0,0.0,137.4,70.3,209.0,54.0,5.3,54.3,7.54,128.4,177.5,40.7,0
80.0,0,1,0,1,0,26.9,92.2,0.0,0.0,1.0,0.0,124.7,77.9,192.0,50.0,4.7,76.6,5.29,79.8,174.4,26.2,0
80.0,0,1,0,1,0,36.1,121.0,0.0,0.0,1.0,0.0,102.1,87.9,191.0,52.0,5.2,111.1,3.31,123.2,189.5,34.3,0
80.0,0,1,0,1,0,44.1,134.9,0.0,0.0,1.0,0.0,106.6,62.1,119.0,35.0,4.8,90.6,12.75,130.8,176.7,41.9,0
80.0,0,1,0,1,0,29.5,101.1,0.0,0.0,1.0,0.0,106.0,69.0,209.0,80.0,5.1,82.5,26.48,74.6,178.7,23.4,0
80.0,0,1,0,1,0,28.7,101.3,0.0,0.0,1.0,0.0,130.0,79.4,140.0,67.0,5.4,87.3,38.7,96.5,187.0,27.6,0
80.0,0,1,0,1,0,27.0,100.1,0.0,0.0,1.0,0.0,131.5,78.8,226.0,52.0,5.5,70.9,9.08,75.2,167.8,26.7,0
80.0,0,1,0,1,0,24.0,90.3,0.0,0.0,1.0,0.0,104.5,63.9,151.0,81.0,4.7,82.2,2.27,85.0,192.1,23.0,0
80.0,0,1,0,1,0,27.2,98.1,0.0,0.0,1.0,0.0,124.1,73.7,199.0,83.0,4.7,90.1,7.49,79.4,176.4,25.5,0
80.0,0,1,0,1,0,21.2,56.4,0.0,0.0,1.0,0.0,139.6,73.8,141.0,54.0,4.8,98.6,19.28,57.8,165.5,21.1,0
25.0,1,0,0,1,0,25.9,95.8,0.0,0.0,1.0,1.0,125.2,76.9,172.0,52.0,5.2,84.2,13.86,72.3,165.4,26.4,0
67.0,1,0,0,1,0,40.5,127.0,0.0,0.0,1.0,1.0,107.6,74.0,118.0,40.0,5.7,81.5,9.83,103.0,162.5,39.0,0
29.0,1,0,0,1,0,49.3,142.9,0.0,0.0,1.0,1.0,123.0,92.7,174.0,33.0,5.9,103.6,15.53,140.5,171.8,47.6,0
48.0,1,0,0,1,0,24.9,85.9,0.0,0.0,1.0,1.0,116.6,72.6,202.0,55.0,6.0,70.8,10.48,56.2,150.5,24.8,0
57.0,1,0,0,1,0,26.3,92.6,0.0,0.0,1.0,1.0,107.6,77.9,202.0,74.0,5.5,93.5,15.55,69.3,150.4,30.6,0
72.0,1,0,0,1,0,25.0,93.0,0.0,0.0,1.0,1.0,119.2,65.4,175.0,58.0,5.6,88.8,10.99,58.4,154.7,24.4,0
22.0,1,0,0,1,0,22.4,81.9,0.0,0.0,1.0,1.0,112.4,65.0,181.0,44.0,5.9,86.8,8.01,49.5,157.7,19.9,0
68.0,1,0,0,1,0,27.6,100.9,0.0,0.0,1.0,1.0,93.2,65.3,162.0,50.0,5.5,76.4,44.74,76.9,170.5,26.5,0
48.0,1,0,0,1,0,28.7,102.0,0.0,0.0,1.0,1.0,99.9,71.0,107.0,38.0,8.8,77.6,8.67,62.6,150.4,27.7,0
74.0,1,0,0,1,0,23.6,89.7,0.0,0.0,1.0,1.0,129.8,67.7,209.0,54.0,5.0,96.5,41.68,53.2,155.3,22.1,0
39.0,1,0,0,1,0,38.5,120.8,0.0,0.0,1.0,1.0,107.8,76.7,220.0,57.0,6.5,107.5,15.37,104.3,168.0,37.0,0
80.0,0,1,0,1,0,22.5,100.3,0.0,1.0,1.0,1.0,94.2,73.2,185.0,34.0,5.2,106.3,29.53,76.9,185.0,22.5,0
80.0,0,1,0,1,0,25.2,95.3,0.0,1.0,1.0,1.0,127.9,78.3,181.0,37.0,5.0,86.9,39.82,75.3,172.4,25.4,0
80.0,0,1,0,1,0,27.3,102.9,0.0,1.0,1.0,1.0,131.8,77.6,147.0,38.0,5.9,79.1,8.72,85.7,177.4,27.2,0
80.0,0,1,0,1,0,25.7,95.7,0.0,1.0,1.0,1.0,124.8,78.2,119.0,81.0,5.7,51.0,12.91,73.4,173.6,24.3,0
80.0,0,1,0,1,0,21.3,89.4,0.0,1.0,1.0,1.0,131.3,67.4,149.0,70.0,6.1,77.2,53.6,76.7,184.5,22.5,0
80.0,0,1,0,1,0,28.6,103.7,0.0,1.0,1.0,1.0,128.9,69.0,188.0,55.0,5.4,80.4,14.96,82.1,173.8,27.2,0
80.0,0,1,0,1,0,35.3,128.6,0.0,1.0,1.0,1.0,100.0,71.4,175.0,45.0,5.5,85.6,7.79,110.0,181.5,33.4,0
80.0,0,1,0,1,0,30.4,110.5,0.0,1.0,1.0,1.0,120.8,63.7,165.0,47.0,5.0,62.3,42.51,81.8,168.3,28.9,0
80.0,0,1,0,1,0,33.7,112.6,0.0,1.0,1.0,1.0,133.1,53.0,122.0,89.0,5.4,40.1,7.38,113.2,189.4,31.6,0
80.0,0,1,0,1,0,28.8,106.7,0.0,1.0,1.0,1.0,122.1,73.6,127.0,66.0,6.0,77.8,6.46,63.3,153.1,27.0,0
80.0,0,1,0,1,0,28.6,102.8,0.0,1.0,1.0,1.0,101.9,55.3,119.0,45.0,5.8,57.6,8.91,95.2,189.6,26.5,0
66.0,0,1,0,0,1,20.0,86.3,0.0,1.0,1.0,1.0,147.0,85.4,230.0,61.0,5.8,63.9,41.16,64.8,179.0,20.2,1
71.0,0,1,0,0,1,27.9,103.1,0.0,1.0,1.0,1.0,117.1,63.6,173.0,75.0,5.3,48.5,290.47,89.3,181.9,27.0,1
58.0,0,1,0,0,1,33.8,118.4,0.0,1.0,1.0,1.0,117.2,69.0,162.0,48.0,5.9,72.3,18.99,114.8,183.3,34.2,1
75.0,0,1,0,0,1,40.0,128.9,0.0,1.0,1.0,1.0,141.7,51.2,151.0,43.0,7.7,85.9,40.85,114.9,173.3,38.3,1
71.0,0,1,0,0,1,27.6,86.3,0.0,1.0,1.0,1.0,121.4,69.3,205.0,33.0,5.5,66.3,6.39,69.2,152.0,30.0,1
74.0,0,1,0,0,1,24.9,99.0,0.0,1.0,1.0,1.0,115.6,69.1,232.0,84.0,6.0,52.0,225.59,70.6,171.5,24.0,1
71.0,0,1,0,0,1,28.4,102.9,0.0,1.0,1.0,1.0,137.2,64.9,176.0,72.0,6.4,59.4,13.61,101.3,186.8,29.0,1
78.0,0,1,0,0,1,20.1,78.1,0.0,1.0,1.0,1.0,105.6,60.4,224.0,43.0,5.8,53.2,51.39,50.5,157.8,20.3,1
73.0,0,1,0,0,1,25.9,94.1,0.0,1.0,1.0,1.0,137.2,65.2,177.0,40.0,7.7,61.0,11.72,88.2,182.5,26.5,1
64.0,0,1,0,0,1,28.2,101.2,0.0,1.0,1.0,1.0,135.1,60.2,192.0,61.0,5.9,67.3,5.38,82.8,172.4,27.9,1
52.0,0,1,1,0,0,34.9,113.7,1.0,0.0,1.0,0.0,127.2,84.9,225.0,44.0,7.4,92.1,6.04,106.4,173.7,35.3,0
43.0,0,1,1,0,0,32.5,110.7,1.0,0.0,1.0,0.0,110.1,76.7,213.0,27.0,9.1,96.2,5.22,110.1,187.2,31.4,0
53.0,0,1,1,0,0,39.6,112.7,1.0,0.0,1.0,0.0,112.1,75.1,134.0,38.0,5.3,127.6,28.38,152.2,188.8,42.7,0
41.0,0,1,1,0,0,47.0,132.5,1.0,0.0,1.0,0.0,135.2,72.9,193.0,57.0,5.5,125.8,9.13,164.3,191.0,45.0,0
72.0,0,1,1,0,0,28.5,102.8,1.0,0.0,1.0,0.0,103.8,61.0,219.0,45.0,5.5,94.3,12.69,88.9,181.1,27.1,0
39.0,0,1,1,0,0,26.7,98.0,1.0,0.0,1.0,0.0,144.2,87.4,140.0,41.0,5.0,115.1,4.33,82.4,175.4,26.8,0
43.0,0,1,1,0,0,29.9,111.5,1.0,0.0,1.0,0.0,127.1,86.3,196.0,43.0,8.0,109.5,10.42,92.9,184.4,27.3,0
45.0,0,1,1,0,0,36.8,128.5,1.0,0.0,1.0,0.0,131.0,80.6,73.0,27.0,5.6,96.6,7.49,113.4,178.2,35.7,0
56.0,0,1,1,0,0,29.2,107.6,1.0,0.0,1.0,0.0,140.1,83.6,221.0,34.0,4.9,103.2,0.3,89.6,178.3,28.2,0
59.0,0,1,1,0,0,31.1,115.4,1.0,0.0,1.0,0.0,126.1,80.7,215.0,34.0,5.9,95.1,5.29,109.5,191.8,29.8,0
71.0,0,1,0,1,0,26.2,100.3,0.0,1.0,0.0,1.0,136.9,79.0,173.0,37.0,5.4,81.7,36.98,84.9,184.5,24.9,1
42.0,0,1,0,1,0,26.1,91.5,0.0,1.0,0.0,1.0,132.8,74.9,203.0,116.0,5.3,102.4,44.39,74.1,168.5,26.1,1
56.0,0,1,0,1,0,25.4,98.4,0.0,1.0,0.0,1.0,113.3,74.0,175.0,43.0,5.4,71.9,39.21,89.8,187.7,25.5,1
79.0,0,1,0,1,0,25.1,93.3,0.0,1.0,0.0,1.0,126.2,63.8,125.0,42.0,5.7,73.0,54.81,87.0,191.4,23.7,1
68.0,0,1,0,1,0,20.1,86.9,0.0,1.0,0.0,1.0,106.0,74.0,216.0,73.0,6.1,87.8,30.33,73.1,189.2,20.4,1
75.0,0,1,0,1,0,37.2,130.3,0.0,1.0,0.0,1.0,143.4,70.6,217.0,41.0,5.1,79.8,5.62,126.1,186.6,36.2,1
72.0,0,1,0,1,0,40.3,126.3,0.0,1.0,0.0,1.0,114.8,70.4,181.0,36.0,6.1,80.8,35.97,139.6,189.8,38.8,1
63.0,0,1,0,1,0,20.1,79.6,0.0,1.0,0.0,1.0,134.7,67.0,223.0,96.0,5.1,60.7,38.04,51.0,158.2,20.4,1
68.0,0,1,0,1,0,25.0,96.5,0.0,1.0,0.0,1.0,109.3,63.6,223.0,35.0,5.3,105.2,42.19,78.9,174.4,25.9,1
66.0,0,1,0,1,0,26.6,95.6,0.0,1.0,0.0,1.0,143.6,83.4,100.0,79.0,5.9,84.0,37.6,83.0,181.8,25.1,1
80.0,0,1,0,0,1,22.0,85.4,0.0,0.0,0.0,0.0,106.4,64.5,185.0,47.0,5.0,93.8,10.26,74.9,179.4,23.3,0
80.0,0,1,0,0,1,29.5,108.2,0.0,0.0,0.0,0.0,125.0,83.1,224.0,56.0,5.6,93.4,27.48,94.6,186.3,27.3,0
80.0,0,1,0,0,1,26.6,96.1,0.0,0.0,0.0,0.0,114.0,70.9,181.0,45.0,5.4,77.8,4.75,82.9,181.2,25.3,0
80.0,0,1,0,0,1,23.0,77.1,0.0,0.0,0.0,0.0,112.8,65.3,180.0,56.0,5.9,74.5,7.96,63.9,169.8,22.2,0
80.0,0,1,0,0,1,22.5,75.3,0.0,0.0,0.0,0.0,97.8,64.5,220.0,71.0,5.2,93.8,2.66,71.0,185.3,20.7,0
80.0,0,1,0,0,1,40.1,129.7,0.0,0.0,0.0,0.0,131.6,83.6,206.0,45.0,5.3,73.2,6.04,133.9,187.6,38.1,0
80.0,0,1,0,0,1,20.0,77.5,0.0,0.0,0.0,0.0,113.6,63.3,181.0,64.0,5.0,86.3,4.8,69.3,189.3,19.3,0
80.0,0,1,0,0,1,28.8,100.6,0.0,0.0,0.0,0.0,137.1,84.4,188.0,55.0,5.2,76.3,11.68,97.5,181.6,29.6,0
80.0,0,1,0,0,1,24.8,92.3,0.0,0.0,0.0,0.0,105.4,69.6,125.0,34.0,5.1,92.6,7.6,91.4,187.7,25.9,0
80.0,0,1,0,0,1,24.0,91.8,0.0,0.0,0.0,0.0,111.0,75.6,195.0,92.0,5.6,111.2,10.15,65.6,168.7,23.1,0
47.0,0,1,1,0,0,22.1,84.6,0.0,0.0,1.0,1.0,137.4,81.0,177.0,55.0,5.9,88.9,2.93,71.2,184.2,21.0,0
63.0,0,1,1,0,0,32.2,109.7,0.0,0.0,1.0,1.0,141.7,92.8,197.0,35.0,5.9,94.3,7.31,94.2,174.1,31.1,0
60.0,0,1,1,0,0,28.7,106.7,0.0,0.0,1.0,1.0,116.2,75.1,222.0,44.0,7.4,104.5,3.87,93.6,181.9,28.3,0
42.0,0,1,1,0,0,27.7,102.9,0.0,0.0,1.0,1.0,119.1,83.3,197.0,37.0,5.3,122.1,2.5,78.0,170.6,26.8,0
61.0,0,1,1,0,0,25.8,94.6,0.0,0.0,1.0,1.0,100.5,51.2,194.0,49.0,5.3,74.6,7.36,74.1,169.0,25.9,0
24.0,0,1,1,0,0,30.1,112.6,0.0,0.0,1.0,1.0,117.1,76.7,117.0,42.0,7.0,110.4,5.86,116.4,192.2,31.5,0
35.0,0,1,1,0,0,31.7,100.1,0.0,0.0,1.0,1.0,137.0,85.4,192.0,59.0,5.6,80.1,10.2,86.9,168.8,30.5,0
63.0,0,1,1,0,0,37.2,106.8,0.0,0.0,1.0,1.0,100.3,66.6,148.0,41.0,6.7,94.2,7.23,103.4,171.1,35.3,0
58.0,0,1,1,0,0,21.9,88.2,0.0,0.0,1.0,1.0,127.7,87.5,200.0,50.0,10.7,92.2,7.87,69.7,181.3,21.2,0
72.0,0,1,1,0,0,26.6,94.5,0.0,0.0,1.0,1.0,128.8,79.7,213.0,79.0,5.5,66.1,2.04,72.6,167.2,26.0,0
80.0,0,1,0,1,0,26.7,97.7,0.0,0.0,0.0,0.0,122.1,75.8,201.0,95.0,5.6,81.7,11.05,61.4,157.3,24.8,0
80.0,0,1,0,1,0,22.0,92.3,0.0,0.0,0.0,0.0,165.8,91.7,231.0,44.0,4.9,85.3,7.77,74.8,187.2,21.3,0
80.0,0,1,0,1,0,28.2,93.3,0.0,0.0,0.0,0.0,114.7,65.4,216.0,50.0,5.0,89.1,11.26,69.1,159.3,27.2,0
80.0,0,1,0,1,0,23.8,95.3,0.0,0.0,0.0,0.0,109.0,74.2,177.0,48.0,5.8,87.9,8.83,64.8,167.7,23.0,0
80.0,0,1,0,1,0,33.9,108.0,0.0,0.0,0.0,0.0,139.2,87.2,199.0,47.0,5.3,99.5,10.56,102.5,175.7,33.2,0
80.0,0,1,0,1,0,25.8,83.5,0.0,0.0,0.0,0.0,114.4,70.6,162.0,57.0,6.0,64.1,41.38,57.7,153.2,24.6,0
80.0,0,1,0,1,0,37.8,119.1,0.0,0.0,0.0,0.0,163.3,80.6,195.0,60.0,5.6,58.5,10.01,93.4,168.5,32.9,0
80.0,0,1,0,1,0,33.6,107.3,0.0,0.0,0.0,0.0,111.5,72.8,173.0,53.0,5.1,104.5,6.88,111.7,181.1,34.1,0
80.0,0,1,0,1,0,27.4,94.4,0.0,0.0,0.0,0.0,112.9,69.7,206.0,38.0,5.0,78.5,4.02,87.6,182.7,26.2,0
80.0,0,1,0,1,0,37.8,119.7,0.0,0.0,0.0,0.0,120.9,83.2,160.0,42.0,5.7,76.8,13.34,100.6,166.6,36.3,0
73.0,0,1,1,0,0,27.1,97.8,1.0,1.0,1.0,1.0,130.8,77.8,168.0,39.0,6.3,86.0,6.65,63.0,151.3,27.5,0
64.0,0,1,1,0,0,38.8,108.3,1.0,1.0,1.0,1.0,131.0,81.6,185.0,44.0,10.5,76.0,9.84,77.5,165.0,28.5,0
77.0,0,1,1,0,0,41.3,130.2,1.0,1.0,1.0,1.0,115.1,64.6,200.0,42.0,8.1,91.2,2.58,134.1,179.4,41.7,0
72.0,0,1,1,0,0,35.1,122.4,1.0,1.0,1.0,1.0,102.6,70.2,150.0,33.0,6.3,80.0,14.15,95.6,166.0,34.7,0
18.0,0,1,1,0,0,35.7,117.5,1.0,1.0,1.0,1.0,122.3,72.0,173.0,34.0,5.5,87.3,10.2,117.8,188.3,33.2,0
70.0,0,1,1,0,0,35.6,113.8,1.0,1.0,1.0,1.0,118.8,72.2,127.0,47.0,5.6,75.8,124.5,113.3,177.8,35.8,0
77.0,0,1,1,0,0,24.1,100.6,1.0,1.0,1.0,1.0,113.4,70.7,173.0,37.0,6.0,53.7,10.45,80.4,185.8,23.3,0
75.0,0,1,1,0,0,26.3,97.1,1.0,1.0,1.0,1.0,132.2,72.7,198.0,54.0,7.7,63.8,37.48,82.1,180.2,25.3,0
65.0,0,1,1,0,0,40.4,135.7,1.0,1.0,1.0,1.0,113.6,67.9,120.0,38.0,7.5,52.4,56.22,108.5,168.1,38.4,0
43.0,0,1,0,1,0,34.1,116.0,1.0,1.0,0.0,1.0,156.7,106.5,167.0,37.0,11.4,71.7,55.95,115.4,184.4,33.9,1
57.0,0,1,0,1,0,39.4,125.7,1.0,1.0,0.0,1.0,157.4,75.5,202.0,48.0,12.2,52.9,201.86,103.0,175.6,33.4,1
66.0,0,1,0,1,0,36.8,124.7,1.0,1.0,0.0,1.0,117.8,75.4,164.0,38.0,13.2,78.4,149.8,106.1,169.2,37.1,1
71.0,0,1,0,1,0,36.1,123.9,1.0,1.0,0.0,1.0,121.2,76.6,223.0,28.0,6.7,116.2,274.95,90.2,158.9,35.7,1
68.0,0,1,0,1,0,36.0,122.7,1.0,1.0,0.0,1.0,135.8,64.5,207.0,87.0,5.8,77.0,135.8,111.7,180.6,34.2,1
68.0,0,1,0,1,0,40.3,127.3,1.0,1.0,0.0,1.0,101.2,66.6,137.0,34.0,6.0,58.2,27.45,103.4,169.6,35.9,1
72.0,0,1,0,1,0,38.4,128.5,1.0,1.0,0.0,1.0,138.1,65.7,204.0,70.0,7.2,98.3,7.18,111.3,193.8,29.6,1
58.0,0,1,0,1,0,35.2,118.2,1.0,1.0,0.0,1.0,99.3,67.9,146.0,50.0,8.7,84.9,42.24,95.1,167.3,34.0,1
78.0,0,1,0,1,0,44.7,141.9,1.0,1.0,0.0,1.0,125.7,53.0,164.0,42.0,5.9,64.4,14.01,118.7,167.3,42.4,1
68.0,0,1,0,0,1,37.2,124.8,1.0,1.0,0.0,0.0,118.2,74.0,115.0,41.0,11.9,75.4,386.78,107.4,174.5,35.3,1
62.0,0,1,0,0,1,37.8,126.7,1.0,1.0,0.0,0.0,125.7,79.0,129.0,36.0,11.6,40.8,5.35,125.7,183.9,37.2,1
69.0,0,1,0,0,1,47.7,153.8,1.0,1.0,0.0,0.0,104.3,74.3,166.0,36.0,6.2,49.7,38.03,161.1,178.9,50.3,1
36.0,0,1,0,0,1,30.4,108.4,1.0,1.0,0.0,0.0,125.9,66.6,222.0,53.0,5.5,100.6,12.28,78.2,169.6,27.2,1
47.0,0,1,0,0,1,36.6,116.7,1.0,1.0,0.0,0.0,103.9,52.9,205.0,36.0,9.6,50.7,39.76,97.1,162.7,36.7,1
72.0,0,1,0,0,1,33.8,109.7,1.0,1.0,0.0,0.0,128.1,78.4,205.0,36.0,6.5,68.6,24.65,117.0,185.5,34.0,1
58.0,0,1,0,0,1,43.2,128.3,1.0,1.0,0.0,0.0,126.3,82.7,168.0,42.0,15.7,87.7,36.86,119.6,170.3,41.3,1
43.0,0,1,0,0,1,38.1,122.5,1.0,1.0,0.0,0.0,124.3,83.4,153.0,34.0,6.1,96.5,0.73,116.5,179.4,36.2,1
62.0,0,1,0,0,1,37.6,88.7,1.0,1.0,0.0,0.0,109.1,67.3,170.0,38.0,11.3,106.1,989.48,130.7,188.7,36.7,1
52.0,1,0,0,0,1,35.6,115.9,1.0,0.0,1.0,0.0,119.8,68.1,212.0,33.0,12.5,98.1,7.48,73.5,155.7,30.3,1
68.0,1,0,0,0,1,37.0,122.4,1.0,0.0,1.0,0.0,123.6,77.6,163.0,38.0,7.0,51.5,375.19,86.2,157.4,34.8,1
68.0,1,0,0,0,1,45.1,123.8,1.0,0.0,1.0,0.0,94.7,69.5,222.0,38.0,11.7,105.9,33.89,110.1,158.7,43.7,1
65.0,1,0,0,0,1,35.9,112.9,1.0,0.0,1.0,0.0,101.2,38.0,208.0,37.0,6.1,53.2,32.63,96.1,165.1,35.3,1
70.0,1,0,0,0,1,42.6,142.5,1.0,0.0,1.0,0.0,129.4,83.0,141.0,38.0,6.9,108.0,6.44,141.6,184.6,41.5,1
65.0,1,0,0,0,1,37.1,119.6,1.0,0.0,1.0,0.0,103.8,68.5,196.0,44.0,6.7,60.3,4.03,88.8,165.6,32.4,1
39.0,1,0,0,0,1,50.3,139.6,1.0,0.0,1.0,0.0,98.2,66.7,228.0,35.0,9.8,108.9,40.11,121.6,159.1,48.0,1
68.0,1,0,0,0,1,42.1,132.4,1.0,0.0,1.0,0.0,135.4,68.7,151.0,38.0,6.1,92.2,12.1,144.2,187.5,41.0,1
45.0,1,0,0,0,1,37.3,126.6,1.0,0.0,1.0,0.0,122.7,75.6,160.0,74.0,5.3,99.0,21.48,97.0,159.4,38.2,1
76.0,1,0,0,0,1,25.9,98.3,0.0,1.0,0.0,1.0,110.1,59.5,175.0,54.0,5.4,56.8,11.79,91.5,187.8,26.0,1
71.0,1,0,0,0,1,28.2,92.7,0.0,1.0,0.0,1.0,153.2,88.2,162.0,70.0,5.4,58.4,10.02,65.4,156.8,26.6,1
55.0,1,0,0,0,1,51.4,147.8,0.0,1.0,0.0,1.0,122.0,88.2,178.0,53.0,10.5,96.4,148.44,116.5,146.3,54.5,1
71.0,1,0,0,0,1,48.8,134.6,0.0,1.0,0.0,1.0,114.1,74.4,180.0,70.0,6.1,79.1,18.05,115.5,156.9,46.9,1
70.0,1,0,0,0,1,23.3,85.5,0.0,1.0,0.0,1.0,95.8,61.0,242.0,66.0,6.2,64.1,9.12,54.0,156.6,22.0,1
74.0,1,0,0,0,1,31.3,101.7,0.0,1.0,0.0,1.0,109.0,63.8,172.0,38.0,10.7,75.3,278.75,72.5,155.5,30.0,1
74.0,1,0,0,0,1,27.5,93.6,0.0,1.0,0.0,1.0,150.7,91.4,212.0,44.0,6.8,60.5,49.77,63.8,155.5,26.4,1
74.0,1,0,0,0,1,23.1,73.0,0.0,1.0,0.0,1.0,109.9,72.1,191.0,55.0,6.0,78.9,9.55,54.2,153.3,23.1,1
63.0,1,0,0,0,1,35.2,109.7,0.0,1.0,0.0,1.0,105.8,74.4,265.0,30.0,11.2,68.0,54.77,78.3,152.0,33.9,1
56.0,1,0,0,1,0,26.8,100.1,0.0,1.0,0.0,1.0,105.4,69.3,183.0,45.0,5.0,55.9,11.48,72.9,169.2,25.5,0
71.0,1,0,0,1,0,27.0,97.7,0.0,1.0,0.0,1.0,119.5,66.0,164.0,82.0,6.2,89.7,8.75,76.4,168.0,27.1,0
70.0,1,0,0,1,0,24.9,100.9,0.0,1.0,0.0,1.0,107.4,64.1,229.0,66.0,5.6,91.1,12.09,75.1,174.5,24.7,0
67.0,1,0,0,1,0,39.9,120.4,0.0,1.0,0.0,1.0,110.1,74.1,207.0,67.0,5.5,83.3,14.94,91.0,155.8,37.5,0
51.0,1,0,0,1,0,34.9,112.2,0.0,1.0,0.0,1.0,97.8,72.1,160.0,58.0,5.5,105.3,12.17,82.7,158.5,32.9,0
70.0,1,0,0,1,0,34.2,99.0,0.0,1.0,0.0,1.0,123.7,65.5,187.0,46.0,5.9,112.1,6.38,77.3,155.0,32.2,0
68.0,1,0,0,1,0,40.9,127.4,0.0,1.0,0.0,1.0,126.9,83.0,115.0,68.0,6.0,90.7,14.44,93.5,154.2,39.3,0
71.0,1,0,0,1,0,24.6,90.0,0.0,1.0,0.0,1.0,111.0,64.7,124.0,63.0,5.7,97.5,12.75,56.8,153.3,24.2,0
40.0,1,0,0,1,0,30.6,88.7,0.0,1.0,0.0,1.0,92.1,70.0,186.0,50.0,5.5,83.7,9.04,92.0,173.8,30.5,0
45.0,1,0,1,0,0,22.7,81.0,0.0,1.0,0.0,1.0,132.2,76.3,221.0,57.0,5.7,91.3,8.82,64.3,173.4,21.4,0
60.0,1,0,1,0,0,35.9,117.4,0.0,1.0,0.0,1.0,136.9,80.8,176.0,38.0,5.8,88.8,45.26,86.3,158.9,34.2,0
50.0,1,0,1,0,0,38.3,120.0,0.0,1.0,0.0,1.0,144.5,76.5,150.0,41.0,5.3,70.5,7.74,123.6,179.6,38.3,0
23.0,1,0,1,0,0,27.3,87.2,0.0,1.0,0.0,1.0,114.4,71.9,144.0,56.0,5.3,124.9,40.86,64.4,156.4,26.3,0
53.0,1,0,1,0,0,45.0,133.4,0.0,1.0,0.0,1.0,122.8,67.9,222.0,40.0,5.9,83.1,6.96,102.9,162.4,39.0,0
61.0,1,0,1,0,0,23.3,90.9,0.0,1.0,0.0,1.0,100.5,34.0,167.0,44.0,11.3,73.1,0.3,55.6,150.6,24.5,0
59.0,1,0,1,0,0,40.0,121.9,0.0,1.0,0.0,1.0,103.8,69.2,224.0,45.0,5.7,116.6,10.45,91.6,152.5,39.4,0
45.0,1,0,1,0,0,37.5,114.6,0.0,1.0,0.0,1.0,111.9,71.4,207.0,44.0,5.2,89.4,11.58,75.9,149.8,33.8,0
34.0,1,0,1,0,0,33.3,116.7,0.0,1.0,0.0,1.0,114.9,72.2,172.0,44.0,5.5,92.4,4.1,92.8,171.1,31.7,0
80.0,1,0,0,0,1,29.4,101.0,1.0,1.0,1.0,1.0,126.1,67.1,119.0,42.0,10.5,64.0,159.01,77.4,164.7,28.5,1
80.0,1,0,0,0,1,34.5,123.3,1.0,1.0,1.0,1.0,100.7,46.9,215.0,61.0,12.1,65.3,217.34,82.4,158.4,32.8,1
80.0,1,0,0,0,1,29.4,106.9,1.0,1.0,1.0,1.0,183.8,72.1,151.0,37.0,10.7,42.7,406.78,75.5,157.6,30.4,1
80.0,1,0,0,0,1,27.3,95.9,1.0,1.0,1.0,1.0,94.7,47.6,210.0,69.0,5.6,70.2,78.53,46.2,137.0,24.6,1
80.0,1,0,0,0,1,35.8,114.9,1.0,1.0,1.0,1.0,92.0,69.3,109.0,65.0,6.6,76.9,17.47,67.2,152.1,29.1,1
80.0,1,0,0,0,1,36.2,125.9,1.0,1.0,1.0,1.0,184.6,79.4,182.0,42.0,11.9,58.1,377.3,82.0,162.3,31.1,1
80.0,1,0,0,1,0,24.3,89.8,0.0,1.0,1.0,1.0,115.0,56.3,119.0,95.0,4.9,62.0,10.74,63.8,165.6,23.3,1
80.0,1,0,0,1,0,36.3,117.7,0.0,1.0,1.0,1.0,126.1,68.6,204.0,80.0,5.5,74.7,47.55,95.9,169.4,33.4,1
80.0,1,0,0,1,0,25.9,96.0,0.0,1.0,1.0,1.0,134.7,87.8,158.0,34.0,6.5,56.5,59.16,64.9,162.6,24.6,1
80.0,1,0,0,1,0,36.4,108.9,0.0,1.0,1.0,1.0,119.0,68.3,165.0,50.0,7.7,55.8,15.49,72.0,144.2,34.6,1
80.0,1,0,0,1,0,22.5,85.5,0.0,1.0,1.0,1.0,124.7,62.5,96.0,46.0,6.0,69.4,10.0,56.5,162.6,21.4,1
80.0,1,0,0,1,0,33.9,114.0,0.0,1.0,1.0,1.0,119.1,67.8,135.0,39.0,6.2,72.3,10.69,81.2,157.0,33.0,1
80.0,1,0,0,1,0,34.0,110.0,0.0,1.0,1.0,1.0,107.3,70.9,119.0,60.0,8.1,68.2,39.78,87.3,162.4,33.1,1
80.0,1,0,0,1,0,33.8,114.8,0.0,1.0,1.0,1.0,108.4,51.3,177.0,44.0,6.0,52.4,45.13,88.4,160.4,34.3,1
43.0,0,1,0,0,1,33.7,97.1,1.0,0.0,1.0,0.0,128.2,66.6,157.0,38.0,6.2,102.3,5.15,83.0,158.0,33.2,1
40.0,0,1,0,0,1,39.9,129.5,1.0,0.0,1.0,0.0,135.8,82.6,122.0,35.0,5.8,116.6,32.94,113.9,169.2,39.8,1
23.0,0,1,0,0,1,38.5,126.3,1.0,0.0,1.0,0.0,101.5,65.2,180.0,36.0,6.3,107.4,44.24,116.6,173.4,38.8,1
71.0,0,1,0,0,1,27.8,95.8,1.0,0.0,1.0,0.0,110.9,69.7,117.0,35.0,6.0,111.1,168.01,78.8,169.7,27.4,1
43.0,0,1,0,0,1,41.9,117.2,1.0,0.0,1.0,0.0,121.3,79.5,189.0,37.0,6.4,109.4,6.09,91.7,151.3,40.1,1
49.0,0,1,0,0,1,28.1,105.9,1.0,0.0,1.0,0.0,126.9,68.6,177.0,42.0,5.8,73.9,45.14,99.8,183.9,29.5,1
66.0,0,1,0,0,1,18.4,80.5,1.0,0.0,1.0,0.0,97.3,86.5,169.0,44.0,6.6,73.7,32.1,36.8,136.6,19.7,1
60.0,0,1,0,0,1,26.0,100.2,1.0,0.0,1.0,0.0,114.0,74.1,183.0,42.0,5.2,72.5,33.94,86.4,182.1,26.1,1
80.0,0,1,0,0,1,29.5,102.0,0.0,1.0,0.0,0.0,138.9,65.9,164.0,68.0,5.4,63.2,7.59,80.0,169.1,28.0,0
80.0,0,1,0,0,1,26.5,97.4,0.0,1.0,0.0,0.0,136.4,78.1,238.0,61.0,5.4,66.5,7.68,83.6,180.1,25.8,0
80.0,0,1,0,0,1,21.6,87.4,0.0,1.0,0.0,0.0,106.6,64.5,219.0,47.0,5.1,81.1,419.21,73.5,186.6,21.1,0
80.0,0,1,0,0,1,29.2,96.8,0.0,1.0,0.0,0.0,137.2,84.6,227.0,76.0,5.8,80.3,9.69,96.8,185.1,28.3,0
80.0,0,1,0,0,1,34.9,119.0,0.0,1.0,0.0,0.0,136.2,83.0,251.0,41.0,6.4,106.8,38.61,120.2,185.0,35.1,0
80.0,0,1,0,0,1,24.0,93.5,0.0,1.0,0.0,0.0,133.6,79.7,198.0,39.0,5.7,81.7,2.48,87.9,191.9,23.9,0
80.0,0,1,0,0,1,23.3,90.0,0.0,1.0,0.0,0.0,149.3,90.1,211.0,41.0,5.8,96.1,4.53,78.3,185.3,22.8,0
80.0,0,1,0,0,1,22.9,96.7,0.0,1.0,0.0,0.0,135.7,65.3,217.0,73.0,5.4,93.3,8.14,79.9,186.5,23.0,0
43.0,0,1,1,0,0,29.2,99.5,1.0,1.0,0.0,0.0,116.8,78.7,175.0,48.0,8.6,104.2,11.4,89.2,176.1,28.8,0
45.0,0,1,1,0,0,37.9,117.3,1.0,1.0,0.0,0.0,114.2,73.6,170.0,39.0,5.6,119.7,7.64,108.1,166.8,38.8,0
62.0,0,1,1,0,0,37.2,119.9,1.0,1.0,0.0,0.0,110.6,62.2,165.0,40.0,6.0,105.1,43.53,121.7,184.6,35.7,0
41.0,0,1,1,0,0,40.4,126.3,1.0,1.0,0.0,0.0,116.1,85.1,214.0,35.0,7.4,90.0,9.58,130.1,181.3,39.6,0
71.0,0,1,1,0,0,39.5,132.4,1.0,1.0,0.0,0.0,137.0,82.1,200.0,42.0,6.2,68.8,3.62,122.6,179.2,38.2,0
49.0,0,1,1,0,0,22.2,93.9,1.0,1.0,0.0,0.0,127.0,67.6,227.0,43.0,5.9,66.7,13.08,61.2,167.3,21.9,0
44.0,0,1,1,0,0,39.6,120.6,1.0,1.0,0.0,0.0,110.0,77.0,161.0,34.0,6.3,106.8,6.01,124.8,180.1,38.5,0
27.0,0,1,1,0,0,33.5,118.9,1.0,1.0,0.0,0.0,115.9,66.2,162.0,38.0,8.8,96.0,114.06,97.5,170.0,33.7,0
80.0,1,0,0,0,1,28.1,96.2,0.0,1.0,1.0,1.0,138.8,72.8,168.0,82.0,7.0,48.5,189.75,67.2,159.5,26.4,1
80.0,1,0,0,0,1,22.0,93.1,0.0,1.0,1.0,1.0,109.7,58.7,175.0,72.0,5.6,46.1,177.37,37.0,133.1,20.9,1
80.0,1,0,0,0,1,40.4,118.2,0.0,1.0,1.0,1.0,171.4,85.3,182.0,51.0,6.5,49.4,124.49,94.9,159.3,37.4,1
80.0,1,0,0,0,1,21.7,77.0,0.0,1.0,1.0,1.0,109.3,62.7,223.0,81.0,4.8,94.7,13.71,58.9,164.4,21.8,1
80.0,1,0,0,0,1,26.1,95.5,0.0,1.0,1.0,1.0,124.7,64.3,149.0,70.0,6.1,58.5,7.97,62.8,155.1,26.1,1
80.0,1,0,0,0,1,36.9,124.1,0.0,1.0,1.0,1.0,142.7,64.1,168.0,83.0,11.4,64.5,49.57,94.9,159.9,37.1,1
80.0,1,0,0,0,1,24.0,88.9,0.0,1.0,1.0,1.0,101.7,59.4,112.0,64.0,5.1,62.7,9.32,70.3,172.4,23.7,1
80.0,1,0,0,0,1,33.7,109.6,0.0,1.0,1.0,1.0,130.1,61.2,113.0,80.0,5.8,65.8,54.52,81.6,159.8,32.0,1
80.0,0,1,0,0,1,28.0,98.4,0.0,1.0,1.0,0.0,106.3,74.0,115.0,43.0,5.3,81.8,6.36,101.8,183.9,30.1,1
80.0,0,1,0,0,1,21.4,67.9,0.0,1.0,1.0,0.0,123.7,79.2,106.0,36.0,5.5,62.9,1.73,60.4,166.6,21.8,1
80.0,0,1,0,0,1,30.3,113.7,0.0,1.0,1.0,0.0,158.4,77.3,177.0,80.0,5.9,73.7,49.93,82.0,168.6,28.8,1
80.0,0,1,0,0,1,35.1,114.8,0.0,1.0,1.0,0.0,145.4,74.5,207.0,54.0,5.4,36.1,42.04,114.1,187.5,32.5,1
80.0,0,1,0,0,1,29.2,108.0,0.0,1.0,1.0,0.0,127.4,79.8,180.0,58.0,5.0,74.9,20.62,99.5,185.3,29.0,1
80.0,0,1,0,0,1,33.7,112.8,0.0,1.0,1.0,0.0,115.6,58.5,98.0,43.0,6.1,79.0,27.06,111.6,183.6,33.1,1
80.0,0,1,0,0,1,36.7,126.6,0.0,1.0,1.0,0.0,152.1,89.4,153.0,42.0,6.7,57.9,55.78,97.7,168.0,34.6,1
80.0,0,1,0,0,1,22.7,99.2,0.0,1.0,1.0,0.0,125.7,70.1,117.0,84.0,5.3,71.7,7.19,64.3,171.3,21.9,1
52.0,0,1,1,0,0,38.8,127.0,0.0,1.0,0.0,1.0,200.1,112.4,198.0,35.0,7.9,68.3,10.36,125.0,181.3,38.0,1
74.0,0,1,1,0,0,25.7,94.9,0.0,1.0,0.0,1.0,125.6,65.8,130.0,51.0,6.4,69.4,44.33,68.3,173.3,22.7,1
37.0,0,1,1,0,0,32.4,110.2,0.0,1.0,0.0,1.0,109.6,77.3,185.0,42.0,5.3,93.2,11.52,82.3,175.5,26.7,1
70.0,0,1,1,0,0,39.8,124.1,0.0,1.0,0.0,1.0,113.3,69.5,173.0,22.0,5.1,82.1,18.88,106.0,165.8,38.6,1
73.0,0,1,1,0,0,22.8,76.8,0.0,1.0,0.0,1.0,113.2,67.8,159.0,54.0,6.7,89.3,50.73,77.9,181.0,23.8,1
69.0,0,1,1,0,0,28.9,107.6,0.0,1.0,0.0,1.0,108.3,63.3,135.0,74.0,10.2,48.6,1.46,90.8,174.8,29.7,1
67.0,0,1,1,0,0,38.9,134.4,0.0,1.0,0.0,1.0,124.4,69.9,174.0,34.0,6.3,109.2,997.29,123.8,181.8,37.5,1
63.0,0,1,1,0,0,32.3,109.8,0.0,1.0,0.0,1.0,119.3,73.5,150.0,44.0,5.6,39.5,11.47,111.2,189.0,31.1,1
80.0,0,1,0,1,0,23.7,88.6,0.0,1.0,1.0,0.0,115.4,59.0,161.0,66.0,5.5,66.8,58.43,58.1,156.8,23.6,1
80.0,0,1,0,1,0,25.2,99.5,0.0,1.0,1.0,0.0,106.3,54.5,173.0,40.0,8.3,47.8,46.94,72.0,169.6,25.0,1
80.0,0,1,0,1,0,25.8,91.7,0.0,1.0,1.0,0.0,110.7,56.3,180.0,83.0,5.2,54.1,51.05,68.5,165.2,25.1,1
80.0,0,1,0,1,0,39.7,126.3,0.0,1.0,1.0,0.0,124.6,52.0,224.0,73.0,5.3,61.1,39.03,124.6,182.4,37.5,1
80.0,0,1,0,1,0,19.9,82.6,0.0,1.0,1.0,0.0,137.6,72.7,212.0,60.0,5.9,75.3,10.62,66.6,183.5,19.8,1
80.0,0,1,0,1,0,30.7,97.5,0.0,1.0,1.0,0.0,124.9,82.8,183.0,49.0,6.1,71.9,283.49,62.9,145.4,29.8,1
80.0,0,1,0,1,0,37.4,123.4,0.0,1.0,1.0,0.0,157.5,89.3,136.0,40.0,6.5,63.4,42.26,118.4,181.7,35.9,1
53.0,1,0,0,1,0,25.4,95.8,1.0,1.0,0.0,0.0,124.5,72.1,193.0,33.0,6.8,73.3,43.63,61.7,154.4,25.9,1
67.0,1,0,0,1,0,35.2,103.2,1.0,1.0,0.0,0.0,159.7,92.3,202.0,46.0,5.9,90.5,11.71,67.1,147.9,30.7,1
45.0,1,0,0,1,0,40.6,111.8,1.0,1.0,0.0,0.0,126.1,76.1,161.0,39.0,8.4,103.9,17.76,102.8,160.2,40.1,1
61.0,1,0,0,1,0,42.0,117.3,1.0,1.0,0.0,0.0,150.6,88.4,110.0,30.0,8.5,72.4,7.7,97.4,156.7,39.7,1
58.0,1,0,0,1,0,28.9,99.3,1.0,1.0,0.0,0.0,129.4,75.9,178.0,45.0,5.7,48.9,29.69,73.6,158.0,29.5,1
56.0,1,0,0,1,0,39.1,115.2,1.0,1.0,0.0,0.0,95.5,53.3,166.0,41.0,5.6,104.3,0.3,85.9,158.6,34.2,1
60.0,1,0,0,1,0,24.1,91.4,1.0,1.0,0.0,0.0,128.6,66.5,177.0,49.0,5.7,62.9,30.61,64.3,165.4,23.5,1
80.0,0,1,0,0,1,22.5,93.7,0.0,1.0,1.0,1.0,131.7,83.6,188.0,33.0,5.9,72.3,8.06,76.5,181.0,23.3,0
80.0,0,1,0,0,1,31.6,110.2,0.0,1.0,1.0,1.0,115.9,63.2,238.0,45.0,6.9,51.0,6.49,106.3,183.2,31.7,0
80.0,0,1,0,0,1,27.6,102.3,0.0,1.0,1.0,1.0,130.9,77.0,136.0,83.0,5.5,75.9,44.15,81.5,172.7,27.3,0
80.0,0,1,0,0,1,24.9,99.1,0.0,1.0,1.0,1.0,110.0,66.9,178.0,39.0,5.3,62.6,11.43,78.0,181.7,23.6,0
80.0,0,1,0,0,1,25.4,92.0,0.0,1.0,1.0,1.0,100.3,70.5,188.0,77.0,8.7,66.5,49.11,54.9,149.3,24.6,0
80.0,0,1,0,0,1,23.1,85.5,0.0,1.0,1.0,1.0,111.9,50.6,158.0,38.0,5.7,62.2,43.97,73.4,179.0,22.9,0
80.0,0,1,0,0,1,27.5,97.2,0.0,1.0,1.0,1.0,123.9,77.9,157.0,50.0,6.3,74.7,25.46,80.2,172.7,26.9,0
59.0,1,0,0,1,0,25.9,95.3,1.0,1.0,0.0,0.0,139.4,67.3,150.0,45.0,9.9,96.2,49.94,64.8,154.1,27.3,0
34.0,1,0,0,1,0,52.0,158.7,1.0,1.0,0.0,0.0,115.2,67.1,147.0,37.0,7.4,107.2,352.47,111.9,150.8,49.2,0
43.0,1,0,0,1,0,29.8,93.1,1.0,1.0,0.0,0.0,108.0,75.7,110.0,34.0,5.7,126.7,30.35,94.0,178.0,29.7,0
55.0,1,0,0,1,0,31.5,104.5,1.0,1.0,0.0,0.0,107.7,71.4,169.0,38.0,7.2,86.7,11.98,62.0,151.0,27.2,0
60.0,1,0,0,1,0,48.6,137.8,1.0,1.0,0.0,0.0,101.4,67.2,177.0,34.0,5.8,106.9,25.18,109.7,159.3,43.2,0
80.0,0,1,0,1,0,25.0,95.3,0.0,1.0,0.0,0.0,126.6,88.3,210.0,64.0,4.9,72.0,372.69,63.3,162.5,24.0,1
80.0,0,1,0,1,0,29.9,102.3,0.0,1.0,0.0,0.0,130.5,81.9,230.0,44.0,5.3,93.4,10.86,92.7,181.2,28.2,1
80.0,0,1,0,1,0,21.5,83.6,0.0,1.0,0.0,0.0,140.8,58.6,145.0,67.0,5.4,71.4,5.89,63.6,173.9,21.0,1
80.0,0,1,0,1,0,28.2,98.0,0.0,1.0,0.0,0.0,119.0,67.2,160.0,58.0,5.1,56.7,15.16,85.8,180.0,26.5,1
80.0,0,1,0,1,0,29.8,111.5,0.0,1.0,0.0,0.0,135.3,59.8,224.0,31.0,5.9,57.6,5.05,110.3,192.6,29.7,1
80.0,0,1,0,1,0,22.0,84.3,0.0,1.0,0.0,0.0,135.6,77.8,126.0,30.0,5.7,77.7,11.48,72.3,184.1,21.3,1
80.0,0,1,0,1,0,30.9,109.4,1.0,1.0,1.0,1.0,109.1,55.3,168.0,56.0,5.4,61.5,16.92,78.3,162.5,29.7,1
80.0,0,1,0,1,0,43.7,132.4,1.0,1.0,1.0,1.0,113.5,52.6,139.0,60.0,5.7,84.2,55.19,153.3,187.5,43.6,1
80.0,0,1,0,1,0,30.1,105.9,1.0,1.0,1.0,1.0,162.6,60.4,176.0,42.0,8.0,45.8,42.21,100.4,184.6,29.5,1
80.0,0,1,0,1,0,37.9,126.5,1.0,1.0,1.0,1.0,164.9,93.6,143.0,35.0,9.6,23.5,36.41,123.3,187.4,35.1,1
80.0,0,1,0,1,0,31.4,107.9,1.0,1.0,1.0,1.0,147.8,53.4,123.0,41.0,5.5,38.7,44.7,94.0,176.7,30.1,1
80.0,0,1,0,1,0,41.6,131.3,1.0,1.0,1.0,1.0,113.2,45.3,108.0,45.0,5.5,65.5,65.67,119.7,173.5,39.8,1
80.0,0,1,0,1,0,42.9,135.5,1.0,1.0,1.0,1.0,133.4,76.7,169.0,34.0,5.4,70.0,61.87,140.9,185.6,40.9,1
80.0,0,1,0,1,0,20.9,81.3,0.0,1.0,0.0,1.0,138.5,85.3,117.0,33.0,5.1,86.5,28.39,69.2,182.5,20.8,1
80.0,0,1,0,1,0,22.4,86.4,0.0,1.0,0.0,1.0,121.2,62.6,177.0,50.0,5.1,42.0,142.19,68.8,175.0,22.5,1
80.0,0,1,0,1,0,34.5,119.9,0.0,1.0,0.0,1.0,117.4,50.9,230.0,76.0,5.4,66.0,7.82,93.7,171.7,31.8,1
80.0,0,1,0,1,0,29.3,104.9,0.0,1.0,0.0,1.0,161.4,63.8,217.0,94.0,5.8,58.4,51.67,95.1,182.8,28.5,1
80.0,0,1,0,1,0,22.5,79.4,0.0,1.0,0.0,1.0,112.9,73.2,229.0,34.0,8.5,68.5,111.24,66.2,162.4,25.1,1
80.0,0,1,0,1,0,31.7,112.5,0.0,1.0,0.0,1.0,126.6,61.2,187.0,48.0,5.6,52.4,56.92,96.0,177.6,30.4,1
80.0,0,1,0,0,1,37.7,119.9,0.0,0.0,1.0,0.0,132.5,80.4,114.0,51.0,5.6,78.0,1.21,91.6,167.8,32.5,0
80.0,0,1,0,0,1,24.2,88.6,0.0,0.0,1.0,0.0,132.7,83.3,237.0,59.0,5.9,73.8,36.39,70.2,171.0,24.0,0
80.0,0,1,0,0,1,24.9,91.8,0.0,0.0,1.0,0.0,146.2,97.3,244.0,64.0,4.9,90.4,0.84,75.6,175.3,24.6,0
80.0,0,1,0,0,1,27.1,94.7,0.0,0.0,1.0,0.0,120.2,72.2,187.0,64.0,5.4,57.8,10.05,63.0,154.1,26.5,0
80.0,0,1,0,0,1,21.0,75.6,0.0,0.0,1.0,0.0,112.3,72.6,95.0,71.0,5.5,85.7,12.88,65.9,181.3,20.1,0
80.0,0,1,0,0,1,27.8,86.3,0.0,0.0,1.0,0.0,108.2,52.3,178.0,46.0,6.1,64.7,9.76,84.3,177.7,26.7,0
80.0,0,1,0,0,1,25.7,99.1,0.0,0.0,1.0,0.0,146.2,78.0,223.0,42.0,5.9,95.4,6.46,68.8,167.2,24.6,0
53.0,1,0,0,1,0,41.0,128.4,1.0,0.0,1.0,0.0,93.5,49.3,115.0,33.0,5.7,96.2,9.69,91.4,153.5,38.8,1
30.0,1,0,0,1,0,57.6,163.9,1.0,0.0,1.0,0.0,106.6,67.7,169.0,44.0,10.8,71.4,23.02,163.5,173.1,54.6,1
33.0,1,0,0,1,0,39.5,126.5,1.0,0.0,1.0,0.0,103.8,60.0,198.0,62.0,5.6,68.0,42.82,101.8,165.0,37.4,1
45.0,1,0,0,1,0,39.7,137.3,1.0,0.0,1.0,0.0,98.3,68.7,85.0,27.0,7.8,98.2,43.35,129.3,180.2,39.8,1
61.0,1,0,0,1,0,40.1,125.5,1.0,0.0,1.0,0.0,128.7,76.0,144.0,38.0,10.5,99.8,380.05,90.1,153.8,38.1,1
71.0,1,0,0,1,0,36.3,116.6,1.0,0.0,1.0,0.0,123.7,70.3,165.0,47.0,7.3,47.6,444.19,82.7,156.2,33.9,1
73.0,1,0,0,1,0,44.6,130.9,1.0,0.0,1.0,0.0,128.7,82.0,203.0,41.0,12.6,51.4,12.91,111.6,159.2,44.0,1
71.0,1,0,1,0,0,30.5,99.4,1.0,1.0,1.0,1.0,178.4,99.2,164.0,31.0,7.6,95.5,45.95,76.5,158.0,30.6,0
61.0,1,0,1,0,0,44.6,144.1,1.0,1.0,1.0,1.0,105.8,68.3,200.0,35.0,7.7,95.0,14.28,99.4,151.4,43.4,0
36.0,1,0,1,0,0,32.9,104.1,1.0,1.0,1.0,1.0,94.1,78.2,164.0,32.0,8.5,101.9,46.91,76.3,150.7,33.6,0
55.0,1,0,1,0,0,42.2,137.5,1.0,1.0,1.0,1.0,102.3,70.2,104.0,35.0,14.6,65.9,3.0,104.1,157.7,41.9,0
76.0,1,0,1,0,0,38.7,124.7,1.0,1.0,1.0,1.0,178.6,52.5,83.0,42.0,12.2,103.0,325.11,129.1,184.2,38.0,0
42.0,1,0,1,0,0,34.9,100.6,1.0,1.0,1.0,1.0,132.8,82.9,155.0,45.0,5.3,93.2,9.86,82.4,155.3,34.2,0
54.0,1,0,1,0,0,36.7,122.9,1.0,1.0,1.0,1.0,95.9,68.9,136.0,38.0,9.5,112.8,46.45,96.4,168.0,34.1,0
80.0,0,1,0,1,0,24.2,92.1,0.0,0.0,1.0,1.0,113.5,55.3,172.0,67.0,5.3,76.3,49.58,78.8,182.9,23.6,1
80.0,0,1,0,1,0,38.7,119.3,0.0,0.0,1.0,1.0,105.0,49.0,181.0,45.0,5.1,63.2,55.07,109.1,170.9,37.4,1
80.0,0,1,0,1,0,26.2,94.2,0.0,0.0,1.0,1.0,121.9,67.9,174.0,57.0,5.4,67.9,47.21,83.4,177.5,26.5,1
80.0,0,1,0,1,0,26.1,90.4,0.0,0.0,1.0,1.0,106.2,71.1,224.0,82.0,5.1,49.6,39.23,77.9,175.9,25.2,1
80.0,0,1,0,1,0,28.8,108.1,0.0,0.0,1.0,1.0,112.6,68.6,129.0,65.0,6.0,71.0,8.36,84.9,172.2,28.6,1
80.0,0,1,0,1,0,27.1,96.3,0.0,0.0,1.0,1.0,103.6,50.4,149.0,49.0,6.0,46.4,42.29,81.4,178.2,25.6,1
80.0,0,1,0,1,0,19.8,84.6,0.0,0.0,1.0,1.0,125.7,74.8,119.0,48.0,5.6,68.3,7.25,59.3,179.6,18.4,1
35.0,1,0,1,0,0,41.2,118.4,0.0,0.0,1.0,0.0,102.9,67.8,100.0,33.0,5.1,118.2,4.56,132.8,184.3,39.1,1
66.0,1,0,1,0,0,37.0,126.9,0.0,0.0,1.0,0.0,138.9,80.3,166.0,34.0,10.2,109.9,11.07,69.3,145.6,32.7,1
27.0,1,0,1,0,0,37.2,112.7,0.0,0.0,1.0,0.0,99.5,68.2,143.0,37.0,4.9,86.4,5.55,94.2,164.7,34.7,1
37.0,1,0,1,0,0,37.4,110.7,0.0,0.0,1.0,0.0,98.3,63.7,156.0,74.0,5.5,84.9,12.16,86.2,155.6,35.6,1
48.0,1,0,1,0,0,37.1,129.8,0.0,0.0,1.0,0.0,93.5,75.5,151.0,25.0,5.9,111.9,36.97,117.0,182.2,35.2,1
43.0,1,0,1,0,0,40.9,119.1,0.0,0.0,1.0,0.0,117.7,78.0,281.0,40.0,5.8,99.2,26.22,81.8,154.6,34.2,1
44.0,1,0,1,0,0,20.5,85.6,0.0,0.0,1.0,0.0,133.2,79.2,194.0,40.0,4.9,132.4,6.33,52.4,160.5,20.3,1
80.0,1,0,0,1,0,28.8,99.4,0.0,0.0,1.0,0.0,104.8,67.1,235.0,85.0,5.8,93.6,4.35,80.5,170.2,27.8,0
80.0,1,0,0,1,0,21.0,83.9,0.0,0.0,1.0,0.0,132.4,63.5,220.0,53.0,5.8,50.9,7.88,54.3,162.5,20.6,0
80.0,1,0,0,1,0,27.6,90.3,0.0,0.0,1.0,0.0,120.6,72.6,186.0,72.0,5.1,91.6,10.43,66.1,157.0,26.8,0
80.0,1,0,0,1,0,28.6,93.4,0.0,0.0,1.0,0.0,99.2,64.5,184.0,75.0,5.5,74.3,5.47,77.9,169.8,27.0,0
80.0,1,0,0,1,0,29.1,99.4,0.0,0.0,1.0,0.0,135.8,78.4,136.0,83.0,5.5,74.5,7.28,80.1,165.4,29.3,0
80.0,1,0,0,1,0,24.4,95.3,0.0,0.0,1.0,0.0,133.2,74.9,183.0,49.0,6.0,55.4,9.52,62.9,164.7,23.2,0
80.0,1,0,0,1,0,25.5,85.8,0.0,0.0,1.0,0.0,105.3,58.2,213.0,65.0,5.5,92.8,10.43,78.3,182.1,23.6,0
80.0,1,0,0,1,0,32.4,108.5,0.0,1.0,1.0,0.0,143.7,68.4,145.0,77.0,5.7,96.0,32.74,72.3,155.3,30.0,0
80.0,1,0,0,1,0,21.7,79.6,0.0,1.0,1.0,0.0,129.5,78.1,168.0,46.0,5.7,95.6,9.7,46.5,149.9,20.7,0
80.0,1,0,0,1,0,26.9,85.2,0.0,1.0,1.0,0.0,122.9,73.7,181.0,38.0,8.4,65.9,42.2,60.4,153.0,25.8,0
80.0,1,0,0,1,0,24.7,88.1,0.0,1.0,1.0,0.0,135.0,82.4,172.0,75.0,5.1,102.2,12.87,66.4,167.4,23.7,0
80.0,1,0,0,1,0,26.5,94.8,0.0,1.0,1.0,0.0,117.7,62.7,172.0,36.0,5.3,75.2,2.08,67.8,158.2,27.1,0
80.0,1,0,0,1,0,29.4,98.9,0.0,1.0,1.0,0.0,125.7,72.4,233.0,87.0,5.4,62.0,12.25,82.8,169.6,28.8,0
46.0,0,1,1,0,0,33.3,119.7,1.0,0.0,0.0,0.0,150.9,86.5,197.0,36.0,6.2,106.1,11.23,109.1,184.5,32.1,0
58.0,0,1,1,0,0,37.1,129.3,1.0,0.0,0.0,0.0,115.6,60.6,133.0,54.0,5.8,99.4,8.57,133.2,187.1,38.1,0
65.0,0,1,1,0,0,43.1,130.7,1.0,0.0,0.0,0.0,116.0,69.5,105.0,37.0,5.8,118.6,8.06,145.4,190.2,40.2,0
33.0,0,1,1,0,0,27.4,105.6,1.0,0.0,0.0,0.0,115.2,71.2,149.0,42.0,5.9,92.3,13.69,86.3,178.3,27.2,0
32.0,0,1,1,0,0,34.5,121.7,1.0,0.0,0.0,0.0,142.7,80.7,161.0,31.0,5.6,114.4,4.9,97.1,171.8,32.9,0
52.0,0,1,1,0,0,39.1,126.9,1.0,0.0,0.0,0.0,112.8,58.4,103.0,37.0,8.0,99.4,3.51,135.1,184.8,39.6,0
63.0,1,0,0,1,0,34.4,113.7,1.0,1.0,0.0,1.0,159.1,84.1,201.0,39.0,6.3,71.7,55.45,105.6,177.6,33.5,1
64.0,1,0,0,1,0,36.1,129.2,1.0,1.0,0.0,1.0,154.4,71.2,110.0,40.0,8.0,74.1,9.59,103.1,173.0,34.5,1
39.0,1,0,0,1,0,38.2,123.6,1.0,1.0,0.0,1.0,130.1,79.3,191.0,29.0,9.3,102.0,41.52,83.9,145.6,39.6,1
72.0,1,0,0,1,0,39.9,123.6,1.0,1.0,0.0,1.0,92.6,34.0,119.0,48.0,5.8,92.2,22.82,94.7,158.8,37.6,1
75.0,1,0,0,1,0,39.6,122.2,1.0,1.0,0.0,1.0,125.2,72.2,185.0,80.0,5.5,52.7,32.18,97.4,159.3,38.4,1
67.0,1,0,0,1,0,27.6,99.3,1.0,1.0,0.0,1.0,144.0,80.5,141.0,55.0,6.0,111.7,7.04,58.1,150.7,25.6,1
52.0,1,0,0,0,1,30.7,108.1,1.0,0.0,0.0,0.0,102.1,68.8,152.0,36.0,12.1,96.8,0.3,83.0,170.6,28.5,1
80.0,0,1,0,0,1,39.6,128.8,0.0,0.0,0.0,0.0,121.7,71.8,238.0,42.0,5.5,97.7,5.92,126.1,184.9,36.9,1
80.0,0,1,0,0,1,31.6,114.0,0.0,0.0,0.0,0.0,116.7,90.2,152.0,46.0,5.8,95.3,9.28,99.4,182.3,29.9,1
80.0,0,1,0,0,1,26.6,95.4,0.0,1.0,0.0,1.0,144.6,79.7,229.0,66.0,5.5,73.7,11.59,79.2,175.7,25.7,1
80.0,0,1,0,0,1,57.0,162.9,0.0,1.0,0.0,1.0,119.9,74.2,180.0,66.0,5.8,34.6,12.64,162.0,174.9,52.9,1
80.0,0,1,0,0,1,33.7,118.8,0.0,1.0,0.0,1.0,124.9,72.2,130.0,54.0,7.6,60.6,36.46,115.5,188.0,32.7,1
80.0,0,1,0,0,1,22.2,88.2,0.0,1.0,0.0,1.0,148.0,61.9,128.0,45.0,13.4,50.7,189.09,65.8,173.4,21.9,1
80.0,0,1,0,0,1,27.1,100.7,0.0,1.0,0.0,1.0,130.5,64.4,167.0,92.0,5.7,66.4,36.66,90.7,186.9,26.0,1
80.0,0,1,0,0,1,30.5,107.3,0.0,1.0,0.0,1.0,130.1,77.9,161.0,42.0,6.3,48.3,9.79,76.3,160.2,29.7,1
80.0,0,1,0,0,1,27.0,96.2,0.0,1.0,1.0,0.0,150.6,81.2,218.0,85.0,5.7,93.9,7.03,80.2,174.8,26.3,0
80.0,0,1,0,0,1,26.9,96.2,0.0,1.0,1.0,0.0,126.9,73.1,154.0,44.0,5.0,83.0,4.14,90.4,186.6,26.0,0
80.0,0,1,0,0,1,24.7,95.9,0.0,1.0,1.0,0.0,159.8,82.5,195.0,39.0,5.2,61.8,7.95,67.5,167.7,24.0,0
80.0,0,1,0,0,1,20.6,80.5,0.0,1.0,1.0,0.0,101.5,57.1,191.0,44.0,5.9,81.9,30.39,59.9,169.9,20.8,0
80.0,0,1,0,0,1,28.4,100.3,0.0,1.0,1.0,0.0,129.7,78.5,145.0,62.0,5.8,43.8,9.72,93.5,184.0,27.6,0
80.0,0,1,0,0,1,38.4,127.6,0.0,1.0,1.0,0.0,132.8,71.4,212.0,79.0,5.4,70.1,3.75,138.4,191.5,37.7,0
74.0,1,0,1,0,0,41.8,125.7,1.0,0.0,0.0,0.0,124.4,68.1,201.0,79.0,5.4,79.5,9.85,94.3,160.4,36.7,0
42.0,1,0,1,0,0,25.1,84.6,1.0,0.0,0.0,0.0,106.2,63.6,205.0,45.0,6.0,102.5,7.77,62.6,158.1,25.1,0
39.0,1,0,1,0,0,25.4,98.3,1.0,0.0,0.0,0.0,128.5,86.8,234.0,45.0,6.0,97.1,6.63,57.4,150.4,25.4,0
42.0,1,0,1,0,0,39.1,105.6,1.0,0.0,0.0,0.0,128.7,75.5,173.0,50.0,6.3,94.5,10.95,88.9,156.2,36.4,0
48.0,1,0,1,0,0,40.9,131.9,1.0,0.0,0.0,0.0,125.8,74.6,150.0,50.0,5.5,97.1,8.88,89.1,159.2,35.2,0
66.0,1,0,1,0,0,31.6,107.6,0.0,0.0,1.0,1.0,101.2,76.0,141.0,54.0,5.2,70.9,7.86,76.3,158.7,30.3,0
47.0,1,0,1,0,0,35.2,119.3,0.0,0.0,1.0,1.0,126.7,71.8,120.0,48.0,5.9,95.2,7.41,105.1,175.9,34.0,0
29.0,1,0,1,0,0,25.5,84.7,0.0,0.0,1.0,1.0,106.0,53.7,146.0,42.0,5.1,86.8,21.16,57.6,150.8,25.3,0
64.0,1,0,1,0,0,28.9,102.8,0.0,0.0,1.0,1.0,104.6,74.0,217.0,57.0,5.1,103.5,10.9,94.3,180.8,28.8,0
62.0,1,0,1,0,0,34.1,109.3,0.0,0.0,1.0,1.0,130.0,73.4,196.0,37.0,5.3,84.3,13.15,79.3,157.3,32.0,0
77.0,1,0,1,0,0,28.6,92.7,0.0,0.0,1.0,1.0,155.5,97.5,186.0,56.0,6.1,72.2,7.44,76.3,167.9,27.1,0
80.0,0,1,0,1,0,26.3,76.6,0.0,0.0,0.0,1.0,123.0,74.7,125.0,57.0,6.3,75.7,56.85,61.6,154.7,25.7,1
80.0,0,1,0,1,0,25.2,101.9,0.0,0.0,0.0,1.0,102.6,72.2,163.0,42.0,5.4,85.2,12.0,79.5,182.1,24.0,1
18.0,0,1,1,0,0,45.5,120.9,1.0,0.0,0.0,0.0,109.0,72.5,170.0,40.0,7.1,88.0,5.36,125.9,168.3,44.5,1
44.0,0,1,1,0,0,39.0,117.1,1.0,0.0,0.0,0.0,132.1,85.9,147.0,46.0,7.9,37.0,22.82,94.7,162.2,36.0,1
40.0,0,1,1,0,0,41.4,121.2,1.0,0.0,0.0,0.0,108.0,67.5,191.0,31.0,5.3,117.9,29.85,105.6,170.2,36.5,1
45.0,0,1,1,0,0,21.4,87.1,1.0,0.0,0.0,0.0,116.6,70.1,183.0,43.0,11.2,91.4,6.0,58.3,162.6,22.0,1
18.0,0,1,1,0,0,46.6,127.8,1.0,0.0,0.0,0.0,107.8,64.6,245.0,32.0,5.9,106.0,91.88,126.7,168.6,44.6,1
80.0,1,0,0,1,0,24.6,95.8,0.0,1.0,0.0,0.0,122.2,68.6,195.0,46.0,5.5,78.6,47.0,61.6,159.3,24.3,1
80.0,1,0,0,1,0,23.6,85.7,0.0,1.0,0.0,0.0,87.8,63.2,227.0,64.0,5.2,107.1,14.2,62.5,165.3,22.9,1
80.0,1,0,0,0,1,21.1,76.5,0.0,0.0,0.0,0.0,109.9,66.4,234.0,72.0,5.6,84.7,10.48,51.6,158.7,20.5,0
80.0,1,0,0,0,1,47.3,127.6,0.0,0.0,0.0,0.0,113.7,75.7,275.0,78.0,5.6,115.2,4.19,103.8,154.5,43.5,0
80.0,1,0,0,0,1,28.5,102.5,0.0,0.0,0.0,0.0,136.5,80.5,201.0,73.0,5.4,83.9,12.23,69.6,159.5,27.4,0
80.0,1,0,0,0,1,25.7,85.2,0.0,0.0,0.0,0.0,151.3,70.6,173.0,73.0,5.8,60.0,11.16,61.3,157.3,24.8,0
80.0,1,0,0,0,1,28.3,98.8,0.0,0.0,0.0,0.0,115.6,73.6,244.0,57.0,5.5,69.1,10.83,71.9,159.9,28.1,0
80.0,1,0,0,1,0,25.2,85.7,0.0,1.0,0.0,0.0,107.5,66.2,193.0,79.0,5.2,102.9,8.49,58.4,155.5,24.1,0
80.0,1,0,0,1,0,29.2,90.2,0.0,1.0,0.0,0.0,134.1,72.1,165.0,85.0,5.5,84.9,10.83,64.9,155.4,26.9,0
80.0,1,0,0,1,0,27.8,98.8,0.0,1.0,0.0,0.0,143.6,79.0,168.0,78.0,5.4,34.7,7.12,67.0,159.8,26.2,0
80.0,0,1,0,0,1,26.7,93.5,0.0,0.0,1.0,0.0,106.5,64.4,211.0,53.0,6.0,62.3,44.23,93.7,190.1,25.9,1
80.0,0,1,0,0,1,22.6,89.1,0.0,0.0,1.0,0.0,153.5,84.2,183.0,59.0,4.9,64.7,7.48,73.7,181.2,22.5,1
80.0,0,1,0,0,1,26.3,95.8,0.0,0.0,1.0,0.0,105.7,67.4,236.0,54.0,4.9,76.3,6.88,73.8,171.2,25.2,1
80.0,0,1,0,0,1,39.2,121.1,0.0,0.0,1.0,0.0,147.4,70.4,165.0,47.0,6.0,22.6,10.83,118.9,177.3,37.8,1
80.0,0,1,0,0,1,25.7,94.7,0.0,0.0,1.0,0.0,114.9,72.6,225.0,42.0,5.2,95.7,8.12,90.7,185.5,26.4,1
59.0,0,1,0,1,0,25.1,89.8,1.0,0.0,1.0,1.0,136.9,72.8,154.0,39.0,5.7,83.2,40.9,76.0,173.6,25.2,0
61.0,0,1,0,1,0,26.2,99.1,1.0,0.0,1.0,1.0,126.8,56.6,162.0,38.0,5.8,72.6,11.39,62.3,152.0,27.0,0
48.0,0,1,0,1,0,39.7,129.8,1.0,0.0,1.0,1.0,106.5,76.4,263.0,42.0,5.6,96.7,4.5,111.3,169.9,38.5,0
61.0,0,1,0,1,0,36.0,113.7,1.0,0.0,1.0,1.0,112.2,76.2,150.0,40.0,11.7,90.4,12.59,98.2,167.4,35.0,0
57.0,0,1,0,1,0,41.1,128.9,1.0,0.0,1.0,1.0,133.6,80.9,187.0,40.0,6.6,82.0,17.14,127.3,175.2,41.5,0
59.0,1,0,0,1,0,27.3,95.4,0.0,1.0,0.0,1.0,122.6,78.3,184.0,37.0,5.9,117.7,11.37,61.6,148.9,27.8,1
73.0,1,0,0,1,0,24.2,93.9,0.0,1.0,0.0,1.0,116.9,51.2,194.0,60.0,5.6,65.5,34.33,55.8,154.7,23.3,1
73.0,1,0,0,1,0,23.6,77.2,0.0,1.0,0.0,1.0,141.7,82.3,133.0,78.0,5.3,60.4,7.99,49.5,158.7,19.6,1
72.0,1,0,0,1,0,38.0,120.9,0.0,1.0,0.0,1.0,100.9,70.9,206.0,42.0,12.1,88.6,51.35,103.7,167.3,37.0,1
79.0,1,0,0,1,0,25.4,96.4,0.0,1.0,0.0,1.0,108.8,70.8,158.0,42.0,5.6,100.5,49.48,56.9,150.6,25.1,1
37.0,0,1,1,0,0,29.9,94.7,1.0,1.0,0.0,1.0,130.5,80.6,130.0,37.0,11.0,58.8,33.32,101.8,186.3,29.3,1
55.0,0,1,1,0,0,38.8,123.6,1.0,1.0,0.0,1.0,139.8,68.1,147.0,46.0,10.8,59.4,36.24,134.2,179.1,41.8,1
73.0,0,1,1,0,0,39.1,126.7,1.0,1.0,0.0,1.0,129.9,73.8,162.0,38.0,8.3,95.2,3.65,111.0,173.2,37.0,1
63.0,0,1,1,0,0,41.3,128.2,1.0,1.0,0.0,1.0,127.5,77.2,168.0,33.0,6.9,118.1,14.74,98.3,154.8,41.0,1
80.0,1,0,0,1,0,22.7,84.4,0.0,0.0,0.0,0.0,107.0,73.9,158.0,40.0,5.4,77.4,6.36,68.0,177.5,21.6,0
80.0,1,0,0,1,0,36.3,116.1,0.0,0.0,0.0,0.0,109.3,61.7,202.0,36.0,5.3,108.5,10.93,106.3,172.9,35.6,0
80.0,1,0,0,1,0,21.6,85.5,0.0,0.0,0.0,0.0,133.3,85.6,217.0,86.0,5.5,77.5,14.89,65.5,178.0,20.7,0
80.0,1,0,0,1,0,24.7,88.0,0.0,0.0,0.0,0.0,130.3,78.5,219.0,61.0,5.8,80.8,39.13,72.2,168.7,25.4,0
80.0,1,0,0,1,0,28.0,86.7,0.0,0.0,0.0,0.0,114.5,70.6,103.0,36.0,6.3,94.9,12.48,62.6,153.4,26.6,0
52.0,1,0,1,0,0,34.1,111.6,0.0,0.0,0.0,1.0,134.4,75.5,196.0,48.0,5.2,95.8,9.3,95.0,168.9,33.3,0
67.0,1,0,1,0,0,22.2,85.4,0.0,0.0,0.0,1.0,128.6,68.7,119.0,40.0,12.4,109.3,55.49,48.7,150.6,21.5,0
62.0,1,0,1,0,0,36.3,119.0,0.0,0.0,0.0,1.0,89.8,71.6,182.0,53.0,5.8,97.3,8.52,124.8,191.1,34.2,0
67.0,1,0,1,0,0,21.5,81.9,0.0,0.0,0.0,1.0,95.4,52.2,187.0,58.0,6.9,97.3,12.76,51.5,154.6,21.5,0
37.0,1,0,1,0,0,26.9,86.1,0.0,0.0,0.0,1.0,127.2,79.9,246.0,90.0,6.2,98.4,6.14,60.1,162.6,22.7,0
68.0,1,0,1,0,0,32.3,111.6,1.0,1.0,1.0,0.0,133.3,83.2,193.0,26.0,7.4,89.3,42.59,75.3,156.1,30.9,1
71.0,1,0,1,0,0,44.6,131.3,1.0,1.0,1.0,0.0,127.4,67.9,160.0,37.0,6.8,94.4,41.44,94.7,150.7,41.7,1
71.0,1,0,1,0,0,22.9,80.3,1.0,1.0,1.0,0.0,104.3,68.8,233.0,42.0,5.5,95.7,12.62,52.5,152.8,22.5,1
54.0,1,0,1,0,0,42.4,123.2,1.0,1.0,1.0,0.0,113.2,75.9,145.0,43.0,11.0,99.0,3.77,94.9,152.2,41.0,1
55.0,1,0,1,0,0,34.7,105.2,1.0,1.0,1.0,0.0,130.8,73.4,162.0,42.0,5.6,62.8,57.7,84.3,157.8,33.9,1
60.0,0,1,0,0,1,28.9,109.0,0.0,0.0,1.0,1.0,140.2,84.4,170.0,39.0,6.1,63.5,5.68,95.6,185.4,27.8,1
47.0,0,1,0,0,1,29.0,103.6,0.0,0.0,1.0,1.0,105.8,67.0,113.0,29.0,8.6,81.4,34.99,94.6,183.4,28.1,1
30.0,0,1,0,0,1,25.0,91.0,0.0,0.0,1.0,1.0,108.2,63.0,204.0,45.0,5.2,61.8,13.2,80.5,183.5,23.9,1
72.0,0,1,0,0,1,21.8,88.2,0.0,0.0,1.0,1.0,99.0,39.9,149.0,37.0,5.6,62.2,24.3,64.5,173.1,21.5,1
48.0,0,1,0,0,1,37.6,121.3,0.0,0.0,1.0,1.0,124.6,77.2,125.0,44.0,5.6,80.6,41.72,109.1,170.3,37.6,1
62.0,0,1,1,0,0,20.2,71.8,0.0,0.0,1.0,0.0,99.7,64.7,218.0,49.0,6.3,110.0,33.03,46.2,153.0,19.7,1
69.0,0,1,1,0,0,26.8,96.0,0.0,0.0,1.0,0.0,113.8,66.9,163.0,73.0,5.1,84.7,0.3,87.1,184.1,25.7,1
63.0,0,1,1,0,0,26.3,98.9,0.0,0.0,1.0,0.0,124.0,81.3,187.0,38.0,5.4,72.5,51.9,72.1,165.2,26.4,1
49.0,0,1,1,0,0,37.1,123.5,0.0,0.0,1.0,0.0,112.7,77.1,186.0,35.0,6.5,107.9,32.82,105.6,165.1,38.8,1
35.0,0,1,1,0,0,20.9,84.7,0.0,0.0,1.0,0.0,113.2,73.0,126.0,86.0,5.0,80.3,9.23,53.2,159.0,21.0,1
50.0,1,0,0,1,0,34.9,109.0,0.0,0.0,0.0,1.0,111.9,67.7,222.0,55.0,5.5,72.5,4.85,86.9,161.9,33.2,0
36.0,1,0,0,1,0,28.2,97.8,0.0,0.0,0.0,1.0,131.3,82.0,184.0,43.0,4.9,83.8,8.6,77.9,170.5,26.8,0
71.0,1,0,0,1,0,29.5,90.1,0.0,0.0,0.0,1.0,123.3,72.8,182.0,77.0,5.6,106.5,39.7,66.1,152.4,28.5,0
69.0,1,0,0,1,0,35.7,115.0,0.0,0.0,0.0,1.0,102.4,64.6,114.0,38.0,5.3,109.1,7.16,63.5,148.0,29.0,0
71.0,1,0,0,1,0,24.7,90.9,0.0,0.0,0.0,1.0,142.6,78.3,198.0,88.0,4.7,65.4,8.79,62.3,159.8,24.4,0
73.0,1,0,0,1,0,23.6,88.8,0.0,0.0,1.0,1.0,114.8,78.3,202.0,82.0,4.8,86.8,12.64,56.8,159.3,22.4,1
76.0,1,0,0,1,0,39.4,122.0,0.0,0.0,1.0,1.0,130.1,40.3,104.0,51.0,5.6,61.5,46.04,72.5,140.9,36.5,1
78.0,1,0,0,1,0,27.1,99.3,0.0,0.0,1.0,1.0,124.8,61.6,159.0,77.0,5.4,77.5,14.19,62.1,154.9,25.9,1
79.0,1,0,0,1,0,23.7,87.4,0.0,0.0,1.0,1.0,101.6,58.0,147.0,49.0,5.8,87.1,8.01,67.4,169.0,23.6,1
58.0,1,0,0,1,0,36.9,111.9,0.0,0.0,1.0,1.0,93.4,76.2,208.0,34.0,5.2,112.1,37.49,92.1,158.0,36.9,1
73.0,0,1,0,1,0,41.6,128.2,1.0,1.0,0.0,1.0,119.9,73.6,118.0,42.0,4.9,83.7,31.52,115.8,168.6,40.7,0
67.0,0,1,0,1,0,25.6,93.9,1.0,1.0,0.0,1.0,120.1,79.3,219.0,36.0,8.5,99.1,6.54,57.1,153.7,24.2,0
72.0,0,1,0,1,0,21.4,81.9,1.0,1.0,0.0,1.0,112.6,58.4,166.0,30.0,8.3,97.4,3.7,65.1,173.5,21.6,0
71.0,0,1,0,1,0,46.1,126.7,1.0,1.0,0.0,1.0,95.3,65.5,108.0,33.0,5.9,53.2,38.2,139.8,181.5,42.4,0
55.0,0,1,0,1,0,28.5,109.0,1.0,1.0,0.0,1.0,100.8,59.1,220.0,35.0,5.7,84.9,10.35,91.1,182.8,27.3,0
80.0,0,1,0,1,0,23.3,86.6,0.0,1.0,0.0,0.0,127.8,78.9,205.0,51.0,5.7,71.1,3.31,84.9,186.9,24.3,0
80.0,0,1,0,1,0,35.2,99.0,0.0,1.0,0.0,0.0,114.2,75.8,182.0,58.0,6.7,77.7,8.44,94.4,167.6,33.6,0
80.0,0,1,0,1,0,22.9,85.0,0.0,1.0,0.0,0.0,120.2,59.8,191.0,55.0,5.0,82.4,42.43,69.2,178.7,21.7,0
80.0,0,1,0,1,0,22.2,84.3,0.0,1.0,0.0,0.0,123.1,75.9,176.0,49.0,5.3,71.3,0.65,73.3,181.7,22.2,0
80.0,0,1,0,1,0,26.3,99.0,0.0,1.0,0.0,0.0,129.2,73.4,204.0,49.0,5.0,92.4,6.25,88.6,188.4,25.0,0
80.0,0,1,0,0,1,23.8,89.0,0.0,1.0,0.0,0.0,126.0,80.9,205.0,71.0,5.4,88.5,43.22,78.4,186.3,22.6,1
80.0,0,1,0,0,1,33.0,111.5,0.0,1.0,0.0,0.0,119.9,68.2,164.0,46.0,6.2,65.5,52.16,79.4,159.4,31.2,1
80.0,0,1,0,0,1,28.3,96.4,0.0,1.0,0.0,0.0,128.1,76.7,284.0,79.0,5.7,85.7,140.89,90.9,181.6,27.6,1
80.0,0,1,0,0,1,36.4,114.1,0.0,1.0,0.0,0.0,117.1,82.7,198.0,57.0,6.0,83.9,36.95,123.3,188.8,34.6,1
80.0,0,1,0,0,1,25.7,100.7,0.0,1.0,0.0,0.0,109.5,58.2,212.0,43.0,5.0,82.4,28.26,86.6,181.3,26.4,1
80.0,1,0,0,0,1,21.5,75.8,0.0,0.0,1.0,0.0,105.6,67.6,175.0,59.0,5.6,74.9,4.55,49.0,155.3,20.3,1
80.0,1,0,0,0,1,32.1,107.6,0.0,0.0,1.0,0.0,121.8,80.1,141.0,34.0,5.6,77.3,10.35,90.1,172.5,30.3,1
80.0,1,0,0,0,1,21.5,80.9,0.0,0.0,1.0,0.0,133.3,65.9,164.0,56.0,5.3,56.4,9.27,65.0,176.7,20.8,1
80.0,1,0,0,0,1,22.6,80.3,0.0,0.0,1.0,0.0,99.5,49.0,176.0,45.0,5.6,54.3,44.66,48.3,146.6,22.5,1
70.0,0,1,0,1,0,39.9,125.0,1.0,0.0,0.0,0.0,108.1,73.0,196.0,43.0,10.0,92.5,34.23,124.8,174.2,41.1,1
40.0,0,1,0,1,0,37.3,114.9,1.0,0.0,0.0,0.0,119.3,79.6,137.0,40.0,5.4,82.3,2.38,118.1,174.4,38.8,1
67.0,0,1,0,1,0,45.7,141.2,1.0,0.0,0.0,0.0,90.4,53.2,157.0,43.0,6.1,108.2,50.09,103.8,154.1,43.7,1
80.0,0,1,0,0,1,21.7,87.1,0.0,1.0,1.0,1.0,110.4,70.6,194.0,70.0,5.8,59.9,58.35,77.7,193.0,20.9,1
80.0,0,1,0,0,1,32.0,104.6,0.0,1.0,1.0,1.0,127.5,64.9,110.0,33.0,7.2,59.6,387.91,90.5,171.2,30.9,1
80.0,0,1,0,0,1,25.6,95.7,0.0,1.0,1.0,1.0,144.8,86.1,191.0,68.0,8.3,63.5,39.63,75.9,172.9,25.4,1
80.0,0,1,0,0,1,30.8,100.0,0.0,1.0,1.0,1.0,131.5,76.1,182.0,45.0,6.1,79.8,12.62,95.1,179.8,29.4,1
80.0,0,1,0,0,1,27.6,102.4,0.0,1.0,1.0,1.0,114.3,62.0,158.0,36.0,7.3,92.6,183.71,84.2,175.5,27.3,1
80.0,1,0,0,0,1,23.3,84.9,0.0,1.0,1.0,1.0,109.6,68.0,134.0,72.0,5.0,62.2,20.23,62.5,168.1,22.1,0
80.0,1,0,0,0,1,27.4,88.1,0.0,1.0,1.0,1.0,127.8,76.1,181.0,43.0,6.8,82.9,25.71,57.4,153.1,24.5,0
80.0,1,0,0,0,1,24.8,83.0,0.0,1.0,1.0,1.0,126.9,74.0,148.0,48.0,5.7,72.4,12.52,61.0,162.1,23.2,0
80.0,1,0,0,0,1,33.7,106.2,0.0,1.0,1.0,1.0,128.6,81.5,207.0,95.0,5.7,53.8,12.62,74.9,154.4,31.4,0
80.0,1,0,0,0,1,20.9,82.8,0.0,1.0,1.0,1.0,102.4,65.4,107.0,56.0,5.2,52.9,51.0,53.1,162.8,20.1,0
76.0,0,1,0,0,1,29.1,101.9,1.0,0.0,1.0,1.0,123.4,87.6,151.0,33.0,5.8,75.8,3.58,100.0,189.7,27.8,1
54.0,0,1,0,0,1,43.8,147.7,1.0,0.0,1.0,1.0,109.1,60.5,153.0,39.0,6.1,65.3,488.97,137.8,176.1,44.4,1
65.0,0,1,0,0,1,32.0,112.6,1.0,0.0,1.0,1.0,125.0,77.9,174.0,42.0,5.8,65.8,7.34,109.8,187.8,31.1,1
78.0,0,1,0,0,1,33.8,115.8,1.0,0.0,1.0,1.0,113.6,65.7,105.0,41.0,5.3,75.6,67.25,114.2,187.5,32.5,1
66.0,0,1,0,0,1,37.9,112.2,1.0,0.0,1.0,1.0,98.6,56.5,160.0,31.0,10.0,89.8,8.1,103.5,169.2,36.1,0
69.0,0,1,0,0,1,41.6,117.0,1.0,0.0,1.0,1.0,127.4,86.4,199.0,40.0,5.7,82.7,10.66,110.4,165.4,40.4,0
75.0,0,1,0,0,1,28.0,107.5,1.0,0.0,1.0,1.0,104.1,54.1,124.0,35.0,7.4,63.8,3.44,81.4,172.9,27.2,0
54.0,0,1,0,0,1,38.0,112.4,1.0,0.0,1.0,1.0,134.7,88.8,127.0,39.0,7.7,105.9,8.52,91.7,154.6,38.3,0
80.0,1,0,0,1,0,25.1,90.6,0.0,0.0,0.0,0.0,120.2,45.9,180.0,88.0,4.9,55.4,34.87,58.4,156.4,23.9,1
80.0,1,0,0,1,0,19.7,73.8,0.0,0.0,0.0,0.0,129.0,49.1,214.0,97.0,5.3,62.8,11.42,47.5,157.4,19.2,1
80.0,1,0,0,1,0,28.3,91.8,0.0,1.0,0.0,1.0,94.0,63.4,233.0,55.0,4.9,81.6,15.81,88.4,183.1,26.4,0
80.0,1,0,0,1,0,26.7,93.2,0.0,1.0,0.0,1.0,127.1,80.1,218.0,43.0,5.9,84.5,11.36,64.4,157.7,25.9,0
80.0,0,1,0,1,0,29.4,101.5,0.0,1.0,0.0,1.0,130.7,79.7,211.0,47.0,5.5,94.8,4.34,93.0,181.6,28.2,0
80.0,0,1,0,1,0,29.4,108.8,0.0,1.0,0.0,1.0,115.0,67.5,145.0,45.0,5.4,92.8,44.63,90.0,183.0,26.9,0
80.0,0,1,0,1,0,32.7,108.9,0.0,1.0,0.0,1.0,125.7,69.5,184.0,45.0,6.6,62.3,12.13,110.5,188.2,31.2,0
80.0,0,1,0,1,0,24.0,78.9,0.0,1.0,0.0,1.0,120.2,61.1,127.0,33.0,5.3,71.6,2.73,71.1,173.1,23.7,0
63.0,1,0,1,0,0,32.1,114.1,1.0,1.0,1.0,1.0,124.4,78.1,81.0,38.0,5.7,54.5,22.68,73.9,157.3,29.9,1
49.0,1,0,1,0,0,39.2,115.1,1.0,1.0,1.0,1.0,134.5,80.0,91.0,36.0,10.6,117.0,256.32,94.3,157.3,38.1,1
69.0,1,0,1,0,0,25.8,95.7,1.0,1.0,1.0,1.0,106.3,71.3,171.0,30.0,9.6,93.9,5.88,63.8,158.8,25.3,1
64.0,1,0,1,0,0,39.9,124.2,1.0,1.0,1.0,1.0,106.4,64.6,125.0,47.0,7.6,108.9,35.67,93.2,157.5,37.6,1
73.0,0,1,0,1,0,27.9,106.1,0.0,0.0,1.0,1.0,136.9,83.5,214.0,34.0,5.9,84.0,55.65,76.2,168.7,26.8,1
69.0,0,1,0,1,0,24.4,99.4,0.0,0.0,1.0,1.0,121.2,75.4,172.0,33.0,8.1,72.9,35.97,79.1,180.2,24.4,1
68.0,0,1,0,1,0,25.4,95.2,0.0,0.0,1.0,1.0,97.2,65.6,135.0,44.0,6.3,116.3,8.21,80.8,183.2,24.1,1
69.0,0,1,0,1,0,26.3,100.7,0.0,0.0,1.0,1.0,96.7,64.2,168.0,42.0,5.2,83.8,48.28,77.6,173.3,25.8,1
70.0,1,0,0,0,1,37.1,120.8,1.0,1.0,0.0,1.0,108.9,68.0,222.0,36.0,6.2,104.4,7.29,99.7,158.1,39.9,1
56.0,1,0,0,0,1,39.5,122.1,1.0,1.0,0.0,1.0,108.5,68.8,149.0,42.0,10.2,98.5,27.21,97.9,158.0,39.2,1
69.0,1,0,0,0,1,30.6,103.6,1.0,1.0,0.0,1.0,146.5,85.2,205.0,36.0,6.7,78.8,36.13,72.6,153.0,31.0,1
45.0,1,0,0,0,1,40.1,116.0,1.0,1.0,0.0,1.0,100.1,70.0,169.0,46.0,10.2,103.9,4.75,88.7,157.9,35.6,1
52.0,1,0,0,0,1,29.4,92.8,0.0,0.0,0.0,1.0,129.1,79.3,199.0,39.0,5.1,90.9,10.03,63.5,165.7,23.1,1
34.0,1,0,0,0,1,22.5,74.9,0.0,0.0,0.0,1.0,101.1,67.2,104.0,38.0,6.0,109.2,7.96,48.5,150.8,21.3,1
34.0,1,0,0,0,1,36.3,117.4,0.0,0.0,0.0,1.0,105.5,75.2,219.0,46.0,5.8,121.1,31.5,85.8,151.6,37.3,1
73.0,1,0,0,0,1,22.9,89.5,0.0,0.0,0.0,1.0,159.1,78.3,145.0,58.0,5.4,53.4,10.7,71.3,178.3,22.4,1
80.0,0,1,0,1,0,27.4,104.5,0.0,0.0,1.0,1.0,140.7,76.4,239.0,41.0,5.9,74.0,14.77,67.4,187.1,19.2,0
80.0,0,1,0,1,0,25.8,93.5,0.0,0.0,1.0,1.0,104.8,61.4,179.0,42.0,5.4,80.1,10.29,74.6,174.0,24.6,0
80.0,0,1,0,1,0,28.6,97.2,0.0,0.0,1.0,1.0,119.5,66.6,119.0,79.0,5.0,100.3,20.6,87.4,176.8,28.0,0
80.0,0,1,0,1,0,20.7,83.7,0.0,0.0,1.0,1.0,107.6,60.5,225.0,43.0,6.1,56.8,12.47,47.6,151.6,20.7,0
65.0,0,1,1,0,0,36.1,121.4,1.0,1.0,0.0,0.0,126.7,78.6,202.0,39.0,6.2,64.0,14.33,124.2,188.5,34.9,1
48.0,0,1,1,0,0,38.1,125.7,1.0,1.0,0.0,0.0,151.6,77.9,169.0,52.0,12.0,59.1,11.99,76.0,140.2,38.7,1
57.0,0,1,1,0,0,24.2,89.4,1.0,1.0,0.0,0.0,136.9,65.7,106.0,35.0,10.4,110.9,19.6,82.4,183.8,24.4,1
61.0,0,1,1,0,0,37.4,116.7,1.0,1.0,0.0,0.0,109.9,73.5,150.0,34.0,10.0,109.7,5.83,87.7,155.8,36.1,1
63.0,0,1,0,0,1,26.6,96.5,0.0,1.0,0.0,1.0,106.1,55.0,228.0,50.0,5.3,47.0,30.68,87.5,183.9,25.9,1
76.0,0,1,0,0,1,40.9,131.7,0.0,1.0,0.0,1.0,130.9,72.5,217.0,38.0,6.3,89.3,38.66,122.6,179.5,38.0,1
50.0,0,1,0,0,1,42.5,128.3,0.0,1.0,0.0,1.0,117.4,73.1,240.0,40.0,5.8,79.8,115.7,136.6,183.5,40.6,1
70.0,0,1,0,0,1,22.7,80.4,0.0,1.0,0.0,1.0,144.6,83.4,143.0,33.0,5.0,54.0,32.43,65.4,174.0,21.6,1
80.0,1,0,0,0,1,21.1,63.2,0.0,1.0,0.0,1.0,150.4,88.7,185.0,66.0,5.1,43.6,36.14,50.5,155.8,20.8,1
80.0,1,0,0,0,1,23.1,82.8,0.0,1.0,0.0,1.0,98.4,62.2,178.0,74.0,5.3,76.0,4.19,78.5,184.8,23.0,1
80.0,1,0,0,0,1,27.1,102.4,0.0,1.0,0.0,1.0,105.1,71.4,178.0,63.0,5.6,55.8,9.56,81.7,178.9,25.5,1
80.0,1,0,0,0,1,23.7,75.9,0.0,1.0,0.0,1.0,118.6,53.2,123.0,98.0,5.5,68.9,6.86,54.4,156.9,22.1,1
66.0,1,0,0,1,0,61.4,173.9,1.0,1.0,0.0,1.0,94.8,64.2,199.0,32.0,5.7,76.5,41.17,142.5,159.2,56.2,0
78.0,1,0,0,1,0,44.5,143.1,1.0,1.0,0.0,1.0,111.6,75.0,223.0,37.0,6.8,51.3,7.55,136.7,179.7,42.3,0
80.0,0,1,0,1,0,36.8,117.8,1.0,1.0,1.0,0.0,104.9,70.0,181.0,47.0,7.0,54.0,520.45,82.2,152.1,35.5,1
80.0,0,1,0,1,0,22.3,89.6,1.0,1.0,1.0,0.0,123.5,67.2,167.0,41.0,8.8,69.2,51.55,70.0,176.3,22.5,1
80.0,0,1,0,1,0,34.3,127.1,1.0,1.0,1.0,0.0,133.6,71.1,184.0,41.0,10.2,75.8,68.09,74.2,151.2,32.5,1
80.0,0,1,0,1,0,38.7,129.6,1.0,1.0,1.0,0.0,134.2,62.6,97.0,40.0,8.5,67.8,51.12,115.5,177.6,36.6,1
41.0,1,0,1,0,0,35.0,126.1,1.0,1.0,0.0,1.0,131.2,82.4,87.0,30.0,6.0,72.2,10.16,107.3,177.4,34.1,1
44.0,0,1,1,0,0,38.8,119.7,1.0,0.0,1.0,0.0,103.6,74.5,125.0,35.0,9.7,106.3,9.31,66.4,139.2,34.3,1
73.0,0,1,1,0,0,24.1,93.7,1.0,0.0,1.0,0.0,125.8,69.1,208.0,70.0,5.6,54.5,59.59,68.7,169.9,23.8,1
74.0,0,1,1,0,0,32.9,119.5,1.0,0.0,1.0,0.0,105.3,55.3,121.0,40.0,6.4,60.9,40.51,79.8,153.1,34.0,1
39.0,0,1,1,0,0,40.3,119.1,1.0,0.0,1.0,0.0,129.1,79.7,157.0,33.0,8.7,97.0,6.6,149.6,190.3,41.3,1
80.0,1,0,0,0,1,25.3,86.7,0.0,1.0,0.0,1.0,113.9,66.9,200.0,49.0,5.9,60.5,4.9,73.1,167.6,26.0,0
80.0,1,0,0,0,1,29.7,100.3,0.0,1.0,0.0,1.0,125.6,73.5,197.0,78.0,5.6,59.8,13.28,65.4,152.8,28.0,0
80.0,1,0,0,0,1,60.8,160.4,0.0,1.0,0.0,1.0,121.6,40.0,180.0,44.0,9.6,61.5,22.66,114.9,144.2,55.2,0
68.0,0,1,0,1,0,25.5,100.0,1.0,0.0,0.0,1.0,121.0,68.5,169.0,41.0,9.5,91.6,12.43,65.3,152.9,27.9,1
62.0,0,1,0,1,0,28.2,111.2,1.0,0.0,0.0,1.0,104.6,75.6,173.0,43.0,6.0,101.2,43.32,99.7,190.0,27.6,1
53.0,1,0,1,0,0,38.8,103.2,1.0,1.0,0.0,0.0,120.9,79.4,206.0,41.0,15.5,57.9,48.08,98.6,157.8,39.6,1
69.0,1,0,1,0,0,36.1,113.5,1.0,1.0,0.0,0.0,108.2,60.6,144.0,45.0,9.7,75.4,37.83,90.2,151.4,39.4,1
45.0,1,0,1,0,0,38.5,126.0,1.0,1.0,0.0,0.0,116.9,81.3,172.0,40.0,9.8,109.3,139.95,118.1,177.1,37.7,1
68.0,0,1,1,0,0,22.7,97.2,0.0,0.0,0.0,1.0,148.7,86.3,116.0,39.0,8.0,87.3,129.79,72.0,180.1,22.2,1
45.0,0,1,1,0,0,35.9,109.9,0.0,0.0,0.0,1.0,123.9,91.8,217.0,46.0,6.5,97.3,31.5,107.0,172.0,36.2,1
68.0,0,1,1,0,0,18.9,82.0,0.0,0.0,0.0,1.0,126.3,74.2,167.0,35.0,5.0,83.0,36.2,53.1,167.9,18.8,1
80.0,0,1,0,1,0,25.8,92.2,0.0,0.0,0.0,0.0,107.4,56.8,115.0,57.0,4.9,48.3,14.47,73.3,172.3,24.7,1
80.0,0,1,0,1,0,23.8,89.2,0.0,0.0,0.0,0.0,112.1,67.1,160.0,48.0,5.1,63.6,105.13,75.8,181.1,23.1,1
80.0,0,1,0,0,1,27.3,104.9,0.0,0.0,1.0,1.0,108.0,69.5,188.0,41.0,5.3,67.3,11.41,73.9,171.9,25.0,0
80.0,0,1,0,0,1,26.8,102.0,0.0,0.0,1.0,1.0,129.0,73.6,214.0,52.0,6.3,61.3,8.98,58.6,150.1,26.0,0
80.0,0,1,0,0,1,26.4,105.2,0.0,0.0,1.0,1.0,107.2,67.3,164.0,43.0,4.8,53.9,32.61,91.9,191.8,25.0,0
80.0,1,0,0,1,0,33.8,121.0,1.0,1.0,1.0,1.0,94.6,43.7,99.0,43.0,9.0,54.3,26.57,74.1,152.6,31.8,1
80.0,1,0,0,1,0,40.3,138.7,1.0,1.0,1.0,1.0,140.4,61.6,125.0,22.0,9.6,67.1,65.5,87.8,148.7,39.7,1
80.0,1,0,0,1,0,37.6,130.3,1.0,1.0,1.0,1.0,103.2,69.4,190.0,37.0,5.4,67.3,296.58,86.6,155.6,35.8,1
80.0,0,1,0,1,0,21.9,85.9,1.0,1.0,1.0,1.0,143.5,67.6,153.0,41.0,10.1,79.6,53.83,70.1,177.4,22.3,0
80.0,0,1,0,1,0,32.1,111.8,1.0,1.0,1.0,1.0,141.7,72.4,137.0,44.0,8.3,54.8,8.53,100.5,180.8,30.7,0
80.0,0,1,0,1,0,26.5,89.4,1.0,1.0,1.0,1.0,126.6,72.3,182.0,44.0,7.2,60.6,9.93,53.8,146.2,25.2,0
69.0,1,0,0,1,0,54.7,156.2,1.0,0.0,0.0,0.0,108.2,67.6,187.0,52.0,5.6,62.8,2.23,128.6,155.5,53.2,1
46.0,1,0,0,1,0,40.6,125.7,1.0,0.0,0.0,0.0,130.4,78.0,272.0,41.0,5.8,84.8,8.69,98.1,158.3,39.1,1
53.0,1,0,1,0,0,34.5,111.3,1.0,0.0,1.0,0.0,115.3,76.6,153.0,35.0,6.1,94.3,38.45,83.3,154.3,35.0,1
55.0,1,0,1,0,0,30.9,104.0,1.0,0.0,1.0,0.0,102.3,63.5,191.0,42.0,5.9,73.7,43.4,107.2,184.5,31.5,1
70.0,1,0,1,0,0,45.3,127.0,1.0,0.0,1.0,0.0,131.2,87.9,193.0,38.0,15.9,44.3,384.25,112.3,157.4,45.3,1
80.0,0,1,0,1,0,29.2,100.7,0.0,0.0,0.0,1.0,128.7,73.8,194.0,71.0,5.2,72.1,6.5,96.8,179.2,30.1,0
80.0,0,1,0,1,0,31.3,109.5,0.0,0.0,0.0,1.0,123.2,63.9,217.0,44.0,5.2,62.9,48.59,98.1,183.5,29.1,0
54.0,1,0,1,0,0,27.0,104.6,0.0,1.0,0.0,1.0,105.3,71.4,150.0,45.0,5.5,74.0,36.27,67.5,154.3,28.3,1
44.0,1,0,1,0,0,37.5,122.7,0.0,1.0,0.0,1.0,138.9,78.8,99.0,40.0,5.3,59.4,9.94,122.8,181.7,37.2,1
75.0,1,0,1,0,0,24.4,95.2,0.0,1.0,0.0,1.0,120.4,60.3,187.0,60.0,6.0,59.8,4.02,55.5,153.7,23.5,1
66.0,0,1,0,0,1,27.4,81.1,0.0,0.0,0.0,1.0,129.3,89.6,217.0,48.0,6.0,118.5,37.83,56.4,154.8,23.5,1
45.0,0,1,0,0,1,30.1,56.4,0.0,0.0,0.0,1.0,127.4,76.6,223.0,43.0,8.8,56.8,27.38,84.8,167.8,30.1,1
22.0,0,1,0,0,1,23.8,91.0,0.0,0.0,0.0,1.0,111.5,58.5,204.0,58.0,5.7,118.9,39.44,79.9,183.4,23.8,1
41.0,0,1,1,0,0,38.0,114.3,0.0,0.0,1.0,1.0,115.3,74.1,124.0,36.0,8.6,78.9,56.42,81.3,155.2,33.7,1
64.0,0,1,1,0,0,25.9,94.7,0.0,0.0,1.0,1.0,97.9,67.8,134.0,37.0,5.8,52.4,55.04,77.0,172.2,26.0,1
71.0,0,1,1,0,0,33.9,120.7,0.0,0.0,1.0,1.0,97.1,65.3,177.0,54.0,4.8,73.1,56.01,94.9,171.5,32.3,1
74.0,0,1,1,0,0,49.6,151.4,1.0,0.0,1.0,1.0,102.5,71.9,126.0,31.0,8.5,101.0,5.64,170.9,185.6,49.6,0
67.0,0,1,1,0,0,26.6,95.9,1.0,0.0,1.0,1.0,110.4,91.5,215.0,55.0,5.4,109.9,8.46,64.8,159.7,25.4,0
35.0,0,1,1,0,0,26.8,100.8,1.0,0.0,1.0,1.0,118.4,77.9,179.0,38.0,5.8,118.3,7.44,77.4,169.8,26.9,0
80.0,0,1,0,1,0,30.8,108.3,0.0,0.0,1.0,0.0,121.7,62.0,169.0,45.0,5.8,62.4,5.8,101.0,184.5,29.7,1
80.0,0,1,0,1,0,28.4,100.4,0.0,0.0,1.0,0.0,143.3,68.2,240.0,79.0,5.4,68.9,59.64,68.1,158.5,27.1,1
80.0,0,1,0,1,0,25.8,82.8,0.0,0.0,1.0,0.0,116.1,55.6,221.0,93.0,5.1,45.0,63.87,78.3,173.4,26.0,1
55.0,1,0,0,1,0,42.1,138.0,1.0,0.0,1.0,1.0,123.5,81.1,221.0,39.0,6.0,61.9,9.96,140.2,188.6,39.4,0
56.0,1,0,0,1,0,41.9,111.9,1.0,0.0,1.0,1.0,109.0,70.1,188.0,42.0,5.2,96.9,3.75,93.5,151.2,40.9,0
65.0,1,0,0,1,0,55.6,164.6,1.0,0.0,1.0,1.0,136.7,81.7,174.0,31.0,6.9,94.8,130.65,129.3,153.7,54.7,0
68.0,0,1,1,0,0,40.8,132.4,1.0,0.0,1.0,1.0,107.6,67.2,181.0,34.0,14.0,87.1,5.56,128.9,188.7,36.2,1
56.0,0,1,1,0,0,37.2,98.9,1.0,0.0,1.0,1.0,137.1,80.6,176.0,39.0,6.3,75.8,284.9,101.1,172.3,34.0,1
50.0,0,1,1,0,0,28.4,101.2,1.0,0.0,1.0,1.0,108.9,54.9,164.0,43.0,8.3,88.8,367.46,93.1,182.0,28.1,1
70.0,1,0,0,0,1,39.5,132.7,1.0,1.0,0.0,1.0,140.5,86.4,182.0,43.0,7.9,102.4,11.57,99.0,162.5,37.5,0
70.0,1,0,0,0,1,38.1,112.7,1.0,1.0,0.0,1.0,102.1,76.3,111.0,36.0,6.0,90.2,28.39,126.9,185.2,37.0,0
68.0,1,0,0,0,1,33.3,118.4,1.0,1.0,0.0,1.0,87.9,61.9,113.0,34.0,6.6,100.8,7.69,81.2,159.0,32.1,0
45.0,1,0,1,0,0,39.8,123.5,1.0,1.0,0.0,1.0,135.9,77.6,107.0,44.0,12.1,83.9,33.15,124.4,175.5,40.4,0
71.0,1,0,1,0,0,41.2,127.2,1.0,1.0,0.0,1.0,123.5,78.3,205.0,39.0,5.8,70.2,35.18,83.9,143.5,40.7,0
55.0,1,0,0,1,0,36.9,110.9,1.0,0.0,0.0,1.0,102.7,76.2,255.0,38.0,7.3,109.2,9.81,88.6,155.1,36.8,1
80.0,1,0,0,1,0,21.6,88.2,1.0,1.0,1.0,0.0,151.8,86.0,167.0,76.0,12.5,66.0,27.13,69.0,177.3,22.0,1
80.0,0,1,0,0,1,33.7,107.3,1.0,1.0,1.0,1.0,95.8,55.3,143.0,35.0,9.6,66.9,53.38,68.1,158.0,27.3,1
80.0,0,1,0,0,1,38.8,134.0,1.0,1.0,1.0,1.0,129.8,80.1,139.0,55.0,11.7,69.0,525.05,109.2,170.9,37.4,1
61.0,0,1,0,1,0,24.3,98.8,0.0,0.0,0.0,1.0,108.4,69.8,123.0,54.0,6.1,94.0,25.6,80.3,185.3,23.4,1
77.0,0,1,0,1,0,27.5,86.2,0.0,0.0,0.0,1.0,106.9,59.5,161.0,45.0,5.4,69.5,47.2,65.9,156.9,26.8,1
56.0,1,0,1,0,0,26.2,82.0,0.0,0.0,0.0,1.0,128.2,84.5,179.0,47.0,5.1,71.5,12.87,63.6,156.1,26.1,1
38.0,1,0,1,0,0,22.5,74.5,0.0,0.0,0.0,1.0,111.8,55.3,189.0,86.0,5.6,82.9,14.84,60.9,165.4,22.3,1
61.0,0,1,0,0,1,22.8,81.4,1.0,1.0,0.0,1.0,125.0,67.2,123.0,42.0,9.7,87.9,2.81,52.0,151.7,22.6,0
79.0,0,1,0,0,1,27.9,97.8,1.0,1.0,0.0,1.0,127.8,71.4,234.0,59.0,5.7,68.9,50.05,89.4,182.0,27.0,0
80.0,1,0,1,0,0,29.4,104.5,0.0,1.0,0.0,0.0,117.0,71.2,175.0,66.0,5.3,91.8,40.72,72.3,157.2,29.2,1
80.0,1,0,1,0,0,23.7,87.6,0.0,1.0,0.0,0.0,137.2,85.2,164.0,65.0,8.3,71.7,39.06,63.7,165.1,23.4,1
80.0,1,0,0,0,1,34.6,112.5,1.0,1.0,1.0,1.0,114.3,72.2,141.0,41.0,5.7,64.5,10.17,80.6,158.6,32.0,0
80.0,0,1,0,0,1,24.9,96.3,0.0,0.0,0.0,1.0,137.3,76.8,134.0,54.0,5.2,63.9,22.79,83.9,186.5,24.1,0
80.0,0,1,0,0,1,31.5,111.8,0.0,0.0,0.0,1.0,125.0,94.3,159.0,53.0,5.3,55.4,23.76,101.8,182.8,30.5,0
80.0,1,0,0,1,0,27.5,107.6,0.0,0.0,1.0,1.0,126.5,57.8,170.0,37.0,5.4,78.4,13.72,76.3,165.5,27.9,0
80.0,1,0,0,1,0,45.0,133.7,0.0,0.0,1.0,1.0,110.5,68.0,210.0,44.0,6.2,110.3,13.13,111.6,159.6,43.8,0
80.0,1,0,1,0,0,25.3,94.0,0.0,1.0,1.0,1.0,83.6,55.8,175.0,73.0,5.4,56.8,69.71,54.3,152.8,23.3,1
80.0,1,0,1,0,0,21.2,84.3,0.0,1.0,1.0,1.0,133.9,68.3,98.0,54.0,5.9,88.2,408.82,48.3,151.2,21.1,1
80.0,0,1,0,1,0,40.5,138.1,1.0,1.0,1.0,0.0,142.6,81.4,185.0,40.0,7.1,29.1,13.51,111.2,170.2,38.4,0
80.0,0,1,0,1,0,36.8,120.4,1.0,1.0,1.0,0.0,118.0,66.5,182.0,35.0,5.6,101.3,44.85,124.1,187.2,35.4,0
80.0,0,1,0,0,1,23.0,90.6,1.0,1.0,0.0,1.0,132.7,64.3,117.0,60.0,7.2,95.6,14.18,81.8,189.0,22.9,1
80.0,0,1,0,0,1,27.5,94.1,1.0,0.0,1.0,0.0,121.2,79.5,201.0,64.0,5.5,77.6,9.49,90.8,182.0,27.4,0
80.0,0,1,0,0,1,26.4,98.5,1.0,0.0,1.0,0.0,123.5,59.5,185.0,58.0,5.5,70.9,2.49,75.1,173.8,24.9,0
80.0,0,1,1,0,0,20.6,81.7,0.0,1.0,0.0,1.0,122.3,68.5,163.0,36.0,6.4,91.6,48.73,63.9,175.9,20.7,1
65.0,0,1,0,0,1,37.5,112.4,1.0,0.0,0.0,1.0,103.7,68.6,130.0,29.0,10.0,71.8,4.97,76.1,140.6,38.5,1
30.0,0,1,0,0,1,33.4,98.9,1.0,0.0,0.0,1.0,110.1,61.9,185.0,34.0,5.5,106.8,278.95,79.0,155.5,32.7,1
68.0,0,1,0,1,0,30.3,107.0,1.0,0.0,1.0,1.0,103.2,58.2,158.0,35.0,6.4,72.1,379.04,70.6,154.2,29.7,1
59.0,0,1,0,1,0,35.9,123.4,1.0,0.0,1.0,1.0,99.2,70.2,137.0,40.0,8.6,86.8,13.43,100.9,172.0,34.1,1
80.0,1,0,0,1,0,23.5,91.5,0.0,0.0,1.0,0.0,150.1,65.6,160.0,83.0,5.1,49.9,9.24,81.6,191.1,22.3,1
80.0,1,0,0,1,0,26.7,98.0,0.0,0.0,1.0,0.0,124.6,63.6,199.0,77.0,5.0,74.5,15.83,62.5,158.1,25.0,1
67.0,1,0,0,1,0,42.4,115.2,1.0,0.0,1.0,1.0,101.1,51.4,167.0,36.0,11.5,37.0,58.46,105.5,162.1,40.2,1
68.0,1,0,0,1,0,25.5,81.8,1.0,0.0,1.0,1.0,130.9,82.0,142.0,63.0,7.4,95.1,9.61,77.9,174.8,25.5,1
80.0,1,0,0,0,1,30.8,104.5,0.0,0.0,1.0,1.0,116.1,61.6,167.0,44.0,5.6,73.1,19.87,95.0,181.2,28.9,0
80.0,1,0,0,0,1,22.5,76.4,0.0,0.0,1.0,1.0,106.1,68.0,184.0,96.0,5.2,53.3,15.67,58.7,165.5,21.4,0
45.0,0,1,1,0,0,41.9,138.3,1.0,0.0,0.0,1.0,112.0,61.3,106.0,33.0,7.2,88.3,8.78,143.1,190.1,39.6,1
80.0,0,1,0,0,1,23.5,92.4,0.0,0.0,0.0,1.0,137.3,82.5,173.0,72.0,5.5,75.6,45.41,76.9,179.5,23.9,1
80.0,0,1,0,0,1,23.2,78.0,0.0,0.0,0.0,1.0,126.8,78.1,143.0,36.0,7.8,76.6,6.32,88.3,187.7,25.1,1
80.0,1,0,0,1,0,28.5,101.7,0.0,0.0,1.0,1.0,125.0,84.6,161.0,44.0,6.0,55.8,56.3,79.0,168.3,27.9,1
80.0,1,0,0,1,0,27.2,90.8,0.0,0.0,1.0,1.0,107.0,63.4,177.0,79.0,4.9,69.4,41.94,95.4,187.1,27.3,1
52.0,1,0,0,1,0,33.0,101.6,0.0,0.0,0.0,1.0,108.4,57.5,150.0,44.0,7.0,81.6,43.76,92.2,168.3,32.5,1
56.0,1,0,0,1,0,25.4,94.8,0.0,0.0,0.0,1.0,103.0,66.9,173.0,59.0,5.5,90.9,12.55,64.1,160.2,25.0,1
73.0,1,0,0,0,1,42.7,122.0,1.0,0.0,0.0,1.0,111.8,69.7,214.0,41.0,5.8,88.6,9.56,98.6,155.1,41.0,0
61.0,0,1,1,0,0,38.6,125.9,1.0,0.0,0.0,1.0,119.2,73.7,201.0,51.0,8.4,84.9,7.02,98.5,160.5,38.3,0
49.0,0,1,1,0,0,51.5,151.5,1.0,0.0,0.0,1.0,110.1,56.9,185.0,39.0,6.3,90.2,9.53,171.9,184.6,50.4,0
60.0,1,0,1,0,0,41.6,125.5,1.0,0.0,1.0,1.0,127.2,78.5,221.0,51.0,6.0,81.9,13.25,93.3,157.6,37.6,0
68.0,1,0,1,0,0,40.5,137.5,1.0,0.0,1.0,1.0,121.7,63.7,140.0,35.0,6.2,101.6,400.5,85.8,146.1,40.2,0
80.0,1,0,0,0,1,24.2,80.0,0.0,1.0,0.0,0.0,107.0,68.4,211.0,50.0,5.5,83.5,11.48,61.5,162.5,23.3,1
80.0,1,0,0,0,1,20.9,73.4,0.0,1.0,0.0,0.0,129.4,71.8,164.0,47.0,5.8,114.3,13.11,37.8,158.6,15.0,1
80.0,0,1,0,0,1,32.6,114.4,1.0,1.0,1.0,0.0,137.7,85.5,202.0,47.0,5.7,54.9,526.19,73.2,152.1,31.6,1
80.0,0,1,0,0,1,35.6,120.1,1.0,1.0,1.0,0.0,144.5,73.6,221.0,41.0,11.5,54.4,38.73,82.7,157.4,33.4,1
48.0,0,1,1,0,0,40.2,131.0,1.0,1.0,0.0,1.0,94.6,58.0,123.0,35.0,7.6,66.6,233.89,108.4,168.4,38.2,0
80.0,1,0,0,1,0,42.0,132.0,1.0,1.0,1.0,1.0,123.0,61.1,120.0,62.0,9.5,90.5,10.71,97.1,158.4,38.7,0
80.0,0,1,0,0,1,36.6,124.0,1.0,0.0,1.0,0.0,113.3,67.4,130.0,42.0,5.1,95.7,329.87,101.2,173.2,33.7,1
55.0,1,0,1,0,0,23.2,93.5,0.0,0.0,1.0,1.0,129.0,67.6,180.0,52.0,5.6,84.8,9.53,57.6,158.5,22.9,1
80.0,1,0,0,1,0,28.3,93.7,0.0,0.0,0.0,1.0,87.4,61.5,101.0,59.0,5.1,99.6,10.19,74.3,165.2,27.2,1
75.0,0,1,0,1,0,25.3,93.9,1.0,0.0,0.0,1.0,135.1,65.2,160.0,51.0,6.1,65.0,36.23,89.9,191.1,24.6,0
80.0,0,1,0,1,0,39.8,122.0,1.0,1.0,0.0,1.0,146.6,75.5,217.0,43.0,6.9,97.9,6.64,114.0,173.1,38.0,0
80.0,1,0,1,0,0,22.5,88.0,0.0,0.0,0.0,0.0,115.7,77.0,171.0,67.0,5.4,98.3,9.19,62.0,168.7,21.8,0
80.0,0,1,1,0,0,32.4,113.3,0.0,0.0,0.0,0.0,125.7,75.1,236.0,59.0,5.1,72.4,10.92,119.5,193.0,32.1,0
80.0,1,0,0,1,0,28.3,112.1,0.0,1.0,1.0,1.0,136.5,95.9,181.0,57.0,5.3,71.3,12.91,60.9,155.6,25.2,0
80.0,1,0,1,0,0,27.5,86.2,0.0,1.0,1.0,0.0,128.1,81.3,183.0,57.0,5.6,70.4,12.34,62.4,155.7,25.7,0
61.0,1,0,1,0,0,35.1,120.0,1.0,0.0,1.0,1.0,95.6,74.3,219.0,38.0,6.7,94.4,8.12,85.2,155.1,35.4,1
80.0,1,0,0,0,1,39.3,129.7,1.0,0.0,1.0,1.0,107.1,64.8,110.0,35.0,10.4,84.8,5.42,93.8,158.1,37.5,1
80.0,0,1,1,0,0,27.2,100.1,0.0,1.0,0.0,1.0,131.0,91.2,226.0,41.0,5.5,77.9,9.81,87.0,182.2,26.2,0
72.0,1,0,0,0,1,22.9,89.3,1.0,0.0,1.0,1.0,134.3,72.4,123.0,79.0,8.4,68.8,9.48,53.6,156.5,21.9,1
80.0,1,0,1,0,0,32.4,103.5,0.0,0.0,1.0,0.0,123.5,68.7,156.0,96.0,5.2,65.5,11.55,78.4,172.7,26.3,0
80.0,1,0,0,1,0,34.8,120.0,1.0,0.0,1.0,1.0,102.3,42.6,137.0,64.0,10.9,59.6,21.09,99.2,170.8,34.0,1
80.0,0,1,0,1,0,24.7,92.9,1.0,0.0,1.0,1.0,103.8,58.5,213.0,36.0,6.6,66.2,42.51,60.2,158.1,24.1,1
80.0,0,1,0,0,1,27.9,105.3,0.0,0.0,1.0,1.0,153.8,63.7,117.0,43.0,5.0,59.1,10.78,84.6,175.6,27.4,1
61.0,1,0,0,0,1,28.6,101.5,0.0,0.0,1.0,1.0,88.2,43.5,140.0,70.0,6.6,63.8,12.03,52.1,151.5,22.7,1
45.0,0,1,0,0,1,27.8,98.5,1.0,0.0,0.0,1.0,120.4,70.0,88.0,47.0,8.4,104.1,8.5,88.6,182.8,26.5,0
32.0,1,0,1,0,0,37.1,116.6,1.0,0.0,0.0,0.0,107.3,74.9,134.0,39.0,6.2,132.2,40.32,97.0,168.3,34.3,1
80.0,1,0,0,0,1,21.8,77.4,0.0,0.0,1.0,1.0,101.0,70.6,135.0,83.0,5.6,62.7,31.17,50.8,148.7,23.0,1
80.0,1,0,0,1,0,28.4,89.9,0.0,1.0,0.0,1.0,124.4,70.5,175.0,76.0,5.2,67.7,54.18,68.4,159.5,26.9,1
80.0,0,1,1,0,0,23.9,89.8,0.0,1.0,0.0,0.0,108.6,50.0,191.0,42.0,5.7,61.1,43.98,67.1,168.3,23.7,1
80.0,1,0,0,0,1,25.9,95.3,1.0,0.0,1.0,0.0,123.2,72.7,218.0,92.0,6.4,75.8,7.89,57.3,168.0,20.3,0
62.0,1,0,0,0,1,37.8,130.4,1.0,0.0,1.0,1.0,100.1,55.6,108.0,35.0,8.5,106.5,10.12,94.5,158.6,37.6,0
19.0,1,0,0,0,1,25.9,88.5,0.0,0.0,0.0,0.0,127.6,79.6,127.0,52.0,5.1,129.5,26.19,81.4,180.4,25.0,0
42.0,1,0,0,0,1,38.8,119.6,0.0,0.0,0.0,0.0,106.3,72.4,232.0,49.0,5.5,133.1,9.85,99.5,171.6,33.8,0
62.0,1,0,0,0,1,28.8,102.4,0.0,0.0,0.0,0.0,127.8,85.8,222.0,93.0,5.9,83.3,7.61,68.8,159.6,27.0,0
55.0,1,0,0,0,1,28.6,83.4,0.0,0.0,0.0,0.0,130.1,79.3,169.0,90.0,5.2,113.7,3.19,69.0,159.0,27.3,0
53.0,1,0,0,0,1,36.9,112.1,0.0,0.0,0.0,0.0,100.4,69.6,145.0,35.0,7.2,111.6,9.17,93.0,159.1,36.7,0
39.0,1,0,0,0,1,24.7,76.2,0.0,0.0,0.0,0.0,127.9,74.5,176.0,39.0,6.2,70.5,34.78,63.5,158.4,25.3,0
64.0,1,0,0,0,1,40.4,93.7,0.0,0.0,0.0,0.0,133.7,79.8,208.0,81.0,5.2,90.6,7.41,116.9,174.9,38.2,0
36.0,1,0,0,0,1,22.4,85.2,0.0,0.0,0.0,0.0,105.7,73.4,147.0,80.0,5.2,94.1,42.76,59.1,164.7,21.8,0
22.0,1,0,0,0,1,22.4,65.9,0.0,0.0,0.0,0.0,122.6,79.9,181.0,34.0,5.9,64.3,5.45,53.2,154.0,22.4,0
38.0,1,0,0,0,1,58.3,146.2,0.0,0.0,0.0,0.0,143.2,82.4,167.0,45.0,5.0,116.6,4.32,152.8,166.4,55.2,0
70.0,1,0,0,0,1,26.9,91.3,0.0,0.0,0.0,0.0,106.3,71.6,142.0,59.0,5.8,67.8,9.32,73.4,165.4,26.8,0
75.0,1,0,0,0,1,24.5,89.2,0.0,0.0,0.0,0.0,146.1,89.4,125.0,55.0,4.7,118.3,6.04,72.1,167.2,25.8,0
36.0,1,0,0,0,1,54.6,146.1,0.0,0.0,0.0,0.0,102.7,63.2,185.0,95.0,5.6,123.2,9.87,101.4,148.5,46.0,0
36.0,1,0,0,0,1,42.8,121.7,0.0,0.0,0.0,0.0,104.1,61.3,120.0,50.0,4.9,109.1,9.42,87.8,154.1,37.0,0
19.0,1,0,0,0,1,37.4,80.9,0.0,0.0,0.0,0.0,129.4,78.7,166.0,59.0,5.5,127.1,12.13,80.7,153.0,34.5,0
34.0,1,0,0,0,1,28.0,87.9,0.0,0.0,0.0,0.0,139.4,90.0,160.0,54.0,6.2,116.8,7.7,68.9,162.0,26.2,0
63.0,1,0,0,0,1,45.5,124.4,0.0,0.0,0.0,0.0,109.0,68.5,156.0,56.0,5.8,53.2,11.62,88.3,149.4,39.5,0
47.0,1,0,0,0,1,21.8,81.4,0.0,0.0,0.0,0.0,120.1,92.2,188.0,71.0,5.5,96.9,13.2,52.4,157.1,21.3,0
25.0,1,0,0,0,1,31.0,101.4,0.0,0.0,0.0,0.0,113.2,69.3,177.0,44.0,5.0,114.2,11.98,78.7,161.8,30.0,0
36.0,1,0,0,0,1,32.8,109.0,0.0,0.0,0.0,0.0,125.0,79.8,115.0,63.0,5.7,102.1,8.37,81.9,160.5,31.8,0
22.0,1,0,0,0,1,53.2,151.9,0.0,0.0,0.0,0.0,106.5,73.1,215.0,51.0,5.3,95.1,7.87,134.2,164.8,49.4,0
26.0,1,0,0,0,1,23.7,77.6,0.0,0.0,0.0,0.0,108.7,71.7,221.0,67.0,4.9,131.3,9.3,64.2,166.6,23.1,0
66.0,1,0,0,0,1,24.9,85.8,0.0,0.0,0.0,0.0,156.1,87.8,169.0,68.0,5.0,70.1,9.69,58.8,157.9,23.6,0
29.0,0,1,0,0,1,29.5,93.3,0.0,0.0,0.0,0.0,125.6,78.3,236.0,48.0,5.6,76.0,13.34,94.9,174.8,31.0,0
72.0,0,1,0,0,1,28.5,97.8,0.0,0.0,0.0,0.0,108.0,67.8,220.0,33.0,5.1,97.3,0.96,62.7,154.5,26.3,0
37.0,0,1,0,0,1,30.6,102.4,0.0,0.0,0.0,0.0,108.8,73.9,96.0,42.0,4.8,118.6,30.26,88.6,177.8,28.0,0
51.0,0,1,0,0,1,47.5,134.9,0.0,0.0,0.0,0.0,124.0,78.4,201.0,47.0,5.9,127.3,7.56,129.2,166.3,46.7,0
27.0,0,1,0,0,1,31.3,97.1,0.0,0.0,0.0,0.0,148.6,92.8,186.0,35.0,5.5,95.9,6.02,111.1,186.1,32.1,0
23.0,0,1,0,0,1,43.3,129.4,0.0,0.0,0.0,0.0,113.9,73.6,189.0,46.0,5.1,133.2,0.4,143.7,187.8,40.7,0
30.0,0,1,0,0,1,22.7,84.5,0.0,0.0,0.0,0.0,111.0,70.7,174.0,43.0,5.5,130.5,10.97,62.5,158.6,24.8,0
62.0,0,1,0,0,1,41.7,121.3,0.0,0.0,0.0,0.0,140.6,88.7,249.0,38.0,5.7,86.7,3.84,138.9,186.4,40.0,0
31.0,0,1,0,0,1,48.9,136.7,0.0,0.0,0.0,0.0,110.0,71.8,146.0,33.0,4.9,129.5,4.37,128.4,165.7,46.8,0
18.0,0,1,0,0,1,19.7,64.6,0.0,0.0,0.0,0.0,112.2,74.5,225.0,42.0,4.6,133.9,10.07,57.4,170.7,19.7,0
72.0,0,1,0,0,1,32.0,111.0,0.0,0.0,0.0,0.0,124.2,66.8,203.0,30.0,5.1,94.5,3.36,107.3,188.6,30.2,0
50.0,0,1,0,0,1,26.9,96.2,0.0,0.0,0.0,0.0,109.6,70.6,159.0,56.0,5.2,97.8,5.19,94.0,189.6,26.1,0
23.0,0,1,0,0,1,20.1,73.6,0.0,0.0,0.0,0.0,112.1,74.6,174.0,50.0,5.3,81.9,10.14,49.7,174.1,16.4,0
33.0,0,1,0,0,1,41.2,111.6,0.0,0.0,0.0,0.0,114.7,79.1,119.0,46.0,5.9,122.7,10.12,108.1,170.6,37.2,0
24.0,0,1,0,0,1,29.2,107.0,0.0,0.0,0.0,0.0,115.5,56.3,124.0,44.0,5.4,92.3,11.65,78.1,168.2,27.6,0
22.0,0,1,0,0,1,27.3,100.1,0.0,0.0,0.0,0.0,106.5,71.3,123.0,46.0,5.3,132.7,5.41,76.9,168.9,26.9,0
66.0,0,1,0,0,1,32.1,104.8,0.0,0.0,0.0,0.0,111.8,73.1,237.0,46.0,5.2,74.3,8.78,95.5,175.2,31.1,0
42.0,0,1,1,0,0,29.7,100.6,0.0,0.0,0.0,0.0,125.9,69.5,189.0,77.0,5.8,69.9,10.48,83.3,171.1,28.5,0
30.0,0,1,1,0,0,29.6,93.3,0.0,0.0,0.0,0.0,108.6,65.7,187.0,44.0,5.6,102.8,8.49,88.9,173.0,29.7,0
37.0,0,1,1,0,0,24.6,92.8,0.0,0.0,0.0,0.0,112.0,65.6,146.0,34.0,5.6,85.5,0.3,84.8,187.8,24.0,0
26.0,0,1,1,0,0,25.9,84.9,0.0,0.0,0.0,0.0,106.5,68.6,139.0,41.0,4.3,135.2,8.34,56.5,148.4,25.6,0
19.0,0,1,1,0,0,38.3,120.4,0.0,0.0,0.0,0.0,108.9,77.0,157.0,28.0,5.2,112.7,7.07,113.1,175.3,36.8,0
19.0,0,1,1,0,0,28.5,89.3,0.0,0.0,0.0,0.0,108.8,67.9,119.0,44.0,4.7,130.2,7.63,96.7,184.8,28.3,0
38.0,1,0,0,0,1,22.5,79.5,0.0,0.0,1.0,0.0,126.6,76.0,172.0,66.0,5.9,94.3,8.01,60.7,169.0,21.2,0
29.0,1,0,0,0,1,22.0,72.9,0.0,0.0,1.0,0.0,118.4,78.9,202.0,39.0,5.5,113.1,7.15,55.5,158.1,22.2,0
39.0,1,0,0,0,1,24.5,88.3,0.0,0.0,1.0,0.0,101.6,71.2,200.0,68.0,6.2,130.1,50.76,49.5,146.4,23.1,0
67.0,1,0,0,0,1,21.6,78.9,0.0,0.0,1.0,0.0,145.4,86.2,215.0,54.0,4.9,65.3,5.02,52.5,156.7,21.4,0
60.0,1,0,0,0,1,26.8,86.7,0.0,0.0,1.0,0.0,122.4,77.5,242.0,45.0,5.1,84.9,9.06,67.7,170.7,23.2,0
34.0,1,0,0,0,1,29.8,93.6,0.0,0.0,1.0,0.0,119.8,68.7,173.0,39.0,5.7,75.5,3.94,79.9,167.2,28.6,0
37.0,0,1,0,1,0,27.2,98.4,0.0,0.0,0.0,0.0,116.2,81.2,169.0,67.0,5.1,82.9,12.73,69.5,165.3,25.4,0
57.0,0,1,0,1,0,25.4,89.3,0.0,0.0,0.0,0.0,121.3,58.7,108.0,41.0,6.3,62.2,34.79,80.9,181.0,24.7,0
24.0,0,1,0,1,0,25.3,95.2,0.0,0.0,0.0,0.0,108.6,56.2,184.0,44.0,4.9,81.4,5.83,86.6,184.5,25.4,0
65.0,0,1,0,1,0,27.0,94.5,0.0,0.0,0.0,0.0,93.5,68.7,151.0,58.0,4.9,110.5,4.72,76.5,174.1,25.2,0
31.0,0,1,0,1,0,32.6,106.1,0.0,0.0,0.0,0.0,112.2,56.4,156.0,38.0,4.6,110.2,3.49,88.1,168.1,31.2,0
36.0,0,1,0,0,1,30.9,97.7,0.0,0.0,1.0,0.0,124.0,77.1,122.0,42.0,5.2,114.7,119.4,86.9,169.0,30.4,0
49.0,0,1,0,0,1,26.2,94.0,0.0,0.0,1.0,0.0,127.2,79.8,156.0,54.0,5.6,91.1,8.58,85.4,183.4,25.4,0
74.0,0,1,0,0,1,26.2,104.8,0.0,0.0,1.0,0.0,124.3,74.3,149.0,45.0,5.9,80.3,5.44,81.7,177.3,26.0,0
19.0,0,1,0,0,1,46.1,128.5,0.0,0.0,1.0,0.0,117.4,84.1,139.0,33.0,4.9,137.9,41.82,95.4,158.2,38.1,0
32.0,0,1,0,0,1,31.1,105.6,0.0,0.0,1.0,0.0,138.2,77.2,186.0,55.0,5.0,62.0,9.17,84.8,168.1,30.0,0
38.0,1,0,0,1,0,57.5,147.7,0.0,0.0,0.0,0.0,135.8,81.7,156.0,46.0,5.7,122.6,10.89,134.5,159.7,52.7,0
59.0,1,0,0,1,0,21.6,85.0,0.0,0.0,0.0,0.0,109.5,67.1,225.0,35.0,4.8,108.4,11.05,69.2,183.5,20.6,0
37.0,1,0,0,1,0,30.7,95.1,0.0,0.0,0.0,0.0,104.0,71.2,216.0,35.0,6.0,119.5,10.44,86.6,167.5,30.9,0
73.0,1,0,0,1,0,45.9,130.3,0.0,0.0,0.0,0.0,110.5,72.8,184.0,79.0,5.5,110.3,7.82,86.3,150.6,38.1,0
69.0,1,0,0,1,0,39.6,112.4,0.0,0.0,0.0,0.0,126.2,80.3,228.0,37.0,9.2,93.4,9.99,92.0,152.8,39.4,0
29.0,1,0,0,0,1,29.4,95.7,0.0,1.0,0.0,0.0,104.9,68.3,168.0,54.0,4.9,79.9,10.76,87.9,177.7,27.8,0
68.0,1,0,0,0,1,22.1,81.5,0.0,1.0,0.0,0.0,142.6,83.6,158.0,75.0,5.1,53.6,6.58,50.9,159.7,20.0,0
46.0,1,0,0,0,1,23.5,68.9,0.0,1.0,0.0,0.0,141.7,87.0,188.0,58.0,6.0,93.0,5.6,60.9,158.8,24.1,0
46.0,1,0,0,0,1,23.1,91.8,0.0,1.0,0.0,0.0,130.8,87.1,209.0,45.0,7.2,96.4,3.83,51.5,151.4,22.5,0
29.0,1,0,1,0,0,26.9,82.6,0.0,0.0,0.0,0.0,110.2,70.8,204.0,38.0,4.9,130.9,4.73,67.6,168.6,23.8,0
59.0,1,0,1,0,0,50.7,143.8,0.0,0.0,0.0,0.0,131.4,71.1,179.0,43.0,5.6,96.2,48.81,131.9,165.1,48.4,0
20.0,1,0,1,0,0,38.3,113.9,0.0,0.0,0.0,0.0,114.6,71.7,198.0,37.0,4.9,125.4,8.11,101.3,167.6,36.1,0
23.0,1,0,1,0,0,22.0,90.2,0.0,0.0,0.0,0.0,128.3,82.9,141.0,43.0,6.3,130.9,45.06,62.2,171.4,21.2,0
74.0,1,0,0,0,1,44.0,122.2,0.0,1.0,1.0,0.0,113.6,74.3,254.0,79.0,5.6,93.9,2.13,94.7,152.3,40.8,0
53.0,1,0,0,0,1,39.2,116.3,0.0,1.0,1.0,0.0,126.5,78.7,245.0,44.0,6.2,101.5,29.87,93.4,157.0,37.9,0
73.0,1,0,0,0,1,27.3,94.8,0.0,1.0,1.0,0.0,152.1,86.3,213.0,41.0,5.3,73.2,3.12,64.6,154.4,27.1,0
74.0,1,0,0,0,1,25.5,77.4,0.0,1.0,1.0,0.0,98.0,61.3,175.0,81.0,6.0,68.7,8.72,52.5,149.9,23.4,0
61.0,0,1,0,0,1,27.6,59.7,0.0,1.0,1.0,0.0,111.2,70.0,183.0,84.0,5.4,77.2,4.54,87.0,178.6,27.3,0
68.0,0,1,0,0,1,32.5,109.8,0.0,1.0,1.0,0.0,118.6,71.8,209.0,77.0,5.5,90.5,20.66,101.4,180.5,31.1,0
63.0,0,1,0,0,1,26.0,90.9,0.0,1.0,1.0,0.0,141.5,88.1,180.0,38.0,5.8,96.5,3.21,91.5,184.9,26.8,0
75.0,0,1,0,0,1,26.5,93.0,0.0,1.0,0.0,0.0,149.1,68.6,167.0,100.0,5.8,67.0,9.3,74.4,170.0,25.7,0
21.0,0,1,0,0,1,23.7,79.3,0.0,1.0,0.0,0.0,113.7,74.5,196.0,54.0,5.4,102.2,6.24,59.8,157.8,24.0,0
72.0,0,1,0,0,1,27.1,101.0,0.0,1.0,0.0,0.0,128.4,77.8,229.0,54.0,5.9,64.9,10.62,98.8,191.6,26.9,0
60.0,1,0,0,0,1,39.1,109.7,0.0,0.0,0.0,0.0,127.2,80.2,181.0,33.0,11.6,80.7,37.0,98.9,157.8,39.7,1
29.0,1,0,0,0,1,23.8,90.3,0.0,0.0,0.0,0.0,105.4,56.0,138.0,37.0,5.1,96.8,13.83,57.0,156.8,23.2,1
61.0,0,1,0,1,0,46.1,135.8,0.0,0.0,1.0,0.0,132.4,100.3,131.0,35.0,5.1,87.5,6.26,141.2,177.5,44.8,0
51.0,0,1,0,1,0,28.1,99.4,0.0,0.0,1.0,0.0,137.2,80.6,248.0,56.0,6.0,80.0,7.21,82.0,172.6,27.5,0
61.0,1,0,0,1,0,22.5,78.2,0.0,0.0,1.0,0.0,124.3,72.5,153.0,62.0,5.3,46.7,12.75,53.3,157.9,21.4,0
61.0,1,0,0,1,0,22.4,82.0,0.0,0.0,1.0,0.0,105.8,68.7,169.0,43.0,7.9,97.4,12.66,46.5,157.1,18.8,0
63.0,0,1,0,1,0,32.9,112.5,0.0,1.0,1.0,0.0,109.7,63.8,137.0,55.0,5.6,84.1,13.34,104.2,181.2,31.8,0
62.0,0,1,0,1,0,22.9,91.1,0.0,1.0,1.0,0.0,114.7,71.6,200.0,38.0,5.7,98.1,18.25,70.6,179.3,22.0,0
27.0,1,0,0,1,0,45.0,123.8,0.0,1.0,1.0,0.0,105.4,67.8,171.0,54.0,4.9,120.2,6.56,88.9,147.6,40.8,0
66.0,1,0,0,1,0,31.6,115.8,0.0,1.0,1.0,0.0,94.6,70.4,136.0,36.0,6.0,118.9,10.96,53.7,149.0,24.2,0
62.0,1,0,0,1,0,22.0,86.9,0.0,1.0,0.0,0.0,125.2,68.6,169.0,31.0,5.8,76.8,9.85,52.5,159.3,20.7,0
63.0,0,1,0,1,0,29.0,115.6,0.0,1.0,0.0,0.0,133.0,84.2,189.0,35.0,5.2,112.9,4.78,93.3,179.0,29.1,0
79.0,1,0,0,0,1,42.2,121.0,0.0,1.0,1.0,0.0,100.8,67.1,186.0,33.0,5.5,122.1,6.99,88.2,152.7,37.8,1
20.0,0,1,1,0,0,29.3,99.3,0.0,1.0,0.0,0.0,103.1,66.5,154.0,36.0,4.6,92.3,3.58,94.1,176.9,30.1,0
74.0,1,0,0,0,1,37.6,107.9,1.0,1.0,1.0,0.0,100.5,67.8,190.0,41.0,10.6,85.0,3.32,92.2,159.1,36.4,0
46.0,1,0,1,0,0,42.1,127.8,0.0,1.0,0.0,0.0,131.7,78.8,128.0,37.0,5.6,96.2,11.49,103.5,167.2,37.0,0
43.0,0,1,1,0,0,24.1,90.3,0.0,0.0,1.0,0.0,132.3,77.3,207.0,31.0,6.0,113.1,11.53,80.6,184.1,23.8,0
75.0,0,1,1,0,0,26.3,94.8,0.0,1.0,1.0,0.0,146.5,86.3,230.0,67.0,5.3,89.8,6.32,76.4,173.1,25.5,0
28.0,0,1,0,0,1,28.3,88.0,0.0,0.0,0.0,0.0,102.7,55.6,119.0,37.0,4.9,121.9,3.16,105.1,190.3,29.0,1
22.0,1,0,0,0,1,27.3,88.5,0.0,1.0,0.0,0.0,116.1,74.3,175.0,50.0,5.9,109.4,5.39,74.2,167.6,26.4,1
34.0,1,0,1,0,0,25.3,85.6,0.0,0.0,1.0,0.0,108.2,70.6,167.0,42.0,6.1,113.2,6.86,64.9,159.5,25.5,0
69.0,0,1,0,1,0,39.0,122.0,0.0,1.0,1.0,1.0,106.6,66.7,185.0,45.0,5.7,97.9,11.4,122.4,178.4,38.5,0
47.0,1,0,1,0,0,22.2,85.4,0.0,1.0,1.0,0.0,131.8,81.6,195.0,61.0,5.2,75.2,5.44,60.0,168.7,21.1,0
71.0,0,1,0,1,0,41.1,129.0,1.0,1.0,1.0,1.0,115.6,73.6,134.0,41.0,5.6,58.6,35.1,135.5,186.1,39.1,1
34.0,1,0,0,0,1,47.7,150.2,1.0,1.0,1.0,0.0,117.0,84.1,177.0,32.0,11.8,75.4,7.83,119.9,158.7,47.6,1
65.0,0,1,0,1,0,29.3,118.8,1.0,1.0,1.0,0.0,129.9,82.3,196.0,40.0,5.4,100.3,4.86,103.8,191.6,28.3,0
74.0,0,1,0,0,1,38.6,123.9,1.0,1.0,1.0,0.0,149.2,83.3,163.0,35.0,12.7,69.3,40.16,126.7,186.1,36.6,1
46.0,0,1,0,0,1,32.7,107.3,1.0,1.0,1.0,0.0,131.3,67.1,133.0,38.0,9.6,93.3,2.5,119.6,190.4,33.0,0
29.0,0,1,0,0,1,30.0,101.6,1.0,0.0,1.0,0.0,113.2,72.2,205.0,66.0,5.5,101.3,0.46,97.4,178.5,30.6,0
57.0,1,0,0,0,1,29.0,99.9,0.0,1.0,1.0,1.0,125.1,63.3,187.0,63.0,6.0,99.1,6.77,73.0,159.9,28.5,0
74.0,0,1,0,0,1,32.9,112.6,0.0,1.0,0.0,0.0,135.7,72.2,189.0,47.0,5.9,68.3,374.0,91.9,181.9,27.8,1
74.0,0,1,0,0,1,37.9,128.8,0.0,1.0,1.0,0.0,123.9,43.7,166.0,55.0,5.3,62.6,359.27,111.2,175.3,36.2,1
67.0,0,1,0,1,0,42.0,135.4,0.0,1.0,1.0,0.0,103.3,64.5,116.0,28.0,8.4,116.8,61.48,123.2,172.5,41.4,1
74.0,0,1,0,0,1,22.6,82.8,0.0,1.0,1.0,1.0,132.2,79.1,222.0,58.0,6.5,63.7,7.29,59.5,162.0,22.7,0
45.0,0,1,0,0,1,37.8,120.1,1.0,0.0,0.0,0.0,109.4,73.6,127.0,37.0,7.4,77.6,13.56,119.5,182.3,36.0,0
21.0,0,1,1,0,0,39.0,120.1,0.0,0.0,0.0,0.0,107.4,66.2,200.0,37.0,5.5,121.3,18.82,100.4,164.8,37.0,1
76.0,0,1,0,1,0,32.1,114.6,1.0,1.0,1.0,0.0,124.1,74.7,118.0,39.0,9.1,40.3,14.46,77.9,169.3,27.2,1
48.0,1,0,0,0,1,42.6,122.8,1.0,0.0,1.0,0.0,111.1,72.8,143.0,27.0,8.8,107.3,9.39,141.7,182.7,42.5,0
44.0,1,0,0,0,1,27.2,98.2,0.0,0.0,1.0,0.0,110.2,53.9,142.0,54.0,5.9,58.7,31.49,79.8,174.0,26.4,1
66.0,0,1,0,0,1,38.3,124.7,1.0,1.0,1.0,1.0,146.0,86.5,117.0,33.0,6.5,69.5,12.47,114.1,180.7,34.9,0
74.0,0,1,0,1,0,27.0,97.5,0.0,1.0,0.0,0.0,124.1,69.0,175.0,50.0,6.1,66.5,39.9,78.3,172.8,26.2,1
72.0,1,0,0,0,1,32.8,112.8,1.0,1.0,1.0,1.0,118.8,71.3,195.0,37.0,9.0,82.7,24.22,74.1,152.0,32.1,1
35.0,0,1,0,1,0,25.5,91.7,0.0,0.0,0.0,0.0,123.7,80.8,148.0,51.0,4.7,129.2,47.44,71.8,168.1,25.4,1
65.0,0,1,0,0,1,40.1,136.4,1.0,1.0,1.0,1.0,116.8,68.8,221.0,41.0,7.9,68.4,4.98,134.8,183.1,40.2,1
57.0,1,0,0,1,0,38.8,123.4,1.0,1.0,1.0,0.0,101.8,74.5,198.0,37.0,5.9,93.7,8.33,102.4,167.7,36.4,0
74.0,0,1,0,0,1,41.9,123.8,0.0,0.0,1.0,0.0,109.2,75.2,135.0,50.0,5.8,73.7,63.88,119.8,171.5,40.7,1
80.0,1,0,0,0,1,42.0,125.6,0.0,1.0,1.0,0.0,150.3,82.8,185.0,39.0,5.9,97.7,10.26,90.9,151.7,39.5,0
70.0,1,0,0,1,0,24.4,87.7,0.0,1.0,1.0,0.0,140.2,72.9,133.0,40.0,5.9,44.9,39.88,49.6,154.3,20.8,1
53.0,1,0,1,0,0,26.8,88.0,0.0,0.0,0.0,0.0,122.5,70.5,158.0,38.0,5.7,113.6,29.3,68.0,156.4,27.8,1
70.0,1,0,0,1,0,38.4,118.6,1.0,1.0,1.0,0.0,110.4,76.7,238.0,40.0,5.9,80.1,40.39,89.7,157.2,36.3,1
66.0,0,1,0,1,0,34.4,120.4,1.0,1.0,1.0,1.0,103.1,66.9,129.0,35.0,7.5,67.4,40.41,90.4,186.2,26.1,0
73.0,1,0,0,1,0,36.3,119.3,0.0,1.0,1.0,1.0,133.7,72.1,180.0,48.0,6.0,76.2,172.06,79.7,153.0,34.0,0
74.0,0,1,1,0,0,35.3,119.4,1.0,1.0,1.0,0.0,124.1,70.2,194.0,54.0,5.7,99.0,1.8,100.1,169.3,34.9,0
